[
    {
        "client_msg_id": "4904947c-33d0-464f-a9c3-40e1b1a861df",
        "type": "message",
        "text": "Hey <@UEASA3CUR>! Yep. Here it's: <https:\/\/statsbot.co\/docs\/measures#parameters-rolling-window>",
        "user": "UC19HAUAK",
        "ts": "1544088455.002900",
        "team": "TC0C1HURK",
        "user_team": "TC0C1HURK",
        "source_team": "TC0C1HURK",
        "user_profile": {
            "avatar_hash": "066a042e018c",
            "image_72": "https:\/\/avatars.slack-edge.com\/2019-12-07\/866588520998_066a042e018ca831a195_72.png",
            "first_name": "Pavel",
            "real_name": "Pavel Tiunov",
            "display_name": "pavel",
            "team": "TC0C1HURK",
            "name": "pavel",
            "is_restricted": false,
            "is_ultra_restricted": false
        },
        "thread_ts": "1544048566.002800",
        "parent_user_id": "UEASA3CUR",
        "reactions": [
            {
                "name": "pray",
                "users": [
                    "UEASA3CUR",
                    "UC19HAUAK"
                ],
                "count": 2
            }
        ]
    },
    {
        "type": "message",
        "subtype": "channel_join",
        "ts": "1544116773.003200",
        "user": "UEMHKGZ53",
        "text": "<@UEMHKGZ53> has joined the channel"
    }
]