[
    {
        "type": "message",
        "subtype": "channel_join",
        "ts": "1543151574.020800",
        "user": "UEB9MTL67",
        "text": "<@UEB9MTL67> has joined the channel"
    },
    {
        "client_msg_id": "67b5ee2c-7a9b-48e7-bf59-7bcad58daed0",
        "type": "message",
        "text": "Hello everyone! I have exported my app data from Firebase to BigQuery and then added BigQuery as a Data source in Statsbot. Unfortunately Firebase export one new table everyday, is there a way to merge these tables in one table in Statsbot so that I can inspect all the data?\nThank you :grinning:",
        "user": "UEB9MTL67",
        "ts": "1543152011.022900",
        "team": "TC0C1HURK",
        "user_team": "TC0C1HURK",
        "source_team": "TC0C1HURK",
        "user_profile": {
            "avatar_hash": "472d4fdb694b",
            "image_72": "https:\/\/avatars.slack-edge.com\/2018-11-25\/486826655409_472d4fdb694be827c22d_72.jpg",
            "first_name": "Alberto",
            "real_name": "Alberto Lina",
            "display_name": "Albert",
            "team": "TC0C1HURK",
            "name": "alberto",
            "is_restricted": false,
            "is_ultra_restricted": false
        }
    },
    {
        "client_msg_id": "14fb2253-6ccb-4285-87b9-74bfcff2789d",
        "type": "message",
        "text": "Hey <@UEB9MTL67>! Yep. Sure! You can use wildcard select: <https:\/\/cloud.google.com\/bigquery\/docs\/querying-wildcard-tables>. So your sql in cube will look something like ```sql: `select * from firebase.\\`events*\\`` ```",
        "user": "UC19HAUAK",
        "ts": "1543153661.024700",
        "team": "TC0C1HURK",
        "user_team": "TC0C1HURK",
        "source_team": "TC0C1HURK",
        "user_profile": {
            "avatar_hash": "066a042e018c",
            "image_72": "https:\/\/avatars.slack-edge.com\/2019-12-07\/866588520998_066a042e018ca831a195_72.png",
            "first_name": "Pavel",
            "real_name": "Pavel Tiunov",
            "display_name": "pavel",
            "team": "TC0C1HURK",
            "name": "pavel",
            "is_restricted": false,
            "is_ultra_restricted": false
        }
    },
    {
        "client_msg_id": "32b13c17-b7d1-487f-bb30-a48c2c78ad68",
        "type": "message",
        "text": "Thank you <@UC19HAUAK>!",
        "user": "UEB9MTL67",
        "ts": "1543162795.025100",
        "team": "TC0C1HURK",
        "user_team": "TC0C1HURK",
        "source_team": "TC0C1HURK",
        "user_profile": {
            "avatar_hash": "472d4fdb694b",
            "image_72": "https:\/\/avatars.slack-edge.com\/2018-11-25\/486826655409_472d4fdb694be827c22d_72.jpg",
            "first_name": "Alberto",
            "real_name": "Alberto Lina",
            "display_name": "Albert",
            "team": "TC0C1HURK",
            "name": "alberto",
            "is_restricted": false,
            "is_ultra_restricted": false
        },
        "reactions": [
            {
                "name": "raised_hands",
                "users": [
                    "UC19HAUAK"
                ],
                "count": 1
            }
        ]
    },
    {
        "client_msg_id": "e5f579fc-0aac-466f-bf65-88e01f619439",
        "type": "message",
        "text": "Unfortunately I had to delete the Data Source and add it again and I also deleted the service account and now it is always giving me this error: Access Denied: Project PROJECT_NAME: The user does not have bigquery.jobs.create permission in project PROJECT_NAME",
        "user": "UEB9MTL67",
        "ts": "1543162876.026300",
        "team": "TC0C1HURK",
        "user_team": "TC0C1HURK",
        "source_team": "TC0C1HURK",
        "user_profile": {
            "avatar_hash": "472d4fdb694b",
            "image_72": "https:\/\/avatars.slack-edge.com\/2018-11-25\/486826655409_472d4fdb694be827c22d_72.jpg",
            "first_name": "Alberto",
            "real_name": "Alberto Lina",
            "display_name": "Albert",
            "team": "TC0C1HURK",
            "name": "alberto",
            "is_restricted": false,
            "is_ultra_restricted": false
        },
        "thread_ts": "1543162876.026300",
        "reply_count": 19,
        "reply_users_count": 2,
        "latest_reply": "1543840259.000800",
        "reply_users": [
            "UC19HAUAK",
            "UEB9MTL67"
        ],
        "replies": [
            {
                "user": "UC19HAUAK",
                "ts": "1543163017.027200"
            },
            {
                "user": "UEB9MTL67",
                "ts": "1543163524.027500"
            },
            {
                "user": "UEB9MTL67",
                "ts": "1543163570.027700"
            },
            {
                "user": "UEB9MTL67",
                "ts": "1543163979.027900"
            },
            {
                "user": "UEB9MTL67",
                "ts": "1543163987.028300"
            },
            {
                "user": "UC19HAUAK",
                "ts": "1543169398.028700"
            },
            {
                "user": "UEB9MTL67",
                "ts": "1543172121.030400"
            },
            {
                "user": "UEB9MTL67",
                "ts": "1543172149.031400"
            },
            {
                "user": "UC19HAUAK",
                "ts": "1543172210.031600"
            },
            {
                "user": "UC19HAUAK",
                "ts": "1543172242.031800"
            },
            {
                "user": "UEB9MTL67",
                "ts": "1543183139.032000"
            },
            {
                "user": "UEB9MTL67",
                "ts": "1543330254.035000"
            },
            {
                "user": "UC19HAUAK",
                "ts": "1543439925.035200"
            },
            {
                "user": "UEB9MTL67",
                "ts": "1543506208.035600"
            },
            {
                "user": "UEB9MTL67",
                "ts": "1543517706.035900"
            },
            {
                "user": "UC19HAUAK",
                "ts": "1543518282.036100"
            },
            {
                "user": "UEB9MTL67",
                "ts": "1543833487.000100"
            },
            {
                "user": "UC19HAUAK",
                "ts": "1543839850.000500"
            },
            {
                "user": "UEB9MTL67",
                "ts": "1543840259.000800"
            }
        ],
        "subscribed": false
    },
    {
        "client_msg_id": "fede569a-9b05-4f4c-94b1-45e009513ec7",
        "type": "message",
        "text": "It's due to incorrect permissions. Please follow this instruction to connect BigQuery: <http:\/\/help.statsbot.co\/how-to-connect-database-to-statsbot\/how-to-connect-bigquery-to-statsbot>",
        "user": "UC19HAUAK",
        "ts": "1543163017.027200",
        "team": "TC0C1HURK",
        "user_team": "TC0C1HURK",
        "source_team": "TC0C1HURK",
        "user_profile": {
            "avatar_hash": "066a042e018c",
            "image_72": "https:\/\/avatars.slack-edge.com\/2019-12-07\/866588520998_066a042e018ca831a195_72.png",
            "first_name": "Pavel",
            "real_name": "Pavel Tiunov",
            "display_name": "pavel",
            "team": "TC0C1HURK",
            "name": "pavel",
            "is_restricted": false,
            "is_ultra_restricted": false
        },
        "thread_ts": "1543162876.026300",
        "parent_user_id": "UEB9MTL67"
    },
    {
        "client_msg_id": "b15ec241-4892-40ad-9a06-587fddf63d93",
        "type": "message",
        "text": "Actually the problem was a dumb problem on the BigQuery side due to the fact that the service account name was identical (I have changed the account name and now it is working as expected).",
        "user": "UEB9MTL67",
        "ts": "1543163524.027500",
        "team": "TC0C1HURK",
        "user_team": "TC0C1HURK",
        "source_team": "TC0C1HURK",
        "user_profile": {
            "avatar_hash": "472d4fdb694b",
            "image_72": "https:\/\/avatars.slack-edge.com\/2018-11-25\/486826655409_472d4fdb694be827c22d_72.jpg",
            "first_name": "Alberto",
            "real_name": "Alberto Lina",
            "display_name": "Albert",
            "team": "TC0C1HURK",
            "name": "alberto",
            "is_restricted": false,
            "is_ultra_restricted": false
        },
        "thread_ts": "1543162876.026300",
        "parent_user_id": "UEB9MTL67"
    },
    {
        "client_msg_id": "48d2cdac-e89f-4f8c-99a8-0be23cba5e06",
        "type": "message",
        "text": "The problem is that before I deleted the data source because it was retrieving only part of the data and not all the tables. I am experiencing the same issue again.",
        "user": "UEB9MTL67",
        "ts": "1543163570.027700",
        "team": "TC0C1HURK",
        "user_team": "TC0C1HURK",
        "source_team": "TC0C1HURK",
        "user_profile": {
            "avatar_hash": "472d4fdb694b",
            "image_72": "https:\/\/avatars.slack-edge.com\/2018-11-25\/486826655409_472d4fdb694be827c22d_72.jpg",
            "first_name": "Alberto",
            "real_name": "Alberto Lina",
            "display_name": "Albert",
            "team": "TC0C1HURK",
            "name": "alberto",
            "is_restricted": false,
            "is_ultra_restricted": false
        },
        "thread_ts": "1543162876.026300",
        "parent_user_id": "UEB9MTL67"
    },
    {
        "type": "message",
        "text": "",
        "files": [
            {
                "id": "FEB91B1M2",
                "created": 1543163977,
                "timestamp": 1543163977,
                "name": "Screenshot 2018-11-25 at 17.38.47.png",
                "title": "Screenshot 2018-11-25 at 17.38.47.png",
                "mimetype": "image\/png",
                "filetype": "png",
                "pretty_type": "PNG",
                "user": "UEB9MTL67",
                "editable": false,
                "size": 66256,
                "mode": "hosted",
                "is_external": false,
                "external_type": "",
                "is_public": true,
                "public_url_shared": false,
                "display_as_bot": false,
                "username": "",
                "url_private": "https:\/\/files.slack.com\/files-pri\/TC0C1HURK-FEB91B1M2\/screenshot_2018-11-25_at_17.38.47.png?t=xoxe-408409606869-1267807410853-1293019902560-8c9dc5fc58d3a65e0fe0837e69de048d",
                "url_private_download": "https:\/\/files.slack.com\/files-pri\/TC0C1HURK-FEB91B1M2\/download\/screenshot_2018-11-25_at_17.38.47.png?t=xoxe-408409606869-1267807410853-1293019902560-8c9dc5fc58d3a65e0fe0837e69de048d",
                "thumb_64": "https:\/\/files.slack.com\/files-tmb\/TC0C1HURK-FEB91B1M2-c5194f7f74\/screenshot_2018-11-25_at_17.38.47_64.png?t=xoxe-408409606869-1267807410853-1293019902560-8c9dc5fc58d3a65e0fe0837e69de048d",
                "thumb_80": "https:\/\/files.slack.com\/files-tmb\/TC0C1HURK-FEB91B1M2-c5194f7f74\/screenshot_2018-11-25_at_17.38.47_80.png?t=xoxe-408409606869-1267807410853-1293019902560-8c9dc5fc58d3a65e0fe0837e69de048d",
                "thumb_360": "https:\/\/files.slack.com\/files-tmb\/TC0C1HURK-FEB91B1M2-c5194f7f74\/screenshot_2018-11-25_at_17.38.47_360.png?t=xoxe-408409606869-1267807410853-1293019902560-8c9dc5fc58d3a65e0fe0837e69de048d",
                "thumb_360_w": 275,
                "thumb_360_h": 360,
                "thumb_480": "https:\/\/files.slack.com\/files-tmb\/TC0C1HURK-FEB91B1M2-c5194f7f74\/screenshot_2018-11-25_at_17.38.47_480.png?t=xoxe-408409606869-1267807410853-1293019902560-8c9dc5fc58d3a65e0fe0837e69de048d",
                "thumb_480_w": 367,
                "thumb_480_h": 480,
                "thumb_160": "https:\/\/files.slack.com\/files-tmb\/TC0C1HURK-FEB91B1M2-c5194f7f74\/screenshot_2018-11-25_at_17.38.47_160.png?t=xoxe-408409606869-1267807410853-1293019902560-8c9dc5fc58d3a65e0fe0837e69de048d",
                "image_exif_rotation": 1,
                "original_w": 430,
                "original_h": 562,
                "permalink": "https:\/\/cube-js.slack.com\/files\/UEB9MTL67\/FEB91B1M2\/screenshot_2018-11-25_at_17.38.47.png",
                "permalink_public": "https:\/\/slack-files.com\/TC0C1HURK-FEB91B1M2-636396769f",
                "is_starred": false,
                "has_rich_preview": false
            }
        ],
        "upload": true,
        "user": "UEB9MTL67",
        "display_as_bot": false,
        "ts": "1543163979.027900",
        "thread_ts": "1543162876.026300",
        "parent_user_id": "UEB9MTL67"
    },
    {
        "type": "message",
        "text": "",
        "files": [
            {
                "id": "FEBKWKFHB",
                "created": 1543163983,
                "timestamp": 1543163983,
                "name": "Screenshot 2018-11-25 at 17.39.24.png",
                "title": "Screenshot 2018-11-25 at 17.39.24.png",
                "mimetype": "image\/png",
                "filetype": "png",
                "pretty_type": "PNG",
                "user": "UEB9MTL67",
                "editable": false,
                "size": 179210,
                "mode": "hosted",
                "is_external": false,
                "external_type": "",
                "is_public": true,
                "public_url_shared": false,
                "display_as_bot": false,
                "username": "",
                "url_private": "https:\/\/files.slack.com\/files-pri\/TC0C1HURK-FEBKWKFHB\/screenshot_2018-11-25_at_17.39.24.png?t=xoxe-408409606869-1267807410853-1293019902560-8c9dc5fc58d3a65e0fe0837e69de048d",
                "url_private_download": "https:\/\/files.slack.com\/files-pri\/TC0C1HURK-FEBKWKFHB\/download\/screenshot_2018-11-25_at_17.39.24.png?t=xoxe-408409606869-1267807410853-1293019902560-8c9dc5fc58d3a65e0fe0837e69de048d",
                "thumb_64": "https:\/\/files.slack.com\/files-tmb\/TC0C1HURK-FEBKWKFHB-c0d3549531\/screenshot_2018-11-25_at_17.39.24_64.png?t=xoxe-408409606869-1267807410853-1293019902560-8c9dc5fc58d3a65e0fe0837e69de048d",
                "thumb_80": "https:\/\/files.slack.com\/files-tmb\/TC0C1HURK-FEBKWKFHB-c0d3549531\/screenshot_2018-11-25_at_17.39.24_80.png?t=xoxe-408409606869-1267807410853-1293019902560-8c9dc5fc58d3a65e0fe0837e69de048d",
                "thumb_360": "https:\/\/files.slack.com\/files-tmb\/TC0C1HURK-FEBKWKFHB-c0d3549531\/screenshot_2018-11-25_at_17.39.24_360.png?t=xoxe-408409606869-1267807410853-1293019902560-8c9dc5fc58d3a65e0fe0837e69de048d",
                "thumb_360_w": 150,
                "thumb_360_h": 360,
                "thumb_480": "https:\/\/files.slack.com\/files-tmb\/TC0C1HURK-FEBKWKFHB-c0d3549531\/screenshot_2018-11-25_at_17.39.24_480.png?t=xoxe-408409606869-1267807410853-1293019902560-8c9dc5fc58d3a65e0fe0837e69de048d",
                "thumb_480_w": 200,
                "thumb_480_h": 480,
                "thumb_160": "https:\/\/files.slack.com\/files-tmb\/TC0C1HURK-FEBKWKFHB-c0d3549531\/screenshot_2018-11-25_at_17.39.24_160.png?t=xoxe-408409606869-1267807410853-1293019902560-8c9dc5fc58d3a65e0fe0837e69de048d",
                "thumb_720": "https:\/\/files.slack.com\/files-tmb\/TC0C1HURK-FEBKWKFHB-c0d3549531\/screenshot_2018-11-25_at_17.39.24_720.png?t=xoxe-408409606869-1267807410853-1293019902560-8c9dc5fc58d3a65e0fe0837e69de048d",
                "thumb_720_w": 300,
                "thumb_720_h": 720,
                "thumb_800": "https:\/\/files.slack.com\/files-tmb\/TC0C1HURK-FEBKWKFHB-c0d3549531\/screenshot_2018-11-25_at_17.39.24_800.png?t=xoxe-408409606869-1267807410853-1293019902560-8c9dc5fc58d3a65e0fe0837e69de048d",
                "thumb_800_w": 333,
                "thumb_800_h": 800,
                "thumb_960": "https:\/\/files.slack.com\/files-tmb\/TC0C1HURK-FEBKWKFHB-c0d3549531\/screenshot_2018-11-25_at_17.39.24_960.png?t=xoxe-408409606869-1267807410853-1293019902560-8c9dc5fc58d3a65e0fe0837e69de048d",
                "thumb_960_w": 400,
                "thumb_960_h": 960,
                "thumb_1024": "https:\/\/files.slack.com\/files-tmb\/TC0C1HURK-FEBKWKFHB-c0d3549531\/screenshot_2018-11-25_at_17.39.24_1024.png?t=xoxe-408409606869-1267807410853-1293019902560-8c9dc5fc58d3a65e0fe0837e69de048d",
                "thumb_1024_w": 426,
                "thumb_1024_h": 1024,
                "image_exif_rotation": 1,
                "original_w": 612,
                "original_h": 1470,
                "permalink": "https:\/\/cube-js.slack.com\/files\/UEB9MTL67\/FEBKWKFHB\/screenshot_2018-11-25_at_17.39.24.png",
                "permalink_public": "https:\/\/slack-files.com\/TC0C1HURK-FEBKWKFHB-01ce03d30f",
                "is_starred": false,
                "has_rich_preview": false
            }
        ],
        "upload": true,
        "user": "UEB9MTL67",
        "display_as_bot": false,
        "ts": "1543163987.028300",
        "thread_ts": "1543162876.026300",
        "parent_user_id": "UEB9MTL67"
    },
    {
        "client_msg_id": "9dd48c16-d5ce-4c1b-90a2-6b7785fdf6a0",
        "type": "message",
        "text": "Your sql query should look like\n```\nsql: `select * from analytics_168658726.\\`events_*\\`` \n```",
        "user": "UC19HAUAK",
        "ts": "1543169398.028700",
        "team": "TC0C1HURK",
        "user_team": "TC0C1HURK",
        "source_team": "TC0C1HURK",
        "user_profile": {
            "avatar_hash": "066a042e018c",
            "image_72": "https:\/\/avatars.slack-edge.com\/2019-12-07\/866588520998_066a042e018ca831a195_72.png",
            "first_name": "Pavel",
            "real_name": "Pavel Tiunov",
            "display_name": "pavel",
            "team": "TC0C1HURK",
            "name": "pavel",
            "is_restricted": false,
            "is_ultra_restricted": false
        },
        "thread_ts": "1543162876.026300",
        "parent_user_id": "UEB9MTL67"
    },
    {
        "type": "message",
        "subtype": "channel_join",
        "ts": "1543170190.029000",
        "user": "UEASA3CUR",
        "text": "<@UEASA3CUR> has joined the channel"
    },
    {
        "client_msg_id": "34475017-8A63-4531-AB3C-8C29DCA3434F",
        "type": "message",
        "text": "Yes, I did that the problem is that the tables doesn’t get synced from BigQuery to Statabot, only a few of them",
        "user": "UEB9MTL67",
        "ts": "1543172121.030400",
        "team": "TC0C1HURK",
        "user_team": "TC0C1HURK",
        "source_team": "TC0C1HURK",
        "user_profile": {
            "avatar_hash": "472d4fdb694b",
            "image_72": "https:\/\/avatars.slack-edge.com\/2018-11-25\/486826655409_472d4fdb694be827c22d_72.jpg",
            "first_name": "Alberto",
            "real_name": "Alberto Lina",
            "display_name": "Albert",
            "team": "TC0C1HURK",
            "name": "alberto",
            "is_restricted": false,
            "is_ultra_restricted": false
        },
        "thread_ts": "1543162876.026300",
        "parent_user_id": "UEB9MTL67"
    },
    {
        "client_msg_id": "E9459471-749B-4E7D-8BA3-9901B7701325",
        "type": "message",
        "text": "The first image represent the tables in Statabot, the second one the ones in BigQuery",
        "user": "UEB9MTL67",
        "ts": "1543172149.031400",
        "team": "TC0C1HURK",
        "user_team": "TC0C1HURK",
        "source_team": "TC0C1HURK",
        "user_profile": {
            "avatar_hash": "472d4fdb694b",
            "image_72": "https:\/\/avatars.slack-edge.com\/2018-11-25\/486826655409_472d4fdb694be827c22d_72.jpg",
            "first_name": "Alberto",
            "real_name": "Alberto Lina",
            "display_name": "Albert",
            "team": "TC0C1HURK",
            "name": "alberto",
            "is_restricted": false,
            "is_ultra_restricted": false
        },
        "thread_ts": "1543162876.026300",
        "parent_user_id": "UEB9MTL67"
    },
    {
        "client_msg_id": "b8a9f093-6064-4b1e-b2df-2d17143416e7",
        "type": "message",
        "text": "<@UEB9MTL67> You shouldn't worry about that. Statsbot won't show all wildcard tables. Just pile of them to not overwhelm the UI.",
        "user": "UC19HAUAK",
        "ts": "1543172210.031600",
        "team": "TC0C1HURK",
        "user_team": "TC0C1HURK",
        "source_team": "TC0C1HURK",
        "user_profile": {
            "avatar_hash": "066a042e018c",
            "image_72": "https:\/\/avatars.slack-edge.com\/2019-12-07\/866588520998_066a042e018ca831a195_72.png",
            "first_name": "Pavel",
            "real_name": "Pavel Tiunov",
            "display_name": "pavel",
            "team": "TC0C1HURK",
            "name": "pavel",
            "is_restricted": false,
            "is_ultra_restricted": false
        },
        "thread_ts": "1543162876.026300",
        "parent_user_id": "UEB9MTL67"
    },
    {
        "client_msg_id": "31a1e4b4-fbce-4a68-8ee6-a46e8272d3a4",
        "type": "message",
        "text": "Tables aren't imported actually. It shows just a schema. Every request is processed by BigQuery.",
        "user": "UC19HAUAK",
        "ts": "1543172242.031800",
        "team": "TC0C1HURK",
        "user_team": "TC0C1HURK",
        "source_team": "TC0C1HURK",
        "user_profile": {
            "avatar_hash": "066a042e018c",
            "image_72": "https:\/\/avatars.slack-edge.com\/2019-12-07\/866588520998_066a042e018ca831a195_72.png",
            "first_name": "Pavel",
            "real_name": "Pavel Tiunov",
            "display_name": "pavel",
            "team": "TC0C1HURK",
            "name": "pavel",
            "is_restricted": false,
            "is_ultra_restricted": false
        },
        "thread_ts": "1543162876.026300",
        "parent_user_id": "UEB9MTL67"
    },
    {
        "client_msg_id": "371c1fe1-d867-4b41-ab31-817e8d21b4fc",
        "type": "message",
        "text": "Thank you very much Pavel, everything clear now",
        "user": "UEB9MTL67",
        "ts": "1543183139.032000",
        "team": "TC0C1HURK",
        "user_team": "TC0C1HURK",
        "source_team": "TC0C1HURK",
        "user_profile": {
            "avatar_hash": "472d4fdb694b",
            "image_72": "https:\/\/avatars.slack-edge.com\/2018-11-25\/486826655409_472d4fdb694be827c22d_72.jpg",
            "first_name": "Alberto",
            "real_name": "Alberto Lina",
            "display_name": "Albert",
            "team": "TC0C1HURK",
            "name": "alberto",
            "is_restricted": false,
            "is_ultra_restricted": false
        },
        "thread_ts": "1543162876.026300",
        "parent_user_id": "UEB9MTL67"
    }
]