[
    {
        "client_msg_id": "dc7ad3ed-2993-44d9-88de-b4c22d81b560",
        "type": "message",
        "text": "Hey guys, thanks for the invite",
        "user": "UCM677UGL",
        "ts": "1536145548.000100",
        "team": "TC0C1HURK",
        "user_team": "TC0C1HURK",
        "source_team": "TC0C1HURK",
        "user_profile": {
            "avatar_hash": "gcbab147324a",
            "image_72": "https:\/\/secure.gravatar.com\/avatar\/6cbab147324a0fc5278731c2571833c4.jpg?s=72&d=https%3A%2F%2Fa.slack-edge.com%2Fdf10d%2Fimg%2Favatars%2Fava_0020-72.png",
            "first_name": "",
            "real_name": "Joshua Harris",
            "display_name": "Josh",
            "team": "TC0C1HURK",
            "name": "joshua",
            "is_restricted": false,
            "is_ultra_restricted": false
        }
    },
    {
        "client_msg_id": "e499f085-4e4a-4da5-aa12-c07af92aeaa8",
        "type": "message",
        "text": "I'm just wondering if its possible to use postgresql jsonb keys in dimensions",
        "user": "UCM677UGL",
        "ts": "1536145584.000100",
        "team": "TC0C1HURK",
        "user_team": "TC0C1HURK",
        "source_team": "TC0C1HURK",
        "user_profile": {
            "avatar_hash": "gcbab147324a",
            "image_72": "https:\/\/secure.gravatar.com\/avatar\/6cbab147324a0fc5278731c2571833c4.jpg?s=72&d=https%3A%2F%2Fa.slack-edge.com%2Fdf10d%2Fimg%2Favatars%2Fava_0020-72.png",
            "first_name": "",
            "real_name": "Joshua Harris",
            "display_name": "Josh",
            "team": "TC0C1HURK",
            "name": "joshua",
            "is_restricted": false,
            "is_ultra_restricted": false
        }
    },
    {
        "client_msg_id": "3468b9a4-8719-4c3f-bcab-ae1831912704",
        "type": "message",
        "text": "As I have an events table which contains data in jsonb format",
        "user": "UCM677UGL",
        "ts": "1536145610.000100",
        "team": "TC0C1HURK",
        "user_team": "TC0C1HURK",
        "source_team": "TC0C1HURK",
        "user_profile": {
            "avatar_hash": "gcbab147324a",
            "image_72": "https:\/\/secure.gravatar.com\/avatar\/6cbab147324a0fc5278731c2571833c4.jpg?s=72&d=https%3A%2F%2Fa.slack-edge.com%2Fdf10d%2Fimg%2Favatars%2Fava_0020-72.png",
            "first_name": "",
            "real_name": "Joshua Harris",
            "display_name": "Josh",
            "team": "TC0C1HURK",
            "name": "joshua",
            "is_restricted": false,
            "is_ultra_restricted": false
        }
    },
    {
        "client_msg_id": "0009e2ba-35e2-40dc-9627-e6a5359daf89",
        "type": "message",
        "text": "Hey <@UCM677UGL>! It's good question. In fact there's no difference for Cube.js how underlying data is stored as soon as it can be extracted using SQL. So you can write something like\n```\nsql: `${CUBE}.metadata-&gt;&gt;'someField'`\n```\nin dimension or measure or similar stuff in sql of cube itself.",
        "user": "UC19HAUAK",
        "ts": "1536145892.000100",
        "team": "TC0C1HURK",
        "user_team": "TC0C1HURK",
        "source_team": "TC0C1HURK",
        "user_profile": {
            "avatar_hash": "066a042e018c",
            "image_72": "https:\/\/avatars.slack-edge.com\/2019-12-07\/866588520998_066a042e018ca831a195_72.png",
            "first_name": "Pavel",
            "real_name": "Pavel Tiunov",
            "display_name": "pavel",
            "team": "TC0C1HURK",
            "name": "pavel",
            "is_restricted": false,
            "is_ultra_restricted": false
        }
    },
    {
        "client_msg_id": "c476a548-3ce8-43c6-84bb-09fd8335d18e",
        "type": "message",
        "text": "<https:\/\/www.postgresql.org\/docs\/9.3\/static\/functions-json.html>",
        "user": "UC19HAUAK",
        "ts": "1536145914.000100",
        "team": "TC0C1HURK",
        "user_team": "TC0C1HURK",
        "source_team": "TC0C1HURK",
        "user_profile": {
            "avatar_hash": "066a042e018c",
            "image_72": "https:\/\/avatars.slack-edge.com\/2019-12-07\/866588520998_066a042e018ca831a195_72.png",
            "first_name": "Pavel",
            "real_name": "Pavel Tiunov",
            "display_name": "pavel",
            "team": "TC0C1HURK",
            "name": "pavel",
            "is_restricted": false,
            "is_ultra_restricted": false
        }
    },
    {
        "client_msg_id": "73689127-f548-40a5-867a-ce7c8e5067c1",
        "type": "message",
        "text": "Ah ok great thanks!",
        "user": "UCM677UGL",
        "ts": "1536145938.000100",
        "team": "TC0C1HURK",
        "user_team": "TC0C1HURK",
        "source_team": "TC0C1HURK",
        "user_profile": {
            "avatar_hash": "gcbab147324a",
            "image_72": "https:\/\/secure.gravatar.com\/avatar\/6cbab147324a0fc5278731c2571833c4.jpg?s=72&d=https%3A%2F%2Fa.slack-edge.com%2Fdf10d%2Fimg%2Favatars%2Fava_0020-72.png",
            "first_name": "",
            "real_name": "Joshua Harris",
            "display_name": "Josh",
            "team": "TC0C1HURK",
            "name": "joshua",
            "is_restricted": false,
            "is_ultra_restricted": false
        },
        "reactions": [
            {
                "name": "raised_hands",
                "users": [
                    "UC19HAUAK"
                ],
                "count": 1
            }
        ]
    },
    {
        "client_msg_id": "d07914fd-4100-4367-9d7e-b9065e44b0c6",
        "type": "message",
        "text": "I've encountered this strange\/annoying phenomenon with Segment in which for some sessions they're timestamping pageviews on a delayed basis relative to downfunnel event timestamps. this has the effect of throwing off the funnel I've built which is based on joins conditioned not only on matching id but on timestamps of successive steps occurring after prior steps.",
        "user": "UCJBGE8TZ",
        "ts": "1536164282.000100",
        "team": "TC0C1HURK",
        "user_team": "TC0C1HURK",
        "source_team": "TC0C1HURK",
        "user_profile": {
            "avatar_hash": "ga222ee3858c",
            "image_72": "https:\/\/secure.gravatar.com\/avatar\/9a222ee3858c49641a7b166679308f63.jpg?s=72&d=https%3A%2F%2Fa.slack-edge.com%2Fdf10d%2Fimg%2Favatars%2Fava_0004-72.png",
            "first_name": "",
            "real_name": "William",
            "display_name": "",
            "team": "TC0C1HURK",
            "name": "william.devar",
            "is_restricted": false,
            "is_ultra_restricted": false
        }
    },
    {
        "client_msg_id": "3ec2354e-c0f7-4a34-ad67-424a26b76b44",
        "type": "message",
        "text": "note the timestamp condition is imposed regardless of whether timeToConvert is specified",
        "user": "UCJBGE8TZ",
        "ts": "1536164310.000100",
        "team": "TC0C1HURK",
        "user_team": "TC0C1HURK",
        "source_team": "TC0C1HURK",
        "user_profile": {
            "avatar_hash": "ga222ee3858c",
            "image_72": "https:\/\/secure.gravatar.com\/avatar\/9a222ee3858c49641a7b166679308f63.jpg?s=72&d=https%3A%2F%2Fa.slack-edge.com%2Fdf10d%2Fimg%2Favatars%2Fava_0004-72.png",
            "first_name": "",
            "real_name": "William",
            "display_name": "",
            "team": "TC0C1HURK",
            "name": "william.devar",
            "is_restricted": false,
            "is_ultra_restricted": false
        }
    },
    {
        "client_msg_id": "ce60a9a6-e880-45ab-99fb-963b7378ad44",
        "type": "message",
        "text": "is there anyway around this?",
        "user": "UCJBGE8TZ",
        "ts": "1536164318.000100",
        "team": "TC0C1HURK",
        "user_team": "TC0C1HURK",
        "source_team": "TC0C1HURK",
        "user_profile": {
            "avatar_hash": "ga222ee3858c",
            "image_72": "https:\/\/secure.gravatar.com\/avatar\/9a222ee3858c49641a7b166679308f63.jpg?s=72&d=https%3A%2F%2Fa.slack-edge.com%2Fdf10d%2Fimg%2Favatars%2Fava_0004-72.png",
            "first_name": "",
            "real_name": "William",
            "display_name": "",
            "team": "TC0C1HURK",
            "name": "william.devar",
            "is_restricted": false,
            "is_ultra_restricted": false
        }
    },
    {
        "client_msg_id": "653b613e-2ad6-42f5-b538-609297988a7d",
        "type": "message",
        "text": "(aside from manipulating the pageview timestamps in query :slightly_smiling_face: )",
        "user": "UCJBGE8TZ",
        "ts": "1536164454.000100",
        "team": "TC0C1HURK",
        "user_team": "TC0C1HURK",
        "source_team": "TC0C1HURK",
        "user_profile": {
            "avatar_hash": "ga222ee3858c",
            "image_72": "https:\/\/secure.gravatar.com\/avatar\/9a222ee3858c49641a7b166679308f63.jpg?s=72&d=https%3A%2F%2Fa.slack-edge.com%2Fdf10d%2Fimg%2Favatars%2Fava_0004-72.png",
            "first_name": "",
            "real_name": "William",
            "display_name": "",
            "team": "TC0C1HURK",
            "name": "william.devar",
            "is_restricted": false,
            "is_ultra_restricted": false
        }
    },
    {
        "client_msg_id": "97799d15-e144-4e35-a5e7-518aae77537b",
        "type": "message",
        "text": "Hey <@UCJBGE8TZ>! It's interesting. Could you please share which timestamp field you use?",
        "user": "UC19HAUAK",
        "ts": "1536167340.000100",
        "team": "TC0C1HURK",
        "user_team": "TC0C1HURK",
        "source_team": "TC0C1HURK",
        "user_profile": {
            "avatar_hash": "066a042e018c",
            "image_72": "https:\/\/avatars.slack-edge.com\/2019-12-07\/866588520998_066a042e018ca831a195_72.png",
            "first_name": "Pavel",
            "real_name": "Pavel Tiunov",
            "display_name": "pavel",
            "team": "TC0C1HURK",
            "name": "pavel",
            "is_restricted": false,
            "is_ultra_restricted": false
        }
    },
    {
        "client_msg_id": "4dbad90d-a1ae-473e-879a-1773451ee598",
        "type": "message",
        "text": "I'm using `timestamp`",
        "user": "UCJBGE8TZ",
        "ts": "1536167709.000100",
        "team": "TC0C1HURK",
        "user_team": "TC0C1HURK",
        "source_team": "TC0C1HURK",
        "user_profile": {
            "avatar_hash": "ga222ee3858c",
            "image_72": "https:\/\/secure.gravatar.com\/avatar\/9a222ee3858c49641a7b166679308f63.jpg?s=72&d=https%3A%2F%2Fa.slack-edge.com%2Fdf10d%2Fimg%2Favatars%2Fava_0004-72.png",
            "first_name": "",
            "real_name": "William",
            "display_name": "",
            "team": "TC0C1HURK",
            "name": "william.devar",
            "is_restricted": false,
            "is_ultra_restricted": false
        }
    },
    {
        "client_msg_id": "cacd7003-ab23-4726-aebf-e82c5b659928",
        "type": "message",
        "text": "<@UCJBGE8TZ> Yeah. Seems correct to me. And what are typical delays you experience? Is it minutes?",
        "user": "UC19HAUAK",
        "ts": "1536168258.000100",
        "team": "TC0C1HURK",
        "user_team": "TC0C1HURK",
        "source_team": "TC0C1HURK",
        "user_profile": {
            "avatar_hash": "066a042e018c",
            "image_72": "https:\/\/avatars.slack-edge.com\/2019-12-07\/866588520998_066a042e018ca831a195_72.png",
            "first_name": "Pavel",
            "real_name": "Pavel Tiunov",
            "display_name": "pavel",
            "team": "TC0C1HURK",
            "name": "pavel",
            "is_restricted": false,
            "is_ultra_restricted": false
        }
    },
    {
        "client_msg_id": "57d14087-b539-4c61-8b0b-0ac18b52378e",
        "type": "message",
        "text": "from the sample I viewed, it's typically like 1-7 minutes",
        "user": "UCJBGE8TZ",
        "ts": "1536168292.000100",
        "team": "TC0C1HURK",
        "user_team": "TC0C1HURK",
        "source_team": "TC0C1HURK",
        "user_profile": {
            "avatar_hash": "ga222ee3858c",
            "image_72": "https:\/\/secure.gravatar.com\/avatar\/9a222ee3858c49641a7b166679308f63.jpg?s=72&d=https%3A%2F%2Fa.slack-edge.com%2Fdf10d%2Fimg%2Favatars%2Fava_0004-72.png",
            "first_name": "",
            "real_name": "William",
            "display_name": "",
            "team": "TC0C1HURK",
            "name": "william.devar",
            "is_restricted": false,
            "is_ultra_restricted": false
        }
    },
    {
        "client_msg_id": "dcfebd65-6c31-46c0-8d87-8bdb4380f53d",
        "type": "message",
        "text": "Makes sense. So right now there's no way to disable this check unfortunately. We're going to open source this Funnel module soon so everyone can either extend it or send us pull request with modifications. In meanwhile I suggest just add this delay window to timestamp.",
        "user": "UC19HAUAK",
        "ts": "1536168478.000100",
        "team": "TC0C1HURK",
        "user_team": "TC0C1HURK",
        "source_team": "TC0C1HURK",
        "user_profile": {
            "avatar_hash": "066a042e018c",
            "image_72": "https:\/\/avatars.slack-edge.com\/2019-12-07\/866588520998_066a042e018ca831a195_72.png",
            "first_name": "Pavel",
            "real_name": "Pavel Tiunov",
            "display_name": "pavel",
            "team": "TC0C1HURK",
            "name": "pavel",
            "is_restricted": false,
            "is_ultra_restricted": false
        }
    },
    {
        "client_msg_id": "906284a4-26fc-42de-84e8-be32c520920b",
        "type": "message",
        "text": "cool, thank you for taking a look",
        "user": "UCJBGE8TZ",
        "ts": "1536168843.000100",
        "team": "TC0C1HURK",
        "user_team": "TC0C1HURK",
        "source_team": "TC0C1HURK",
        "user_profile": {
            "avatar_hash": "ga222ee3858c",
            "image_72": "https:\/\/secure.gravatar.com\/avatar\/9a222ee3858c49641a7b166679308f63.jpg?s=72&d=https%3A%2F%2Fa.slack-edge.com%2Fdf10d%2Fimg%2Favatars%2Fava_0004-72.png",
            "first_name": "",
            "real_name": "William",
            "display_name": "",
            "team": "TC0C1HURK",
            "name": "william.devar",
            "is_restricted": false,
            "is_ultra_restricted": false
        }
    },
    {
        "client_msg_id": "9276bfa7-501d-47e0-b74c-375736cf4b8e",
        "type": "message",
        "text": "No problem!",
        "user": "UC19HAUAK",
        "ts": "1536168900.000100",
        "team": "TC0C1HURK",
        "user_team": "TC0C1HURK",
        "source_team": "TC0C1HURK",
        "user_profile": {
            "avatar_hash": "066a042e018c",
            "image_72": "https:\/\/avatars.slack-edge.com\/2019-12-07\/866588520998_066a042e018ca831a195_72.png",
            "first_name": "Pavel",
            "real_name": "Pavel Tiunov",
            "display_name": "pavel",
            "team": "TC0C1HURK",
            "name": "pavel",
            "is_restricted": false,
            "is_ultra_restricted": false
        }
    }
]