[
    {
        "type": "message",
        "subtype": "channel_join",
        "ts": "1544036955.001100",
        "user": "UELJM5JMB",
        "text": "<@UELJM5JMB> has joined the channel"
    },
    {
        "client_msg_id": "EC3EB0CA-8EFD-4D19-9EEB-C73839EA973F",
        "type": "message",
        "text": "Hey everyone! Question for you, wondering if there is a way to create a metric that uses the given timeframe parameter? E.g. average daily revenue",
        "user": "UEASA3CUR",
        "ts": "1544048566.002800",
        "team": "TC0C1HURK",
        "user_team": "TC0C1HURK",
        "source_team": "TC0C1HURK",
        "user_profile": {
            "avatar_hash": "g065a041e882",
            "image_72": "https:\/\/secure.gravatar.com\/avatar\/8065a041e8828aa7698c51be59a2de7d.jpg?s=72&d=https%3A%2F%2Fa.slack-edge.com%2Fdf10d%2Fimg%2Favatars%2Fava_0011-72.png",
            "first_name": "Benjamin",
            "real_name": "Benjamin Sehl",
            "display_name": "Ben",
            "team": "TC0C1HURK",
            "name": "ben138",
            "is_restricted": false,
            "is_ultra_restricted": false
        },
        "thread_ts": "1544048566.002800",
        "reply_count": 1,
        "reply_users_count": 1,
        "latest_reply": "1544088455.002900",
        "reply_users": [
            "UC19HAUAK"
        ],
        "replies": [
            {
                "user": "UC19HAUAK",
                "ts": "1544088455.002900"
            }
        ],
        "subscribed": false
    }
]