[
    {
        "client_msg_id": "009d1015-33ad-4207-9d7e-62318262f49b",
        "type": "message",
        "text": "Is it possible to use a table for creating certain joins and let it be in the joins part, without referencing any particular column from that table in the final select part.\n\nI am trying to split a string into multiple rows using a 1:n join and use the resultant table subsequently. The table used to duplicate the rows need not have a column explicitly selected in the final output.",
        "user": "UC7EAD3DH",
        "ts": "1540499033.000100",
        "team": "TC0C1HURK",
        "user_team": "TC0C1HURK",
        "source_team": "TC0C1HURK",
        "user_profile": {
            "avatar_hash": "g0bd861b143b",
            "image_72": "https:\/\/secure.gravatar.com\/avatar\/20bd861b143b2a80d19021eddeedf95b.jpg?s=72&d=https%3A%2F%2Fa.slack-edge.com%2Fdf10d%2Fimg%2Favatars%2Fava_0013-72.png",
            "first_name": "",
            "real_name": "Ishan Garg",
            "display_name": "Ishan",
            "team": "TC0C1HURK",
            "name": "ishan.garg",
            "is_restricted": false,
            "is_ultra_restricted": false
        }
    }
]