[
    {
        "client_msg_id": "1ca7224d-a491-4f39-85d8-cb65fcd7dda7",
        "type": "message",
        "text": "<!channel> We’re working on some new packages, both *Analytics* and *Data Sources*, and will announce them soon. Meanwhile, I made a simple Google Form to collect feedback on what type of packages are requested. Please fill out this form with your desired package, it will help us a lot with prioritizing development.\n\n<https:\/\/goo.gl\/forms\/ER7X6f4OFSmwhg023>",
        "user": "UC1HAFW4E",
        "ts": "1534428314.000100",
        "team": "TC0C1HURK",
        "user_team": "TC0C1HURK",
        "source_team": "TC0C1HURK",
        "user_profile": {
            "avatar_hash": "ee7b69830a11",
            "image_72": "https:\/\/avatars.slack-edge.com\/2018-08-13\/414857329600_ee7b69830a119331e10e_72.jpg",
            "first_name": "Artyom",
            "real_name": "Artyom Keydunov",
            "display_name": "Artyom Keydunov",
            "team": "TC0C1HURK",
            "name": "artyom",
            "is_restricted": false,
            "is_ultra_restricted": false
        },
        "edited": {
            "user": "UC1HAFW4E",
            "ts": "1534428318.000000"
        }
    },
    {
        "type": "message",
        "subtype": "channel_join",
        "ts": "1534450328.000200",
        "user": "UCA24KNG2",
        "text": "<@UCA24KNG2> has joined the channel"
    },
    {
        "client_msg_id": "18896ec6-4c4c-4c8f-8874-9435805e3dbd",
        "type": "message",
        "text": "Hey all! A general suggestion, maybe there is a workaround. I have a case where I have multiple fields that point to the same Users table. Imagine you have an Account table that has a `created_by_user_id`, `reviewed_by_user_id`, `closed_by_user_id`. Currently I don't know how to easily model this, giving that the join feature seems to only allow a single relationship per table. I think my options are\n- Create virtual Cubes, that are just copies of the Users table, so that I can have multiple joins defined.\n- write the cube query to automatically join the tables that I need and then add the specific common fields that I would use (such as `closed_by_user_name, closed_by_user_role, created_by_user_name, ...`). This kind of works but it means I'm doing heavy joins even when I don't need these fields.\n\nIf there is a better way, please let me know. Otherwise my suggestion would be to allow specific join statements to be defined on dimension fields. That way you can map common fields to another table without having to have the joins or clog up the list of Cubes. Something like...",
        "user": "UCA24KNG2",
        "ts": "1534450824.000100",
        "team": "TC0C1HURK",
        "user_team": "TC0C1HURK",
        "source_team": "TC0C1HURK",
        "user_profile": {
            "avatar_hash": "g6ec369057db",
            "image_72": "https:\/\/secure.gravatar.com\/avatar\/66ec369057db60caadc5d1f641b9f881.jpg?s=72&d=https%3A%2F%2Fa.slack-edge.com%2Fdf10d%2Fimg%2Favatars%2Fava_0026-72.png",
            "first_name": "",
            "real_name": "Jake Hoffner",
            "display_name": "Jake",
            "team": "TC0C1HURK",
            "name": "jake",
            "is_restricted": false,
            "is_ultra_restricted": false
        },
        "edited": {
            "user": "UCA24KNG2",
            "ts": "1534450835.000000"
        }
    },
    {
        "client_msg_id": "e2ea20fe-7eda-42c9-9186-24a66fe4ec50",
        "type": "message",
        "text": "```\ncreated_by_user_name: {\n      sql: `${Users}.name`,\n      join: : { \n         sql: `${Users}.id = ${Accounts}.created_by_user_id`,\n         cube: 'Users',\n      },\n      title: 'Created By Name'\n    }\n```",
        "user": "UCA24KNG2",
        "ts": "1534450896.000100",
        "team": "TC0C1HURK",
        "user_team": "TC0C1HURK",
        "source_team": "TC0C1HURK",
        "user_profile": {
            "avatar_hash": "g6ec369057db",
            "image_72": "https:\/\/secure.gravatar.com\/avatar\/66ec369057db60caadc5d1f641b9f881.jpg?s=72&d=https%3A%2F%2Fa.slack-edge.com%2Fdf10d%2Fimg%2Favatars%2Fava_0026-72.png",
            "first_name": "",
            "real_name": "Jake Hoffner",
            "display_name": "Jake",
            "team": "TC0C1HURK",
            "name": "jake",
            "is_restricted": false,
            "is_ultra_restricted": false
        },
        "edited": {
            "user": "UCA24KNG2",
            "ts": "1534451021.000000"
        }
    },
    {
        "client_msg_id": "DC6D8CB1-9039-47E4-9633-BA6669317C12",
        "type": "message",
        "text": "Hey <@UCA24KNG2> ! Welcome aboard! It’s really good question. Right now the best way to define polymorphic relationships is to create virtual cubes as you suggested. The only hint here: you can use `extends` directive which allows you not to copy all required definitions.",
        "user": "UC19HAUAK",
        "ts": "1534451286.000100",
        "team": "TC0C1HURK",
        "user_team": "TC0C1HURK",
        "source_team": "TC0C1HURK",
        "user_profile": {
            "avatar_hash": "066a042e018c",
            "image_72": "https:\/\/avatars.slack-edge.com\/2019-12-07\/866588520998_066a042e018ca831a195_72.png",
            "first_name": "Pavel",
            "real_name": "Pavel Tiunov",
            "display_name": "pavel",
            "team": "TC0C1HURK",
            "name": "pavel",
            "is_restricted": false,
            "is_ultra_restricted": false
        }
    },
    {
        "client_msg_id": "0489C81C-A8F8-4807-971D-E86F637FD413",
        "type": "message",
        "text": "So you can define `BaseUsers` and extend all cubes which will be involved in joins from it.",
        "user": "UC19HAUAK",
        "ts": "1534451389.000100",
        "team": "TC0C1HURK",
        "user_team": "TC0C1HURK",
        "source_team": "TC0C1HURK",
        "user_profile": {
            "avatar_hash": "066a042e018c",
            "image_72": "https:\/\/avatars.slack-edge.com\/2019-12-07\/866588520998_066a042e018ca831a195_72.png",
            "first_name": "Pavel",
            "real_name": "Pavel Tiunov",
            "display_name": "pavel",
            "team": "TC0C1HURK",
            "name": "pavel",
            "is_restricted": false,
            "is_ultra_restricted": false
        }
    },
    {
        "client_msg_id": "069c3357-ec9d-46c7-b04a-1876a9b3e59c",
        "type": "message",
        "text": "Oh wow. OK yeah that should do it then. Thanks!",
        "user": "UCA24KNG2",
        "ts": "1534451405.000100",
        "team": "TC0C1HURK",
        "user_team": "TC0C1HURK",
        "source_team": "TC0C1HURK",
        "user_profile": {
            "avatar_hash": "g6ec369057db",
            "image_72": "https:\/\/secure.gravatar.com\/avatar\/66ec369057db60caadc5d1f641b9f881.jpg?s=72&d=https%3A%2F%2Fa.slack-edge.com%2Fdf10d%2Fimg%2Favatars%2Fava_0026-72.png",
            "first_name": "",
            "real_name": "Jake Hoffner",
            "display_name": "Jake",
            "team": "TC0C1HURK",
            "name": "jake",
            "is_restricted": false,
            "is_ultra_restricted": false
        },
        "reactions": [
            {
                "name": "raised_hands",
                "users": [
                    "UC19HAUAK"
                ],
                "count": 1
            }
        ]
    },
    {
        "client_msg_id": "FDBDA989-6DE8-466C-A694-DFFD2B9FDF19",
        "type": "message",
        "text": "You’re welcome!",
        "user": "UC19HAUAK",
        "ts": "1534451519.000100",
        "team": "TC0C1HURK",
        "user_team": "TC0C1HURK",
        "source_team": "TC0C1HURK",
        "user_profile": {
            "avatar_hash": "066a042e018c",
            "image_72": "https:\/\/avatars.slack-edge.com\/2019-12-07\/866588520998_066a042e018ca831a195_72.png",
            "first_name": "Pavel",
            "real_name": "Pavel Tiunov",
            "display_name": "pavel",
            "team": "TC0C1HURK",
            "name": "pavel",
            "is_restricted": false,
            "is_ultra_restricted": false
        }
    },
    {
        "client_msg_id": "6717b89f-6b31-4fd2-9e70-965892393502",
        "type": "message",
        "text": "Anyway to hide those virtual types so that they don't show up as a root level Cube? I would only want to see them in the context of a join to another table",
        "user": "UCA24KNG2",
        "ts": "1534451764.000100",
        "team": "TC0C1HURK",
        "user_team": "TC0C1HURK",
        "source_team": "TC0C1HURK",
        "user_profile": {
            "avatar_hash": "g6ec369057db",
            "image_72": "https:\/\/secure.gravatar.com\/avatar\/66ec369057db60caadc5d1f641b9f881.jpg?s=72&d=https%3A%2F%2Fa.slack-edge.com%2Fdf10d%2Fimg%2Favatars%2Fava_0026-72.png",
            "first_name": "",
            "real_name": "Jake Hoffner",
            "display_name": "Jake",
            "team": "TC0C1HURK",
            "name": "jake",
            "is_restricted": false,
            "is_ultra_restricted": false
        }
    },
    {
        "client_msg_id": "bf51aa98-7b54-415f-a176-4ade167b0ba7",
        "type": "message",
        "text": "There are several ways to design it:\n1. Remove all measures from these cubes, so they will have only dimensions.\n2. You can actually hide all measures and dimensions from these cubes completely with `shown: false` and then reference dimension you need in the joined cube:\n\n```\ncube(`Users`, {\n\/\/ joins Accounts\ndimensions: {\n  acountName: {\n    sql: `${Accounts.name}`,\n    type: `string`\n  }\n}\n});\n```",
        "user": "UC1HAFW4E",
        "ts": "1534452032.000100",
        "team": "TC0C1HURK",
        "user_team": "TC0C1HURK",
        "source_team": "TC0C1HURK",
        "user_profile": {
            "avatar_hash": "ee7b69830a11",
            "image_72": "https:\/\/avatars.slack-edge.com\/2018-08-13\/414857329600_ee7b69830a119331e10e_72.jpg",
            "first_name": "Artyom",
            "real_name": "Artyom Keydunov",
            "display_name": "Artyom Keydunov",
            "team": "TC0C1HURK",
            "name": "artyom",
            "is_restricted": false,
            "is_ultra_restricted": false
        },
        "edited": {
            "user": "UC1HAFW4E",
            "ts": "1534452168.000000"
        }
    },
    {
        "client_msg_id": "facb32c8-990a-4076-83d8-23a5507e7054",
        "type": "message",
        "text": "Perfect. Could use some documentation around these advanced cases, but really smart design. Makes complete sense now. Thanks!",
        "user": "UCA24KNG2",
        "ts": "1534452292.000100",
        "team": "TC0C1HURK",
        "user_team": "TC0C1HURK",
        "source_team": "TC0C1HURK",
        "user_profile": {
            "avatar_hash": "g6ec369057db",
            "image_72": "https:\/\/secure.gravatar.com\/avatar\/66ec369057db60caadc5d1f641b9f881.jpg?s=72&d=https%3A%2F%2Fa.slack-edge.com%2Fdf10d%2Fimg%2Favatars%2Fava_0026-72.png",
            "first_name": "",
            "real_name": "Jake Hoffner",
            "display_name": "Jake",
            "team": "TC0C1HURK",
            "name": "jake",
            "is_restricted": false,
            "is_ultra_restricted": false
        },
        "reactions": [
            {
                "name": "+1",
                "users": [
                    "UC1HAFW4E",
                    "UC19HAUAK",
                    "UC71GHPGR"
                ],
                "count": 3
            }
        ]
    }
]