[
    {
        "type": "message",
        "subtype": "channel_join",
        "ts": "1534231291.000200",
        "user": "UC94LAVK9",
        "text": "<@UC94LAVK9> has joined the channel"
    },
    {
        "type": "message",
        "subtype": "channel_join",
        "ts": "1534236654.000200",
        "user": "UC7T6UPQU",
        "text": "<@UC7T6UPQU> has joined the channel"
    },
    {
        "client_msg_id": "7e0a02af-e0be-482f-a904-0bf3bdadd41b",
        "type": "message",
        "text": "<!channel> As we mentioned in our Cube.js announcement, we’re working on a packages ecosystem. There are two types of packages we’re planning to release in the upcoming weeks. Analytics Packages are designed to solve some specific problems: funnels, retention, calculating active users, A\/B testing, and more. Data Sources Packages are ready-to-use data schemas for popular services, such as Hubspot, Stripe, AdWords, Facebook Ads, and many more.\n\nToday, I want to tell you about our first Analytics Package – Funnels. With this package, you can easily create Funnels. Although it works with any type of data, we recommend using events for building funnels.\n\nYou can find the full tutorial here: <https:\/\/statsbot.co\/docs\/funnels>\n\nPlease feel free to ask any questions about it or provide your feedback.",
        "user": "UC1HAFW4E",
        "ts": "1534258186.000100",
        "team": "TC0C1HURK",
        "user_team": "TC0C1HURK",
        "source_team": "TC0C1HURK",
        "user_profile": {
            "avatar_hash": "ee7b69830a11",
            "image_72": "https:\/\/avatars.slack-edge.com\/2018-08-13\/414857329600_ee7b69830a119331e10e_72.jpg",
            "first_name": "Artyom",
            "real_name": "Artyom Keydunov",
            "display_name": "Artyom Keydunov",
            "team": "TC0C1HURK",
            "name": "artyom",
            "is_restricted": false,
            "is_ultra_restricted": false
        },
        "edited": {
            "user": "UC1HAFW4E",
            "ts": "1534258190.000000"
        }
    },
    {
        "type": "message",
        "text": "Here is the simple two-steps funnel example snippet:",
        "files": [
            {
                "id": "FC9BWB4DD",
                "created": 1534258292,
                "timestamp": 1534258292,
                "name": "Funnel_Example.js",
                "title": "Funnel Example",
                "mimetype": "text\/plain",
                "filetype": "javascript",
                "pretty_type": "JavaScript\/JSON",
                "user": "UC1HAFW4E",
                "editable": true,
                "size": 568,
                "mode": "snippet",
                "is_external": false,
                "external_type": "",
                "is_public": true,
                "public_url_shared": false,
                "display_as_bot": false,
                "username": "",
                "url_private": "https:\/\/files.slack.com\/files-pri\/TC0C1HURK-FC9BWB4DD\/funnel_example.js?t=xoxe-408409606869-1267807410853-1293019902560-8c9dc5fc58d3a65e0fe0837e69de048d",
                "url_private_download": "https:\/\/files.slack.com\/files-pri\/TC0C1HURK-FC9BWB4DD\/download\/funnel_example.js?t=xoxe-408409606869-1267807410853-1293019902560-8c9dc5fc58d3a65e0fe0837e69de048d",
                "permalink": "https:\/\/cube-js.slack.com\/files\/UC1HAFW4E\/FC9BWB4DD\/funnel_example.js",
                "permalink_public": "https:\/\/slack-files.com\/TC0C1HURK-FC9BWB4DD-eb393eb446",
                "edit_link": "https:\/\/cube-js.slack.com\/files\/UC1HAFW4E\/FC9BWB4DD\/funnel_example.js\/edit",
                "is_starred": false,
                "has_rich_preview": false
            }
        ],
        "upload": true,
        "user": "UC1HAFW4E",
        "display_as_bot": false,
        "ts": "1534258293.000100"
    }
]