[
    {
        "client_msg_id": "52898c2f-30b6-4da2-ab27-c1b53d6c1b5f",
        "type": "message",
        "text": "Hey <!channel> :wave:\n\nI want to share a new guide with you, which can make your data schema X times more effective :rocket:.\n\nIt's about *how to use the `extends` feature in Cube.js to build reusable data schemas*.\n\n:pill: This approach helps to *prevent code duplication* and makes code *easier to maintain and refactor*.\n\n<https:\/\/statsbot.co\/docs\/extending-cubes>",
        "user": "UC1HAFW4E",
        "ts": "1538513798.000100",
        "team": "TC0C1HURK",
        "user_team": "TC0C1HURK",
        "source_team": "TC0C1HURK",
        "user_profile": {
            "avatar_hash": "ee7b69830a11",
            "image_72": "https:\/\/avatars.slack-edge.com\/2018-08-13\/414857329600_ee7b69830a119331e10e_72.jpg",
            "first_name": "Artyom",
            "real_name": "Artyom Keydunov",
            "display_name": "Artyom Keydunov",
            "team": "TC0C1HURK",
            "name": "artyom",
            "is_restricted": false,
            "is_ultra_restricted": false
        }
    }
]