[
    {
        "client_msg_id": "AF79372C-E848-47BB-9B94-6E8C756ECB73",
        "type": "message",
        "text": "Hi <!channel> :raised_hands:\n\n*Cohort retention* is one of the most popular requests we’re getting from our customers at Statsbot :bomb:.\n\n:pill: That’s why we’ve decided to put out a detailed guide on *how to build it in the data schema and use it in Insights*.\n\nLearn more here :point_right:  <https:\/\/statsbot.co\/docs\/cohort-retention>",
        "user": "UC1HAFW4E",
        "ts": "1537891398.000100",
        "team": "TC0C1HURK",
        "user_team": "TC0C1HURK",
        "source_team": "TC0C1HURK",
        "user_profile": {
            "avatar_hash": "ee7b69830a11",
            "image_72": "https:\/\/avatars.slack-edge.com\/2018-08-13\/414857329600_ee7b69830a119331e10e_72.jpg",
            "first_name": "Artyom",
            "real_name": "Artyom Keydunov",
            "display_name": "Artyom Keydunov",
            "team": "TC0C1HURK",
            "name": "artyom",
            "is_restricted": false,
            "is_ultra_restricted": false
        }
    }
]