[
    {
        "type": "message",
        "text": "<@UC19HAUAK> we are developing ionic framework based mobile solution. we start to play with cubejs client, so we added library into the project. we found multiple warnings. (attached). We are using ionic 4 with angular 7",
        "files": [
            {
                "id": "FMRCB64CW",
                "created": 1566665247,
                "timestamp": 1566665247,
                "name": "@cubejs-client-ngx.txt",
                "title": "@cubejs-client-ngx.txt",
                "mimetype": "text\/plain",
                "filetype": "text",
                "pretty_type": "Plain Text",
                "user": "ULKS069JN",
                "editable": true,
                "size": 829,
                "mode": "snippet",
                "is_external": false,
                "external_type": "",
                "is_public": true,
                "public_url_shared": false,
                "display_as_bot": false,
                "username": "",
                "url_private": "https:\/\/files.slack.com\/files-pri\/TC0C1HURK-FMRCB64CW\/_cubejs-client-ngx.txt?t=xoxe-408409606869-1267807410853-1293019902560-8c9dc5fc58d3a65e0fe0837e69de048d",
                "url_private_download": "https:\/\/files.slack.com\/files-pri\/TC0C1HURK-FMRCB64CW\/download\/_cubejs-client-ngx.txt?t=xoxe-408409606869-1267807410853-1293019902560-8c9dc5fc58d3a65e0fe0837e69de048d",
                "permalink": "https:\/\/cube-js.slack.com\/files\/ULKS069JN\/FMRCB64CW\/_cubejs-client-ngx.txt",
                "permalink_public": "https:\/\/slack-files.com\/TC0C1HURK-FMRCB64CW-edc786293e",
                "edit_link": "https:\/\/cube-js.slack.com\/files\/ULKS069JN\/FMRCB64CW\/_cubejs-client-ngx.txt\/edit",
                "is_starred": false,
                "has_rich_preview": false
            }
        ],
        "upload": true,
        "user": "ULKS069JN",
        "display_as_bot": false,
        "ts": "1566665247.008000",
        "client_msg_id": "30825c10-b7b8-45a4-9981-05f586a68b3e",
        "thread_ts": "1566665247.008000",
        "reply_count": 5,
        "reply_users_count": 2,
        "latest_reply": "1567008249.005100",
        "reply_users": [
            "UC19HAUAK",
            "ULKS069JN"
        ],
        "replies": [
            {
                "user": "UC19HAUAK",
                "ts": "1566676444.009600"
            },
            {
                "user": "UC19HAUAK",
                "ts": "1566690461.009800"
            },
            {
                "user": "ULKS069JN",
                "ts": "1566982398.004000"
            },
            {
                "user": "ULKS069JN",
                "ts": "1566982411.004200"
            },
            {
                "user": "UC19HAUAK",
                "ts": "1567008249.005100"
            }
        ],
        "subscribed": false
    },
    {
        "client_msg_id": "FE42A4FD-A5E4-45F1-AB86-9319D0EEFF0E",
        "type": "message",
        "text": "<@ULKS069JN> Interesting. Did you find the origin for these warnings?",
        "user": "UC19HAUAK",
        "ts": "1566676444.009600",
        "team": "TC0C1HURK",
        "user_team": "TC0C1HURK",
        "source_team": "TC0C1HURK",
        "user_profile": {
            "avatar_hash": "066a042e018c",
            "image_72": "https:\/\/avatars.slack-edge.com\/2019-12-07\/866588520998_066a042e018ca831a195_72.png",
            "first_name": "Pavel",
            "real_name": "Pavel Tiunov",
            "display_name": "pavel",
            "team": "TC0C1HURK",
            "name": "pavel",
            "is_restricted": false,
            "is_ultra_restricted": false
        },
        "thread_ts": "1566665247.008000",
        "parent_user_id": "ULKS069JN"
    },
    {
        "client_msg_id": "09bd880f-587c-42e2-9ecb-381e7adfe221",
        "type": "message",
        "text": "<@ULKS069JN> Also did you try to import cjs module rather than umd?",
        "user": "UC19HAUAK",
        "ts": "1566690461.009800",
        "team": "TC0C1HURK",
        "user_team": "TC0C1HURK",
        "source_team": "TC0C1HURK",
        "user_profile": {
            "avatar_hash": "066a042e018c",
            "image_72": "https:\/\/avatars.slack-edge.com\/2019-12-07\/866588520998_066a042e018ca831a195_72.png",
            "first_name": "Pavel",
            "real_name": "Pavel Tiunov",
            "display_name": "pavel",
            "team": "TC0C1HURK",
            "name": "pavel",
            "is_restricted": false,
            "is_ultra_restricted": false
        },
        "thread_ts": "1566665247.008000",
        "parent_user_id": "ULKS069JN"
    }
]