[
    {
        "client_msg_id": "42002152-88f3-470a-a18b-6dcc3f395ef0",
        "type": "message",
        "text": "Cubejs backend restapi not working on  https. Please can you suggest",
        "user": "UNE429Q84",
        "ts": "1569394803.098500",
        "team": "TC0C1HURK",
        "user_team": "TC0C1HURK",
        "source_team": "TC0C1HURK",
        "user_profile": {
            "avatar_hash": "g70183ae895d",
            "image_72": "https:\/\/secure.gravatar.com\/avatar\/270183ae895dad4505b9d3824cddabc5.jpg?s=72&d=https%3A%2F%2Fa.slack-edge.com%2Fdf10d%2Fimg%2Favatars%2Fava_0012-72.png",
            "first_name": "",
            "real_name": "Lav",
            "display_name": "Lav",
            "team": "TC0C1HURK",
            "name": "lav.naphade",
            "is_restricted": false,
            "is_ultra_restricted": false
        },
        "thread_ts": "1569235732.085100",
        "parent_user_id": "UNE429Q84"
    },
    {
        "client_msg_id": "d776be32-e0db-4f41-9d67-2fb311f9b03e",
        "type": "message",
        "text": "Cubejs backend restapi not working on  https. Please can you suggest",
        "user": "UNE429Q84",
        "ts": "1569394914.098700",
        "team": "TC0C1HURK",
        "user_team": "TC0C1HURK",
        "source_team": "TC0C1HURK",
        "user_profile": {
            "avatar_hash": "g70183ae895d",
            "image_72": "https:\/\/secure.gravatar.com\/avatar\/270183ae895dad4505b9d3824cddabc5.jpg?s=72&d=https%3A%2F%2Fa.slack-edge.com%2Fdf10d%2Fimg%2Favatars%2Fava_0012-72.png",
            "first_name": "",
            "real_name": "Lav",
            "display_name": "Lav",
            "team": "TC0C1HURK",
            "name": "lav.naphade",
            "is_restricted": false,
            "is_ultra_restricted": false
        },
        "thread_ts": "1568951242.047400",
        "parent_user_id": "UNE429Q84"
    },
    {
        "client_msg_id": "8d201f98-bce3-48f6-a7f8-08c715849270",
        "type": "message",
        "text": "I have 3 tables\n\nTable A = 80000 records\nTable B = 75000 records\nTable C = 72000 records\n\nI have rendered a table view, which is getting by joining Table A,B &amp; C. I got `70000` records when I directly run cubejs generated sql(without limit). Since cubejs has a max limit of 50000, I can not use the default method, so I am using `limit=100`. And it is working fine. The problem is only when showing result count.\n\nmeasures part in `Table A` looks like\n\nmeasures: {\n    count: {\n      type: `count`,\n      drillMembers: [id],\n    }\n}\n\njoin looks like\n\njoins: {\n\n    C: {\n      sql: `${CUBE}.C_id = ${C}.id`,\n      relationship: `hasOne`\n    },\n\n    B: {\n      sql: `${CUBE}.B_id = ${B}.id`,\n      relationship: `hasOne`\n    }\n\n}\n\n\n`A.count` is giving me `80000`(count of Table A) but the actual count after joining is `70000`.I need to show 70000 instead of 80000.\n\nHow can show actual results count?\nWhat am I doing wrong?\nWhat all things need to change?\n\nYour help is highly appreciated.",
        "user": "UMZGSKQCU",
        "ts": "1569399255.099400",
        "team": "TC0C1HURK",
        "user_team": "TC0C1HURK",
        "source_team": "TC0C1HURK",
        "user_profile": {
            "avatar_hash": "gae94c75bf42",
            "image_72": "https:\/\/secure.gravatar.com\/avatar\/2ae94c75bf4244e39897bec0d7e5056e.jpg?s=72&d=https%3A%2F%2Fa.slack-edge.com%2Fdf10d%2Fimg%2Favatars%2Fava_0026-72.png",
            "first_name": "",
            "real_name": "Nibin John",
            "display_name": "Nibin John",
            "team": "TC0C1HURK",
            "name": "rockingnibin",
            "is_restricted": false,
            "is_ultra_restricted": false
        },
        "edited": {
            "user": "UMZGSKQCU",
            "ts": "1569399989.000000"
        },
        "thread_ts": "1569065303.070500",
        "parent_user_id": "UMZGSKQCU"
    },
    {
        "client_msg_id": "86b85301-74ed-4f09-90a6-59b93e36054e",
        "type": "message",
        "text": "send me your schema pls",
        "user": "UN5B03DNV",
        "ts": "1569417783.100500",
        "team": "TC0C1HURK",
        "user_team": "TC0C1HURK",
        "source_team": "TC0C1HURK",
        "user_profile": {
            "avatar_hash": "ga97bf3467ae",
            "image_72": "https:\/\/secure.gravatar.com\/avatar\/9a97bf3467aeea1aea22e27a7868916c.jpg?s=72&d=https%3A%2F%2Fa.slack-edge.com%2Fdf10d%2Fimg%2Favatars%2Fava_0001-72.png",
            "first_name": "",
            "real_name": "Ramprakash",
            "display_name": "Ramprakash",
            "team": "TC0C1HURK",
            "name": "ramprakashjagadeesan",
            "is_restricted": false,
            "is_ultra_restricted": false
        },
        "thread_ts": "1568869923.042100",
        "parent_user_id": "UMZGSKQCU"
    },
    {
        "type": "message",
        "subtype": "channel_join",
        "ts": "1569439026.100800",
        "user": "UNRA8GNDT",
        "text": "<@UNRA8GNDT> has joined the channel"
    },
    {
        "client_msg_id": "34714828-1f41-4536-9057-5a297923cc78",
        "type": "message",
        "text": "Hey <@UMZGSKQCU>! Could you please share what queries do you use for that?",
        "user": "UC19HAUAK",
        "ts": "1569442485.101000",
        "team": "TC0C1HURK",
        "user_team": "TC0C1HURK",
        "source_team": "TC0C1HURK",
        "user_profile": {
            "avatar_hash": "066a042e018c",
            "image_72": "https:\/\/avatars.slack-edge.com\/2019-12-07\/866588520998_066a042e018ca831a195_72.png",
            "first_name": "Pavel",
            "real_name": "Pavel Tiunov",
            "display_name": "pavel",
            "team": "TC0C1HURK",
            "name": "pavel",
            "is_restricted": false,
            "is_ultra_restricted": false
        },
        "thread_ts": "1569065303.070500",
        "parent_user_id": "UMZGSKQCU"
    },
    {
        "type": "message",
        "subtype": "channel_join",
        "ts": "1569472591.101300",
        "user": "UNRPVF7FF",
        "text": "<@UNRPVF7FF> has joined the channel"
    },
    {
        "type": "message",
        "subtype": "channel_join",
        "ts": "1569476964.101500",
        "user": "UNRB9U6UU",
        "text": "<@UNRB9U6UU> has joined the channel"
    },
    {
        "client_msg_id": "13410659-40a4-4c8c-a44e-9ab6d961dbaa",
        "type": "message",
        "text": "Hello everyone",
        "user": "UNS4PKYAK",
        "ts": "1569479356.101800",
        "team": "TC0C1HURK",
        "user_team": "TC0C1HURK",
        "source_team": "TC0C1HURK",
        "user_profile": {
            "avatar_hash": "664213ef9cf5",
            "image_72": "https:\/\/avatars.slack-edge.com\/2019-10-17\/800974914790_664213ef9cf5f85d3637_72.jpg",
            "first_name": "chintesh",
            "real_name": "chintesh kumar",
            "display_name": "chintesh kumar",
            "team": "TC0C1HURK",
            "name": "chintesh_kumar",
            "is_restricted": false,
            "is_ultra_restricted": false
        },
        "reactions": [
            {
                "name": "wave",
                "users": [
                    "UC19HAUAK"
                ],
                "count": 1
            }
        ]
    },
    {
        "client_msg_id": "b696d955-d4f3-4769-8c16-2c1d43695fb9",
        "type": "message",
        "text": "Hello ?",
        "user": "UNS4PKYAK",
        "ts": "1569479436.102100",
        "team": "TC0C1HURK",
        "user_team": "TC0C1HURK",
        "source_team": "TC0C1HURK",
        "user_profile": {
            "avatar_hash": "664213ef9cf5",
            "image_72": "https:\/\/avatars.slack-edge.com\/2019-10-17\/800974914790_664213ef9cf5f85d3637_72.jpg",
            "first_name": "chintesh",
            "real_name": "chintesh kumar",
            "display_name": "chintesh kumar",
            "team": "TC0C1HURK",
            "name": "chintesh_kumar",
            "is_restricted": false,
            "is_ultra_restricted": false
        }
    },
    {
        "client_msg_id": "ef03454d-bac8-4922-8170-b8864c135924",
        "type": "message",
        "text": "anyone there?",
        "user": "UNS4PKYAK",
        "ts": "1569479468.102400",
        "team": "TC0C1HURK",
        "user_team": "TC0C1HURK",
        "source_team": "TC0C1HURK",
        "user_profile": {
            "avatar_hash": "664213ef9cf5",
            "image_72": "https:\/\/avatars.slack-edge.com\/2019-10-17\/800974914790_664213ef9cf5f85d3637_72.jpg",
            "first_name": "chintesh",
            "real_name": "chintesh kumar",
            "display_name": "chintesh kumar",
            "team": "TC0C1HURK",
            "name": "chintesh_kumar",
            "is_restricted": false,
            "is_ultra_restricted": false
        },
        "edited": {
            "user": "UNS4PKYAK",
            "ts": "1569479478.000000"
        },
        "thread_ts": "1569479468.102400",
        "reply_count": 2,
        "reply_users_count": 2,
        "latest_reply": "1569566652.110200",
        "reply_users": [
            "UC19HAUAK",
            "UNS4PKYAK"
        ],
        "replies": [
            {
                "user": "UC19HAUAK",
                "ts": "1569515943.104400"
            },
            {
                "user": "UNS4PKYAK",
                "ts": "1569566652.110200"
            }
        ],
        "subscribed": false
    }
]