[
    {
        "client_msg_id": "e18a9838-c62c-4cb0-bf2f-b84cb42402c1",
        "type": "message",
        "text": "Hey <@UKK1AAZMK>, Do you mind to elaborate on what you mean by \"convert queries in frontend to mongodb\"\n\nWe have a MongoDB with Cube.js tutorial here, I think it is a good place to start -\n<https:\/\/cube.dev\/blog\/building-mongodb-dashboard-using-node.js>",
        "user": "UC1HAFW4E",
        "ts": "1560505016.089700",
        "team": "TC0C1HURK",
        "user_team": "TC0C1HURK",
        "source_team": "TC0C1HURK",
        "user_profile": {
            "avatar_hash": "ee7b69830a11",
            "image_72": "https:\/\/avatars.slack-edge.com\/2018-08-13\/414857329600_ee7b69830a119331e10e_72.jpg",
            "first_name": "Artyom",
            "real_name": "Artyom Keydunov",
            "display_name": "Artyom Keydunov",
            "team": "TC0C1HURK",
            "name": "artyom",
            "is_restricted": false,
            "is_ultra_restricted": false
        },
        "attachments": [
            {
                "service_name": "Cube.js Blog",
                "title": "Building MongoDB Dashboard using Node.js | Cube.js Blog",
                "title_link": "https:\/\/cube.dev\/blog\/building-mongodb-dashboard-using-node.js",
                "text": "Building MongoDB Dashboard using Node.js",
                "fallback": "Cube.js Blog: Building MongoDB Dashboard using Node.js | Cube.js Blog",
                "image_url": "https:\/\/media.graphcms.com\/PcoochwBSESACTVUVfjX",
                "ts": 1549324800,
                "from_url": "https:\/\/cube.dev\/blog\/building-mongodb-dashboard-using-node.js",
                "image_width": 631,
                "image_height": 250,
                "image_bytes": 218912,
                "id": 1,
                "original_url": "https:\/\/cube.dev\/blog\/building-mongodb-dashboard-using-node.js"
            }
        ],
        "thread_ts": "1560491765.089600",
        "parent_user_id": "UKK1AAZMK"
    },
    {
        "type": "message",
        "subtype": "channel_join",
        "ts": "1560524015.090100",
        "user": "UKKG6Q86L",
        "text": "<@UKKG6Q86L> has joined the channel"
    },
    {
        "client_msg_id": "b10c2e3d-231f-4080-b90c-009187662707",
        "type": "message",
        "text": "Hello,",
        "user": "UKKG6Q86L",
        "ts": "1560524421.090700",
        "team": "TC0C1HURK",
        "user_team": "TC0C1HURK",
        "source_team": "TC0C1HURK",
        "user_profile": {
            "avatar_hash": "g06283ecfd3b",
            "image_72": "https:\/\/secure.gravatar.com\/avatar\/806283ecfd3b02dc977aa943d90b51cd.jpg?s=72&d=https%3A%2F%2Fa.slack-edge.com%2Fdf10d%2Fimg%2Favatars%2Fava_0022-72.png",
            "first_name": "",
            "real_name": "Miguel",
            "display_name": "Miguel",
            "team": "TC0C1HURK",
            "name": "mfonseca.atrain",
            "is_restricted": false,
            "is_ultra_restricted": false
        }
    },
    {
        "client_msg_id": "e9ce25d7-c242-4e50-ad27-d06634030dd1",
        "type": "message",
        "text": "Could someone tell me how to connect cube.js to two different databases? thanks",
        "user": "UKKG6Q86L",
        "ts": "1560524436.091000",
        "team": "TC0C1HURK",
        "user_team": "TC0C1HURK",
        "source_team": "TC0C1HURK",
        "user_profile": {
            "avatar_hash": "g06283ecfd3b",
            "image_72": "https:\/\/secure.gravatar.com\/avatar\/806283ecfd3b02dc977aa943d90b51cd.jpg?s=72&d=https%3A%2F%2Fa.slack-edge.com%2Fdf10d%2Fimg%2Favatars%2Fava_0022-72.png",
            "first_name": "",
            "real_name": "Miguel",
            "display_name": "Miguel",
            "team": "TC0C1HURK",
            "name": "mfonseca.atrain",
            "is_restricted": false,
            "is_ultra_restricted": false
        },
        "thread_ts": "1560524436.091000",
        "reply_count": 1,
        "reply_users_count": 1,
        "latest_reply": "1560530107.091900",
        "reply_users": [
            "UC19HAUAK"
        ],
        "replies": [
            {
                "user": "UC19HAUAK",
                "ts": "1560530107.091900"
            }
        ],
        "subscribed": false
    },
    {
        "client_msg_id": "5A19E494-9D70-450F-ACB3-BFF51C79F4A5",
        "type": "message",
        "text": "Hey <@UKKG6Q86L> ! You can do it using multitenancy <https:\/\/cube.dev\/docs\/multitenancy-setup>",
        "user": "UC19HAUAK",
        "ts": "1560530107.091900",
        "team": "TC0C1HURK",
        "user_team": "TC0C1HURK",
        "source_team": "TC0C1HURK",
        "user_profile": {
            "avatar_hash": "066a042e018c",
            "image_72": "https:\/\/avatars.slack-edge.com\/2019-12-07\/866588520998_066a042e018ca831a195_72.png",
            "first_name": "Pavel",
            "real_name": "Pavel Tiunov",
            "display_name": "pavel",
            "team": "TC0C1HURK",
            "name": "pavel",
            "is_restricted": false,
            "is_ultra_restricted": false
        },
        "thread_ts": "1560524436.091000",
        "parent_user_id": "UKKG6Q86L"
    },
    {
        "type": "message",
        "subtype": "channel_join",
        "ts": "1560542062.092200",
        "user": "UK8EJNUKD",
        "text": "<@UK8EJNUKD> has joined the channel"
    }
]