[
    {
        "client_msg_id": "d49e8792-d9c3-44f3-9eb2-a33937f6e171",
        "type": "message",
        "text": "Well, I was evaluating the same thing. I would give my 2 cents on the topic suggesting the use of cossbar's Autobahn, since it is a well performing multi-platform alternative to <http:\/\/socket.io|socket.io>",
        "user": "UNXNHGG2K",
        "ts": "1569914261.161900",
        "team": "TC0C1HURK",
        "user_team": "TC0C1HURK",
        "source_team": "TC0C1HURK",
        "user_profile": {
            "avatar_hash": "g1bffd68fc2f",
            "image_72": "https:\/\/secure.gravatar.com\/avatar\/1bffd68fc2f199e0f6a9bdfde5e136cf.jpg?s=72&d=https%3A%2F%2Fa.slack-edge.com%2Fdf10d%2Fimg%2Favatars%2Fava_0026-72.png",
            "first_name": "",
            "real_name": "Domenico Delle Side",
            "display_name": "Domenico Delle Side",
            "team": "TC0C1HURK",
            "name": "d.delleside",
            "is_restricted": false,
            "is_ultra_restricted": false
        },
        "thread_ts": "1569848911.153500",
        "parent_user_id": "UNH5WL410"
    },
    {
        "client_msg_id": "a102d704-824d-42b0-a87c-59497c838c8c",
        "type": "message",
        "text": "I am also facing same problem. The documentation for multitenancy-stup is not understandable for newbies of cubejs. If there is any example application for multi-tenancy with mysql or postgres that will be a great help.",
        "user": "UNH5WL410",
        "ts": "1569926267.167500",
        "team": "TC0C1HURK",
        "user_team": "TC0C1HURK",
        "source_team": "TC0C1HURK",
        "user_profile": {
            "avatar_hash": "g5924d6e935e",
            "image_72": "https:\/\/secure.gravatar.com\/avatar\/5924d6e935e42363152bb93c0dc4f7ce.jpg?s=72&d=https%3A%2F%2Fa.slack-edge.com%2Fdf10d%2Fimg%2Favatars%2Fava_0016-72.png",
            "first_name": "Rizwan",
            "real_name": "Rizwan Haider",
            "display_name": "Rizwan Haider",
            "team": "TC0C1HURK",
            "name": "rizwan.seing",
            "is_restricted": false,
            "is_ultra_restricted": false
        },
        "thread_ts": "1569839757.151900",
        "parent_user_id": "UNS4PKYAK"
    },
    {
        "client_msg_id": "2712ba36-e235-4ebe-a873-444a2a49d1c5",
        "type": "message",
        "text": "I think you should use segments for it",
        "user": "UNH5WL410",
        "ts": "1569936112.168700",
        "team": "TC0C1HURK",
        "user_team": "TC0C1HURK",
        "source_team": "TC0C1HURK",
        "user_profile": {
            "avatar_hash": "g5924d6e935e",
            "image_72": "https:\/\/secure.gravatar.com\/avatar\/5924d6e935e42363152bb93c0dc4f7ce.jpg?s=72&d=https%3A%2F%2Fa.slack-edge.com%2Fdf10d%2Fimg%2Favatars%2Fava_0016-72.png",
            "first_name": "Rizwan",
            "real_name": "Rizwan Haider",
            "display_name": "Rizwan Haider",
            "team": "TC0C1HURK",
            "name": "rizwan.seing",
            "is_restricted": false,
            "is_ultra_restricted": false
        },
        "thread_ts": "1569936112.168700",
        "reply_count": 1,
        "reply_users_count": 1,
        "latest_reply": "1569936320.169500",
        "reply_users": [
            "UN5B03DNV"
        ],
        "replies": [
            {
                "user": "UN5B03DNV",
                "ts": "1569936320.169500"
            }
        ],
        "subscribed": false
    },
    {
        "client_msg_id": "aa329b41-5a7c-4806-8552-d58982d3fccf",
        "type": "message",
        "text": "will try",
        "user": "UN5B03DNV",
        "ts": "1569936320.169500",
        "team": "TC0C1HURK",
        "user_team": "TC0C1HURK",
        "source_team": "TC0C1HURK",
        "user_profile": {
            "avatar_hash": "ga97bf3467ae",
            "image_72": "https:\/\/secure.gravatar.com\/avatar\/9a97bf3467aeea1aea22e27a7868916c.jpg?s=72&d=https%3A%2F%2Fa.slack-edge.com%2Fdf10d%2Fimg%2Favatars%2Fava_0001-72.png",
            "first_name": "",
            "real_name": "Ramprakash",
            "display_name": "Ramprakash",
            "team": "TC0C1HURK",
            "name": "ramprakashjagadeesan",
            "is_restricted": false,
            "is_ultra_restricted": false
        },
        "thread_ts": "1569936112.168700",
        "parent_user_id": "UNH5WL410"
    },
    {
        "client_msg_id": "5fa696cf-3b21-46e8-9069-378ff7f254b7",
        "type": "message",
        "text": "`&lt;query-builder :key=\"key_value\" :cubejs-api=\"cubejsApi\" :query=\"query\"&gt;`\n`            &lt;template v-slot:builder=\"scope\"&gt;`\n`                &lt;v-select`\n`                        item-value=\"name\"`\n`                        item-text=\"shortTitle\"`\n`                        :value=\"setMeasures\"`\n`                        :options=\"availableMeasures\"`\n`                        :items=\"scope.availableMeasures\"`\n`                        label=\"Select Measures\"`\n`                &gt;&lt;\/v-select&gt;`\n`            &lt;\/template&gt;`\n`            &lt;template  v-slot = \"{loading, measures, setMeasures, availableMeasures, resultSet,}\"&gt;`\n`                &lt;weight-detail v-if=\"!loading\" :resultSet=\"resultSet\"&gt;&lt;\/weight-detail&gt;`\n`            &lt;\/template&gt;`\n`        &lt;\/query-builder&gt;`\n\nSelect option is now working for me.",
        "user": "UN5B03DNV",
        "ts": "1569943169.170900",
        "team": "TC0C1HURK",
        "user_team": "TC0C1HURK",
        "source_team": "TC0C1HURK",
        "user_profile": {
            "avatar_hash": "ga97bf3467ae",
            "image_72": "https:\/\/secure.gravatar.com\/avatar\/9a97bf3467aeea1aea22e27a7868916c.jpg?s=72&d=https%3A%2F%2Fa.slack-edge.com%2Fdf10d%2Fimg%2Favatars%2Fava_0001-72.png",
            "first_name": "",
            "real_name": "Ramprakash",
            "display_name": "Ramprakash",
            "team": "TC0C1HURK",
            "name": "ramprakashjagadeesan",
            "is_restricted": false,
            "is_ultra_restricted": false
        }
    },
    {
        "client_msg_id": "43a562d1-d13e-49c4-bb96-6b1f47678e09",
        "type": "message",
        "text": "Hi <@UC19HAUAK>, this message is only to inform you that I successfully deployed both backend and frontend on google app engine",
        "user": "UN15WL4FQ",
        "ts": "1569944725.171100",
        "team": "TC0C1HURK",
        "user_team": "TC0C1HURK",
        "source_team": "TC0C1HURK",
        "user_profile": {
            "avatar_hash": "gef08a99d573",
            "image_72": "https:\/\/secure.gravatar.com\/avatar\/9ef08a99d573847022e22e775e34a6b3.jpg?s=72&d=https%3A%2F%2Fa.slack-edge.com%2Fdf10d%2Fimg%2Favatars%2Fava_0003-72.png",
            "first_name": "",
            "real_name": "Marco Riezzo",
            "display_name": "Marco Riezzo",
            "team": "TC0C1HURK",
            "name": "m.riezzo",
            "is_restricted": false,
            "is_ultra_restricted": false
        },
        "thread_ts": "1568966063.062000",
        "parent_user_id": "UN15WL4FQ"
    },
    {
        "client_msg_id": "d434eb79-e03b-46a8-bb2b-89aa494d2bd7",
        "type": "message",
        "text": "If you want I can write down the list of steps I followed to deploy on GCP so that other users can start from this point",
        "user": "UN15WL4FQ",
        "ts": "1569944799.171300",
        "team": "TC0C1HURK",
        "user_team": "TC0C1HURK",
        "source_team": "TC0C1HURK",
        "user_profile": {
            "avatar_hash": "gef08a99d573",
            "image_72": "https:\/\/secure.gravatar.com\/avatar\/9ef08a99d573847022e22e775e34a6b3.jpg?s=72&d=https%3A%2F%2Fa.slack-edge.com%2Fdf10d%2Fimg%2Favatars%2Fava_0003-72.png",
            "first_name": "",
            "real_name": "Marco Riezzo",
            "display_name": "Marco Riezzo",
            "team": "TC0C1HURK",
            "name": "m.riezzo",
            "is_restricted": false,
            "is_ultra_restricted": false
        },
        "thread_ts": "1568966063.062000",
        "parent_user_id": "UN15WL4FQ"
    },
    {
        "client_msg_id": "71c259fd-7700-4b15-b2b9-9684dde72b89",
        "type": "message",
        "text": "<@UN15WL4FQ> Great to hear that! Would love if you can contribute it to <https:\/\/cube.dev\/docs\/deployment> doc.",
        "user": "UC19HAUAK",
        "ts": "1569946166.171500",
        "team": "TC0C1HURK",
        "user_team": "TC0C1HURK",
        "source_team": "TC0C1HURK",
        "user_profile": {
            "avatar_hash": "066a042e018c",
            "image_72": "https:\/\/avatars.slack-edge.com\/2019-12-07\/866588520998_066a042e018ca831a195_72.png",
            "first_name": "Pavel",
            "real_name": "Pavel Tiunov",
            "display_name": "pavel",
            "team": "TC0C1HURK",
            "name": "pavel",
            "is_restricted": false,
            "is_ultra_restricted": false
        },
        "thread_ts": "1568966063.062000",
        "parent_user_id": "UN15WL4FQ"
    },
    {
        "type": "message",
        "subtype": "channel_join",
        "ts": "1569955296.171800",
        "user": "UNY1C5JM6",
        "text": "<@UNY1C5JM6> has joined the channel"
    },
    {
        "client_msg_id": "a14c4af4-48cc-4fe2-8a18-296a254a11db",
        "type": "message",
        "text": "<@UNH5WL410> Gotcha. I believe we can do a better job with this doc. I think the gap in understanding is where you should put this `CubejsServerCore` \/ `CubejsServer` definition?",
        "user": "UC19HAUAK",
        "ts": "1569965993.172100",
        "team": "TC0C1HURK",
        "user_team": "TC0C1HURK",
        "source_team": "TC0C1HURK",
        "user_profile": {
            "avatar_hash": "066a042e018c",
            "image_72": "https:\/\/avatars.slack-edge.com\/2019-12-07\/866588520998_066a042e018ca831a195_72.png",
            "first_name": "Pavel",
            "real_name": "Pavel Tiunov",
            "display_name": "pavel",
            "team": "TC0C1HURK",
            "name": "pavel",
            "is_restricted": false,
            "is_ultra_restricted": false
        },
        "thread_ts": "1569839757.151900",
        "parent_user_id": "UNS4PKYAK"
    },
    {
        "type": "message",
        "subtype": "channel_join",
        "ts": "1569970317.172400",
        "user": "UNYA5NJTX",
        "text": "<@UNYA5NJTX> has joined the channel"
    },
    {
        "client_msg_id": "60e3d134-b8d6-4d36-a977-d01d39bdfd2f",
        "type": "message",
        "text": "<@UNH5WL410> <@UNXNHGG2K> Cool! Responded in issue.",
        "user": "UC19HAUAK",
        "ts": "1569974130.172500",
        "team": "TC0C1HURK",
        "user_team": "TC0C1HURK",
        "source_team": "TC0C1HURK",
        "user_profile": {
            "avatar_hash": "066a042e018c",
            "image_72": "https:\/\/avatars.slack-edge.com\/2019-12-07\/866588520998_066a042e018ca831a195_72.png",
            "first_name": "Pavel",
            "real_name": "Pavel Tiunov",
            "display_name": "pavel",
            "team": "TC0C1HURK",
            "name": "pavel",
            "is_restricted": false,
            "is_ultra_restricted": false
        },
        "thread_ts": "1569848911.153500",
        "parent_user_id": "UNH5WL410"
    },
    {
        "client_msg_id": "0a61fade-b3c8-4cce-ba4e-7ae2d9914d40",
        "type": "message",
        "text": "<@UMZGSKQCU> Gotcha. There's no way to remove Grouping currently but you can definitely hide columns while rendering table. We're considering adding this ability to query ungrouped or raw data using the same query format. Would love if you can create an issue for it so we can track in on Github.",
        "user": "UC19HAUAK",
        "ts": "1569974441.172700",
        "team": "TC0C1HURK",
        "user_team": "TC0C1HURK",
        "source_team": "TC0C1HURK",
        "user_profile": {
            "avatar_hash": "066a042e018c",
            "image_72": "https:\/\/avatars.slack-edge.com\/2019-12-07\/866588520998_066a042e018ca831a195_72.png",
            "first_name": "Pavel",
            "real_name": "Pavel Tiunov",
            "display_name": "pavel",
            "team": "TC0C1HURK",
            "name": "pavel",
            "is_restricted": false,
            "is_ultra_restricted": false
        },
        "thread_ts": "1569853377.155300",
        "parent_user_id": "UMZGSKQCU"
    },
    {
        "client_msg_id": "0ce30978-1c63-4b8a-8972-97c3221c645c",
        "type": "message",
        "text": "<@UC19HAUAK> Thanks for the reply, I'll create an issue regarding this",
        "user": "UMZGSKQCU",
        "ts": "1569994102.173100",
        "team": "TC0C1HURK",
        "user_team": "TC0C1HURK",
        "source_team": "TC0C1HURK",
        "user_profile": {
            "avatar_hash": "gae94c75bf42",
            "image_72": "https:\/\/secure.gravatar.com\/avatar\/2ae94c75bf4244e39897bec0d7e5056e.jpg?s=72&d=https%3A%2F%2Fa.slack-edge.com%2Fdf10d%2Fimg%2Favatars%2Fava_0026-72.png",
            "first_name": "",
            "real_name": "Nibin John",
            "display_name": "Nibin John",
            "team": "TC0C1HURK",
            "name": "rockingnibin",
            "is_restricted": false,
            "is_ultra_restricted": false
        },
        "thread_ts": "1569853377.155300",
        "parent_user_id": "UMZGSKQCU"
    },
    {
        "client_msg_id": "2b5e170a-2ad1-48f3-a142-153c42823df9",
        "type": "message",
        "text": "I've a concern\n\nso many rows are adding to our table within a minute, so even if I create a pre aggregation, cubejs need to update aggregation tables every time, right? so same amount of time will take for that as well, am I wrong ?",
        "user": "UMZGSKQCU",
        "ts": "1569994496.173300",
        "team": "TC0C1HURK",
        "user_team": "TC0C1HURK",
        "source_team": "TC0C1HURK",
        "user_profile": {
            "avatar_hash": "gae94c75bf42",
            "image_72": "https:\/\/secure.gravatar.com\/avatar\/2ae94c75bf4244e39897bec0d7e5056e.jpg?s=72&d=https%3A%2F%2Fa.slack-edge.com%2Fdf10d%2Fimg%2Favatars%2Fava_0026-72.png",
            "first_name": "",
            "real_name": "Nibin John",
            "display_name": "Nibin John",
            "team": "TC0C1HURK",
            "name": "rockingnibin",
            "is_restricted": false,
            "is_ultra_restricted": false
        },
        "thread_ts": "1569822301.148300",
        "parent_user_id": "UMZGSKQCU"
    }
]