[
    {
        "type": "message",
        "subtype": "channel_join",
        "ts": "1548336586.012000",
        "user": "UFM9P48TA",
        "text": "<@UFM9P48TA> has joined the channel"
    },
    {
        "client_msg_id": "8219d0c6-e727-4de2-a9f4-2a8017c5f1fa",
        "type": "message",
        "text": "Hi all",
        "user": "UFM9P48TA",
        "ts": "1548337344.012200",
        "team": "TC0C1HURK",
        "user_team": "TC0C1HURK",
        "source_team": "TC0C1HURK",
        "user_profile": {
            "avatar_hash": "g3c6ca9f2f7b",
            "image_72": "https:\/\/secure.gravatar.com\/avatar\/73c6ca9f2f7b536899a543f364f7b9fe.jpg?s=72&d=https%3A%2F%2Fa.slack-edge.com%2Fdf10d%2Fimg%2Favatars%2Fava_0019-72.png",
            "first_name": "",
            "real_name": "Chris Edington",
            "display_name": "ChrisHorris",
            "team": "TC0C1HURK",
            "name": "chris",
            "is_restricted": false,
            "is_ultra_restricted": false
        }
    },
    {
        "client_msg_id": "ffbf1150-8c5b-472b-ada8-ce95ae184d94",
        "type": "message",
        "text": "I've got a fairly simple problem, I think :slightly_smiling_face:",
        "user": "UFM9P48TA",
        "ts": "1548337361.012800",
        "team": "TC0C1HURK",
        "user_team": "TC0C1HURK",
        "source_team": "TC0C1HURK",
        "user_profile": {
            "avatar_hash": "g3c6ca9f2f7b",
            "image_72": "https:\/\/secure.gravatar.com\/avatar\/73c6ca9f2f7b536899a543f364f7b9fe.jpg?s=72&d=https%3A%2F%2Fa.slack-edge.com%2Fdf10d%2Fimg%2Favatars%2Fava_0019-72.png",
            "first_name": "",
            "real_name": "Chris Edington",
            "display_name": "ChrisHorris",
            "team": "TC0C1HURK",
            "name": "chris",
            "is_restricted": false,
            "is_ultra_restricted": false
        }
    },
    {
        "client_msg_id": "9387d41f-faa9-4843-b00f-c5fa6036c2aa",
        "type": "message",
        "text": "So this is pretty normal:",
        "user": "UFM9P48TA",
        "ts": "1548337444.013200",
        "team": "TC0C1HURK",
        "user_team": "TC0C1HURK",
        "source_team": "TC0C1HURK",
        "user_profile": {
            "avatar_hash": "g3c6ca9f2f7b",
            "image_72": "https:\/\/secure.gravatar.com\/avatar\/73c6ca9f2f7b536899a543f364f7b9fe.jpg?s=72&d=https%3A%2F%2Fa.slack-edge.com%2Fdf10d%2Fimg%2Favatars%2Fava_0019-72.png",
            "first_name": "",
            "real_name": "Chris Edington",
            "display_name": "ChrisHorris",
            "team": "TC0C1HURK",
            "name": "chris",
            "is_restricted": false,
            "is_ultra_restricted": false
        }
    },
    {
        "client_msg_id": "033b7c2b-7f45-4b57-baf3-c3ddbec660e2",
        "type": "message",
        "text": "```    payingCount: {\n      sql: `id`,\n      type: `count`,\n      filters: [\n        { sql: `${TABLE}.created_at &gt;= '2011-12-01 00:00:00' AND created_at &lt;= '2011-12-06 00:00:00'` }\n      ]\n    }```",
        "user": "UFM9P48TA",
        "ts": "1548337445.013400",
        "team": "TC0C1HURK",
        "user_team": "TC0C1HURK",
        "source_team": "TC0C1HURK",
        "user_profile": {
            "avatar_hash": "g3c6ca9f2f7b",
            "image_72": "https:\/\/secure.gravatar.com\/avatar\/73c6ca9f2f7b536899a543f364f7b9fe.jpg?s=72&d=https%3A%2F%2Fa.slack-edge.com%2Fdf10d%2Fimg%2Favatars%2Fava_0019-72.png",
            "first_name": "",
            "real_name": "Chris Edington",
            "display_name": "ChrisHorris",
            "team": "TC0C1HURK",
            "name": "chris",
            "is_restricted": false,
            "is_ultra_restricted": false
        }
    },
    {
        "client_msg_id": "a38927b5-f5ce-4bbb-9614-2e7d00d2629e",
        "type": "message",
        "text": "How can I make it use the period selected on the UI of Statsbot?",
        "user": "UFM9P48TA",
        "ts": "1548337461.013800",
        "team": "TC0C1HURK",
        "user_team": "TC0C1HURK",
        "source_team": "TC0C1HURK",
        "user_profile": {
            "avatar_hash": "g3c6ca9f2f7b",
            "image_72": "https:\/\/secure.gravatar.com\/avatar\/73c6ca9f2f7b536899a543f364f7b9fe.jpg?s=72&d=https%3A%2F%2Fa.slack-edge.com%2Fdf10d%2Fimg%2Favatars%2Fava_0019-72.png",
            "first_name": "",
            "real_name": "Chris Edington",
            "display_name": "ChrisHorris",
            "team": "TC0C1HURK",
            "name": "chris",
            "is_restricted": false,
            "is_ultra_restricted": false
        },
        "thread_ts": "1548337461.013800",
        "reply_count": 2,
        "reply_users_count": 1,
        "latest_reply": "1548343868.014500",
        "reply_users": [
            "UC7TSHQ91"
        ],
        "replies": [
            {
                "user": "UC7TSHQ91",
                "ts": "1548343811.014300"
            },
            {
                "user": "UC7TSHQ91",
                "ts": "1548343868.014500"
            }
        ],
        "subscribed": false
    },
    {
        "client_msg_id": "462b5573-0293-4bee-818e-8aaf962c8f7f",
        "type": "message",
        "text": "I dont want to hard code dates, instead get them from what is chosen in the UI of Statsbot",
        "user": "UFM9P48TA",
        "ts": "1548337479.014200",
        "team": "TC0C1HURK",
        "user_team": "TC0C1HURK",
        "source_team": "TC0C1HURK",
        "user_profile": {
            "avatar_hash": "g3c6ca9f2f7b",
            "image_72": "https:\/\/secure.gravatar.com\/avatar\/73c6ca9f2f7b536899a543f364f7b9fe.jpg?s=72&d=https%3A%2F%2Fa.slack-edge.com%2Fdf10d%2Fimg%2Favatars%2Fava_0019-72.png",
            "first_name": "",
            "real_name": "Chris Edington",
            "display_name": "ChrisHorris",
            "team": "TC0C1HURK",
            "name": "chris",
            "is_restricted": false,
            "is_ultra_restricted": false
        }
    },
    {
        "client_msg_id": "74b9b54e-1375-4a3b-814f-c68d3ee345ea",
        "type": "message",
        "text": "Hey Chris! Thanks for your question.\n\nYou need to add time dimension in schema first\n\n```createdAt: {\n  sql:`created_at`, \n  type: `time`\n}```",
        "user": "UC7TSHQ91",
        "ts": "1548343811.014300",
        "team": "TC0C1HURK",
        "user_team": "TC0C1HURK",
        "source_team": "TC0C1HURK",
        "user_profile": {
            "avatar_hash": "ga436c1374e7",
            "image_72": "https:\/\/secure.gravatar.com\/avatar\/6a436c1374e739ba0c71fb2ea4869e93.jpg?s=72&d=https%3A%2F%2Fa.slack-edge.com%2Fdf10d%2Fimg%2Favatars%2Fava_0018-72.png",
            "first_name": "",
            "real_name": "Nurzhan Ospanov",
            "display_name": "nurzhan",
            "team": "TC0C1HURK",
            "name": "nurzhan",
            "is_restricted": false,
            "is_ultra_restricted": false
        },
        "thread_ts": "1548337461.013800",
        "parent_user_id": "UFM9P48TA"
    },
    {
        "type": "message",
        "text": "and then on insights page select that time dimension and select a date range (use date picker or a few options available in drop down)",
        "files": [
            {
                "id": "FFP78PW2K",
                "created": 1548343857,
                "timestamp": 1548343857,
                "name": "Statsbot 2019-01-24 18-28-36.png",
                "title": "Statsbot 2019-01-24 18-28-36.png",
                "mimetype": "image\/png",
                "filetype": "png",
                "pretty_type": "PNG",
                "user": "UC7TSHQ91",
                "editable": false,
                "size": 106848,
                "mode": "hosted",
                "is_external": false,
                "external_type": "",
                "is_public": true,
                "public_url_shared": false,
                "display_as_bot": false,
                "username": "",
                "url_private": "https:\/\/files.slack.com\/files-pri\/TC0C1HURK-FFP78PW2K\/statsbot_2019-01-24_18-28-36.png?t=xoxe-408409606869-1267807410853-1293019902560-8c9dc5fc58d3a65e0fe0837e69de048d",
                "url_private_download": "https:\/\/files.slack.com\/files-pri\/TC0C1HURK-FFP78PW2K\/download\/statsbot_2019-01-24_18-28-36.png?t=xoxe-408409606869-1267807410853-1293019902560-8c9dc5fc58d3a65e0fe0837e69de048d",
                "thumb_64": "https:\/\/files.slack.com\/files-tmb\/TC0C1HURK-FFP78PW2K-25d74d8052\/statsbot_2019-01-24_18-28-36_64.png?t=xoxe-408409606869-1267807410853-1293019902560-8c9dc5fc58d3a65e0fe0837e69de048d",
                "thumb_80": "https:\/\/files.slack.com\/files-tmb\/TC0C1HURK-FFP78PW2K-25d74d8052\/statsbot_2019-01-24_18-28-36_80.png?t=xoxe-408409606869-1267807410853-1293019902560-8c9dc5fc58d3a65e0fe0837e69de048d",
                "thumb_360": "https:\/\/files.slack.com\/files-tmb\/TC0C1HURK-FFP78PW2K-25d74d8052\/statsbot_2019-01-24_18-28-36_360.png?t=xoxe-408409606869-1267807410853-1293019902560-8c9dc5fc58d3a65e0fe0837e69de048d",
                "thumb_360_w": 360,
                "thumb_360_h": 111,
                "thumb_480": "https:\/\/files.slack.com\/files-tmb\/TC0C1HURK-FFP78PW2K-25d74d8052\/statsbot_2019-01-24_18-28-36_480.png?t=xoxe-408409606869-1267807410853-1293019902560-8c9dc5fc58d3a65e0fe0837e69de048d",
                "thumb_480_w": 480,
                "thumb_480_h": 147,
                "thumb_160": "https:\/\/files.slack.com\/files-tmb\/TC0C1HURK-FFP78PW2K-25d74d8052\/statsbot_2019-01-24_18-28-36_160.png?t=xoxe-408409606869-1267807410853-1293019902560-8c9dc5fc58d3a65e0fe0837e69de048d",
                "thumb_720": "https:\/\/files.slack.com\/files-tmb\/TC0C1HURK-FFP78PW2K-25d74d8052\/statsbot_2019-01-24_18-28-36_720.png?t=xoxe-408409606869-1267807410853-1293019902560-8c9dc5fc58d3a65e0fe0837e69de048d",
                "thumb_720_w": 720,
                "thumb_720_h": 221,
                "thumb_800": "https:\/\/files.slack.com\/files-tmb\/TC0C1HURK-FFP78PW2K-25d74d8052\/statsbot_2019-01-24_18-28-36_800.png?t=xoxe-408409606869-1267807410853-1293019902560-8c9dc5fc58d3a65e0fe0837e69de048d",
                "thumb_800_w": 800,
                "thumb_800_h": 246,
                "thumb_960": "https:\/\/files.slack.com\/files-tmb\/TC0C1HURK-FFP78PW2K-25d74d8052\/statsbot_2019-01-24_18-28-36_960.png?t=xoxe-408409606869-1267807410853-1293019902560-8c9dc5fc58d3a65e0fe0837e69de048d",
                "thumb_960_w": 960,
                "thumb_960_h": 295,
                "thumb_1024": "https:\/\/files.slack.com\/files-tmb\/TC0C1HURK-FFP78PW2K-25d74d8052\/statsbot_2019-01-24_18-28-36_1024.png?t=xoxe-408409606869-1267807410853-1293019902560-8c9dc5fc58d3a65e0fe0837e69de048d",
                "thumb_1024_w": 1024,
                "thumb_1024_h": 314,
                "image_exif_rotation": 1,
                "original_w": 2078,
                "original_h": 638,
                "permalink": "https:\/\/cube-js.slack.com\/files\/UC7TSHQ91\/FFP78PW2K\/statsbot_2019-01-24_18-28-36.png",
                "permalink_public": "https:\/\/slack-files.com\/TC0C1HURK-FFP78PW2K-d41f289288",
                "is_starred": false,
                "has_rich_preview": false
            }
        ],
        "upload": true,
        "user": "UC7TSHQ91",
        "display_as_bot": false,
        "ts": "1548343868.014500",
        "thread_ts": "1548337461.013800",
        "parent_user_id": "UFM9P48TA"
    }
]