[
    {
        "client_msg_id": "4a8deb7c-8053-48a5-84e2-b8e76b53f549",
        "type": "message",
        "text": "Hey <!channel>, we’re excited to launch *Cube.js Templates* today on the Product Hunt.\n\nIt started as a simple dashboard app and then evolved into a full-featured scaffolding generator. It allows picking libraries, configuration and then generates a frontend app wired to Cube.js backend. Scaffolding generator already supports 2 UI kits, 3 charting libraries, and real-time WebSockets transport. And all of these can be mixed together in different ways.\n\nWe’re planning to add support for more charting libraries and front-end frameworks besides React soon. Templates are open-sourced and structured as packages so contributions are very welcomed! :heart:\n\n<https:\/\/www.producthunt.com>\n\nIt would be great if you can support us with an upvote and share your experience with Cube.js in the comment there! :pray:",
        "user": "UC1HAFW4E",
        "ts": "1574325912.330500",
        "team": "TC0C1HURK",
        "user_team": "TC0C1HURK",
        "source_team": "TC0C1HURK",
        "user_profile": {
            "avatar_hash": "ee7b69830a11",
            "image_72": "https:\/\/avatars.slack-edge.com\/2018-08-13\/414857329600_ee7b69830a119331e10e_72.jpg",
            "first_name": "Artyom",
            "real_name": "Artyom Keydunov",
            "display_name": "Artyom Keydunov",
            "team": "TC0C1HURK",
            "name": "artyom",
            "is_restricted": false,
            "is_ultra_restricted": false
        },
        "edited": {
            "user": "UC1HAFW4E",
            "ts": "1574373716.000000"
        },
        "blocks": [
            {
                "type": "rich_text",
                "block_id": "4A4",
                "elements": [
                    {
                        "type": "rich_text_section",
                        "elements": [
                            {
                                "type": "text",
                                "text": "Hey "
                            },
                            {
                                "type": "broadcast",
                                "range": "channel"
                            },
                            {
                                "type": "text",
                                "text": ", we’re excited to launch "
                            },
                            {
                                "type": "text",
                                "text": "Cube.js Templates",
                                "style": {
                                    "bold": true
                                }
                            },
                            {
                                "type": "text",
                                "text": " today on the Product Hunt.\n\nIt started as a simple dashboard app and then evolved into a full-featured scaffolding generator. It allows picking libraries, configuration and then generates a frontend app wired to Cube.js backend. Scaffolding generator already supports 2 UI kits, 3 charting libraries, and real-time WebSockets transport. And all of these can be mixed together in different ways.\n\nWe’re planning to add support for more charting libraries and front-end frameworks besides React soon. Templates are open-sourced and structured as packages so contributions are very welcomed! "
                            },
                            {
                                "type": "emoji",
                                "name": "heart"
                            },
                            {
                                "type": "text",
                                "text": "\n\n"
                            },
                            {
                                "type": "link",
                                "url": "https:\/\/www.producthunt.com"
                            },
                            {
                                "type": "text",
                                "text": "\n\nIt would be great if you can support us with an upvote and share your experience with Cube.js in the comment there! "
                            },
                            {
                                "type": "emoji",
                                "name": "pray"
                            }
                        ]
                    }
                ]
            }
        ],
        "reactions": [
            {
                "name": "rocket",
                "users": [
                    "UHEMDJPRS",
                    "UJ85DC00N",
                    "UC1HAFW4E",
                    "UC19HAUAK",
                    "UJ5RZ4ZSS",
                    "UHKB88WF2",
                    "UPLMQSG48",
                    "UQ2Q2QU20",
                    "UHETZ5RS4",
                    "UJPF5SW5Q",
                    "UQTA06QTE",
                    "UE61M8543",
                    "UL55T8A72",
                    "UG8FM1Z8C",
                    "UPRBHJE7R",
                    "UJ9QV8CQ5",
                    "UPFTFG350"
                ],
                "count": 17
            },
            {
                "name": "cube",
                "users": [
                    "UC1HAFW4E",
                    "UPFTFG350",
                    "URG2GJK71"
                ],
                "count": 3
            }
        ]
    },
    {
        "client_msg_id": "900ea0cd-a6ca-49d8-b8ab-630a76faa753",
        "type": "message",
        "text": "<@UNS4PKYAK> Could you please share how other table SQL looks like? I mean where it works?",
        "user": "UC19HAUAK",
        "ts": "1574325957.330700",
        "team": "TC0C1HURK",
        "user_team": "TC0C1HURK",
        "source_team": "TC0C1HURK",
        "user_profile": {
            "avatar_hash": "066a042e018c",
            "image_72": "https:\/\/avatars.slack-edge.com\/2019-12-07\/866588520998_066a042e018ca831a195_72.png",
            "first_name": "Pavel",
            "real_name": "Pavel Tiunov",
            "display_name": "pavel",
            "team": "TC0C1HURK",
            "name": "pavel",
            "is_restricted": false,
            "is_ultra_restricted": false
        },
        "blocks": [
            {
                "type": "rich_text",
                "block_id": "mDWf0",
                "elements": [
                    {
                        "type": "rich_text_section",
                        "elements": [
                            {
                                "type": "user",
                                "user_id": "UNS4PKYAK"
                            },
                            {
                                "type": "text",
                                "text": " Could you please share how other table SQL looks like? I mean where it works?"
                            }
                        ]
                    }
                ]
            }
        ],
        "thread_ts": "1574224385.319100",
        "parent_user_id": "UNS4PKYAK"
    },
    {
        "client_msg_id": "2d80fc59-f722-4bc7-a4e0-cd47407c5341",
        "type": "message",
        "text": "<@UC19HAUAK> all are same and there is no problem on local machine cubejs setup.",
        "user": "UNS4PKYAK",
        "ts": "1574326302.331300",
        "team": "TC0C1HURK",
        "user_team": "TC0C1HURK",
        "source_team": "TC0C1HURK",
        "user_profile": {
            "avatar_hash": "664213ef9cf5",
            "image_72": "https:\/\/avatars.slack-edge.com\/2019-10-17\/800974914790_664213ef9cf5f85d3637_72.jpg",
            "first_name": "chintesh",
            "real_name": "chintesh kumar",
            "display_name": "chintesh kumar",
            "team": "TC0C1HURK",
            "name": "chintesh_kumar",
            "is_restricted": false,
            "is_ultra_restricted": false
        },
        "edited": {
            "user": "UNS4PKYAK",
            "ts": "1574397040.000000"
        },
        "blocks": [
            {
                "type": "rich_text",
                "block_id": "ujips",
                "elements": [
                    {
                        "type": "rich_text_section",
                        "elements": [
                            {
                                "type": "user",
                                "user_id": "UC19HAUAK"
                            },
                            {
                                "type": "text",
                                "text": " all are same and there is no problem on local machine cubejs setup."
                            }
                        ]
                    }
                ]
            }
        ],
        "thread_ts": "1574224385.319100",
        "parent_user_id": "UNS4PKYAK"
    },
    {
        "type": "message",
        "subtype": "channel_join",
        "ts": "1574326657.332200",
        "user": "UQG0HFCEP",
        "text": "<@UQG0HFCEP> has joined the channel"
    },
    {
        "type": "message",
        "subtype": "channel_join",
        "ts": "1574342734.333300",
        "user": "UQTA06QTE",
        "text": "<@UQTA06QTE> has joined the channel"
    },
    {
        "type": "message",
        "subtype": "channel_join",
        "ts": "1574343083.333600",
        "user": "UQW0JHP70",
        "text": "<@UQW0JHP70> has joined the channel"
    },
    {
        "type": "message",
        "subtype": "channel_join",
        "ts": "1574344836.333800",
        "user": "UQW1SQ2TG",
        "text": "<@UQW1SQ2TG> has joined the channel"
    },
    {
        "type": "message",
        "subtype": "channel_join",
        "ts": "1574345047.334000",
        "user": "UQVM4NG23",
        "text": "<@UQVM4NG23> has joined the channel"
    },
    {
        "type": "message",
        "subtype": "channel_join",
        "ts": "1574349169.334200",
        "user": "UQGF0N4FM",
        "text": "<@UQGF0N4FM> has joined the channel"
    },
    {
        "client_msg_id": "cd9d3fcb-f01a-4175-9dc0-0c4f331a437e",
        "type": "message",
        "text": "Hi!\nI wanted to know if the autoRollup feature actually exists or is it not implemented yet",
        "user": "UQGF0N4FM",
        "ts": "1574349361.335100",
        "team": "TC0C1HURK",
        "user_team": "TC0C1HURK",
        "source_team": "TC0C1HURK",
        "user_profile": {
            "avatar_hash": "gd93d5cb3986",
            "image_72": "https:\/\/secure.gravatar.com\/avatar\/d93d5cb39864821e725b066eab825e6a.jpg?s=72&d=https%3A%2F%2Fa.slack-edge.com%2Fdf10d%2Fimg%2Favatars%2Fava_0014-72.png",
            "first_name": "Vicente",
            "real_name": "Vicente Fuenzalida Marin",
            "display_name": "vicente",
            "team": "TC0C1HURK",
            "name": "vicente",
            "is_restricted": false,
            "is_ultra_restricted": false
        },
        "blocks": [
            {
                "type": "rich_text",
                "block_id": "WQ7",
                "elements": [
                    {
                        "type": "rich_text_section",
                        "elements": [
                            {
                                "type": "text",
                                "text": "Hi!\nI wanted to know if the autoRollup feature actually exists or is it not implemented yet"
                            }
                        ]
                    }
                ]
            }
        ]
    },
    {
        "client_msg_id": "b17123ef-cab8-458e-92dc-6322f75aeefb",
        "type": "message",
        "text": "im intrested in the enterprise version if it is available, can you contact me? <@UC19HAUAK>",
        "user": "UQGF0N4FM",
        "ts": "1574350238.335800",
        "team": "TC0C1HURK",
        "user_team": "TC0C1HURK",
        "source_team": "TC0C1HURK",
        "user_profile": {
            "avatar_hash": "gd93d5cb3986",
            "image_72": "https:\/\/secure.gravatar.com\/avatar\/d93d5cb39864821e725b066eab825e6a.jpg?s=72&d=https%3A%2F%2Fa.slack-edge.com%2Fdf10d%2Fimg%2Favatars%2Fava_0014-72.png",
            "first_name": "Vicente",
            "real_name": "Vicente Fuenzalida Marin",
            "display_name": "vicente",
            "team": "TC0C1HURK",
            "name": "vicente",
            "is_restricted": false,
            "is_ultra_restricted": false
        },
        "blocks": [
            {
                "type": "rich_text",
                "block_id": "8g2",
                "elements": [
                    {
                        "type": "rich_text_section",
                        "elements": [
                            {
                                "type": "text",
                                "text": "im intrested in the enterprise version if it is available, can you contact me? "
                            },
                            {
                                "type": "user",
                                "user_id": "UC19HAUAK"
                            }
                        ]
                    }
                ]
            }
        ],
        "thread_ts": "1574350238.335800",
        "reply_count": 1,
        "reply_users_count": 1,
        "latest_reply": "1574359066.338400",
        "reply_users": [
            "UC19HAUAK"
        ],
        "replies": [
            {
                "user": "UC19HAUAK",
                "ts": "1574359066.338400"
            }
        ],
        "subscribed": false
    },
    {
        "client_msg_id": "696b73b3-6ae4-41b7-8673-e71d245a197e",
        "type": "message",
        "text": "Hi <@UC19HAUAK>. What is the best practice related to inline vs references documents. I mean we have tables eg. c_order where c_bpartner_id means customer. so i have 2 options i denormalise data in postgres view, or send both orders and join them in schema definition ?",
        "user": "ULKS069JN",
        "ts": "1574358790.338100",
        "team": "TC0C1HURK",
        "user_team": "TC0C1HURK",
        "source_team": "TC0C1HURK",
        "user_profile": {
            "avatar_hash": "b1fec10e8c15",
            "image_72": "https:\/\/avatars.slack-edge.com\/2019-11-13\/835478181030_b1fec10e8c15e04269cc_72.png",
            "first_name": "Norbert",
            "real_name": "Norbert Bede",
            "display_name": "Norbert Bede",
            "team": "TC0C1HURK",
            "name": "norbert.bede764",
            "is_restricted": false,
            "is_ultra_restricted": false
        },
        "blocks": [
            {
                "type": "rich_text",
                "block_id": "AC8N",
                "elements": [
                    {
                        "type": "rich_text_section",
                        "elements": [
                            {
                                "type": "text",
                                "text": "Hi "
                            },
                            {
                                "type": "user",
                                "user_id": "UC19HAUAK"
                            },
                            {
                                "type": "text",
                                "text": ". What is the best practice related to inline vs references documents. I mean we have tables eg. c_order where c_bpartner_id means customer. so i have 2 options i denormalise data in postgres view, or send both orders and join them in schema definition ?"
                            }
                        ]
                    }
                ]
            }
        ],
        "thread_ts": "1574358790.338100",
        "reply_count": 11,
        "reply_users_count": 2,
        "latest_reply": "1574360872.340500",
        "reply_users": [
            "ULKS069JN",
            "UC19HAUAK"
        ],
        "replies": [
            {
                "user": "ULKS069JN",
                "ts": "1574358798.338200"
            },
            {
                "user": "UC19HAUAK",
                "ts": "1574359304.338600"
            },
            {
                "user": "ULKS069JN",
                "ts": "1574359442.338800"
            },
            {
                "user": "ULKS069JN",
                "ts": "1574359493.339000"
            },
            {
                "user": "ULKS069JN",
                "ts": "1574359517.339200"
            },
            {
                "user": "ULKS069JN",
                "ts": "1574359523.339400"
            },
            {
                "user": "UC19HAUAK",
                "ts": "1574359875.339600"
            },
            {
                "user": "ULKS069JN",
                "ts": "1574360151.339800"
            },
            {
                "user": "ULKS069JN",
                "ts": "1574360166.340000"
            },
            {
                "user": "UC19HAUAK",
                "ts": "1574360709.340200"
            },
            {
                "user": "ULKS069JN",
                "ts": "1574360872.340500"
            }
        ],
        "subscribed": false
    },
    {
        "client_msg_id": "ee6577d5-8737-4703-ba1f-2a760592e7d1",
        "type": "message",
        "text": "wdyt",
        "user": "ULKS069JN",
        "ts": "1574358798.338200",
        "team": "TC0C1HURK",
        "user_team": "TC0C1HURK",
        "source_team": "TC0C1HURK",
        "user_profile": {
            "avatar_hash": "b1fec10e8c15",
            "image_72": "https:\/\/avatars.slack-edge.com\/2019-11-13\/835478181030_b1fec10e8c15e04269cc_72.png",
            "first_name": "Norbert",
            "real_name": "Norbert Bede",
            "display_name": "Norbert Bede",
            "team": "TC0C1HURK",
            "name": "norbert.bede764",
            "is_restricted": false,
            "is_ultra_restricted": false
        },
        "blocks": [
            {
                "type": "rich_text",
                "block_id": "M6Q",
                "elements": [
                    {
                        "type": "rich_text_section",
                        "elements": [
                            {
                                "type": "text",
                                "text": "wdyt"
                            }
                        ]
                    }
                ]
            }
        ],
        "thread_ts": "1574358790.338100",
        "parent_user_id": "ULKS069JN"
    },
    {
        "client_msg_id": "1b3b6ef5-f57a-471c-926e-38c0c34b06a0",
        "type": "message",
        "text": "Hey <@UQGF0N4FM>! Yep. It's available. Will DM you shortly.",
        "user": "UC19HAUAK",
        "ts": "1574359066.338400",
        "team": "TC0C1HURK",
        "user_team": "TC0C1HURK",
        "source_team": "TC0C1HURK",
        "user_profile": {
            "avatar_hash": "066a042e018c",
            "image_72": "https:\/\/avatars.slack-edge.com\/2019-12-07\/866588520998_066a042e018ca831a195_72.png",
            "first_name": "Pavel",
            "real_name": "Pavel Tiunov",
            "display_name": "pavel",
            "team": "TC0C1HURK",
            "name": "pavel",
            "is_restricted": false,
            "is_ultra_restricted": false
        },
        "blocks": [
            {
                "type": "rich_text",
                "block_id": "CWl",
                "elements": [
                    {
                        "type": "rich_text_section",
                        "elements": [
                            {
                                "type": "text",
                                "text": "Hey "
                            },
                            {
                                "type": "user",
                                "user_id": "UQGF0N4FM"
                            },
                            {
                                "type": "text",
                                "text": "! Yep. It's available. Will DM you shortly."
                            }
                        ]
                    }
                ]
            }
        ],
        "thread_ts": "1574350238.335800",
        "parent_user_id": "UQGF0N4FM"
    },
    {
        "client_msg_id": "98f139cc-adfe-4926-9038-775e00dd221c",
        "type": "message",
        "text": "<@ULKS069JN> It depends on performance. As a rule of thumb it should be a join. If performance is a bottleneck then you can try pre-aggregations. Postgres materialized view for analytics workload usually will slower for most of cases than pre-aggregation. You can consider ETL pipeline also.",
        "user": "UC19HAUAK",
        "ts": "1574359304.338600",
        "team": "TC0C1HURK",
        "user_team": "TC0C1HURK",
        "source_team": "TC0C1HURK",
        "user_profile": {
            "avatar_hash": "066a042e018c",
            "image_72": "https:\/\/avatars.slack-edge.com\/2019-12-07\/866588520998_066a042e018ca831a195_72.png",
            "first_name": "Pavel",
            "real_name": "Pavel Tiunov",
            "display_name": "pavel",
            "team": "TC0C1HURK",
            "name": "pavel",
            "is_restricted": false,
            "is_ultra_restricted": false
        },
        "blocks": [
            {
                "type": "rich_text",
                "block_id": "LDv6n",
                "elements": [
                    {
                        "type": "rich_text_section",
                        "elements": [
                            {
                                "type": "user",
                                "user_id": "ULKS069JN"
                            },
                            {
                                "type": "text",
                                "text": " It depends on performance. As a rule of thumb it should be a join. If performance is a bottleneck then you can try pre-aggregations. Postgres materialized view for analytics workload usually will slower for most of cases than pre-aggregation. You can consider ETL pipeline also."
                            }
                        ]
                    }
                ]
            }
        ],
        "thread_ts": "1574358790.338100",
        "parent_user_id": "ULKS069JN"
    },
    {
        "client_msg_id": "8e5f7382-ef35-4933-80e0-9d7db1f81cea",
        "type": "message",
        "text": "we are running multitenant erp. so save cpu time is important. not a big deal, just considering what are the best practices. e.g also multilangual question is here. for example products has 5 languages, then we usually internally can switch between languages",
        "user": "ULKS069JN",
        "ts": "1574359442.338800",
        "team": "TC0C1HURK",
        "user_team": "TC0C1HURK",
        "source_team": "TC0C1HURK",
        "user_profile": {
            "avatar_hash": "b1fec10e8c15",
            "image_72": "https:\/\/avatars.slack-edge.com\/2019-11-13\/835478181030_b1fec10e8c15e04269cc_72.png",
            "first_name": "Norbert",
            "real_name": "Norbert Bede",
            "display_name": "Norbert Bede",
            "team": "TC0C1HURK",
            "name": "norbert.bede764",
            "is_restricted": false,
            "is_ultra_restricted": false
        },
        "blocks": [
            {
                "type": "rich_text",
                "block_id": "qhVkJ",
                "elements": [
                    {
                        "type": "rich_text_section",
                        "elements": [
                            {
                                "type": "text",
                                "text": "we are running multitenant erp. so save cpu time is important. not a big deal, just considering what are the best practices. e.g also multilangual question is here. for example products has 5 languages, then we usually internally can switch between languages"
                            }
                        ]
                    }
                ]
            }
        ],
        "thread_ts": "1574358790.338100",
        "parent_user_id": "ULKS069JN"
    },
    {
        "client_msg_id": "ab2a0062-586e-401f-a7df-3f59db11937f",
        "type": "message",
        "text": "or product name is changed meanwhile eg .in Q3 but Q1, Q2 should have another name of the product and different cube aggregations",
        "user": "ULKS069JN",
        "ts": "1574359493.339000",
        "team": "TC0C1HURK",
        "user_team": "TC0C1HURK",
        "source_team": "TC0C1HURK",
        "user_profile": {
            "avatar_hash": "b1fec10e8c15",
            "image_72": "https:\/\/avatars.slack-edge.com\/2019-11-13\/835478181030_b1fec10e8c15e04269cc_72.png",
            "first_name": "Norbert",
            "real_name": "Norbert Bede",
            "display_name": "Norbert Bede",
            "team": "TC0C1HURK",
            "name": "norbert.bede764",
            "is_restricted": false,
            "is_ultra_restricted": false
        },
        "blocks": [
            {
                "type": "rich_text",
                "block_id": "YeJ59",
                "elements": [
                    {
                        "type": "rich_text_section",
                        "elements": [
                            {
                                "type": "text",
                                "text": "or product name is changed meanwhile eg .in Q3 but Q1, Q2 should have another name of the product and different cube aggregations"
                            }
                        ]
                    }
                ]
            }
        ],
        "thread_ts": "1574358790.338100",
        "parent_user_id": "ULKS069JN"
    },
    {
        "client_msg_id": "0bf9a519-cc9e-4949-979b-08bcf7b3dca8",
        "type": "message",
        "text": "i’m creating first datasources and testing result.",
        "user": "ULKS069JN",
        "ts": "1574359517.339200",
        "team": "TC0C1HURK",
        "user_team": "TC0C1HURK",
        "source_team": "TC0C1HURK",
        "user_profile": {
            "avatar_hash": "b1fec10e8c15",
            "image_72": "https:\/\/avatars.slack-edge.com\/2019-11-13\/835478181030_b1fec10e8c15e04269cc_72.png",
            "first_name": "Norbert",
            "real_name": "Norbert Bede",
            "display_name": "Norbert Bede",
            "team": "TC0C1HURK",
            "name": "norbert.bede764",
            "is_restricted": false,
            "is_ultra_restricted": false
        },
        "blocks": [
            {
                "type": "rich_text",
                "block_id": "wgKkA",
                "elements": [
                    {
                        "type": "rich_text_section",
                        "elements": [
                            {
                                "type": "text",
                                "text": "i’m creating first datasources and testing result."
                            }
                        ]
                    }
                ]
            }
        ],
        "thread_ts": "1574358790.338100",
        "parent_user_id": "ULKS069JN"
    },
    {
        "client_msg_id": "e1d7a853-1e6d-4288-ba01-292aa6a144c0",
        "type": "message",
        "text": "still im really happy with cube",
        "user": "ULKS069JN",
        "ts": "1574359523.339400",
        "team": "TC0C1HURK",
        "user_team": "TC0C1HURK",
        "source_team": "TC0C1HURK",
        "user_profile": {
            "avatar_hash": "b1fec10e8c15",
            "image_72": "https:\/\/avatars.slack-edge.com\/2019-11-13\/835478181030_b1fec10e8c15e04269cc_72.png",
            "first_name": "Norbert",
            "real_name": "Norbert Bede",
            "display_name": "Norbert Bede",
            "team": "TC0C1HURK",
            "name": "norbert.bede764",
            "is_restricted": false,
            "is_ultra_restricted": false
        },
        "blocks": [
            {
                "type": "rich_text",
                "block_id": "gK\/",
                "elements": [
                    {
                        "type": "rich_text_section",
                        "elements": [
                            {
                                "type": "text",
                                "text": "still im really happy with cube"
                            }
                        ]
                    }
                ]
            }
        ],
        "thread_ts": "1574358790.338100",
        "parent_user_id": "ULKS069JN"
    },
    {
        "client_msg_id": "1663d648-cd8b-4076-9cbb-66308d4bf898",
        "type": "message",
        "text": "<@ULKS069JN> Great to hear that! So do you ask how to do internalization in cube.js?",
        "user": "UC19HAUAK",
        "ts": "1574359875.339600",
        "team": "TC0C1HURK",
        "user_team": "TC0C1HURK",
        "source_team": "TC0C1HURK",
        "user_profile": {
            "avatar_hash": "066a042e018c",
            "image_72": "https:\/\/avatars.slack-edge.com\/2019-12-07\/866588520998_066a042e018ca831a195_72.png",
            "first_name": "Pavel",
            "real_name": "Pavel Tiunov",
            "display_name": "pavel",
            "team": "TC0C1HURK",
            "name": "pavel",
            "is_restricted": false,
            "is_ultra_restricted": false
        },
        "blocks": [
            {
                "type": "rich_text",
                "block_id": "Tg3Ro",
                "elements": [
                    {
                        "type": "rich_text_section",
                        "elements": [
                            {
                                "type": "user",
                                "user_id": "ULKS069JN"
                            },
                            {
                                "type": "text",
                                "text": " Great to hear that! So do you ask how to do internalization in cube.js?"
                            }
                        ]
                    }
                ]
            }
        ],
        "thread_ts": "1574358790.338100",
        "parent_user_id": "ULKS069JN"
    },
    {
        "client_msg_id": "d1616a84-a06f-4f77-a67c-b12ccc969195",
        "type": "message",
        "text": "is it possible ? preparing concepts - this is one part",
        "user": "ULKS069JN",
        "ts": "1574360151.339800",
        "team": "TC0C1HURK",
        "user_team": "TC0C1HURK",
        "source_team": "TC0C1HURK",
        "user_profile": {
            "avatar_hash": "b1fec10e8c15",
            "image_72": "https:\/\/avatars.slack-edge.com\/2019-11-13\/835478181030_b1fec10e8c15e04269cc_72.png",
            "first_name": "Norbert",
            "real_name": "Norbert Bede",
            "display_name": "Norbert Bede",
            "team": "TC0C1HURK",
            "name": "norbert.bede764",
            "is_restricted": false,
            "is_ultra_restricted": false
        },
        "blocks": [
            {
                "type": "rich_text",
                "block_id": "ZzW",
                "elements": [
                    {
                        "type": "rich_text_section",
                        "elements": [
                            {
                                "type": "text",
                                "text": "is it possible ? preparing concepts - this is one part"
                            }
                        ]
                    }
                ]
            }
        ],
        "thread_ts": "1574358790.338100",
        "parent_user_id": "ULKS069JN"
    },
    {
        "client_msg_id": "502ad38c-5bd1-465f-aba9-bf924c767dd8",
        "type": "message",
        "text": "no high prio however interesting to me",
        "user": "ULKS069JN",
        "ts": "1574360166.340000",
        "team": "TC0C1HURK",
        "user_team": "TC0C1HURK",
        "source_team": "TC0C1HURK",
        "user_profile": {
            "avatar_hash": "b1fec10e8c15",
            "image_72": "https:\/\/avatars.slack-edge.com\/2019-11-13\/835478181030_b1fec10e8c15e04269cc_72.png",
            "first_name": "Norbert",
            "real_name": "Norbert Bede",
            "display_name": "Norbert Bede",
            "team": "TC0C1HURK",
            "name": "norbert.bede764",
            "is_restricted": false,
            "is_ultra_restricted": false
        },
        "blocks": [
            {
                "type": "rich_text",
                "block_id": "DkI",
                "elements": [
                    {
                        "type": "rich_text_section",
                        "elements": [
                            {
                                "type": "text",
                                "text": "no high prio however interesting to me"
                            }
                        ]
                    }
                ]
            }
        ],
        "thread_ts": "1574358790.338100",
        "parent_user_id": "ULKS069JN"
    },
    {
        "client_msg_id": "11cbd4d1-003b-44db-8524-8360e3d58372",
        "type": "message",
        "text": "<@ULKS069JN> Yep. You can load `title` definitions from whatever place you want: <https:\/\/cube.dev\/docs\/schema-execution-environment>",
        "user": "UC19HAUAK",
        "ts": "1574360709.340200",
        "team": "TC0C1HURK",
        "user_team": "TC0C1HURK",
        "source_team": "TC0C1HURK",
        "user_profile": {
            "avatar_hash": "066a042e018c",
            "image_72": "https:\/\/avatars.slack-edge.com\/2019-12-07\/866588520998_066a042e018ca831a195_72.png",
            "first_name": "Pavel",
            "real_name": "Pavel Tiunov",
            "display_name": "pavel",
            "team": "TC0C1HURK",
            "name": "pavel",
            "is_restricted": false,
            "is_ultra_restricted": false
        },
        "edited": {
            "user": "UC19HAUAK",
            "ts": "1574360724.000000"
        },
        "blocks": [
            {
                "type": "rich_text",
                "block_id": "RC2",
                "elements": [
                    {
                        "type": "rich_text_section",
                        "elements": [
                            {
                                "type": "user",
                                "user_id": "ULKS069JN"
                            },
                            {
                                "type": "text",
                                "text": " Yep. You can load `title` definitions from whatever place you want: "
                            },
                            {
                                "type": "link",
                                "url": "https:\/\/cube.dev\/docs\/schema-execution-environment"
                            }
                        ]
                    }
                ]
            }
        ],
        "thread_ts": "1574358790.338100",
        "parent_user_id": "ULKS069JN"
    },
    {
        "client_msg_id": "6835d19c-7451-4329-91da-3203d2086c8d",
        "type": "message",
        "text": "ok thanks. take a look, need how to use it. we talk next week in the company",
        "user": "ULKS069JN",
        "ts": "1574360872.340500",
        "team": "TC0C1HURK",
        "user_team": "TC0C1HURK",
        "source_team": "TC0C1HURK",
        "user_profile": {
            "avatar_hash": "b1fec10e8c15",
            "image_72": "https:\/\/avatars.slack-edge.com\/2019-11-13\/835478181030_b1fec10e8c15e04269cc_72.png",
            "first_name": "Norbert",
            "real_name": "Norbert Bede",
            "display_name": "Norbert Bede",
            "team": "TC0C1HURK",
            "name": "norbert.bede764",
            "is_restricted": false,
            "is_ultra_restricted": false
        },
        "blocks": [
            {
                "type": "rich_text",
                "block_id": "TUAx6",
                "elements": [
                    {
                        "type": "rich_text_section",
                        "elements": [
                            {
                                "type": "text",
                                "text": "ok thanks. take a look, need how to use it. we talk next week in the company"
                            }
                        ]
                    }
                ]
            }
        ],
        "thread_ts": "1574358790.338100",
        "parent_user_id": "ULKS069JN",
        "reactions": [
            {
                "name": "raised_hands",
                "users": [
                    "UC19HAUAK"
                ],
                "count": 1
            }
        ]
    },
    {
        "type": "message",
        "subtype": "channel_join",
        "ts": "1574362044.340900",
        "user": "UQW6NACLX",
        "text": "<@UQW6NACLX> has joined the channel"
    },
    {
        "client_msg_id": "f20ae3ff-56b1-4f9b-aa5a-1980682feea7",
        "type": "message",
        "text": "I'm having trouble when I try to use a measure as a subQuery.\nDoes anyone know how to take the result of a measure and make another aggregation over it (such as an average)?",
        "user": "UQGF0N4FM",
        "ts": "1574374668.342700",
        "team": "TC0C1HURK",
        "user_team": "TC0C1HURK",
        "source_team": "TC0C1HURK",
        "user_profile": {
            "avatar_hash": "gd93d5cb3986",
            "image_72": "https:\/\/secure.gravatar.com\/avatar\/d93d5cb39864821e725b066eab825e6a.jpg?s=72&d=https%3A%2F%2Fa.slack-edge.com%2Fdf10d%2Fimg%2Favatars%2Fava_0014-72.png",
            "first_name": "Vicente",
            "real_name": "Vicente Fuenzalida Marin",
            "display_name": "vicente",
            "team": "TC0C1HURK",
            "name": "vicente",
            "is_restricted": false,
            "is_ultra_restricted": false
        },
        "blocks": [
            {
                "type": "rich_text",
                "block_id": "WfE",
                "elements": [
                    {
                        "type": "rich_text_section",
                        "elements": [
                            {
                                "type": "text",
                                "text": "I'm having trouble when I try to use a measure as a subQuery.\nDoes anyone know how to take the result of a measure and make another aggregation over it (such as an average)?"
                            }
                        ]
                    }
                ]
            }
        ],
        "thread_ts": "1574374668.342700",
        "reply_count": 1,
        "reply_users_count": 1,
        "latest_reply": "1574403674.353400",
        "reply_users": [
            "UNH5WL410"
        ],
        "replies": [
            {
                "user": "UNH5WL410",
                "ts": "1574403674.353400"
            }
        ],
        "subscribed": false
    },
    {
        "client_msg_id": "d8b24ba0-dbf5-48db-a572-c10da3f1f56d",
        "type": "message",
        "text": "Currently I defined a measure called `ticket`, which calculates the value of an order by adding the value of the items purchased (`sql: `${quantity} * ${pricePerUnit}`, type: `sum``). It works correctly by returning a table of the purchases with their amounts, but then I want to calculate an the average of the purchases and I don't know how to do so.\nMy approach was to define a `dimension` called `total`  that simply holds the measure as a subQuery (`sql: `${Purchases.ticket}`, type: `number`, subQuery: true`), and then call the subQuery from a new measure called `averageTicket` , that calculates `avg`  over `total`",
        "user": "UQGF0N4FM",
        "ts": "1574375047.348700",
        "team": "TC0C1HURK",
        "user_team": "TC0C1HURK",
        "source_team": "TC0C1HURK",
        "user_profile": {
            "avatar_hash": "gd93d5cb3986",
            "image_72": "https:\/\/secure.gravatar.com\/avatar\/d93d5cb39864821e725b066eab825e6a.jpg?s=72&d=https%3A%2F%2Fa.slack-edge.com%2Fdf10d%2Fimg%2Favatars%2Fava_0014-72.png",
            "first_name": "Vicente",
            "real_name": "Vicente Fuenzalida Marin",
            "display_name": "vicente",
            "team": "TC0C1HURK",
            "name": "vicente",
            "is_restricted": false,
            "is_ultra_restricted": false
        },
        "blocks": [
            {
                "type": "rich_text",
                "block_id": "rfJ",
                "elements": [
                    {
                        "type": "rich_text_section",
                        "elements": [
                            {
                                "type": "text",
                                "text": "Currently I defined a measure called "
                            },
                            {
                                "type": "text",
                                "text": "ticket",
                                "style": {
                                    "code": true
                                }
                            },
                            {
                                "type": "text",
                                "text": ", which calculates the value of an order by adding the value of the items purchased ("
                            },
                            {
                                "type": "text",
                                "text": "sql: `${quantity} * ${pricePerUnit}`, type: `sum`",
                                "style": {
                                    "code": true
                                }
                            },
                            {
                                "type": "text",
                                "text": "). It works correctly by returning a table of the purchases with their amounts, but then I want to calculate an the average of the purchases and I don't know how to do so.\nMy approach was to define a "
                            },
                            {
                                "type": "text",
                                "text": "dimension",
                                "style": {
                                    "code": true
                                }
                            },
                            {
                                "type": "text",
                                "text": " called "
                            },
                            {
                                "type": "text",
                                "text": "total",
                                "style": {
                                    "code": true
                                }
                            },
                            {
                                "type": "text",
                                "text": "  that simply holds the measure as a subQuery ("
                            },
                            {
                                "type": "text",
                                "text": "sql: `${Purchases.ticket}`, type: `number`, subQuery: true",
                                "style": {
                                    "code": true
                                }
                            },
                            {
                                "type": "text",
                                "text": "), and then call the subQuery from a new measure called "
                            },
                            {
                                "type": "text",
                                "text": "averageTicket",
                                "style": {
                                    "code": true
                                }
                            },
                            {
                                "type": "text",
                                "text": " , that calculates "
                            },
                            {
                                "type": "text",
                                "text": "avg",
                                "style": {
                                    "code": true
                                }
                            },
                            {
                                "type": "text",
                                "text": "  over "
                            },
                            {
                                "type": "text",
                                "text": "total",
                                "style": {
                                    "code": true
                                }
                            }
                        ]
                    }
                ]
            }
        ],
        "thread_ts": "1574375047.348700",
        "reply_count": 23,
        "reply_users_count": 2,
        "latest_reply": "1574877121.455300",
        "reply_users": [
            "UC19HAUAK",
            "UQGF0N4FM"
        ],
        "replies": [
            {
                "user": "UC19HAUAK",
                "ts": "1574376535.351100"
            },
            {
                "user": "UQGF0N4FM",
                "ts": "1574434957.354700"
            },
            {
                "user": "UQGF0N4FM",
                "ts": "1574435314.355100"
            },
            {
                "user": "UC19HAUAK",
                "ts": "1574441471.355300"
            },
            {
                "user": "UQGF0N4FM",
                "ts": "1574454802.359200"
            },
            {
                "user": "UC19HAUAK",
                "ts": "1574455496.365000"
            },
            {
                "user": "UQGF0N4FM",
                "ts": "1574457321.370500"
            },
            {
                "user": "UQGF0N4FM",
                "ts": "1574457600.370700"
            },
            {
                "user": "UQGF0N4FM",
                "ts": "1574457655.371100"
            },
            {
                "user": "UC19HAUAK",
                "ts": "1574457827.373600"
            },
            {
                "user": "UQGF0N4FM",
                "ts": "1574458073.373800"
            },
            {
                "user": "UC19HAUAK",
                "ts": "1574458221.376100"
            },
            {
                "user": "UQGF0N4FM",
                "ts": "1574458462.376300"
            },
            {
                "user": "UQGF0N4FM",
                "ts": "1574458506.376700"
            },
            {
                "user": "UQGF0N4FM",
                "ts": "1574458608.376900"
            },
            {
                "user": "UQGF0N4FM",
                "ts": "1574458738.377300"
            },
            {
                "user": "UQGF0N4FM",
                "ts": "1574458871.377500"
            },
            {
                "user": "UC19HAUAK",
                "ts": "1574463946.377700"
            },
            {
                "user": "UQGF0N4FM",
                "ts": "1574686775.409500"
            },
            {
                "user": "UQGF0N4FM",
                "ts": "1574686844.409700"
            },
            {
                "user": "UQGF0N4FM",
                "ts": "1574686857.409900"
            },
            {
                "user": "UQGF0N4FM",
                "ts": "1574687101.410100"
            },
            {
                "user": "UC19HAUAK",
                "ts": "1574877121.455300"
            }
        ],
        "subscribed": false
    },
    {
        "client_msg_id": "d6b46d6e-d411-4dba-99fd-e94f7dc0d815",
        "type": "message",
        "text": "The problem is that the query builder takes the whole `Purchases`  relation and calculates a `JOIN` with my subQuery (`ticket`), leading to a slow query that doesn't finish at all.",
        "user": "UQGF0N4FM",
        "ts": "1574375146.350000",
        "team": "TC0C1HURK",
        "user_team": "TC0C1HURK",
        "source_team": "TC0C1HURK",
        "user_profile": {
            "avatar_hash": "gd93d5cb3986",
            "image_72": "https:\/\/secure.gravatar.com\/avatar\/d93d5cb39864821e725b066eab825e6a.jpg?s=72&d=https%3A%2F%2Fa.slack-edge.com%2Fdf10d%2Fimg%2Favatars%2Fava_0014-72.png",
            "first_name": "Vicente",
            "real_name": "Vicente Fuenzalida Marin",
            "display_name": "vicente",
            "team": "TC0C1HURK",
            "name": "vicente",
            "is_restricted": false,
            "is_ultra_restricted": false
        },
        "blocks": [
            {
                "type": "rich_text",
                "block_id": "XlD4j",
                "elements": [
                    {
                        "type": "rich_text_section",
                        "elements": [
                            {
                                "type": "text",
                                "text": "The problem is that the query builder takes the whole "
                            },
                            {
                                "type": "text",
                                "text": "Purchases",
                                "style": {
                                    "code": true
                                }
                            },
                            {
                                "type": "text",
                                "text": "  relation and calculates a "
                            },
                            {
                                "type": "text",
                                "text": "JOIN",
                                "style": {
                                    "code": true
                                }
                            },
                            {
                                "type": "text",
                                "text": " with my subQuery ("
                            },
                            {
                                "type": "text",
                                "text": "ticket",
                                "style": {
                                    "code": true
                                }
                            },
                            {
                                "type": "text",
                                "text": "), leading to a slow query that doesn't finish at all."
                            }
                        ]
                    }
                ]
            }
        ]
    },
    {
        "client_msg_id": "300a32b2-10ee-4107-81ac-0223d12d549a",
        "type": "message",
        "text": "I only want that my measure can be used as a subquery, and then aggregated to calculate averages.",
        "user": "UQGF0N4FM",
        "ts": "1574375183.350700",
        "team": "TC0C1HURK",
        "user_team": "TC0C1HURK",
        "source_team": "TC0C1HURK",
        "user_profile": {
            "avatar_hash": "gd93d5cb3986",
            "image_72": "https:\/\/secure.gravatar.com\/avatar\/d93d5cb39864821e725b066eab825e6a.jpg?s=72&d=https%3A%2F%2Fa.slack-edge.com%2Fdf10d%2Fimg%2Favatars%2Fava_0014-72.png",
            "first_name": "Vicente",
            "real_name": "Vicente Fuenzalida Marin",
            "display_name": "vicente",
            "team": "TC0C1HURK",
            "name": "vicente",
            "is_restricted": false,
            "is_ultra_restricted": false
        },
        "blocks": [
            {
                "type": "rich_text",
                "block_id": "d\/B",
                "elements": [
                    {
                        "type": "rich_text_section",
                        "elements": [
                            {
                                "type": "text",
                                "text": "I only want that my measure can be used as a subquery, and then aggregated to calculate averages."
                            }
                        ]
                    }
                ]
            }
        ]
    },
    {
        "client_msg_id": "8224f2e5-553a-4f23-bac8-0953cea67597",
        "type": "message",
        "text": "Any ideas or advices?",
        "user": "UQGF0N4FM",
        "ts": "1574375191.351000",
        "team": "TC0C1HURK",
        "user_team": "TC0C1HURK",
        "source_team": "TC0C1HURK",
        "user_profile": {
            "avatar_hash": "gd93d5cb3986",
            "image_72": "https:\/\/secure.gravatar.com\/avatar\/d93d5cb39864821e725b066eab825e6a.jpg?s=72&d=https%3A%2F%2Fa.slack-edge.com%2Fdf10d%2Fimg%2Favatars%2Fava_0014-72.png",
            "first_name": "Vicente",
            "real_name": "Vicente Fuenzalida Marin",
            "display_name": "vicente",
            "team": "TC0C1HURK",
            "name": "vicente",
            "is_restricted": false,
            "is_ultra_restricted": false
        },
        "blocks": [
            {
                "type": "rich_text",
                "block_id": "M+sf",
                "elements": [
                    {
                        "type": "rich_text_section",
                        "elements": [
                            {
                                "type": "text",
                                "text": "Any ideas or advices?"
                            }
                        ]
                    }
                ]
            }
        ]
    },
    {
        "client_msg_id": "c9fa15a6-7f0a-43e0-b37d-7e5112083af6",
        "type": "message",
        "text": "<@UQGF0N4FM> What's your DB table structure?",
        "user": "UC19HAUAK",
        "ts": "1574376535.351100",
        "team": "TC0C1HURK",
        "user_team": "TC0C1HURK",
        "source_team": "TC0C1HURK",
        "user_profile": {
            "avatar_hash": "066a042e018c",
            "image_72": "https:\/\/avatars.slack-edge.com\/2019-12-07\/866588520998_066a042e018ca831a195_72.png",
            "first_name": "Pavel",
            "real_name": "Pavel Tiunov",
            "display_name": "pavel",
            "team": "TC0C1HURK",
            "name": "pavel",
            "is_restricted": false,
            "is_ultra_restricted": false
        },
        "blocks": [
            {
                "type": "rich_text",
                "block_id": "Jpbs",
                "elements": [
                    {
                        "type": "rich_text_section",
                        "elements": [
                            {
                                "type": "user",
                                "user_id": "UQGF0N4FM"
                            },
                            {
                                "type": "text",
                                "text": " What's your DB table structure?"
                            }
                        ]
                    }
                ]
            }
        ],
        "thread_ts": "1574375047.348700",
        "parent_user_id": "UQGF0N4FM"
    },
    {
        "type": "message",
        "subtype": "channel_join",
        "ts": "1574377375.351400",
        "user": "UQU8M69AQ",
        "text": "<@UQU8M69AQ> has joined the channel"
    },
    {
        "type": "message",
        "subtype": "channel_topic",
        "ts": "1574377638.351600",
        "user": "UC1HAFW4E",
        "text": "<@UC1HAFW4E> set the channel topic: :cube: Cube.js documentation is available at <https:\/\/cube.dev\/docs>",
        "topic": ":cube: Cube.js documentation is available at <https:\/\/cube.dev\/docs>"
    },
    {
        "type": "message",
        "subtype": "channel_join",
        "ts": "1574384997.351800",
        "user": "UQURU00NR",
        "text": "<@UQURU00NR> has joined the channel"
    },
    {
        "type": "message",
        "subtype": "channel_join",
        "ts": "1574387778.352000",
        "user": "UQX3B7ZB8",
        "text": "<@UQX3B7ZB8> has joined the channel"
    },
    {
        "type": "message",
        "subtype": "channel_join",
        "ts": "1574402630.352800",
        "user": "UQUEVA204",
        "text": "<@UQUEVA204> has joined the channel"
    },
    {
        "client_msg_id": "3708021d-489a-49ef-8d25-9b76da4cfe8e",
        "type": "message",
        "text": "<@UC19HAUAK> is this possible only in Multitenancy Setup? Or I think I didn't got the usage method from docs",
        "user": "UNH5WL410",
        "ts": "1574402855.352900",
        "team": "TC0C1HURK",
        "user_team": "TC0C1HURK",
        "source_team": "TC0C1HURK",
        "user_profile": {
            "avatar_hash": "g5924d6e935e",
            "image_72": "https:\/\/secure.gravatar.com\/avatar\/5924d6e935e42363152bb93c0dc4f7ce.jpg?s=72&d=https%3A%2F%2Fa.slack-edge.com%2Fdf10d%2Fimg%2Favatars%2Fava_0016-72.png",
            "first_name": "Rizwan",
            "real_name": "Rizwan Haider",
            "display_name": "Rizwan Haider",
            "team": "TC0C1HURK",
            "name": "rizwan.seing",
            "is_restricted": false,
            "is_ultra_restricted": false
        },
        "edited": {
            "user": "UNH5WL410",
            "ts": "1574403007.000000"
        },
        "blocks": [
            {
                "type": "rich_text",
                "block_id": "5C8",
                "elements": [
                    {
                        "type": "rich_text_section",
                        "elements": [
                            {
                                "type": "user",
                                "user_id": "UC19HAUAK"
                            },
                            {
                                "type": "text",
                                "text": " is this possible only in Multitenancy Setup? Or I think I didn't got the usage method from docs"
                            }
                        ]
                    }
                ]
            }
        ],
        "thread_ts": "1574250520.326200",
        "parent_user_id": "UNH5WL410"
    },
    {
        "client_msg_id": "70d89b7f-bd44-495f-83da-ed68d4292b91",
        "type": "message",
        "text": "I am confused about is 1) how it will trigger it to update. 2) how to use schemaVersion for single datasource app",
        "user": "UNH5WL410",
        "ts": "1574403261.353200",
        "team": "TC0C1HURK",
        "user_team": "TC0C1HURK",
        "source_team": "TC0C1HURK",
        "user_profile": {
            "avatar_hash": "g5924d6e935e",
            "image_72": "https:\/\/secure.gravatar.com\/avatar\/5924d6e935e42363152bb93c0dc4f7ce.jpg?s=72&d=https%3A%2F%2Fa.slack-edge.com%2Fdf10d%2Fimg%2Favatars%2Fava_0016-72.png",
            "first_name": "Rizwan",
            "real_name": "Rizwan Haider",
            "display_name": "Rizwan Haider",
            "team": "TC0C1HURK",
            "name": "rizwan.seing",
            "is_restricted": false,
            "is_ultra_restricted": false
        },
        "blocks": [
            {
                "type": "rich_text",
                "block_id": "uXSQd",
                "elements": [
                    {
                        "type": "rich_text_section",
                        "elements": [
                            {
                                "type": "text",
                                "text": "I am confused about is 1) how it will trigger it to update. 2) how to use schemaVersion for single datasource app"
                            }
                        ]
                    }
                ]
            }
        ],
        "thread_ts": "1574250520.326200",
        "parent_user_id": "UNH5WL410"
    },
    {
        "client_msg_id": "53cebeb8-a2a1-4a5b-99c6-223ab55d39c1",
        "type": "message",
        "text": "<@UQGF0N4FM> you can make another measure from existing measures the documentation below show the usage.\n<https:\/\/cube.dev\/docs\/measures#calculated-measures>",
        "user": "UNH5WL410",
        "ts": "1574403674.353400",
        "team": "TC0C1HURK",
        "user_team": "TC0C1HURK",
        "source_team": "TC0C1HURK",
        "user_profile": {
            "avatar_hash": "g5924d6e935e",
            "image_72": "https:\/\/secure.gravatar.com\/avatar\/5924d6e935e42363152bb93c0dc4f7ce.jpg?s=72&d=https%3A%2F%2Fa.slack-edge.com%2Fdf10d%2Fimg%2Favatars%2Fava_0016-72.png",
            "first_name": "Rizwan",
            "real_name": "Rizwan Haider",
            "display_name": "Rizwan Haider",
            "team": "TC0C1HURK",
            "name": "rizwan.seing",
            "is_restricted": false,
            "is_ultra_restricted": false
        },
        "blocks": [
            {
                "type": "rich_text",
                "block_id": "tw39",
                "elements": [
                    {
                        "type": "rich_text_section",
                        "elements": [
                            {
                                "type": "user",
                                "user_id": "UQGF0N4FM"
                            },
                            {
                                "type": "text",
                                "text": " you can make another measure from existing measures the documentation below show the usage.\n"
                            },
                            {
                                "type": "link",
                                "url": "https:\/\/cube.dev\/docs\/measures#calculated-measures"
                            }
                        ]
                    }
                ]
            }
        ],
        "thread_ts": "1574374668.342700",
        "parent_user_id": "UQGF0N4FM"
    }
]