[
    {
        "type": "message",
        "subtype": "channel_join",
        "ts": "1567583004.036900",
        "user": "UMZGSKQCU",
        "text": "<@UMZGSKQCU> has joined the channel"
    },
    {
        "type": "message",
        "subtype": "channel_join",
        "ts": "1567585211.037100",
        "user": "UN1TLSM55",
        "text": "<@UN1TLSM55> has joined the channel"
    },
    {
        "client_msg_id": "ff9ba250-6062-4f80-bbcf-b42229e3c2a9",
        "type": "message",
        "text": "Really really thank you sooo much...i solve the problem and now its working perfectly....i don't know which thing solve it because i'm applying many things...but the last two things i do...1. define dimensionReferences 2. i was using refresh key..refreshKey: {\n      sql: `SELECT date_trunc('hour', NOW())`\n      }..like this so i chnage it to      sql: `SELECT NOW() and it will start create pre aggregation from scratch...",
        "user": "UM7PN9074",
        "ts": "1567586086.037200",
        "team": "TC0C1HURK",
        "user_team": "TC0C1HURK",
        "source_team": "TC0C1HURK",
        "user_profile": {
            "avatar_hash": "g11599c4f24d",
            "image_72": "https:\/\/secure.gravatar.com\/avatar\/211599c4f24d5ebb1170546549a467d9.jpg?s=72&d=https%3A%2F%2Fa.slack-edge.com%2Fdf10d%2Fimg%2Favatars%2Fava_0008-72.png",
            "first_name": "",
            "real_name": "Sajjad Ali",
            "display_name": "Sajjad Ali",
            "team": "TC0C1HURK",
            "name": "ali",
            "is_restricted": false,
            "is_ultra_restricted": false
        },
        "thread_ts": "1567564034.027800",
        "parent_user_id": "UM7PN9074",
        "reactions": [
            {
                "name": "raised_hands",
                "users": [
                    "UC19HAUAK"
                ],
                "count": 1
            }
        ]
    },
    {
        "type": "message",
        "subtype": "channel_join",
        "ts": "1567586932.037500",
        "user": "UN02WL8TS",
        "text": "<@UN02WL8TS> has joined the channel"
    },
    {
        "client_msg_id": "cc8706c4-5e61-42b4-acfe-153d233eb53e",
        "type": "message",
        "text": "Hi...i'm using external rollup pre aggregation it will create pre aggregation schema on both local server and main server also...The main server is for DB host and the local is for stb_pre_aggregation host so i just want it will create pre aggregation schema on local CUBEJS_EXT_DB_HOST=192.168.10.10\nCUBEJS_EXT_DB_NAME=stb_pre_aggregations\nCUBEJS_EXT_DB_PORT=\nCUBEJS_EXT_DB_USER=\nCUBEJS_EXT_DB_PASS=....on this one...so please anyone can help about that ...thanks",
        "user": "UM7PN9074",
        "ts": "1567590665.040500",
        "team": "TC0C1HURK",
        "user_team": "TC0C1HURK",
        "source_team": "TC0C1HURK",
        "user_profile": {
            "avatar_hash": "g11599c4f24d",
            "image_72": "https:\/\/secure.gravatar.com\/avatar\/211599c4f24d5ebb1170546549a467d9.jpg?s=72&d=https%3A%2F%2Fa.slack-edge.com%2Fdf10d%2Fimg%2Favatars%2Fava_0008-72.png",
            "first_name": "",
            "real_name": "Sajjad Ali",
            "display_name": "Sajjad Ali",
            "team": "TC0C1HURK",
            "name": "ali",
            "is_restricted": false,
            "is_ultra_restricted": false
        },
        "edited": {
            "user": "UM7PN9074",
            "ts": "1567649216.000000"
        }
    },
    {
        "type": "message",
        "subtype": "channel_join",
        "ts": "1567608843.041000",
        "user": "UN2BM4F4P",
        "text": "<@UN2BM4F4P> has joined the channel"
    },
    {
        "client_msg_id": "b397bd15-36ab-44b7-ba23-cf63efc96231",
        "type": "message",
        "text": "Great to hear that!",
        "user": "UC19HAUAK",
        "ts": "1567616504.041300",
        "team": "TC0C1HURK",
        "user_team": "TC0C1HURK",
        "source_team": "TC0C1HURK",
        "user_profile": {
            "avatar_hash": "066a042e018c",
            "image_72": "https:\/\/avatars.slack-edge.com\/2019-12-07\/866588520998_066a042e018ca831a195_72.png",
            "first_name": "Pavel",
            "real_name": "Pavel Tiunov",
            "display_name": "pavel",
            "team": "TC0C1HURK",
            "name": "pavel",
            "is_restricted": false,
            "is_ultra_restricted": false
        },
        "thread_ts": "1567564034.027800",
        "parent_user_id": "UM7PN9074"
    },
    {
        "type": "message",
        "subtype": "channel_join",
        "ts": "1567655031.000300",
        "user": "UN3H8C2CE",
        "text": "<@UN3H8C2CE> has joined the channel"
    },
    {
        "client_msg_id": "6a6e10c5-8b9f-4dc2-ae83-6ff2d35dfaaf",
        "type": "message",
        "text": "\/ bin \/ sh: hostname: command not found on Lambda. Serverless deployment is happening fine. However When I hit the URL... On Screen I get \"Cannot GET \/\" and in log i get bin sh hostname: command not found",
        "user": "UMEBJ3NV6",
        "ts": "1567663495.000400",
        "team": "TC0C1HURK",
        "user_team": "TC0C1HURK",
        "source_team": "TC0C1HURK",
        "user_profile": {
            "avatar_hash": "g720873e9d68",
            "image_72": "https:\/\/secure.gravatar.com\/avatar\/a720873e9d683968a424422bfbdfce78.jpg?s=72&d=https%3A%2F%2Fa.slack-edge.com%2Fdf10d%2Fimg%2Favatars%2Fava_0009-72.png",
            "first_name": "",
            "real_name": "Bhavin Shah",
            "display_name": "Bhavin Shah",
            "team": "TC0C1HURK",
            "name": "bhavin.ahmedabad",
            "is_restricted": false,
            "is_ultra_restricted": false
        },
        "thread_ts": "1567663495.000400",
        "reply_count": 6,
        "reply_users_count": 3,
        "latest_reply": "1570814945.010000",
        "reply_users": [
            "UC19HAUAK",
            "UMEBJ3NV6",
            "UKYTM0KR7"
        ],
        "replies": [
            {
                "user": "UC19HAUAK",
                "ts": "1567699605.003400"
            },
            {
                "user": "UMEBJ3NV6",
                "ts": "1567740678.005500"
            },
            {
                "user": "UMEBJ3NV6",
                "ts": "1567740696.005700"
            },
            {
                "user": "UKYTM0KR7",
                "ts": "1570801183.009200"
            },
            {
                "user": "UC19HAUAK",
                "ts": "1570811948.009800"
            },
            {
                "user": "UKYTM0KR7",
                "ts": "1570814945.010000"
            }
        ],
        "subscribed": false
    }
]