[
    {
        "client_msg_id": "af789e55-8c71-4aec-b27f-7d4408bbf7a3",
        "type": "message",
        "text": "<@UHTBRSSHF> I see. What DB do you use? Most of DBs has filter push down optimizations but some like MySQL mostly aren't. You can use `FILTER_PARAMS` to augment those: <https:\/\/cube.dev\/docs\/cube#context-variables-filter-params>",
        "user": "UC19HAUAK",
        "ts": "1556625068.025000",
        "team": "TC0C1HURK",
        "user_team": "TC0C1HURK",
        "source_team": "TC0C1HURK",
        "user_profile": {
            "avatar_hash": "066a042e018c",
            "image_72": "https:\/\/avatars.slack-edge.com\/2019-12-07\/866588520998_066a042e018ca831a195_72.png",
            "first_name": "Pavel",
            "real_name": "Pavel Tiunov",
            "display_name": "pavel",
            "team": "TC0C1HURK",
            "name": "pavel",
            "is_restricted": false,
            "is_ultra_restricted": false
        },
        "attachments": [
            {
                "title": "Cubes | Cube.js Docs",
                "title_link": "https:\/\/cube.dev\/docs\/cube#context-variables-filter-params",
                "text": "Cubes",
                "fallback": "Cubes | Cube.js Docs",
                "from_url": "https:\/\/cube.dev\/docs\/cube#context-variables-filter-params",
                "service_icon": "https:\/\/cube.dev\/docs\/icons-c79b6ee44cd5a2d74a48cb83170cce6f\/apple-touch-icon-57x57.png",
                "service_name": "docs",
                "id": 1,
                "original_url": "https:\/\/cube.dev\/docs\/cube#context-variables-filter-params"
            }
        ],
        "thread_ts": "1556315962.019000",
        "parent_user_id": "UHTBRSSHF"
    },
    {
        "client_msg_id": "b8b55433-149f-45e8-83a4-d2456d28c14d",
        "type": "message",
        "text": "I am new to Cube.js, what is the relationship of statsbot and cubejs, do I need both the projects to get started? My use case is provide real time analytics on streaming data and I am thinking of using Apache Druid.",
        "user": "UJ9QV8CQ5",
        "ts": "1556637654.028000",
        "team": "TC0C1HURK",
        "user_team": "TC0C1HURK",
        "source_team": "TC0C1HURK",
        "user_profile": {
            "avatar_hash": "g488898396e7",
            "image_72": "https:\/\/secure.gravatar.com\/avatar\/9488898396e7ad18fe54fa8b11b89269.jpg?s=72&d=https%3A%2F%2Fa.slack-edge.com%2Fdf10d%2Fimg%2Favatars%2Fava_0025-72.png",
            "first_name": "",
            "real_name": "Rajesh Jain",
            "display_name": "Rajesh Jain",
            "team": "TC0C1HURK",
            "name": "rjain15",
            "is_restricted": false,
            "is_ultra_restricted": false
        },
        "thread_ts": "1556637654.028000",
        "reply_count": 4,
        "reply_users_count": 2,
        "latest_reply": "1556638753.028800",
        "reply_users": [
            "UC19HAUAK",
            "UJ9QV8CQ5"
        ],
        "replies": [
            {
                "user": "UC19HAUAK",
                "ts": "1556638553.028200"
            },
            {
                "user": "UC19HAUAK",
                "ts": "1556638604.028400"
            },
            {
                "user": "UJ9QV8CQ5",
                "ts": "1556638629.028600"
            },
            {
                "user": "UC19HAUAK",
                "ts": "1556638753.028800"
            }
        ],
        "subscribed": false
    },
    {
        "client_msg_id": "21b10ff0-cab5-45dd-8769-ee2e4ddc9fe6",
        "type": "message",
        "text": "Hey <@UJ9QV8CQ5>! So cube.js is an open source core of Statsbot product. You actually don't need Statsbot in order to get started.",
        "user": "UC19HAUAK",
        "ts": "1556638553.028200",
        "team": "TC0C1HURK",
        "user_team": "TC0C1HURK",
        "source_team": "TC0C1HURK",
        "user_profile": {
            "avatar_hash": "066a042e018c",
            "image_72": "https:\/\/avatars.slack-edge.com\/2019-12-07\/866588520998_066a042e018ca831a195_72.png",
            "first_name": "Pavel",
            "real_name": "Pavel Tiunov",
            "display_name": "pavel",
            "team": "TC0C1HURK",
            "name": "pavel",
            "is_restricted": false,
            "is_ultra_restricted": false
        },
        "thread_ts": "1556637654.028000",
        "parent_user_id": "UJ9QV8CQ5"
    },
    {
        "client_msg_id": "007e2a0e-76a1-4c9f-99ac-b5c09cf758b8",
        "type": "message",
        "text": "<@UJ9QV8CQ5> There's no Druid support then but we already had some requests for it. It would be great if you have time and you can spearhead Druid driver development.",
        "user": "UC19HAUAK",
        "ts": "1556638604.028400",
        "team": "TC0C1HURK",
        "user_team": "TC0C1HURK",
        "source_team": "TC0C1HURK",
        "user_profile": {
            "avatar_hash": "066a042e018c",
            "image_72": "https:\/\/avatars.slack-edge.com\/2019-12-07\/866588520998_066a042e018ca831a195_72.png",
            "first_name": "Pavel",
            "real_name": "Pavel Tiunov",
            "display_name": "pavel",
            "team": "TC0C1HURK",
            "name": "pavel",
            "is_restricted": false,
            "is_ultra_restricted": false
        },
        "thread_ts": "1556637654.028000",
        "parent_user_id": "UJ9QV8CQ5"
    },
    {
        "client_msg_id": "58c5d874-8fa5-4c93-9085-2a58919d6d2e",
        "type": "message",
        "text": "ok, let me look into it. Do you have some other examples of drivers which I can model after.",
        "user": "UJ9QV8CQ5",
        "ts": "1556638629.028600",
        "team": "TC0C1HURK",
        "user_team": "TC0C1HURK",
        "source_team": "TC0C1HURK",
        "user_profile": {
            "avatar_hash": "g488898396e7",
            "image_72": "https:\/\/secure.gravatar.com\/avatar\/9488898396e7ad18fe54fa8b11b89269.jpg?s=72&d=https%3A%2F%2Fa.slack-edge.com%2Fdf10d%2Fimg%2Favatars%2Fava_0025-72.png",
            "first_name": "",
            "real_name": "Rajesh Jain",
            "display_name": "Rajesh Jain",
            "team": "TC0C1HURK",
            "name": "rjain15",
            "is_restricted": false,
            "is_ultra_restricted": false
        },
        "thread_ts": "1556637654.028000",
        "parent_user_id": "UJ9QV8CQ5"
    },
    {
        "client_msg_id": "c6092ddc-91f6-45c6-b5ea-33b1034cdd25",
        "type": "message",
        "text": "<@UJ9QV8CQ5> We do have driver implementation guideline: <https:\/\/github.com\/statsbotco\/cube.js\/blob\/master\/CONTRIBUTING.md#implementing-driver>",
        "user": "UC19HAUAK",
        "ts": "1556638753.028800",
        "team": "TC0C1HURK",
        "user_team": "TC0C1HURK",
        "source_team": "TC0C1HURK",
        "user_profile": {
            "avatar_hash": "066a042e018c",
            "image_72": "https:\/\/avatars.slack-edge.com\/2019-12-07\/866588520998_066a042e018ca831a195_72.png",
            "first_name": "Pavel",
            "real_name": "Pavel Tiunov",
            "display_name": "pavel",
            "team": "TC0C1HURK",
            "name": "pavel",
            "is_restricted": false,
            "is_ultra_restricted": false
        },
        "attachments": [
            {
                "service_name": "GitHub",
                "title": "statsbotco\/cube.js",
                "title_link": "https:\/\/github.com\/statsbotco\/cube.js\/blob\/master\/CONTRIBUTING.md#implementing-driver",
                "text": ":bar_chart: Cube.js - Open Source Analytics Framework. Contribute to statsbotco\/cube.js development by creating an account on GitHub.",
                "fallback": "GitHub: statsbotco\/cube.js",
                "thumb_url": "https:\/\/avatars3.githubusercontent.com\/u\/23642077?s=400&v=4",
                "from_url": "https:\/\/github.com\/statsbotco\/cube.js\/blob\/master\/CONTRIBUTING.md#implementing-driver",
                "thumb_width": 400,
                "thumb_height": 400,
                "service_icon": "https:\/\/a.slack-edge.com\/bfaba\/img\/unfurl_icons\/github.png",
                "id": 1,
                "original_url": "https:\/\/github.com\/statsbotco\/cube.js\/blob\/master\/CONTRIBUTING.md#implementing-driver"
            }
        ],
        "thread_ts": "1556637654.028000",
        "parent_user_id": "UJ9QV8CQ5"
    },
    {
        "client_msg_id": "1cf60c17-016e-4773-92a3-d425506fc2e2",
        "type": "message",
        "text": "Thanks Artyom! Hope this helps a ton of people",
        "user": "UHTBRSSHF",
        "ts": "1556638861.029100",
        "team": "TC0C1HURK",
        "user_team": "TC0C1HURK",
        "source_team": "TC0C1HURK",
        "user_profile": {
            "avatar_hash": "gf90f462755e",
            "image_72": "https:\/\/secure.gravatar.com\/avatar\/af90f462755eaf8aa43a3ae83ed8d4a2.jpg?s=72&d=https%3A%2F%2Fa.slack-edge.com%2Fdf10d%2Fimg%2Favatars%2Fava_0018-72.png",
            "first_name": "",
            "real_name": "Albert Kim",
            "display_name": "Albert Kim",
            "team": "TC0C1HURK",
            "name": "albertk",
            "is_restricted": false,
            "is_ultra_restricted": false
        },
        "thread_ts": "1556585794.023600",
        "parent_user_id": "UHTBRSSHF"
    },
    {
        "client_msg_id": "f7f676b7-d462-43d0-9b04-88b15cf33a56",
        "type": "message",
        "text": "I notice a `chartPivot` in the resultSet documentation, but not `tablePivot`, which I have seen used in the provided query builder. Is there a reason it's not documented? Is it safe to use?",
        "user": "UHTBRSSHF",
        "ts": "1556673578.030200",
        "team": "TC0C1HURK",
        "user_team": "TC0C1HURK",
        "source_team": "TC0C1HURK",
        "user_profile": {
            "avatar_hash": "gf90f462755e",
            "image_72": "https:\/\/secure.gravatar.com\/avatar\/af90f462755eaf8aa43a3ae83ed8d4a2.jpg?s=72&d=https%3A%2F%2Fa.slack-edge.com%2Fdf10d%2Fimg%2Favatars%2Fava_0018-72.png",
            "first_name": "",
            "real_name": "Albert Kim",
            "display_name": "Albert Kim",
            "team": "TC0C1HURK",
            "name": "albertk",
            "is_restricted": false,
            "is_ultra_restricted": false
        },
        "thread_ts": "1556673578.030200",
        "reply_count": 12,
        "reply_users_count": 4,
        "latest_reply": "1557831106.142400",
        "reply_users": [
            "UHTBRSSHF",
            "UC19HAUAK",
            "UJA6FGGMD",
            "UJM2VEWNR"
        ],
        "replies": [
            {
                "user": "UHTBRSSHF",
                "ts": "1556673736.030300"
            },
            {
                "user": "UC19HAUAK",
                "ts": "1556693278.030900"
            },
            {
                "user": "UHTBRSSHF",
                "ts": "1556725513.031500"
            },
            {
                "user": "UC19HAUAK",
                "ts": "1556738554.034400"
            },
            {
                "user": "UHTBRSSHF",
                "ts": "1556738595.034600"
            },
            {
                "user": "UHTBRSSHF",
                "ts": "1556738639.034900"
            },
            {
                "user": "UC19HAUAK",
                "ts": "1556738869.035500"
            },
            {
                "user": "UJA6FGGMD",
                "ts": "1557682249.115900"
            },
            {
                "user": "UJA6FGGMD",
                "ts": "1557682281.116100"
            },
            {
                "user": "UC19HAUAK",
                "ts": "1557695239.121000"
            },
            {
                "user": "UC19HAUAK",
                "ts": "1557768247.129500"
            },
            {
                "user": "UJM2VEWNR",
                "ts": "1557831106.142400"
            }
        ],
        "subscribed": false
    },
    {
        "type": "message",
        "text": "Asking because I want to be able to show multiple columns at once, but this function seems to split each column data point into their own rows. Results in issues like this:",
        "files": [
            {
                "id": "FJB4CPBTJ",
                "created": 1556673733,
                "timestamp": 1556673733,
                "name": "image.png",
                "title": "Pasted image at 2019-04-30, 6:22 PM",
                "mimetype": "image\/png",
                "filetype": "png",
                "pretty_type": "PNG",
                "user": "UHTBRSSHF",
                "editable": false,
                "size": 41832,
                "mode": "hosted",
                "is_external": false,
                "external_type": "",
                "is_public": true,
                "public_url_shared": false,
                "display_as_bot": false,
                "username": "",
                "url_private": "https:\/\/files.slack.com\/files-pri\/TC0C1HURK-FJB4CPBTJ\/image.png?t=xoxe-408409606869-1267807410853-1293019902560-8c9dc5fc58d3a65e0fe0837e69de048d",
                "url_private_download": "https:\/\/files.slack.com\/files-pri\/TC0C1HURK-FJB4CPBTJ\/download\/image.png?t=xoxe-408409606869-1267807410853-1293019902560-8c9dc5fc58d3a65e0fe0837e69de048d",
                "thumb_64": "https:\/\/files.slack.com\/files-tmb\/TC0C1HURK-FJB4CPBTJ-4642736a9b\/image_64.png?t=xoxe-408409606869-1267807410853-1293019902560-8c9dc5fc58d3a65e0fe0837e69de048d",
                "thumb_80": "https:\/\/files.slack.com\/files-tmb\/TC0C1HURK-FJB4CPBTJ-4642736a9b\/image_80.png?t=xoxe-408409606869-1267807410853-1293019902560-8c9dc5fc58d3a65e0fe0837e69de048d",
                "thumb_360": "https:\/\/files.slack.com\/files-tmb\/TC0C1HURK-FJB4CPBTJ-4642736a9b\/image_360.png?t=xoxe-408409606869-1267807410853-1293019902560-8c9dc5fc58d3a65e0fe0837e69de048d",
                "thumb_360_w": 360,
                "thumb_360_h": 272,
                "thumb_480": "https:\/\/files.slack.com\/files-tmb\/TC0C1HURK-FJB4CPBTJ-4642736a9b\/image_480.png?t=xoxe-408409606869-1267807410853-1293019902560-8c9dc5fc58d3a65e0fe0837e69de048d",
                "thumb_480_w": 480,
                "thumb_480_h": 362,
                "thumb_160": "https:\/\/files.slack.com\/files-tmb\/TC0C1HURK-FJB4CPBTJ-4642736a9b\/image_160.png?t=xoxe-408409606869-1267807410853-1293019902560-8c9dc5fc58d3a65e0fe0837e69de048d",
                "thumb_720": "https:\/\/files.slack.com\/files-tmb\/TC0C1HURK-FJB4CPBTJ-4642736a9b\/image_720.png?t=xoxe-408409606869-1267807410853-1293019902560-8c9dc5fc58d3a65e0fe0837e69de048d",
                "thumb_720_w": 720,
                "thumb_720_h": 543,
                "image_exif_rotation": 1,
                "original_w": 779,
                "original_h": 588,
                "permalink": "https:\/\/cube-js.slack.com\/files\/UHTBRSSHF\/FJB4CPBTJ\/image.png",
                "permalink_public": "https:\/\/slack-files.com\/TC0C1HURK-FJB4CPBTJ-27f681ab2f",
                "is_starred": false,
                "has_rich_preview": false
            }
        ],
        "upload": true,
        "user": "UHTBRSSHF",
        "display_as_bot": false,
        "ts": "1556673736.030300",
        "client_msg_id": "dc8ff273-db68-4881-9f29-f63c43beedc5",
        "thread_ts": "1556673578.030200",
        "parent_user_id": "UHTBRSSHF"
    },
    {
        "client_msg_id": "63f8b9df-6092-4f32-a415-022cf9ccd603",
        "type": "message",
        "text": "Hmm, interesting. I use MySQL 5.6. I know I'm asking tons of things on here, haha, but I do want others using this framework to have answers to my qs. I think Cube's going to be big, and hopefully bring business to Statsbot",
        "user": "UJA6FGGMD",
        "ts": "1556684519.030700",
        "team": "TC0C1HURK",
        "user_team": "TC0C1HURK",
        "source_team": "TC0C1HURK",
        "user_profile": {
            "avatar_hash": "gb98721e6abd",
            "image_72": "https:\/\/secure.gravatar.com\/avatar\/8b98721e6abd1c4f6d48eb6be49ae246.jpg?s=72&d=https%3A%2F%2Fa.slack-edge.com%2Fdf10d%2Fimg%2Favatars%2Fava_0018-72.png",
            "first_name": "",
            "real_name": "Albert Kim",
            "display_name": "Albert Kim",
            "team": "TC0C1HURK",
            "name": "albert275",
            "is_restricted": false,
            "is_ultra_restricted": false
        },
        "thread_ts": "1556315962.019000",
        "parent_user_id": "UHTBRSSHF"
    },
    {
        "client_msg_id": "7ca33a51-12ee-4be6-aa6b-aaf5c6e0a702",
        "type": "message",
        "text": "Hey <@UHTBRSSHF>! Yep. It's part of public API and it's safe to use. Will document it soon. This one issue was fixed in 0.7.10.",
        "user": "UC19HAUAK",
        "ts": "1556693278.030900",
        "team": "TC0C1HURK",
        "user_team": "TC0C1HURK",
        "source_team": "TC0C1HURK",
        "user_profile": {
            "avatar_hash": "066a042e018c",
            "image_72": "https:\/\/avatars.slack-edge.com\/2019-12-07\/866588520998_066a042e018ca831a195_72.png",
            "first_name": "Pavel",
            "real_name": "Pavel Tiunov",
            "display_name": "pavel",
            "team": "TC0C1HURK",
            "name": "pavel",
            "is_restricted": false,
            "is_ultra_restricted": false
        },
        "thread_ts": "1556673578.030200",
        "parent_user_id": "UHTBRSSHF"
    },
    {
        "client_msg_id": "bce9d83e-ccbb-4eae-806a-f684c915c512",
        "type": "message",
        "text": "<@UHTBRSSHF> no worries at all! We're here to help and aimed for every single cube.js user succes. So please don't hesitate to ask those questions. It really brings in front issues people struggling with. So please try using `FILTER_PARAMS` together with sub queries. MySQL 5.6 is the most popular example which doesn't have these filter pushdown optimizations unfortunately.",
        "user": "UC19HAUAK",
        "ts": "1556693577.031100",
        "team": "TC0C1HURK",
        "user_team": "TC0C1HURK",
        "source_team": "TC0C1HURK",
        "user_profile": {
            "avatar_hash": "066a042e018c",
            "image_72": "https:\/\/avatars.slack-edge.com\/2019-12-07\/866588520998_066a042e018ca831a195_72.png",
            "first_name": "Pavel",
            "real_name": "Pavel Tiunov",
            "display_name": "pavel",
            "team": "TC0C1HURK",
            "name": "pavel",
            "is_restricted": false,
            "is_ultra_restricted": false
        },
        "thread_ts": "1556315962.019000",
        "parent_user_id": "UHTBRSSHF"
    }
]