[
    {
        "type": "message",
        "subtype": "channel_join",
        "ts": "1574773350.429900",
        "user": "UQZL3B3M3",
        "text": "<@UQZL3B3M3> has joined the channel"
    },
    {
        "type": "message",
        "subtype": "channel_join",
        "ts": "1574788256.430100",
        "user": "UR1U1PDE3",
        "text": "<@UR1U1PDE3> has joined the channel"
    },
    {
        "client_msg_id": "eae9a80f-b87b-4516-92b7-46c728679005",
        "type": "message",
        "text": "<@UQXLY5PG8> <https:\/\/github.com\/cube-js\/cube.js#examples>",
        "user": "UC19HAUAK",
        "ts": "1574790487.430300",
        "team": "TC0C1HURK",
        "user_team": "TC0C1HURK",
        "source_team": "TC0C1HURK",
        "user_profile": {
            "avatar_hash": "066a042e018c",
            "image_72": "https:\/\/avatars.slack-edge.com\/2019-12-07\/866588520998_066a042e018ca831a195_72.png",
            "first_name": "Pavel",
            "real_name": "Pavel Tiunov",
            "display_name": "pavel",
            "team": "TC0C1HURK",
            "name": "pavel",
            "is_restricted": false,
            "is_ultra_restricted": false
        },
        "attachments": [
            {
                "service_name": "GitHub",
                "title": "cube-js\/cube.js",
                "title_link": "https:\/\/github.com\/cube-js\/cube.js#examples",
                "text": ":bar_chart: Cube.js - Open Source Analytics Framework. Contribute to cube-js\/cube.js development by creating an account on GitHub.",
                "fallback": "GitHub: cube-js\/cube.js",
                "thumb_url": "https:\/\/avatars0.githubusercontent.com\/u\/52467369?s=400&v=4",
                "from_url": "https:\/\/github.com\/cube-js\/cube.js#examples",
                "thumb_width": 400,
                "thumb_height": 400,
                "service_icon": "https:\/\/a.slack-edge.com\/80588\/img\/unfurl_icons\/github.png",
                "id": 1,
                "original_url": "https:\/\/github.com\/cube-js\/cube.js#examples"
            }
        ],
        "blocks": [
            {
                "type": "rich_text",
                "block_id": "StI",
                "elements": [
                    {
                        "type": "rich_text_section",
                        "elements": [
                            {
                                "type": "user",
                                "user_id": "UQXLY5PG8"
                            },
                            {
                                "type": "text",
                                "text": " "
                            },
                            {
                                "type": "link",
                                "url": "https:\/\/github.com\/cube-js\/cube.js#examples"
                            }
                        ]
                    }
                ]
            }
        ],
        "thread_ts": "1574673038.408900",
        "parent_user_id": "UQXLY5PG8"
    },
    {
        "client_msg_id": "37e996b0-30f6-4c34-8eae-187abe156bfb",
        "type": "message",
        "text": "<@UQXLY5PG8> <https:\/\/cube.dev\/docs\/dashboard-app#customization-guides>",
        "user": "UC19HAUAK",
        "ts": "1574790534.430600",
        "team": "TC0C1HURK",
        "user_team": "TC0C1HURK",
        "source_team": "TC0C1HURK",
        "user_profile": {
            "avatar_hash": "066a042e018c",
            "image_72": "https:\/\/avatars.slack-edge.com\/2019-12-07\/866588520998_066a042e018ca831a195_72.png",
            "first_name": "Pavel",
            "real_name": "Pavel Tiunov",
            "display_name": "pavel",
            "team": "TC0C1HURK",
            "name": "pavel",
            "is_restricted": false,
            "is_ultra_restricted": false
        },
        "blocks": [
            {
                "type": "rich_text",
                "block_id": "pdZ",
                "elements": [
                    {
                        "type": "rich_text_section",
                        "elements": [
                            {
                                "type": "user",
                                "user_id": "UQXLY5PG8"
                            },
                            {
                                "type": "text",
                                "text": " "
                            },
                            {
                                "type": "link",
                                "url": "https:\/\/cube.dev\/docs\/dashboard-app#customization-guides"
                            }
                        ]
                    }
                ]
            }
        ],
        "thread_ts": "1574673038.408900",
        "parent_user_id": "UQXLY5PG8"
    },
    {
        "client_msg_id": "881e8064-dfe2-43ae-a2ca-21383548c324",
        "type": "message",
        "text": "What’s the best way to specify which Athena database to use, either preferably in configuration or in the SQL query for a CubeJS schema?",
        "user": "UQHJXP9D0",
        "ts": "1574793116.431700",
        "team": "TC0C1HURK",
        "user_team": "TC0C1HURK",
        "source_team": "TC0C1HURK",
        "user_profile": {
            "avatar_hash": "g170fdf63963",
            "image_72": "https:\/\/secure.gravatar.com\/avatar\/170fdf63963c811262a9add882baf9f3.jpg?s=72&d=https%3A%2F%2Fa.slack-edge.com%2Fdf10d%2Fimg%2Favatars%2Fava_0018-72.png",
            "first_name": "",
            "real_name": "David Vins",
            "display_name": "David Vins",
            "team": "TC0C1HURK",
            "name": "david.vins",
            "is_restricted": false,
            "is_ultra_restricted": false
        },
        "blocks": [
            {
                "type": "rich_text",
                "block_id": "eBXW",
                "elements": [
                    {
                        "type": "rich_text_section",
                        "elements": [
                            {
                                "type": "text",
                                "text": "What’s the best way to specify which Athena database to use, either preferably in configuration or in the SQL query for a CubeJS schema?"
                            }
                        ]
                    }
                ]
            }
        ],
        "thread_ts": "1574793116.431700",
        "reply_count": 12,
        "reply_users_count": 2,
        "latest_reply": "1574798580.439200",
        "reply_users": [
            "UC19HAUAK",
            "UQHJXP9D0"
        ],
        "replies": [
            {
                "user": "UC19HAUAK",
                "ts": "1574793194.431900"
            },
            {
                "user": "UQHJXP9D0",
                "ts": "1574793265.432100"
            },
            {
                "user": "UQHJXP9D0",
                "ts": "1574793297.432300"
            },
            {
                "user": "UC19HAUAK",
                "ts": "1574793390.432500"
            },
            {
                "user": "UQHJXP9D0",
                "ts": "1574793462.432800"
            },
            {
                "user": "UC19HAUAK",
                "ts": "1574794076.434300"
            },
            {
                "user": "UQHJXP9D0",
                "ts": "1574794195.434500"
            },
            {
                "user": "UC19HAUAK",
                "ts": "1574794702.435700"
            },
            {
                "user": "UC19HAUAK",
                "ts": "1574794965.435900"
            },
            {
                "user": "UQHJXP9D0",
                "ts": "1574795878.437100"
            },
            {
                "user": "UQHJXP9D0",
                "ts": "1574795926.437500"
            },
            {
                "user": "UC19HAUAK",
                "ts": "1574798580.439200"
            }
        ],
        "subscribed": false
    },
    {
        "client_msg_id": "147d18ff-45a0-4d76-b414-f5bb0979b858",
        "type": "message",
        "text": "Hey <@UQHJXP9D0>! Do you have multiple databases one for each tenant\/user or multiple databases that should be used by one user?",
        "user": "UC19HAUAK",
        "ts": "1574793194.431900",
        "team": "TC0C1HURK",
        "user_team": "TC0C1HURK",
        "source_team": "TC0C1HURK",
        "user_profile": {
            "avatar_hash": "066a042e018c",
            "image_72": "https:\/\/avatars.slack-edge.com\/2019-12-07\/866588520998_066a042e018ca831a195_72.png",
            "first_name": "Pavel",
            "real_name": "Pavel Tiunov",
            "display_name": "pavel",
            "team": "TC0C1HURK",
            "name": "pavel",
            "is_restricted": false,
            "is_ultra_restricted": false
        },
        "blocks": [
            {
                "type": "rich_text",
                "block_id": "Khy",
                "elements": [
                    {
                        "type": "rich_text_section",
                        "elements": [
                            {
                                "type": "text",
                                "text": "Hey "
                            },
                            {
                                "type": "user",
                                "user_id": "UQHJXP9D0"
                            },
                            {
                                "type": "text",
                                "text": "! Do you have multiple databases one for each tenant\/user or multiple databases that should be used by one user?"
                            }
                        ]
                    }
                ]
            }
        ],
        "thread_ts": "1574793116.431700",
        "parent_user_id": "UQHJXP9D0"
    },
    {
        "client_msg_id": "801cf1d1-f10d-498c-8559-2aa61f14b0f7",
        "type": "message",
        "text": "Right now we actually have multiple databases in same AWS region, the database itself is deployment specific.",
        "user": "UQHJXP9D0",
        "ts": "1574793265.432100",
        "team": "TC0C1HURK",
        "user_team": "TC0C1HURK",
        "source_team": "TC0C1HURK",
        "user_profile": {
            "avatar_hash": "g170fdf63963",
            "image_72": "https:\/\/secure.gravatar.com\/avatar\/170fdf63963c811262a9add882baf9f3.jpg?s=72&d=https%3A%2F%2Fa.slack-edge.com%2Fdf10d%2Fimg%2Favatars%2Fava_0018-72.png",
            "first_name": "",
            "real_name": "David Vins",
            "display_name": "David Vins",
            "team": "TC0C1HURK",
            "name": "david.vins",
            "is_restricted": false,
            "is_ultra_restricted": false
        },
        "blocks": [
            {
                "type": "rich_text",
                "block_id": "jiy6",
                "elements": [
                    {
                        "type": "rich_text_section",
                        "elements": [
                            {
                                "type": "text",
                                "text": "Right now we actually have multiple databases in same AWS region, the database itself is deployment specific."
                            }
                        ]
                    }
                ]
            }
        ],
        "thread_ts": "1574793116.431700",
        "parent_user_id": "UQHJXP9D0"
    },
    {
        "client_msg_id": "963dd2c6-ab94-4273-941f-cd5d0384ff71",
        "type": "message",
        "text": "Not multitenant in sense we need to use queryTransformer yet. But do need to specifiy which db to work against.",
        "user": "UQHJXP9D0",
        "ts": "1574793297.432300",
        "team": "TC0C1HURK",
        "user_team": "TC0C1HURK",
        "source_team": "TC0C1HURK",
        "user_profile": {
            "avatar_hash": "g170fdf63963",
            "image_72": "https:\/\/secure.gravatar.com\/avatar\/170fdf63963c811262a9add882baf9f3.jpg?s=72&d=https%3A%2F%2Fa.slack-edge.com%2Fdf10d%2Fimg%2Favatars%2Fava_0018-72.png",
            "first_name": "",
            "real_name": "David Vins",
            "display_name": "David Vins",
            "team": "TC0C1HURK",
            "name": "david.vins",
            "is_restricted": false,
            "is_ultra_restricted": false
        },
        "blocks": [
            {
                "type": "rich_text",
                "block_id": "RQ7Lc",
                "elements": [
                    {
                        "type": "rich_text_section",
                        "elements": [
                            {
                                "type": "text",
                                "text": "Not multitenant in sense we need to use queryTransformer yet. But do need to specifiy which db to work against."
                            }
                        ]
                    }
                ]
            }
        ],
        "thread_ts": "1574793116.431700",
        "parent_user_id": "UQHJXP9D0"
    },
    {
        "client_msg_id": "415dfb99-dc87-4d55-9902-1b9d403c7139",
        "type": "message",
        "text": "<@UQHJXP9D0> You can use `dataSource` param then: <https:\/\/cube.dev\/docs\/cube#parameters-data-source>",
        "user": "UC19HAUAK",
        "ts": "1574793390.432500",
        "team": "TC0C1HURK",
        "user_team": "TC0C1HURK",
        "source_team": "TC0C1HURK",
        "user_profile": {
            "avatar_hash": "066a042e018c",
            "image_72": "https:\/\/avatars.slack-edge.com\/2019-12-07\/866588520998_066a042e018ca831a195_72.png",
            "first_name": "Pavel",
            "real_name": "Pavel Tiunov",
            "display_name": "pavel",
            "team": "TC0C1HURK",
            "name": "pavel",
            "is_restricted": false,
            "is_ultra_restricted": false
        },
        "blocks": [
            {
                "type": "rich_text",
                "block_id": "Hy7hn",
                "elements": [
                    {
                        "type": "rich_text_section",
                        "elements": [
                            {
                                "type": "user",
                                "user_id": "UQHJXP9D0"
                            },
                            {
                                "type": "text",
                                "text": " You can use "
                            },
                            {
                                "type": "text",
                                "text": "dataSource",
                                "style": {
                                    "code": true
                                }
                            },
                            {
                                "type": "text",
                                "text": " param then: "
                            },
                            {
                                "type": "link",
                                "url": "https:\/\/cube.dev\/docs\/cube#parameters-data-source"
                            }
                        ]
                    }
                ]
            }
        ],
        "thread_ts": "1574793116.431700",
        "parent_user_id": "UQHJXP9D0"
    },
    {
        "type": "message",
        "subtype": "channel_join",
        "ts": "1574793407.432700",
        "user": "UR2CUS9GW",
        "text": "<@UR2CUS9GW> has joined the channel"
    },
    {
        "client_msg_id": "1bbc482e-1658-4dc5-9047-f797f2221f19",
        "type": "message",
        "text": "Excellent, thank you. So we just specify the Athena db name within that parameter and it’ll be good to go.",
        "user": "UQHJXP9D0",
        "ts": "1574793462.432800",
        "team": "TC0C1HURK",
        "user_team": "TC0C1HURK",
        "source_team": "TC0C1HURK",
        "user_profile": {
            "avatar_hash": "g170fdf63963",
            "image_72": "https:\/\/secure.gravatar.com\/avatar\/170fdf63963c811262a9add882baf9f3.jpg?s=72&d=https%3A%2F%2Fa.slack-edge.com%2Fdf10d%2Fimg%2Favatars%2Fava_0018-72.png",
            "first_name": "",
            "real_name": "David Vins",
            "display_name": "David Vins",
            "team": "TC0C1HURK",
            "name": "david.vins",
            "is_restricted": false,
            "is_ultra_restricted": false
        },
        "blocks": [
            {
                "type": "rich_text",
                "block_id": "5mae",
                "elements": [
                    {
                        "type": "rich_text_section",
                        "elements": [
                            {
                                "type": "text",
                                "text": "Excellent, thank you. So we just specify the Athena db name within that parameter and it’ll be good to go."
                            }
                        ]
                    }
                ]
            }
        ],
        "thread_ts": "1574793116.431700",
        "parent_user_id": "UQHJXP9D0"
    },
    {
        "client_msg_id": "40DDEC9F-BC4A-4BC4-B0E3-9772A9B03278",
        "type": "message",
        "text": "<@UQHJXP9D0> you’d need to handle this parameter in your `driverFactory`",
        "user": "UC19HAUAK",
        "ts": "1574794076.434300",
        "team": "TC0C1HURK",
        "user_team": "TC0C1HURK",
        "source_team": "TC0C1HURK",
        "user_profile": {
            "avatar_hash": "066a042e018c",
            "image_72": "https:\/\/avatars.slack-edge.com\/2019-12-07\/866588520998_066a042e018ca831a195_72.png",
            "first_name": "Pavel",
            "real_name": "Pavel Tiunov",
            "display_name": "pavel",
            "team": "TC0C1HURK",
            "name": "pavel",
            "is_restricted": false,
            "is_ultra_restricted": false
        },
        "thread_ts": "1574793116.431700",
        "parent_user_id": "UQHJXP9D0"
    },
    {
        "client_msg_id": "dfd50325-feef-4652-915f-465d05290c66",
        "type": "message",
        "text": "Is there an example of this somewhere with Athena?",
        "user": "UQHJXP9D0",
        "ts": "1574794195.434500",
        "team": "TC0C1HURK",
        "user_team": "TC0C1HURK",
        "source_team": "TC0C1HURK",
        "user_profile": {
            "avatar_hash": "g170fdf63963",
            "image_72": "https:\/\/secure.gravatar.com\/avatar\/170fdf63963c811262a9add882baf9f3.jpg?s=72&d=https%3A%2F%2Fa.slack-edge.com%2Fdf10d%2Fimg%2Favatars%2Fava_0018-72.png",
            "first_name": "",
            "real_name": "David Vins",
            "display_name": "David Vins",
            "team": "TC0C1HURK",
            "name": "david.vins",
            "is_restricted": false,
            "is_ultra_restricted": false
        },
        "blocks": [
            {
                "type": "rich_text",
                "block_id": "d+k",
                "elements": [
                    {
                        "type": "rich_text_section",
                        "elements": [
                            {
                                "type": "text",
                                "text": "Is there an example of this somewhere with Athena?"
                            }
                        ]
                    }
                ]
            }
        ],
        "thread_ts": "1574793116.431700",
        "parent_user_id": "UQHJXP9D0"
    },
    {
        "client_msg_id": "bbf273ea-0483-4ae6-b378-4555c3a3008a",
        "type": "message",
        "text": "Hi, can i find somewhere a screenshot\/tutorial how make queries in postman ?",
        "user": "ULKS069JN",
        "ts": "1574794476.435300",
        "team": "TC0C1HURK",
        "user_team": "TC0C1HURK",
        "source_team": "TC0C1HURK",
        "user_profile": {
            "avatar_hash": "b1fec10e8c15",
            "image_72": "https:\/\/avatars.slack-edge.com\/2019-11-13\/835478181030_b1fec10e8c15e04269cc_72.png",
            "first_name": "Norbert",
            "real_name": "Norbert Bede",
            "display_name": "Norbert Bede",
            "team": "TC0C1HURK",
            "name": "norbert.bede764",
            "is_restricted": false,
            "is_ultra_restricted": false
        },
        "blocks": [
            {
                "type": "rich_text",
                "block_id": "Pq0Ej",
                "elements": [
                    {
                        "type": "rich_text_section",
                        "elements": [
                            {
                                "type": "text",
                                "text": "Hi, can i find somewhere a screenshot\/tutorial how make queries in postman ?"
                            }
                        ]
                    }
                ]
            }
        ]
    },
    {
        "client_msg_id": "fcc2ce63-29a2-456f-bab0-511565dbcaa9",
        "type": "message",
        "text": "ah. got it..",
        "user": "ULKS069JN",
        "ts": "1574794661.435600",
        "team": "TC0C1HURK",
        "user_team": "TC0C1HURK",
        "source_team": "TC0C1HURK",
        "user_profile": {
            "avatar_hash": "b1fec10e8c15",
            "image_72": "https:\/\/avatars.slack-edge.com\/2019-11-13\/835478181030_b1fec10e8c15e04269cc_72.png",
            "first_name": "Norbert",
            "real_name": "Norbert Bede",
            "display_name": "Norbert Bede",
            "team": "TC0C1HURK",
            "name": "norbert.bede764",
            "is_restricted": false,
            "is_ultra_restricted": false
        },
        "blocks": [
            {
                "type": "rich_text",
                "block_id": "zpFE",
                "elements": [
                    {
                        "type": "rich_text_section",
                        "elements": [
                            {
                                "type": "text",
                                "text": "ah. got it.."
                            }
                        ]
                    }
                ]
            }
        ]
    },
    {
        "client_msg_id": "48b58660-a672-4b7e-87f6-145ec603b518",
        "type": "message",
        "text": "<@UQHJXP9D0> Not specifically for Athena but it's similar: <https:\/\/cube.dev\/docs\/@cubejs-backend-server-core#options-reference-driver-factory>",
        "user": "UC19HAUAK",
        "ts": "1574794702.435700",
        "team": "TC0C1HURK",
        "user_team": "TC0C1HURK",
        "source_team": "TC0C1HURK",
        "user_profile": {
            "avatar_hash": "066a042e018c",
            "image_72": "https:\/\/avatars.slack-edge.com\/2019-12-07\/866588520998_066a042e018ca831a195_72.png",
            "first_name": "Pavel",
            "real_name": "Pavel Tiunov",
            "display_name": "pavel",
            "team": "TC0C1HURK",
            "name": "pavel",
            "is_restricted": false,
            "is_ultra_restricted": false
        },
        "blocks": [
            {
                "type": "rich_text",
                "block_id": "rahRf",
                "elements": [
                    {
                        "type": "rich_text_section",
                        "elements": [
                            {
                                "type": "user",
                                "user_id": "UQHJXP9D0"
                            },
                            {
                                "type": "text",
                                "text": " Not specifically for Athena but it's similar: "
                            },
                            {
                                "type": "link",
                                "url": "https:\/\/cube.dev\/docs\/@cubejs-backend-server-core#options-reference-driver-factory"
                            }
                        ]
                    }
                ]
            }
        ],
        "thread_ts": "1574793116.431700",
        "parent_user_id": "UQHJXP9D0"
    },
    {
        "client_msg_id": "18a47ec3-827f-4769-b0e8-ed9734c07640",
        "type": "message",
        "text": "<@UQTA06QTE> What do you mean by different db name for Athena? If it's just schema name then you can put it right in cube SQL.",
        "user": "UC19HAUAK",
        "ts": "1574794965.435900",
        "team": "TC0C1HURK",
        "user_team": "TC0C1HURK",
        "source_team": "TC0C1HURK",
        "user_profile": {
            "avatar_hash": "066a042e018c",
            "image_72": "https:\/\/avatars.slack-edge.com\/2019-12-07\/866588520998_066a042e018ca831a195_72.png",
            "first_name": "Pavel",
            "real_name": "Pavel Tiunov",
            "display_name": "pavel",
            "team": "TC0C1HURK",
            "name": "pavel",
            "is_restricted": false,
            "is_ultra_restricted": false
        },
        "blocks": [
            {
                "type": "rich_text",
                "block_id": "N09",
                "elements": [
                    {
                        "type": "rich_text_section",
                        "elements": [
                            {
                                "type": "user",
                                "user_id": "UQTA06QTE"
                            },
                            {
                                "type": "text",
                                "text": " What do you mean by different db name for Athena? If it's just schema name then you can put it right in cube SQL."
                            }
                        ]
                    }
                ]
            }
        ],
        "thread_ts": "1574793116.431700",
        "parent_user_id": "UQHJXP9D0"
    },
    {
        "client_msg_id": "889d8d15-8452-4571-b7f9-c65bb57c9a2e",
        "type": "message",
        "text": "you are misunderstood me. yes above scenar is how we are using. i’m asked you about get data by stream instead schedule and stream\/sned to queue data back to erp. (eg. activemq=&gt;) . then i dont need implement kinesis=&gt;lambda=&gt;backtoerp.",
        "user": "ULKS069JN",
        "ts": "1574795439.436100",
        "team": "TC0C1HURK",
        "user_team": "TC0C1HURK",
        "source_team": "TC0C1HURK",
        "user_profile": {
            "avatar_hash": "b1fec10e8c15",
            "image_72": "https:\/\/avatars.slack-edge.com\/2019-11-13\/835478181030_b1fec10e8c15e04269cc_72.png",
            "first_name": "Norbert",
            "real_name": "Norbert Bede",
            "display_name": "Norbert Bede",
            "team": "TC0C1HURK",
            "name": "norbert.bede764",
            "is_restricted": false,
            "is_ultra_restricted": false
        },
        "blocks": [
            {
                "type": "rich_text",
                "block_id": "2oNbb",
                "elements": [
                    {
                        "type": "rich_text_section",
                        "elements": [
                            {
                                "type": "text",
                                "text": "you are misunderstood me. yes above scenar is how we are using. i’m asked you about get data by stream instead schedule and stream\/sned to queue data back to erp. (eg. activemq=>) . then i dont need implement kinesis=>lambda=>backtoerp."
                            }
                        ]
                    }
                ]
            }
        ],
        "thread_ts": "1574747288.425800",
        "parent_user_id": "ULKS069JN"
    },
    {
        "client_msg_id": "c054b3cb-3cc2-4e56-b18f-e92075a4591d",
        "type": "message",
        "text": "Helo, where can i found more about error message. (returned )\n\n{\n    “error”: “Error: Time series queries without dateRange aren’t supported”\n}",
        "user": "ULKS069JN",
        "ts": "1574795796.437000",
        "team": "TC0C1HURK",
        "user_team": "TC0C1HURK",
        "source_team": "TC0C1HURK",
        "user_profile": {
            "avatar_hash": "b1fec10e8c15",
            "image_72": "https:\/\/avatars.slack-edge.com\/2019-11-13\/835478181030_b1fec10e8c15e04269cc_72.png",
            "first_name": "Norbert",
            "real_name": "Norbert Bede",
            "display_name": "Norbert Bede",
            "team": "TC0C1HURK",
            "name": "norbert.bede764",
            "is_restricted": false,
            "is_ultra_restricted": false
        },
        "blocks": [
            {
                "type": "rich_text",
                "block_id": "tTdmM",
                "elements": [
                    {
                        "type": "rich_text_section",
                        "elements": [
                            {
                                "type": "text",
                                "text": "Helo, where can i found more about error message. (returned )\n\n{\n    “error”: “Error: Time series queries without dateRange aren’t supported”\n}"
                            }
                        ]
                    }
                ]
            }
        ],
        "thread_ts": "1574795796.437000",
        "reply_count": 6,
        "reply_users_count": 2,
        "latest_reply": "1574797586.438700",
        "reply_users": [
            "ULKS069JN",
            "UC19HAUAK"
        ],
        "replies": [
            {
                "user": "ULKS069JN",
                "ts": "1574795900.437300"
            },
            {
                "user": "UC19HAUAK",
                "ts": "1574796788.437900"
            },
            {
                "user": "ULKS069JN",
                "ts": "1574796922.438100"
            },
            {
                "user": "ULKS069JN",
                "ts": "1574796946.438300"
            },
            {
                "user": "UC19HAUAK",
                "ts": "1574797460.438500"
            },
            {
                "user": "ULKS069JN",
                "ts": "1574797586.438700"
            }
        ],
        "subscribed": false
    },
    {
        "client_msg_id": "44e4ff5d-cdd2-422d-900f-7bccd1a9d940",
        "type": "message",
        "text": "`SELECT * FROM \"db_name\".\"table_name\" …`",
        "user": "UQHJXP9D0",
        "ts": "1574795878.437100",
        "team": "TC0C1HURK",
        "user_team": "TC0C1HURK",
        "source_team": "TC0C1HURK",
        "user_profile": {
            "avatar_hash": "g170fdf63963",
            "image_72": "https:\/\/secure.gravatar.com\/avatar\/170fdf63963c811262a9add882baf9f3.jpg?s=72&d=https%3A%2F%2Fa.slack-edge.com%2Fdf10d%2Fimg%2Favatars%2Fava_0018-72.png",
            "first_name": "",
            "real_name": "David Vins",
            "display_name": "David Vins",
            "team": "TC0C1HURK",
            "name": "david.vins",
            "is_restricted": false,
            "is_ultra_restricted": false
        },
        "blocks": [
            {
                "type": "rich_text",
                "block_id": "+Yd",
                "elements": [
                    {
                        "type": "rich_text_section",
                        "elements": [
                            {
                                "type": "text",
                                "text": "SELECT * FROM \"db_name\".\"table_name\" …",
                                "style": {
                                    "code": true
                                }
                            }
                        ]
                    }
                ]
            }
        ],
        "thread_ts": "1574793116.431700",
        "parent_user_id": "UQHJXP9D0"
    },
    {
        "client_msg_id": "180ed40a-8f12-45ca-a90d-3f9128ee2355",
        "type": "message",
        "text": "i have got it when, added the new measure\n\nbalance: {\n      sql: `movementqty`,\n      type: `runningTotal`\n    },",
        "user": "ULKS069JN",
        "ts": "1574795900.437300",
        "team": "TC0C1HURK",
        "user_team": "TC0C1HURK",
        "source_team": "TC0C1HURK",
        "user_profile": {
            "avatar_hash": "b1fec10e8c15",
            "image_72": "https:\/\/avatars.slack-edge.com\/2019-11-13\/835478181030_b1fec10e8c15e04269cc_72.png",
            "first_name": "Norbert",
            "real_name": "Norbert Bede",
            "display_name": "Norbert Bede",
            "team": "TC0C1HURK",
            "name": "norbert.bede764",
            "is_restricted": false,
            "is_ultra_restricted": false
        },
        "edited": {
            "user": "ULKS069JN",
            "ts": "1574796011.000000"
        },
        "blocks": [
            {
                "type": "rich_text",
                "block_id": "HeRH",
                "elements": [
                    {
                        "type": "rich_text_section",
                        "elements": [
                            {
                                "type": "text",
                                "text": "i have got it when, added the new measure\n\nbalance: {\n      sql: `movementqty`,\n      type: `runningTotal`\n    },"
                            }
                        ]
                    }
                ]
            }
        ],
        "thread_ts": "1574795796.437000",
        "parent_user_id": "ULKS069JN"
    },
    {
        "client_msg_id": "06ff990f-8873-4353-a031-003d3244fd53",
        "type": "message",
        "text": "Would prefer not to have to always specify the `db_name` component. Just as I don’t have to when I use the query window in Athena, or traditionally in SQL use a `USE` statement to target the datbase\/schema my query is executing against.",
        "user": "UQHJXP9D0",
        "ts": "1574795926.437500",
        "team": "TC0C1HURK",
        "user_team": "TC0C1HURK",
        "source_team": "TC0C1HURK",
        "user_profile": {
            "avatar_hash": "g170fdf63963",
            "image_72": "https:\/\/secure.gravatar.com\/avatar\/170fdf63963c811262a9add882baf9f3.jpg?s=72&d=https%3A%2F%2Fa.slack-edge.com%2Fdf10d%2Fimg%2Favatars%2Fava_0018-72.png",
            "first_name": "",
            "real_name": "David Vins",
            "display_name": "David Vins",
            "team": "TC0C1HURK",
            "name": "david.vins",
            "is_restricted": false,
            "is_ultra_restricted": false
        },
        "blocks": [
            {
                "type": "rich_text",
                "block_id": "SkHeA",
                "elements": [
                    {
                        "type": "rich_text_section",
                        "elements": [
                            {
                                "type": "text",
                                "text": "Would prefer not to have to always specify the "
                            },
                            {
                                "type": "text",
                                "text": "db_name",
                                "style": {
                                    "code": true
                                }
                            },
                            {
                                "type": "text",
                                "text": " component. Just as I don’t have to when I use the query window in Athena, or traditionally in SQL use a "
                            },
                            {
                                "type": "text",
                                "text": "USE",
                                "style": {
                                    "code": true
                                }
                            },
                            {
                                "type": "text",
                                "text": " statement to target the datbase\/schema my query is executing against."
                            }
                        ]
                    }
                ]
            }
        ],
        "thread_ts": "1574793116.431700",
        "parent_user_id": "UQHJXP9D0"
    },
    {
        "client_msg_id": "0b18bc55-21ba-4fd3-80bb-c7e487bdb7da",
        "type": "message",
        "text": "<@ULKS069JN> Yep. You need to add `dateRange` in query.",
        "user": "UC19HAUAK",
        "ts": "1574796788.437900",
        "team": "TC0C1HURK",
        "user_team": "TC0C1HURK",
        "source_team": "TC0C1HURK",
        "user_profile": {
            "avatar_hash": "066a042e018c",
            "image_72": "https:\/\/avatars.slack-edge.com\/2019-12-07\/866588520998_066a042e018ca831a195_72.png",
            "first_name": "Pavel",
            "real_name": "Pavel Tiunov",
            "display_name": "pavel",
            "team": "TC0C1HURK",
            "name": "pavel",
            "is_restricted": false,
            "is_ultra_restricted": false
        },
        "blocks": [
            {
                "type": "rich_text",
                "block_id": "Z2BC",
                "elements": [
                    {
                        "type": "rich_text_section",
                        "elements": [
                            {
                                "type": "user",
                                "user_id": "ULKS069JN"
                            },
                            {
                                "type": "text",
                                "text": " Yep. You need to add "
                            },
                            {
                                "type": "text",
                                "text": "dateRange",
                                "style": {
                                    "code": true
                                }
                            },
                            {
                                "type": "text",
                                "text": " in query."
                            }
                        ]
                    }
                ]
            }
        ],
        "thread_ts": "1574795796.437000",
        "parent_user_id": "ULKS069JN"
    },
    {
        "client_msg_id": "6ca0ae67-d5c1-4ef1-822f-a3fcef8362d7",
        "type": "message",
        "text": "thanks. i’m testing metabase integration from lilidata, looks there is an issue, but i meed validate\/learn write queries to validate metabase queries. :slightly_smiling_face:",
        "user": "ULKS069JN",
        "ts": "1574796922.438100",
        "team": "TC0C1HURK",
        "user_team": "TC0C1HURK",
        "source_team": "TC0C1HURK",
        "user_profile": {
            "avatar_hash": "b1fec10e8c15",
            "image_72": "https:\/\/avatars.slack-edge.com\/2019-11-13\/835478181030_b1fec10e8c15e04269cc_72.png",
            "first_name": "Norbert",
            "real_name": "Norbert Bede",
            "display_name": "Norbert Bede",
            "team": "TC0C1HURK",
            "name": "norbert.bede764",
            "is_restricted": false,
            "is_ultra_restricted": false
        },
        "blocks": [
            {
                "type": "rich_text",
                "block_id": "tZhFb",
                "elements": [
                    {
                        "type": "rich_text_section",
                        "elements": [
                            {
                                "type": "text",
                                "text": "thanks. i’m testing metabase integration from lilidata, looks there is an issue, but i meed validate\/learn write queries to validate metabase queries. "
                            },
                            {
                                "type": "emoji",
                                "name": "slightly_smiling_face"
                            }
                        ]
                    }
                ]
            }
        ],
        "thread_ts": "1574795796.437000",
        "parent_user_id": "ULKS069JN"
    },
    {
        "client_msg_id": "2a10dbe9-bb38-4dd1-a252-d9386aab61cb",
        "type": "message",
        "text": "so each time i add time measure i need send daterange parameter.",
        "user": "ULKS069JN",
        "ts": "1574796946.438300",
        "team": "TC0C1HURK",
        "user_team": "TC0C1HURK",
        "source_team": "TC0C1HURK",
        "user_profile": {
            "avatar_hash": "b1fec10e8c15",
            "image_72": "https:\/\/avatars.slack-edge.com\/2019-11-13\/835478181030_b1fec10e8c15e04269cc_72.png",
            "first_name": "Norbert",
            "real_name": "Norbert Bede",
            "display_name": "Norbert Bede",
            "team": "TC0C1HURK",
            "name": "norbert.bede764",
            "is_restricted": false,
            "is_ultra_restricted": false
        },
        "blocks": [
            {
                "type": "rich_text",
                "block_id": "6zC3",
                "elements": [
                    {
                        "type": "rich_text_section",
                        "elements": [
                            {
                                "type": "text",
                                "text": "so each time i add time measure i need send daterange parameter."
                            }
                        ]
                    }
                ]
            }
        ],
        "thread_ts": "1574795796.437000",
        "parent_user_id": "ULKS069JN"
    },
    {
        "client_msg_id": "df9cd9f5-4ff9-4d46-9078-7fd41a8a8fbb",
        "type": "message",
        "text": "<@ULKS069JN> You can use `sql` method to validate queries: <https:\/\/cube.dev\/docs\/rest-api#api-reference-v-1-sql>",
        "user": "UC19HAUAK",
        "ts": "1574797460.438500",
        "team": "TC0C1HURK",
        "user_team": "TC0C1HURK",
        "source_team": "TC0C1HURK",
        "user_profile": {
            "avatar_hash": "066a042e018c",
            "image_72": "https:\/\/avatars.slack-edge.com\/2019-12-07\/866588520998_066a042e018ca831a195_72.png",
            "first_name": "Pavel",
            "real_name": "Pavel Tiunov",
            "display_name": "pavel",
            "team": "TC0C1HURK",
            "name": "pavel",
            "is_restricted": false,
            "is_ultra_restricted": false
        },
        "blocks": [
            {
                "type": "rich_text",
                "block_id": "vj8",
                "elements": [
                    {
                        "type": "rich_text_section",
                        "elements": [
                            {
                                "type": "user",
                                "user_id": "ULKS069JN"
                            },
                            {
                                "type": "text",
                                "text": " You can use "
                            },
                            {
                                "type": "text",
                                "text": "sql",
                                "style": {
                                    "code": true
                                }
                            },
                            {
                                "type": "text",
                                "text": " method to validate queries: "
                            },
                            {
                                "type": "link",
                                "url": "https:\/\/cube.dev\/docs\/rest-api#api-reference-v-1-sql"
                            }
                        ]
                    }
                ]
            }
        ],
        "thread_ts": "1574795796.437000",
        "parent_user_id": "ULKS069JN"
    },
    {
        "client_msg_id": "06565b2e-de6c-49c6-9b99-17b911b522ff",
        "type": "message",
        "text": "ah ok. thanks",
        "user": "ULKS069JN",
        "ts": "1574797586.438700",
        "team": "TC0C1HURK",
        "user_team": "TC0C1HURK",
        "source_team": "TC0C1HURK",
        "user_profile": {
            "avatar_hash": "b1fec10e8c15",
            "image_72": "https:\/\/avatars.slack-edge.com\/2019-11-13\/835478181030_b1fec10e8c15e04269cc_72.png",
            "first_name": "Norbert",
            "real_name": "Norbert Bede",
            "display_name": "Norbert Bede",
            "team": "TC0C1HURK",
            "name": "norbert.bede764",
            "is_restricted": false,
            "is_ultra_restricted": false
        },
        "blocks": [
            {
                "type": "rich_text",
                "block_id": "fUOn",
                "elements": [
                    {
                        "type": "rich_text_section",
                        "elements": [
                            {
                                "type": "text",
                                "text": "ah ok. thanks"
                            }
                        ]
                    }
                ]
            }
        ],
        "thread_ts": "1574795796.437000",
        "parent_user_id": "ULKS069JN",
        "reactions": [
            {
                "name": "raised_hands",
                "users": [
                    "UC19HAUAK"
                ],
                "count": 1
            }
        ]
    },
    {
        "type": "message",
        "subtype": "channel_join",
        "ts": "1574798329.439100",
        "user": "UQNSAGENP",
        "text": "<@UQNSAGENP> has joined the channel"
    },
    {
        "client_msg_id": "f56baf32-a82b-4235-8a40-cbf53f257e7d",
        "type": "message",
        "text": "<@UQHJXP9D0> Gotcha. Yeah. There's no way currently to pass context database. Makes sense to create an issue on GitHub. Not very hard to add.",
        "user": "UC19HAUAK",
        "ts": "1574798580.439200",
        "team": "TC0C1HURK",
        "user_team": "TC0C1HURK",
        "source_team": "TC0C1HURK",
        "user_profile": {
            "avatar_hash": "066a042e018c",
            "image_72": "https:\/\/avatars.slack-edge.com\/2019-12-07\/866588520998_066a042e018ca831a195_72.png",
            "first_name": "Pavel",
            "real_name": "Pavel Tiunov",
            "display_name": "pavel",
            "team": "TC0C1HURK",
            "name": "pavel",
            "is_restricted": false,
            "is_ultra_restricted": false
        },
        "blocks": [
            {
                "type": "rich_text",
                "block_id": "3tj",
                "elements": [
                    {
                        "type": "rich_text_section",
                        "elements": [
                            {
                                "type": "user",
                                "user_id": "UQHJXP9D0"
                            },
                            {
                                "type": "text",
                                "text": " Gotcha. Yeah. There's no way currently to pass context database. Makes sense to create an issue on GitHub. Not very hard to add."
                            }
                        ]
                    }
                ]
            }
        ],
        "thread_ts": "1574793116.431700",
        "parent_user_id": "UQHJXP9D0"
    },
    {
        "type": "message",
        "subtype": "channel_join",
        "ts": "1574809821.439600",
        "user": "UQP49FPCK",
        "text": "<@UQP49FPCK> has joined the channel"
    },
    {
        "type": "message",
        "subtype": "channel_join",
        "ts": "1574837036.439800",
        "user": "UR0DYBE0L",
        "text": "<@UR0DYBE0L> has joined the channel"
    },
    {
        "client_msg_id": "6748be23-e03d-46f4-afa5-d209b48723cd",
        "type": "message",
        "text": "Hey i just started using the cubejs playground. i have a constraint. in my query i set the measures, dimensions and filters. i have 2 filters with equals operator. what is happening is when i try to remove the values after the operator, the old values are retrieved. is there any workaround for this?",
        "user": "UR0DYBE0L",
        "ts": "1574837392.442100",
        "team": "TC0C1HURK",
        "user_team": "TC0C1HURK",
        "source_team": "TC0C1HURK",
        "user_profile": {
            "avatar_hash": "ga89c57bbc8d",
            "image_72": "https:\/\/secure.gravatar.com\/avatar\/a89c57bbc8d3588bfbd42e0541ea4316.jpg?s=72&d=https%3A%2F%2Fa.slack-edge.com%2Fdf10d%2Fimg%2Favatars%2Fava_0003-72.png",
            "first_name": "",
            "real_name": "Adarsh purohit",
            "display_name": "Adarsh purohit",
            "team": "TC0C1HURK",
            "name": "adarshpurohit97",
            "is_restricted": false,
            "is_ultra_restricted": false
        },
        "blocks": [
            {
                "type": "rich_text",
                "block_id": "Qae",
                "elements": [
                    {
                        "type": "rich_text_section",
                        "elements": [
                            {
                                "type": "text",
                                "text": "Hey i just started using the cubejs playground. i have a constraint. in my query i set the measures, dimensions and filters. i have 2 filters with equals operator. what is happening is when i try to remove the values after the operator, the old values are retrieved. is there any workaround for this?"
                            }
                        ]
                    }
                ]
            }
        ],
        "thread_ts": "1574837392.442100",
        "reply_count": 4,
        "reply_users_count": 2,
        "latest_reply": "1574841193.443400",
        "reply_users": [
            "UC19HAUAK",
            "UR0DYBE0L"
        ],
        "replies": [
            {
                "user": "UC19HAUAK",
                "ts": "1574837487.442200"
            },
            {
                "user": "UR0DYBE0L",
                "ts": "1574837808.442400"
            },
            {
                "user": "UR0DYBE0L",
                "ts": "1574837913.442600"
            },
            {
                "user": "UC19HAUAK",
                "ts": "1574841193.443400"
            }
        ],
        "subscribed": false
    },
    {
        "client_msg_id": "05bba998-d08a-4132-9e17-8cc59a8ed93d",
        "type": "message",
        "text": "Hey <@UR0DYBE0L>! Do you mean you expect to see some newer values fetched from DB?",
        "user": "UC19HAUAK",
        "ts": "1574837487.442200",
        "team": "TC0C1HURK",
        "user_team": "TC0C1HURK",
        "source_team": "TC0C1HURK",
        "user_profile": {
            "avatar_hash": "066a042e018c",
            "image_72": "https:\/\/avatars.slack-edge.com\/2019-12-07\/866588520998_066a042e018ca831a195_72.png",
            "first_name": "Pavel",
            "real_name": "Pavel Tiunov",
            "display_name": "pavel",
            "team": "TC0C1HURK",
            "name": "pavel",
            "is_restricted": false,
            "is_ultra_restricted": false
        },
        "blocks": [
            {
                "type": "rich_text",
                "block_id": "mO2mQ",
                "elements": [
                    {
                        "type": "rich_text_section",
                        "elements": [
                            {
                                "type": "text",
                                "text": "Hey "
                            },
                            {
                                "type": "user",
                                "user_id": "UR0DYBE0L"
                            },
                            {
                                "type": "text",
                                "text": "! Do you mean you expect to see some newer values fetched from DB?"
                            }
                        ]
                    }
                ]
            }
        ],
        "thread_ts": "1574837392.442100",
        "parent_user_id": "UR0DYBE0L"
    },
    {
        "client_msg_id": "56632b1b-de24-4861-9f65-3cef75c147db",
        "type": "message",
        "text": "yes",
        "user": "UR0DYBE0L",
        "ts": "1574837808.442400",
        "team": "TC0C1HURK",
        "user_team": "TC0C1HURK",
        "source_team": "TC0C1HURK",
        "user_profile": {
            "avatar_hash": "ga89c57bbc8d",
            "image_72": "https:\/\/secure.gravatar.com\/avatar\/a89c57bbc8d3588bfbd42e0541ea4316.jpg?s=72&d=https%3A%2F%2Fa.slack-edge.com%2Fdf10d%2Fimg%2Favatars%2Fava_0003-72.png",
            "first_name": "",
            "real_name": "Adarsh purohit",
            "display_name": "Adarsh purohit",
            "team": "TC0C1HURK",
            "name": "adarshpurohit97",
            "is_restricted": false,
            "is_ultra_restricted": false
        },
        "blocks": [
            {
                "type": "rich_text",
                "block_id": "1n\/aQ",
                "elements": [
                    {
                        "type": "rich_text_section",
                        "elements": [
                            {
                                "type": "text",
                                "text": "yes"
                            }
                        ]
                    }
                ]
            }
        ],
        "thread_ts": "1574837392.442100",
        "parent_user_id": "UR0DYBE0L"
    },
    {
        "client_msg_id": "86f8980a-0bc7-43a3-b9d5-917cd4bc92fe",
        "type": "message",
        "text": "when i remove a value to a filter it should actually say - ' error value required' or something of that sort but it actually retrieves the older data(when i passed a value)",
        "user": "UR0DYBE0L",
        "ts": "1574837913.442600",
        "team": "TC0C1HURK",
        "user_team": "TC0C1HURK",
        "source_team": "TC0C1HURK",
        "user_profile": {
            "avatar_hash": "ga89c57bbc8d",
            "image_72": "https:\/\/secure.gravatar.com\/avatar\/a89c57bbc8d3588bfbd42e0541ea4316.jpg?s=72&d=https%3A%2F%2Fa.slack-edge.com%2Fdf10d%2Fimg%2Favatars%2Fava_0003-72.png",
            "first_name": "",
            "real_name": "Adarsh purohit",
            "display_name": "Adarsh purohit",
            "team": "TC0C1HURK",
            "name": "adarshpurohit97",
            "is_restricted": false,
            "is_ultra_restricted": false
        },
        "blocks": [
            {
                "type": "rich_text",
                "block_id": "OIu",
                "elements": [
                    {
                        "type": "rich_text_section",
                        "elements": [
                            {
                                "type": "text",
                                "text": "when i remove a value to a filter it should actually say - ' error value required' or something of that sort but it actually retrieves the older data(when i passed a value)"
                            }
                        ]
                    }
                ]
            }
        ],
        "thread_ts": "1574837392.442100",
        "parent_user_id": "UR0DYBE0L"
    },
    {
        "client_msg_id": "e6546190-19cf-4997-88d7-cef80ed69757",
        "type": "message",
        "text": "Is there any way to send dynamic array values to filter - \"values\" :",
        "user": "UR0DYBE0L",
        "ts": "1574838771.443300",
        "team": "TC0C1HURK",
        "user_team": "TC0C1HURK",
        "source_team": "TC0C1HURK",
        "user_profile": {
            "avatar_hash": "ga89c57bbc8d",
            "image_72": "https:\/\/secure.gravatar.com\/avatar\/a89c57bbc8d3588bfbd42e0541ea4316.jpg?s=72&d=https%3A%2F%2Fa.slack-edge.com%2Fdf10d%2Fimg%2Favatars%2Fava_0003-72.png",
            "first_name": "",
            "real_name": "Adarsh purohit",
            "display_name": "Adarsh purohit",
            "team": "TC0C1HURK",
            "name": "adarshpurohit97",
            "is_restricted": false,
            "is_ultra_restricted": false
        },
        "blocks": [
            {
                "type": "rich_text",
                "block_id": "\/OJ",
                "elements": [
                    {
                        "type": "rich_text_section",
                        "elements": [
                            {
                                "type": "text",
                                "text": "Is there any way to send dynamic array values to filter - \"values\" :"
                            }
                        ]
                    }
                ]
            }
        ]
    },
    {
        "client_msg_id": "aa704cfa-1c85-4c49-bc79-f0a9607b8f90",
        "type": "message",
        "text": "<@UR0DYBE0L> Interesting. Could you please share screenshots\/video?",
        "user": "UC19HAUAK",
        "ts": "1574841193.443400",
        "team": "TC0C1HURK",
        "user_team": "TC0C1HURK",
        "source_team": "TC0C1HURK",
        "user_profile": {
            "avatar_hash": "066a042e018c",
            "image_72": "https:\/\/avatars.slack-edge.com\/2019-12-07\/866588520998_066a042e018ca831a195_72.png",
            "first_name": "Pavel",
            "real_name": "Pavel Tiunov",
            "display_name": "pavel",
            "team": "TC0C1HURK",
            "name": "pavel",
            "is_restricted": false,
            "is_ultra_restricted": false
        },
        "blocks": [
            {
                "type": "rich_text",
                "block_id": "l9u\/i",
                "elements": [
                    {
                        "type": "rich_text_section",
                        "elements": [
                            {
                                "type": "user",
                                "user_id": "UR0DYBE0L"
                            },
                            {
                                "type": "text",
                                "text": " Interesting. Could you please share screenshots\/video?"
                            }
                        ]
                    }
                ]
            }
        ],
        "thread_ts": "1574837392.442100",
        "parent_user_id": "UR0DYBE0L"
    }
]