[
    {
        "client_msg_id": "7bb32d28-6726-4151-8165-5c7dbe4791b9",
        "type": "message",
        "text": "Anyone have a link for documentation regarding calculated measures? Specifically I want to do cross dimensional calculation where I calculate the % contribution of each of product's sales to the total (aggregated) product sales. How would I ref the aggregated sales value in a calc'd measure? In most BI tools you have an operator which allows you to ref values from agg'd measures eg. sales.[total Products] or sales-&gt;total-Products. Can't see how you'd achieve that with the examples provided.",
        "user": "UKZHXS0AH",
        "ts": "1564644021.084500",
        "team": "TC0C1HURK",
        "user_team": "TC0C1HURK",
        "source_team": "TC0C1HURK",
        "user_profile": {
            "avatar_hash": "g40d265cb7b4",
            "image_72": "https:\/\/secure.gravatar.com\/avatar\/640d265cb7b423b6be3c97672cff63aa.jpg?s=72&d=https%3A%2F%2Fa.slack-edge.com%2Fdf10d%2Fimg%2Favatars%2Fava_0026-72.png",
            "first_name": "",
            "real_name": "Felipe Azucares",
            "display_name": "Felipe Azucares",
            "team": "TC0C1HURK",
            "name": "phil",
            "is_restricted": false,
            "is_ultra_restricted": false
        },
        "edited": {
            "user": "UKZHXS0AH",
            "ts": "1564644311.000000"
        },
        "thread_ts": "1564644021.084500",
        "reply_count": 4,
        "reply_users_count": 2,
        "latest_reply": "1564669939.095500",
        "reply_users": [
            "UEASA3CUR",
            "UKZHXS0AH"
        ],
        "replies": [
            {
                "user": "UEASA3CUR",
                "ts": "1564666783.087700"
            },
            {
                "user": "UEASA3CUR",
                "ts": "1564667075.088400"
            },
            {
                "user": "UKZHXS0AH",
                "ts": "1564669864.095300"
            },
            {
                "user": "UKZHXS0AH",
                "ts": "1564669939.095500"
            }
        ],
        "subscribed": false
    },
    {
        "client_msg_id": "2c49ed58-f850-44d5-ad6e-be3798256e4f",
        "type": "message",
        "text": "ha ok! I thought `renewQuery` would bypass `refreshKeyRenewalThreshold` and force a refresh of the key.",
        "user": "UJ0TZSN6M",
        "ts": "1564645275.084800",
        "team": "TC0C1HURK",
        "user_team": "TC0C1HURK",
        "source_team": "TC0C1HURK",
        "user_profile": {
            "avatar_hash": "gf4b7a41dcdb",
            "image_72": "https:\/\/secure.gravatar.com\/avatar\/0f4b7a41dcdb4a349a2eb4af156dafda.jpg?s=72&d=https%3A%2F%2Fa.slack-edge.com%2Fdf10d%2Fimg%2Favatars%2Fava_0024-72.png",
            "first_name": "Charles",
            "real_name": "Charles Ahmadzadeh (he-him)",
            "display_name": "Charles Ahmadzadeh (he-him)",
            "team": "TC0C1HURK",
            "name": "charles",
            "is_restricted": false,
            "is_ultra_restricted": false
        },
        "thread_ts": "1564591058.066400",
        "parent_user_id": "UJ0TZSN6M"
    },
    {
        "client_msg_id": "dfce5dea-eb43-49bb-a384-ca3d21baa112",
        "type": "message",
        "text": "I have both in place simultaneously now.",
        "user": "UJ0TZSN6M",
        "ts": "1564645288.085000",
        "team": "TC0C1HURK",
        "user_team": "TC0C1HURK",
        "source_team": "TC0C1HURK",
        "user_profile": {
            "avatar_hash": "gf4b7a41dcdb",
            "image_72": "https:\/\/secure.gravatar.com\/avatar\/0f4b7a41dcdb4a349a2eb4af156dafda.jpg?s=72&d=https%3A%2F%2Fa.slack-edge.com%2Fdf10d%2Fimg%2Favatars%2Fava_0024-72.png",
            "first_name": "Charles",
            "real_name": "Charles Ahmadzadeh (he-him)",
            "display_name": "Charles Ahmadzadeh (he-him)",
            "team": "TC0C1HURK",
            "name": "charles",
            "is_restricted": false,
            "is_ultra_restricted": false
        },
        "thread_ts": "1564591058.066400",
        "parent_user_id": "UJ0TZSN6M"
    },
    {
        "client_msg_id": "076d2206-d7e4-446a-b436-004983d72b0b",
        "type": "message",
        "text": "but if I use it alone, and it doesn't bypass the cache, or does not trigger a key renewal, then what does `renewQuery` do? :thinking_face:",
        "user": "UJ0TZSN6M",
        "ts": "1564645344.085200",
        "team": "TC0C1HURK",
        "user_team": "TC0C1HURK",
        "source_team": "TC0C1HURK",
        "user_profile": {
            "avatar_hash": "gf4b7a41dcdb",
            "image_72": "https:\/\/secure.gravatar.com\/avatar\/0f4b7a41dcdb4a349a2eb4af156dafda.jpg?s=72&d=https%3A%2F%2Fa.slack-edge.com%2Fdf10d%2Fimg%2Favatars%2Fava_0024-72.png",
            "first_name": "Charles",
            "real_name": "Charles Ahmadzadeh (he-him)",
            "display_name": "Charles Ahmadzadeh (he-him)",
            "team": "TC0C1HURK",
            "name": "charles",
            "is_restricted": false,
            "is_ultra_restricted": false
        },
        "edited": {
            "user": "UJ0TZSN6M",
            "ts": "1564645370.000000"
        },
        "thread_ts": "1564591058.066400",
        "parent_user_id": "UJ0TZSN6M"
    },
    {
        "client_msg_id": "90898f4d-357d-42c0-8d51-d6b6d6e10922",
        "type": "message",
        "text": "I got my problem solved so all good, I'm just slightly confused about these features :slightly_smiling_face:",
        "user": "UJ0TZSN6M",
        "ts": "1564645403.085500",
        "team": "TC0C1HURK",
        "user_team": "TC0C1HURK",
        "source_team": "TC0C1HURK",
        "user_profile": {
            "avatar_hash": "gf4b7a41dcdb",
            "image_72": "https:\/\/secure.gravatar.com\/avatar\/0f4b7a41dcdb4a349a2eb4af156dafda.jpg?s=72&d=https%3A%2F%2Fa.slack-edge.com%2Fdf10d%2Fimg%2Favatars%2Fava_0024-72.png",
            "first_name": "Charles",
            "real_name": "Charles Ahmadzadeh (he-him)",
            "display_name": "Charles Ahmadzadeh (he-him)",
            "team": "TC0C1HURK",
            "name": "charles",
            "is_restricted": false,
            "is_ultra_restricted": false
        },
        "edited": {
            "user": "UJ0TZSN6M",
            "ts": "1564645413.000000"
        },
        "thread_ts": "1564591058.066400",
        "parent_user_id": "UJ0TZSN6M",
        "reactions": [
            {
                "name": "raised_hands",
                "users": [
                    "UC19HAUAK"
                ],
                "count": 1
            }
        ]
    },
    {
        "client_msg_id": "86652aae-5612-4d16-a064-798a1de81624",
        "type": "message",
        "text": "<@UC19HAUAK> sure: so I'll ask and you'll answer? Is there any tag you would like me to attach (can't find a cubejs one). Pointing to the BI connector doc from your doc would be a great idea too.",
        "user": "ULLTVDLCS",
        "ts": "1564663080.085900",
        "team": "TC0C1HURK",
        "user_team": "TC0C1HURK",
        "source_team": "TC0C1HURK",
        "user_profile": {
            "avatar_hash": "g9564163ddde",
            "image_72": "https:\/\/secure.gravatar.com\/avatar\/79564163ddde4bdb7d344385d7115729.jpg?s=72&d=https%3A%2F%2Fa.slack-edge.com%2Fdf10d%2Fimg%2Favatars%2Fava_0005-72.png",
            "first_name": "",
            "real_name": "Nathan Zylbersztejn",
            "display_name": "Nathan Zylbersztejn",
            "team": "TC0C1HURK",
            "name": "nathan",
            "is_restricted": false,
            "is_ultra_restricted": false
        },
        "thread_ts": "1564609929.075400",
        "parent_user_id": "ULLTVDLCS"
    },
    {
        "client_msg_id": "8c9c7785-3782-4877-b110-6768c34cb541",
        "type": "message",
        "text": "It can be trick to wrap your head around at first but pretty simple! Have you seen this?\n```\npurchasesToCreatedAccountRatio: {\n  sql: `${purchases} \/ ${Users.count} * 100.0`,\n  type: `number`,\n  format: `percent`\n}\n```\n\nWhen you have `${purchases}`, it’s referencing a measure within that cube —  `${Users.count}` is referencing the count measure in the `Users`.",
        "user": "UEASA3CUR",
        "ts": "1564666783.087700",
        "team": "TC0C1HURK",
        "user_team": "TC0C1HURK",
        "source_team": "TC0C1HURK",
        "user_profile": {
            "avatar_hash": "g065a041e882",
            "image_72": "https:\/\/secure.gravatar.com\/avatar\/8065a041e8828aa7698c51be59a2de7d.jpg?s=72&d=https%3A%2F%2Fa.slack-edge.com%2Fdf10d%2Fimg%2Favatars%2Fava_0011-72.png",
            "first_name": "Benjamin",
            "real_name": "Benjamin Sehl",
            "display_name": "Ben",
            "team": "TC0C1HURK",
            "name": "ben138",
            "is_restricted": false,
            "is_ultra_restricted": false
        },
        "thread_ts": "1564644021.084500",
        "parent_user_id": "UKZHXS0AH"
    },
    {
        "client_msg_id": "567b4d9e-dc98-493c-bd76-3cc283e3398a",
        "type": "message",
        "text": "So you’d be looking to have a cube set up for your line items where you’re measuring the totals of line item revenue — and then a cube set up for orders, where you’d measuring total revenue … and you could then access those two … I think I have this right but would have to check my code to confirm.",
        "user": "UEASA3CUR",
        "ts": "1564667075.088400",
        "team": "TC0C1HURK",
        "user_team": "TC0C1HURK",
        "source_team": "TC0C1HURK",
        "user_profile": {
            "avatar_hash": "g065a041e882",
            "image_72": "https:\/\/secure.gravatar.com\/avatar\/8065a041e8828aa7698c51be59a2de7d.jpg?s=72&d=https%3A%2F%2Fa.slack-edge.com%2Fdf10d%2Fimg%2Favatars%2Fava_0011-72.png",
            "first_name": "Benjamin",
            "real_name": "Benjamin Sehl",
            "display_name": "Ben",
            "team": "TC0C1HURK",
            "name": "ben138",
            "is_restricted": false,
            "is_ultra_restricted": false
        },
        "thread_ts": "1564644021.084500",
        "parent_user_id": "UKZHXS0AH"
    },
    {
        "type": "message",
        "subtype": "channel_join",
        "ts": "1564668549.088700",
        "user": "ULSPWBW9X",
        "text": "<@ULSPWBW9X> has joined the channel"
    },
    {
        "client_msg_id": "ea3eb30e-907e-4f8b-b382-97a146c0d8d3",
        "type": "message",
        "text": "hello folks -- is anyone aware of a way to teach CubeJS about pre-aggregations that are managed by a different system than cube itself? I have a rather complicated procedure to build some pre-aggregations that I don't want cube to control the refreshing of because it's expensive and there's a smarter way to do it but with a bunch of other infrastructure. So can I have an incoming query routed to this other table even though CubeJS isn't responsible for the refreshing \/ maintenance of the view?",
        "user": "ULSPWBW9X",
        "ts": "1564668709.090400",
        "team": "TC0C1HURK",
        "user_team": "TC0C1HURK",
        "source_team": "TC0C1HURK",
        "user_profile": {
            "avatar_hash": "gd000e6a1631",
            "image_72": "https:\/\/secure.gravatar.com\/avatar\/fd000e6a1631e4cf5a7ce974a2240803.jpg?s=72&d=https%3A%2F%2Fa.slack-edge.com%2Fdf10d%2Fimg%2Favatars%2Fava_0012-72.png",
            "first_name": "",
            "real_name": "Harry Brundage",
            "display_name": "Harry Brundage",
            "team": "TC0C1HURK",
            "name": "harry",
            "is_restricted": false,
            "is_ultra_restricted": false
        },
        "thread_ts": "1564668709.090400",
        "reply_count": 29,
        "reply_users_count": 4,
        "latest_reply": "1565042420.113100",
        "reply_users": [
            "UC1HAFW4E",
            "ULSPWBW9X",
            "UC19HAUAK",
            "ULD1RCPFF"
        ],
        "replies": [
            {
                "user": "UC1HAFW4E",
                "ts": "1564668886.092200"
            },
            {
                "user": "ULSPWBW9X",
                "ts": "1564668913.092500"
            },
            {
                "user": "UC1HAFW4E",
                "ts": "1564668969.092700"
            },
            {
                "user": "UC1HAFW4E",
                "ts": "1564669003.092900"
            },
            {
                "user": "ULSPWBW9X",
                "ts": "1564669070.093200"
            },
            {
                "user": "ULSPWBW9X",
                "ts": "1564669195.093400"
            },
            {
                "user": "UC1HAFW4E",
                "ts": "1564669351.093600"
            },
            {
                "user": "ULSPWBW9X",
                "ts": "1564669384.093800"
            },
            {
                "user": "ULSPWBW9X",
                "ts": "1564669419.094000"
            },
            {
                "user": "ULSPWBW9X",
                "ts": "1564669428.094300"
            },
            {
                "user": "ULSPWBW9X",
                "ts": "1564669467.094600"
            },
            {
                "user": "UC1HAFW4E",
                "ts": "1564669586.094800"
            },
            {
                "user": "ULSPWBW9X",
                "ts": "1564669703.095000"
            },
            {
                "user": "UC1HAFW4E",
                "ts": "1564670714.098400"
            },
            {
                "user": "UC1HAFW4E",
                "ts": "1564671161.099400"
            },
            {
                "user": "ULSPWBW9X",
                "ts": "1564671203.099600"
            },
            {
                "user": "ULSPWBW9X",
                "ts": "1564671216.099800"
            },
            {
                "user": "ULSPWBW9X",
                "ts": "1564671244.100000"
            },
            {
                "user": "UC19HAUAK",
                "ts": "1564692732.102100"
            },
            {
                "user": "ULSPWBW9X",
                "ts": "1564701060.102300"
            },
            {
                "user": "ULSPWBW9X",
                "ts": "1564701074.102500"
            },
            {
                "user": "ULSPWBW9X",
                "ts": "1564701198.102700"
            },
            {
                "user": "ULSPWBW9X",
                "ts": "1564701227.102900"
            },
            {
                "user": "UC19HAUAK",
                "ts": "1564711766.103100"
            },
            {
                "user": "ULD1RCPFF",
                "ts": "1564767800.105600"
            },
            {
                "user": "UC19HAUAK",
                "ts": "1564769193.106100"
            },
            {
                "user": "ULD1RCPFF",
                "ts": "1565015721.111200"
            },
            {
                "user": "UC19HAUAK",
                "ts": "1565042128.112900"
            },
            {
                "user": "UC19HAUAK",
                "ts": "1565042420.113100"
            }
        ],
        "subscribed": true,
        "last_read": "1565110442.134244"
    },
    {
        "client_msg_id": "85ecf6dd-27b8-4f47-805f-114d0fe4ffe2",
        "type": "message",
        "text": "i feel like this would be important for anyone doing aggregations in time where there aren't late arriving facts, you only really want to refresh the last few time windows instead of the whole table, which involves a staging table and whatnot that cube's sql based pre-aggregations doesn't (and shouldn't really) support",
        "user": "ULSPWBW9X",
        "ts": "1564668799.092100",
        "team": "TC0C1HURK",
        "user_team": "TC0C1HURK",
        "source_team": "TC0C1HURK",
        "user_profile": {
            "avatar_hash": "gd000e6a1631",
            "image_72": "https:\/\/secure.gravatar.com\/avatar\/fd000e6a1631e4cf5a7ce974a2240803.jpg?s=72&d=https%3A%2F%2Fa.slack-edge.com%2Fdf10d%2Fimg%2Favatars%2Fava_0012-72.png",
            "first_name": "",
            "real_name": "Harry Brundage",
            "display_name": "Harry Brundage",
            "team": "TC0C1HURK",
            "name": "harry",
            "is_restricted": false,
            "is_ultra_restricted": false
        }
    },
    {
        "client_msg_id": "392980b1-e210-41f8-859c-06151a08eca6",
        "type": "message",
        "text": "Hey <@ULSPWBW9X>, I think you can just point your cube to your pre-aggregations table as to a regular table.",
        "user": "UC1HAFW4E",
        "ts": "1564668886.092200",
        "team": "TC0C1HURK",
        "user_team": "TC0C1HURK",
        "source_team": "TC0C1HURK",
        "user_profile": {
            "avatar_hash": "ee7b69830a11",
            "image_72": "https:\/\/avatars.slack-edge.com\/2018-08-13\/414857329600_ee7b69830a119331e10e_72.jpg",
            "first_name": "Artyom",
            "real_name": "Artyom Keydunov",
            "display_name": "Artyom Keydunov",
            "team": "TC0C1HURK",
            "name": "artyom",
            "is_restricted": false,
            "is_ultra_restricted": false
        },
        "edited": {
            "user": "UC1HAFW4E",
            "ts": "1564668895.000000"
        },
        "thread_ts": "1564668709.090400",
        "parent_user_id": "ULSPWBW9X"
    },
    {
        "client_msg_id": "9c3b9549-8e1e-45b1-bca7-56710f524536",
        "type": "message",
        "text": "like as a separate cube than the un-aggregated one?",
        "user": "ULSPWBW9X",
        "ts": "1564668913.092500",
        "team": "TC0C1HURK",
        "user_team": "TC0C1HURK",
        "source_team": "TC0C1HURK",
        "user_profile": {
            "avatar_hash": "gd000e6a1631",
            "image_72": "https:\/\/secure.gravatar.com\/avatar\/fd000e6a1631e4cf5a7ce974a2240803.jpg?s=72&d=https%3A%2F%2Fa.slack-edge.com%2Fdf10d%2Fimg%2Favatars%2Fava_0012-72.png",
            "first_name": "",
            "real_name": "Harry Brundage",
            "display_name": "Harry Brundage",
            "team": "TC0C1HURK",
            "name": "harry",
            "is_restricted": false,
            "is_ultra_restricted": false
        },
        "thread_ts": "1564668709.090400",
        "parent_user_id": "ULSPWBW9X"
    },
    {
        "client_msg_id": "73fd8e60-e64a-4e48-b0be-7491c37729bb",
        "type": "message",
        "text": "Also, on a refresh side, if you use time partitioning with pre-aggregations Cube.js will not refresh the whole table <https:\/\/cube.dev\/docs\/pre-aggregations#rollup-time-partitioning>",
        "user": "UC1HAFW4E",
        "ts": "1564668969.092700",
        "team": "TC0C1HURK",
        "user_team": "TC0C1HURK",
        "source_team": "TC0C1HURK",
        "user_profile": {
            "avatar_hash": "ee7b69830a11",
            "image_72": "https:\/\/avatars.slack-edge.com\/2018-08-13\/414857329600_ee7b69830a119331e10e_72.jpg",
            "first_name": "Artyom",
            "real_name": "Artyom Keydunov",
            "display_name": "Artyom Keydunov",
            "team": "TC0C1HURK",
            "name": "artyom",
            "is_restricted": false,
            "is_ultra_restricted": false
        },
        "edited": {
            "user": "UC1HAFW4E",
            "ts": "1564669036.000000"
        },
        "thread_ts": "1564668709.090400",
        "parent_user_id": "ULSPWBW9X"
    },
    {
        "client_msg_id": "26ddfc6a-2435-4190-977c-b70d24a350ac",
        "type": "message",
        "text": "Yes, you can create a separate cube and point it to pre-aggregated data.",
        "user": "UC1HAFW4E",
        "ts": "1564669003.092900",
        "team": "TC0C1HURK",
        "user_team": "TC0C1HURK",
        "source_team": "TC0C1HURK",
        "user_profile": {
            "avatar_hash": "ee7b69830a11",
            "image_72": "https:\/\/avatars.slack-edge.com\/2018-08-13\/414857329600_ee7b69830a119331e10e_72.jpg",
            "first_name": "Artyom",
            "real_name": "Artyom Keydunov",
            "display_name": "Artyom Keydunov",
            "team": "TC0C1HURK",
            "name": "artyom",
            "is_restricted": false,
            "is_ultra_restricted": false
        },
        "thread_ts": "1564668709.090400",
        "parent_user_id": "ULSPWBW9X"
    },
    {
        "client_msg_id": "67a486a1-bccb-494a-b000-4292b72b1678",
        "type": "message",
        "text": "right. what I was hoping is that i could continue to leverage the same cube and use the smarts that routes queries to the appropriate spot based on the grain of the dimension in the query or what have you. I think I'd have to do that \"client side\" if i used more than one cube, right?",
        "user": "ULSPWBW9X",
        "ts": "1564669070.093200",
        "team": "TC0C1HURK",
        "user_team": "TC0C1HURK",
        "source_team": "TC0C1HURK",
        "user_profile": {
            "avatar_hash": "gd000e6a1631",
            "image_72": "https:\/\/secure.gravatar.com\/avatar\/fd000e6a1631e4cf5a7ce974a2240803.jpg?s=72&d=https%3A%2F%2Fa.slack-edge.com%2Fdf10d%2Fimg%2Favatars%2Fava_0012-72.png",
            "first_name": "",
            "real_name": "Harry Brundage",
            "display_name": "Harry Brundage",
            "team": "TC0C1HURK",
            "name": "harry",
            "is_restricted": false,
            "is_ultra_restricted": false
        },
        "thread_ts": "1564668709.090400",
        "parent_user_id": "ULSPWBW9X"
    },
    {
        "client_msg_id": "2a977bba-9552-41ef-98c8-e14a81a93944",
        "type": "message",
        "text": "and i guess the main reason i am interested in managing these rollups outside of cubejs is that some of them require fancy logic that i want to control the execution of pretty tightly, and i want to use them for other stuff, specifically inside a dbt graph",
        "user": "ULSPWBW9X",
        "ts": "1564669195.093400",
        "team": "TC0C1HURK",
        "user_team": "TC0C1HURK",
        "source_team": "TC0C1HURK",
        "user_profile": {
            "avatar_hash": "gd000e6a1631",
            "image_72": "https:\/\/secure.gravatar.com\/avatar\/fd000e6a1631e4cf5a7ce974a2240803.jpg?s=72&d=https%3A%2F%2Fa.slack-edge.com%2Fdf10d%2Fimg%2Favatars%2Fava_0012-72.png",
            "first_name": "",
            "real_name": "Harry Brundage",
            "display_name": "Harry Brundage",
            "team": "TC0C1HURK",
            "name": "harry",
            "is_restricted": false,
            "is_ultra_restricted": false
        },
        "thread_ts": "1564668709.090400",
        "parent_user_id": "ULSPWBW9X"
    },
    {
        "client_msg_id": "3b0f7930-07c9-44bc-80e7-afd24cf8c49d",
        "type": "message",
        "text": "I see, i guess you can try to dynamically change the sql of the Cube based on requested measures\/dimensions using `FILTER_PARAMS` <https:\/\/cube.dev\/docs\/cube#context-variables-filter-params>",
        "user": "UC1HAFW4E",
        "ts": "1564669351.093600",
        "team": "TC0C1HURK",
        "user_team": "TC0C1HURK",
        "source_team": "TC0C1HURK",
        "user_profile": {
            "avatar_hash": "ee7b69830a11",
            "image_72": "https:\/\/avatars.slack-edge.com\/2018-08-13\/414857329600_ee7b69830a119331e10e_72.jpg",
            "first_name": "Artyom",
            "real_name": "Artyom Keydunov",
            "display_name": "Artyom Keydunov",
            "team": "TC0C1HURK",
            "name": "artyom",
            "is_restricted": false,
            "is_ultra_restricted": false
        },
        "thread_ts": "1564668709.090400",
        "parent_user_id": "ULSPWBW9X"
    },
    {
        "client_msg_id": "ba2d2999-e822-4f0c-aeda-daffd99f0809",
        "type": "message",
        "text": "would you folks be open to adding support for \"unmanaged\" pre-aggregations using the existing pre-aggregation system?",
        "user": "ULSPWBW9X",
        "ts": "1564669384.093800",
        "team": "TC0C1HURK",
        "user_team": "TC0C1HURK",
        "source_team": "TC0C1HURK",
        "user_profile": {
            "avatar_hash": "gd000e6a1631",
            "image_72": "https:\/\/secure.gravatar.com\/avatar\/fd000e6a1631e4cf5a7ce974a2240803.jpg?s=72&d=https%3A%2F%2Fa.slack-edge.com%2Fdf10d%2Fimg%2Favatars%2Fava_0012-72.png",
            "first_name": "",
            "real_name": "Harry Brundage",
            "display_name": "Harry Brundage",
            "team": "TC0C1HURK",
            "name": "harry",
            "is_restricted": false,
            "is_ultra_restricted": false
        },
        "thread_ts": "1564668709.090400",
        "parent_user_id": "ULSPWBW9X"
    },
    {
        "client_msg_id": "712815fc-df30-4157-96ad-a367eea3ad24",
        "type": "message",
        "text": "such that the query routing pieces that understand what measures are additive and what could be powered by what data underneath is able to be used, but the refreshing of the pre-aggregations is just disabled?",
        "user": "ULSPWBW9X",
        "ts": "1564669419.094000",
        "team": "TC0C1HURK",
        "user_team": "TC0C1HURK",
        "source_team": "TC0C1HURK",
        "user_profile": {
            "avatar_hash": "gd000e6a1631",
            "image_72": "https:\/\/secure.gravatar.com\/avatar\/fd000e6a1631e4cf5a7ce974a2240803.jpg?s=72&d=https%3A%2F%2Fa.slack-edge.com%2Fdf10d%2Fimg%2Favatars%2Fava_0012-72.png",
            "first_name": "",
            "real_name": "Harry Brundage",
            "display_name": "Harry Brundage",
            "team": "TC0C1HURK",
            "name": "harry",
            "is_restricted": false,
            "is_ultra_restricted": false
        },
        "edited": {
            "user": "ULSPWBW9X",
            "ts": "1564669420.000000"
        },
        "thread_ts": "1564668709.090400",
        "parent_user_id": "ULSPWBW9X"
    },
    {
        "client_msg_id": "22796294-eb34-4dad-9612-4dbe6b3b2a54",
        "type": "message",
        "text": "cubejs can just expect them to be there?",
        "user": "ULSPWBW9X",
        "ts": "1564669428.094300",
        "team": "TC0C1HURK",
        "user_team": "TC0C1HURK",
        "source_team": "TC0C1HURK",
        "user_profile": {
            "avatar_hash": "gd000e6a1631",
            "image_72": "https:\/\/secure.gravatar.com\/avatar\/fd000e6a1631e4cf5a7ce974a2240803.jpg?s=72&d=https%3A%2F%2Fa.slack-edge.com%2Fdf10d%2Fimg%2Favatars%2Fava_0012-72.png",
            "first_name": "",
            "real_name": "Harry Brundage",
            "display_name": "Harry Brundage",
            "team": "TC0C1HURK",
            "name": "harry",
            "is_restricted": false,
            "is_ultra_restricted": false
        },
        "edited": {
            "user": "ULSPWBW9X",
            "ts": "1564669430.000000"
        },
        "thread_ts": "1564668709.090400",
        "parent_user_id": "ULSPWBW9X"
    },
    {
        "client_msg_id": "14c6469d-1268-42e6-ac42-205ff69eef30",
        "type": "message",
        "text": "i can take a look at it but i dont want to dive in if that's something you folks think shouldn't be part of CubeJS",
        "user": "ULSPWBW9X",
        "ts": "1564669467.094600",
        "team": "TC0C1HURK",
        "user_team": "TC0C1HURK",
        "source_team": "TC0C1HURK",
        "user_profile": {
            "avatar_hash": "gd000e6a1631",
            "image_72": "https:\/\/secure.gravatar.com\/avatar\/fd000e6a1631e4cf5a7ce974a2240803.jpg?s=72&d=https%3A%2F%2Fa.slack-edge.com%2Fdf10d%2Fimg%2Favatars%2Fava_0012-72.png",
            "first_name": "",
            "real_name": "Harry Brundage",
            "display_name": "Harry Brundage",
            "team": "TC0C1HURK",
            "name": "harry",
            "is_restricted": false,
            "is_ultra_restricted": false
        },
        "thread_ts": "1564668709.090400",
        "parent_user_id": "ULSPWBW9X"
    },
    {
        "client_msg_id": "4b32d3d3-5ec3-43bb-b2bc-b127677c2c53",
        "type": "message",
        "text": "I believe it is worth to consider\/discuss, <@UC19HAUAK> what do you think?",
        "user": "UC1HAFW4E",
        "ts": "1564669586.094800",
        "team": "TC0C1HURK",
        "user_team": "TC0C1HURK",
        "source_team": "TC0C1HURK",
        "user_profile": {
            "avatar_hash": "ee7b69830a11",
            "image_72": "https:\/\/avatars.slack-edge.com\/2018-08-13\/414857329600_ee7b69830a119331e10e_72.jpg",
            "first_name": "Artyom",
            "real_name": "Artyom Keydunov",
            "display_name": "Artyom Keydunov",
            "team": "TC0C1HURK",
            "name": "artyom",
            "is_restricted": false,
            "is_ultra_restricted": false
        },
        "thread_ts": "1564668709.090400",
        "parent_user_id": "ULSPWBW9X"
    },
    {
        "client_msg_id": "e12fc70b-e486-44f6-b326-297cf498e815",
        "type": "message",
        "text": "it makes sense to me that CubeJS is part data server but also part ETL system, it is trying to be a one stop shop for folks who need this kind of thing. I think that a lot of people building analytics tools are building other ETL infrastructure (say using something that doesn't even speak SQL) and need a way to get the two working together. I am super interested in using cubejs as my super responsive web based data access point, but things like dbt and airflow have a lot to add to the way the data actually gets built and comes together, so if interoperability is a goal, it'd be awesome",
        "user": "ULSPWBW9X",
        "ts": "1564669703.095000",
        "team": "TC0C1HURK",
        "user_team": "TC0C1HURK",
        "source_team": "TC0C1HURK",
        "user_profile": {
            "avatar_hash": "gd000e6a1631",
            "image_72": "https:\/\/secure.gravatar.com\/avatar\/fd000e6a1631e4cf5a7ce974a2240803.jpg?s=72&d=https%3A%2F%2Fa.slack-edge.com%2Fdf10d%2Fimg%2Favatars%2Fava_0012-72.png",
            "first_name": "",
            "real_name": "Harry Brundage",
            "display_name": "Harry Brundage",
            "team": "TC0C1HURK",
            "name": "harry",
            "is_restricted": false,
            "is_ultra_restricted": false
        },
        "edited": {
            "user": "ULSPWBW9X",
            "ts": "1564669716.000000"
        },
        "thread_ts": "1564668709.090400",
        "parent_user_id": "ULSPWBW9X"
    },
    {
        "client_msg_id": "e45b0dc6-e5e8-402a-8c07-7ac91ba18a7f",
        "type": "message",
        "text": "Thanks!:+1:",
        "user": "UKZHXS0AH",
        "ts": "1564669864.095300",
        "team": "TC0C1HURK",
        "user_team": "TC0C1HURK",
        "source_team": "TC0C1HURK",
        "user_profile": {
            "avatar_hash": "g40d265cb7b4",
            "image_72": "https:\/\/secure.gravatar.com\/avatar\/640d265cb7b423b6be3c97672cff63aa.jpg?s=72&d=https%3A%2F%2Fa.slack-edge.com%2Fdf10d%2Fimg%2Favatars%2Fava_0026-72.png",
            "first_name": "",
            "real_name": "Felipe Azucares",
            "display_name": "Felipe Azucares",
            "team": "TC0C1HURK",
            "name": "phil",
            "is_restricted": false,
            "is_ultra_restricted": false
        },
        "thread_ts": "1564644021.084500",
        "parent_user_id": "UKZHXS0AH"
    },
    {
        "client_msg_id": "b2d855dd-124b-4c08-8460-42f52e2069c8",
        "type": "message",
        "text": "Will look into this",
        "user": "UKZHXS0AH",
        "ts": "1564669939.095500",
        "team": "TC0C1HURK",
        "user_team": "TC0C1HURK",
        "source_team": "TC0C1HURK",
        "user_profile": {
            "avatar_hash": "g40d265cb7b4",
            "image_72": "https:\/\/secure.gravatar.com\/avatar\/640d265cb7b423b6be3c97672cff63aa.jpg?s=72&d=https%3A%2F%2Fa.slack-edge.com%2Fdf10d%2Fimg%2Favatars%2Fava_0026-72.png",
            "first_name": "",
            "real_name": "Felipe Azucares",
            "display_name": "Felipe Azucares",
            "team": "TC0C1HURK",
            "name": "phil",
            "is_restricted": false,
            "is_ultra_restricted": false
        },
        "thread_ts": "1564644021.084500",
        "parent_user_id": "UKZHXS0AH"
    },
    {
        "client_msg_id": "2F5E3C58-8176-4709-B849-F5C113ED0032",
        "type": "message",
        "text": "That makes sense to me in case of existing ETL infrastructure for sure. We have already a type-based pre-aggregations system, which should be pretty extensible.",
        "user": "UC1HAFW4E",
        "ts": "1564670714.098400",
        "team": "TC0C1HURK",
        "user_team": "TC0C1HURK",
        "source_team": "TC0C1HURK",
        "user_profile": {
            "avatar_hash": "ee7b69830a11",
            "image_72": "https:\/\/avatars.slack-edge.com\/2018-08-13\/414857329600_ee7b69830a119331e10e_72.jpg",
            "first_name": "Artyom",
            "real_name": "Artyom Keydunov",
            "display_name": "Artyom Keydunov",
            "team": "TC0C1HURK",
            "name": "artyom",
            "is_restricted": false,
            "is_ultra_restricted": false
        },
        "thread_ts": "1564668709.090400",
        "parent_user_id": "ULSPWBW9X"
    },
    {
        "client_msg_id": "1C4CD061-6285-4519-9627-7448DDC9955D",
        "type": "message",
        "text": "Do you use dbt to build your transformations?",
        "user": "UC1HAFW4E",
        "ts": "1564671161.099400",
        "team": "TC0C1HURK",
        "user_team": "TC0C1HURK",
        "source_team": "TC0C1HURK",
        "user_profile": {
            "avatar_hash": "ee7b69830a11",
            "image_72": "https:\/\/avatars.slack-edge.com\/2018-08-13\/414857329600_ee7b69830a119331e10e_72.jpg",
            "first_name": "Artyom",
            "real_name": "Artyom Keydunov",
            "display_name": "Artyom Keydunov",
            "team": "TC0C1HURK",
            "name": "artyom",
            "is_restricted": false,
            "is_ultra_restricted": false
        },
        "thread_ts": "1564668709.090400",
        "parent_user_id": "ULSPWBW9X"
    },
    {
        "client_msg_id": "70148a76-1dfc-44a4-8c15-89b7743e8157",
        "type": "message",
        "text": "yes, because there's a lot of cleaning and joining and what i would call \"traditional ETL\" (or i guess ELT in my case) before i get to data i want to expose to the client",
        "user": "ULSPWBW9X",
        "ts": "1564671203.099600",
        "team": "TC0C1HURK",
        "user_team": "TC0C1HURK",
        "source_team": "TC0C1HURK",
        "user_profile": {
            "avatar_hash": "gd000e6a1631",
            "image_72": "https:\/\/secure.gravatar.com\/avatar\/fd000e6a1631e4cf5a7ce974a2240803.jpg?s=72&d=https%3A%2F%2Fa.slack-edge.com%2Fdf10d%2Fimg%2Favatars%2Fava_0012-72.png",
            "first_name": "",
            "real_name": "Harry Brundage",
            "display_name": "Harry Brundage",
            "team": "TC0C1HURK",
            "name": "harry",
            "is_restricted": false,
            "is_ultra_restricted": false
        },
        "thread_ts": "1564668709.090400",
        "parent_user_id": "ULSPWBW9X"
    },
    {
        "client_msg_id": "bf755391-fb7e-48b7-b248-149fda1d490b",
        "type": "message",
        "text": "and dbt is really handy for making that stuff work pretty seamlessly",
        "user": "ULSPWBW9X",
        "ts": "1564671216.099800",
        "team": "TC0C1HURK",
        "user_team": "TC0C1HURK",
        "source_team": "TC0C1HURK",
        "user_profile": {
            "avatar_hash": "gd000e6a1631",
            "image_72": "https:\/\/secure.gravatar.com\/avatar\/fd000e6a1631e4cf5a7ce974a2240803.jpg?s=72&d=https%3A%2F%2Fa.slack-edge.com%2Fdf10d%2Fimg%2Favatars%2Fava_0012-72.png",
            "first_name": "",
            "real_name": "Harry Brundage",
            "display_name": "Harry Brundage",
            "team": "TC0C1HURK",
            "name": "harry",
            "is_restricted": false,
            "is_ultra_restricted": false
        },
        "thread_ts": "1564668709.090400",
        "parent_user_id": "ULSPWBW9X"
    },
    {
        "client_msg_id": "fe2e94b7-0c9a-44a2-adb8-548bc7d62251",
        "type": "message",
        "text": "they also have a bunch of prebuilt modules so you can just install SQL data models for shopify or snowplow web analytics or stripe or what have you and then configure their materializations",
        "user": "ULSPWBW9X",
        "ts": "1564671244.100000",
        "team": "TC0C1HURK",
        "user_team": "TC0C1HURK",
        "source_team": "TC0C1HURK",
        "user_profile": {
            "avatar_hash": "gd000e6a1631",
            "image_72": "https:\/\/secure.gravatar.com\/avatar\/fd000e6a1631e4cf5a7ce974a2240803.jpg?s=72&d=https%3A%2F%2Fa.slack-edge.com%2Fdf10d%2Fimg%2Favatars%2Fava_0012-72.png",
            "first_name": "",
            "real_name": "Harry Brundage",
            "display_name": "Harry Brundage",
            "team": "TC0C1HURK",
            "name": "harry",
            "is_restricted": false,
            "is_ultra_restricted": false
        },
        "edited": {
            "user": "ULSPWBW9X",
            "ts": "1564671246.000000"
        },
        "thread_ts": "1564668709.090400",
        "parent_user_id": "ULSPWBW9X"
    },
    {
        "type": "message",
        "subtype": "channel_join",
        "ts": "1564672502.100400",
        "user": "ULZ7WUMT7",
        "text": "<@ULZ7WUMT7> has joined the channel"
    },
    {
        "client_msg_id": "7d5765b4-0c94-4a40-b203-e8edccad1aab",
        "type": "message",
        "text": "<@UC19HAUAK> probably this is workaround, but would be better fix if bug.",
        "user": "ULKS069JN",
        "ts": "1564672999.100500",
        "team": "TC0C1HURK",
        "user_team": "TC0C1HURK",
        "source_team": "TC0C1HURK",
        "user_profile": {
            "avatar_hash": "b1fec10e8c15",
            "image_72": "https:\/\/avatars.slack-edge.com\/2019-11-13\/835478181030_b1fec10e8c15e04269cc_72.png",
            "first_name": "Norbert",
            "real_name": "Norbert Bede",
            "display_name": "Norbert Bede",
            "team": "TC0C1HURK",
            "name": "norbert.bede764",
            "is_restricted": false,
            "is_ultra_restricted": false
        },
        "thread_ts": "1564552076.060600",
        "parent_user_id": "ULKS069JN"
    },
    {
        "type": "message",
        "subtype": "channel_join",
        "ts": "1564677251.101100",
        "user": "ULYSE8ZM2",
        "text": "<@ULYSE8ZM2> has joined the channel"
    },
    {
        "client_msg_id": "3f609d0b-eb0f-4f57-8d57-5ed50712736e",
        "type": "message",
        "text": "<@ULLTVDLCS> Exactly. You can create new one: cube.js",
        "user": "UC19HAUAK",
        "ts": "1564678516.101300",
        "team": "TC0C1HURK",
        "user_team": "TC0C1HURK",
        "source_team": "TC0C1HURK",
        "user_profile": {
            "avatar_hash": "066a042e018c",
            "image_72": "https:\/\/avatars.slack-edge.com\/2019-12-07\/866588520998_066a042e018ca831a195_72.png",
            "first_name": "Pavel",
            "real_name": "Pavel Tiunov",
            "display_name": "pavel",
            "team": "TC0C1HURK",
            "name": "pavel",
            "is_restricted": false,
            "is_ultra_restricted": false
        },
        "thread_ts": "1564609929.075400",
        "parent_user_id": "ULLTVDLCS"
    },
    {
        "client_msg_id": "5737ebb0-b931-44de-9027-d02ca4ff02ea",
        "type": "message",
        "text": "<@UJ0TZSN6M> without `renewQuery` it won't wait for `refreshKey` to renew. It issues renew query in background and just returns result from cache right away if available.",
        "user": "UC19HAUAK",
        "ts": "1564685392.101500",
        "team": "TC0C1HURK",
        "user_team": "TC0C1HURK",
        "source_team": "TC0C1HURK",
        "user_profile": {
            "avatar_hash": "066a042e018c",
            "image_72": "https:\/\/avatars.slack-edge.com\/2019-12-07\/866588520998_066a042e018ca831a195_72.png",
            "first_name": "Pavel",
            "real_name": "Pavel Tiunov",
            "display_name": "pavel",
            "team": "TC0C1HURK",
            "name": "pavel",
            "is_restricted": false,
            "is_ultra_restricted": false
        },
        "thread_ts": "1564591058.066400",
        "parent_user_id": "UJ0TZSN6M",
        "reactions": [
            {
                "name": "heavy_check_mark",
                "users": [
                    "UJ0TZSN6M"
                ],
                "count": 1
            }
        ]
    },
    {
        "type": "message",
        "subtype": "channel_join",
        "ts": "1564690718.102000",
        "user": "ULZ5FD6QL",
        "text": "<@ULZ5FD6QL> has joined the channel"
    },
    {
        "client_msg_id": "46f516c9-b877-4487-8984-b9c9817ac1fe",
        "type": "message",
        "text": "Hey <@ULSPWBW9X>! That's really great question. From our experience with existing deployments I think for now what you can do is to setup several highly granular materialized views that you will maintain with your  ETL\/ELT tool. Cube.js then can use these materialized views as a source and further incrementally pre-aggregate them. This approach is battle tested on a trillion data point deployments.",
        "user": "UC19HAUAK",
        "ts": "1564692732.102100",
        "team": "TC0C1HURK",
        "user_team": "TC0C1HURK",
        "source_team": "TC0C1HURK",
        "user_profile": {
            "avatar_hash": "066a042e018c",
            "image_72": "https:\/\/avatars.slack-edge.com\/2019-12-07\/866588520998_066a042e018ca831a195_72.png",
            "first_name": "Pavel",
            "real_name": "Pavel Tiunov",
            "display_name": "pavel",
            "team": "TC0C1HURK",
            "name": "pavel",
            "is_restricted": false,
            "is_ultra_restricted": false
        },
        "thread_ts": "1564668709.090400",
        "parent_user_id": "ULSPWBW9X"
    },
    {
        "client_msg_id": "d64f171d-287f-4b87-b2f6-747c601d55b6",
        "type": "message",
        "text": "<@UC19HAUAK> ok thanks for the suggestion. Would you guys be open to a contribution adding support for unmanaged pre-aggregations? it'd be far preferable for me to be able to manage the when and the how of the whole stack of transforms and aggregations, and just use cubejs as a sharp tool with the single job of serving data.",
        "user": "ULSPWBW9X",
        "ts": "1564701060.102300",
        "team": "TC0C1HURK",
        "user_team": "TC0C1HURK",
        "source_team": "TC0C1HURK",
        "user_profile": {
            "avatar_hash": "gd000e6a1631",
            "image_72": "https:\/\/secure.gravatar.com\/avatar\/fd000e6a1631e4cf5a7ce974a2240803.jpg?s=72&d=https%3A%2F%2Fa.slack-edge.com%2Fdf10d%2Fimg%2Favatars%2Fava_0012-72.png",
            "first_name": "",
            "real_name": "Harry Brundage",
            "display_name": "Harry Brundage",
            "team": "TC0C1HURK",
            "name": "harry",
            "is_restricted": false,
            "is_ultra_restricted": false
        },
        "thread_ts": "1564668709.090400",
        "parent_user_id": "ULSPWBW9X"
    },
    {
        "client_msg_id": "d48f2e93-15f6-4a31-bb72-24128675f0dc",
        "type": "message",
        "text": "the unix philosophy and all that",
        "user": "ULSPWBW9X",
        "ts": "1564701074.102500",
        "team": "TC0C1HURK",
        "user_team": "TC0C1HURK",
        "source_team": "TC0C1HURK",
        "user_profile": {
            "avatar_hash": "gd000e6a1631",
            "image_72": "https:\/\/secure.gravatar.com\/avatar\/fd000e6a1631e4cf5a7ce974a2240803.jpg?s=72&d=https%3A%2F%2Fa.slack-edge.com%2Fdf10d%2Fimg%2Favatars%2Fava_0012-72.png",
            "first_name": "",
            "real_name": "Harry Brundage",
            "display_name": "Harry Brundage",
            "team": "TC0C1HURK",
            "name": "harry",
            "is_restricted": false,
            "is_ultra_restricted": false
        },
        "thread_ts": "1564668709.090400",
        "parent_user_id": "ULSPWBW9X"
    },
    {
        "client_msg_id": "c7837200-e986-4b7c-b176-f1f4e8f6663b",
        "type": "message",
        "text": "the reason im hesitant to use any cubejs managed preaggregations at all is that i want to be able to refresh those aggregations as soon as data comes in using things that are in memory in other systems, like a stream processor or something like that having multiple downstream outputs into those aggregated tables. if you're maintaining a lot of them and want to do aggregations in multiple dimensions to me that's a better architecture long term as you're doing the minimal amount of updating and the most timely data loading as possible, avoiding any table scans or delays for cubejs having to notice that there's fresh data requiring preaggregation",
        "user": "ULSPWBW9X",
        "ts": "1564701198.102700",
        "team": "TC0C1HURK",
        "user_team": "TC0C1HURK",
        "source_team": "TC0C1HURK",
        "user_profile": {
            "avatar_hash": "gd000e6a1631",
            "image_72": "https:\/\/secure.gravatar.com\/avatar\/fd000e6a1631e4cf5a7ce974a2240803.jpg?s=72&d=https%3A%2F%2Fa.slack-edge.com%2Fdf10d%2Fimg%2Favatars%2Fava_0012-72.png",
            "first_name": "",
            "real_name": "Harry Brundage",
            "display_name": "Harry Brundage",
            "team": "TC0C1HURK",
            "name": "harry",
            "is_restricted": false,
            "is_ultra_restricted": false
        },
        "thread_ts": "1564668709.090400",
        "parent_user_id": "ULSPWBW9X"
    },
    {
        "client_msg_id": "ff869eb2-7071-4e81-8190-ff760bbc55d7",
        "type": "message",
        "text": "its ok if the answer is no, i think i'd just have to fork which would be undesirable for me but i am just one random dude so not to worry",
        "user": "ULSPWBW9X",
        "ts": "1564701227.102900",
        "team": "TC0C1HURK",
        "user_team": "TC0C1HURK",
        "source_team": "TC0C1HURK",
        "user_profile": {
            "avatar_hash": "gd000e6a1631",
            "image_72": "https:\/\/secure.gravatar.com\/avatar\/fd000e6a1631e4cf5a7ce974a2240803.jpg?s=72&d=https%3A%2F%2Fa.slack-edge.com%2Fdf10d%2Fimg%2Favatars%2Fava_0012-72.png",
            "first_name": "",
            "real_name": "Harry Brundage",
            "display_name": "Harry Brundage",
            "team": "TC0C1HURK",
            "name": "harry",
            "is_restricted": false,
            "is_ultra_restricted": false
        },
        "thread_ts": "1564668709.090400",
        "parent_user_id": "ULSPWBW9X"
    },
    {
        "client_msg_id": "106230f9-3797-4266-81ba-c6d3a5ec9264",
        "type": "message",
        "text": "<@ULSPWBW9X> We're open to all sort of contributions which improve cube.js. Could you please elaborate on how do you see it can be implemented on Cube.js side?",
        "user": "UC19HAUAK",
        "ts": "1564711766.103100",
        "team": "TC0C1HURK",
        "user_team": "TC0C1HURK",
        "source_team": "TC0C1HURK",
        "user_profile": {
            "avatar_hash": "066a042e018c",
            "image_72": "https:\/\/avatars.slack-edge.com\/2019-12-07\/866588520998_066a042e018ca831a195_72.png",
            "first_name": "Pavel",
            "real_name": "Pavel Tiunov",
            "display_name": "pavel",
            "team": "TC0C1HURK",
            "name": "pavel",
            "is_restricted": false,
            "is_ultra_restricted": false
        },
        "thread_ts": "1564668709.090400",
        "parent_user_id": "ULSPWBW9X"
    },
    {
        "client_msg_id": "a15f7abe-78c3-43d6-a64b-ecdaebcbf77e",
        "type": "message",
        "text": "<@ULKS069JN> Could you please share your Cube.js schema file?",
        "user": "UC19HAUAK",
        "ts": "1564712626.103300",
        "team": "TC0C1HURK",
        "user_team": "TC0C1HURK",
        "source_team": "TC0C1HURK",
        "user_profile": {
            "avatar_hash": "066a042e018c",
            "image_72": "https:\/\/avatars.slack-edge.com\/2019-12-07\/866588520998_066a042e018ca831a195_72.png",
            "first_name": "Pavel",
            "real_name": "Pavel Tiunov",
            "display_name": "pavel",
            "team": "TC0C1HURK",
            "name": "pavel",
            "is_restricted": false,
            "is_ultra_restricted": false
        },
        "edited": {
            "user": "UC19HAUAK",
            "ts": "1564712675.000000"
        },
        "thread_ts": "1564552076.060600",
        "parent_user_id": "ULKS069JN"
    },
    {
        "type": "message",
        "subtype": "channel_join",
        "ts": "1564715949.103700",
        "user": "UM1PT4VB9",
        "text": "<@UM1PT4VB9> has joined the channel"
    },
    {
        "type": "message",
        "subtype": "channel_join",
        "ts": "1564717806.103900",
        "user": "ULTJER3SM",
        "text": "<@ULTJER3SM> has joined the channel"
    },
    {
        "type": "message",
        "subtype": "channel_join",
        "ts": "1564720207.104100",
        "user": "UM2428T70",
        "text": "<@UM2428T70> has joined the channel"
    },
    {
        "client_msg_id": "176f58aa-265e-4790-a2b6-de5670870adc",
        "type": "message",
        "text": "Hi Anyone,\nHow to deploy Cube.js project using GCP?",
        "user": "UK3MR5VSN",
        "ts": "1564720296.104900",
        "team": "TC0C1HURK",
        "user_team": "TC0C1HURK",
        "source_team": "TC0C1HURK",
        "user_profile": {
            "avatar_hash": "g1c20957ded8",
            "image_72": "https:\/\/secure.gravatar.com\/avatar\/b1c20957ded859ecaee756debb75d2c0.jpg?s=72&d=https%3A%2F%2Fa.slack-edge.com%2Fdf10d%2Fimg%2Favatars%2Fava_0025-72.png",
            "first_name": "",
            "real_name": "Kelvin Nainggolan",
            "display_name": "Kelvin Nainggolan",
            "team": "TC0C1HURK",
            "name": "kelvinnainggolan59",
            "is_restricted": false,
            "is_ultra_restricted": false
        },
        "thread_ts": "1564720296.104900",
        "reply_count": 2,
        "reply_users_count": 2,
        "latest_reply": "1564794454.107200",
        "reply_users": [
            "ULD1RCPFF",
            "UC19HAUAK"
        ],
        "replies": [
            {
                "user": "ULD1RCPFF",
                "ts": "1564767928.105800"
            },
            {
                "user": "UC19HAUAK",
                "ts": "1564794454.107200"
            }
        ],
        "subscribed": false
    },
    {
        "type": "message",
        "text": "Hi <@UC19HAUAK> related scheme attached",
        "files": [
            {
                "id": "FM00LJK8D",
                "created": 1564722216,
                "timestamp": 1564722216,
                "name": "invoicescheme",
                "title": "invoicescheme",
                "mimetype": "text\/plain",
                "filetype": "text",
                "pretty_type": "Plain Text",
                "user": "ULKS069JN",
                "editable": true,
                "size": 845,
                "mode": "snippet",
                "is_external": false,
                "external_type": "",
                "is_public": true,
                "public_url_shared": false,
                "display_as_bot": false,
                "username": "",
                "url_private": "https:\/\/files.slack.com\/files-pri\/TC0C1HURK-FM00LJK8D\/invoicescheme?t=xoxe-408409606869-1267807410853-1293019902560-8c9dc5fc58d3a65e0fe0837e69de048d",
                "url_private_download": "https:\/\/files.slack.com\/files-pri\/TC0C1HURK-FM00LJK8D\/download\/invoicescheme?t=xoxe-408409606869-1267807410853-1293019902560-8c9dc5fc58d3a65e0fe0837e69de048d",
                "permalink": "https:\/\/cube-js.slack.com\/files\/ULKS069JN\/FM00LJK8D\/invoicescheme",
                "permalink_public": "https:\/\/slack-files.com\/TC0C1HURK-FM00LJK8D-8d6daf253a",
                "edit_link": "https:\/\/cube-js.slack.com\/files\/ULKS069JN\/FM00LJK8D\/invoicescheme\/edit",
                "is_starred": false,
                "has_rich_preview": false
            }
        ],
        "upload": true,
        "user": "ULKS069JN",
        "display_as_bot": false,
        "ts": "1564722216.105000",
        "client_msg_id": "1e52a207-eecd-4a68-812a-0214a3ff4056",
        "thread_ts": "1564552076.060600",
        "parent_user_id": "ULKS069JN"
    }
]