[
    {
        "client_msg_id": "bcdd84f5-7c1f-4f36-b57d-f0705ecff6b3",
        "type": "message",
        "text": "Now work perfect!!! thanks, you have some place to donate to the project",
        "user": "UN3QHAMKK",
        "ts": "1568363226.054300",
        "team": "TC0C1HURK",
        "user_team": "TC0C1HURK",
        "source_team": "TC0C1HURK",
        "user_profile": {
            "avatar_hash": "g01621e1982b",
            "image_72": "https:\/\/secure.gravatar.com\/avatar\/401621e1982baa82b8289fc9c2aa6321.jpg?s=72&d=https%3A%2F%2Fa.slack-edge.com%2Fdf10d%2Fimg%2Favatars%2Fava_0000-72.png",
            "first_name": "",
            "real_name": "Goldrak",
            "display_name": "Goldrak",
            "team": "TC0C1HURK",
            "name": "goldrak",
            "is_restricted": false,
            "is_ultra_restricted": false
        },
        "thread_ts": "1568305415.035700",
        "parent_user_id": "UN3QHAMKK"
    },
    {
        "client_msg_id": "cb8e5e30-83d0-45d8-90dc-7355ac067a8b",
        "type": "message",
        "text": "even beers, for the weekend",
        "user": "UN3QHAMKK",
        "ts": "1568363269.054500",
        "team": "TC0C1HURK",
        "user_team": "TC0C1HURK",
        "source_team": "TC0C1HURK",
        "user_profile": {
            "avatar_hash": "g01621e1982b",
            "image_72": "https:\/\/secure.gravatar.com\/avatar\/401621e1982baa82b8289fc9c2aa6321.jpg?s=72&d=https%3A%2F%2Fa.slack-edge.com%2Fdf10d%2Fimg%2Favatars%2Fava_0000-72.png",
            "first_name": "",
            "real_name": "Goldrak",
            "display_name": "Goldrak",
            "team": "TC0C1HURK",
            "name": "goldrak",
            "is_restricted": false,
            "is_ultra_restricted": false
        },
        "thread_ts": "1568305415.035700",
        "parent_user_id": "UN3QHAMKK"
    },
    {
        "type": "message",
        "subtype": "channel_join",
        "ts": "1568368227.054800",
        "user": "UN4NRMGTB",
        "text": "<@UN4NRMGTB> has joined the channel"
    },
    {
        "client_msg_id": "478e60f8-5ef0-4199-8d43-e75fe13d9085",
        "type": "message",
        "text": "Movie Data cube: child \"name\" fails because [\"name\" with value \"Movie Data\" fails to match the identifier pattern]\n    at ErrorReporter.throwIfAny",
        "user": "UN4NRMGTB",
        "ts": "1568368338.055000",
        "team": "TC0C1HURK",
        "user_team": "TC0C1HURK",
        "source_team": "TC0C1HURK",
        "user_profile": {
            "avatar_hash": "g15957039af1",
            "image_72": "https:\/\/secure.gravatar.com\/avatar\/715957039af190583c820ef73e231fa8.jpg?s=72&d=https%3A%2F%2Fa.slack-edge.com%2Fdf10d%2Fimg%2Favatars%2Fava_0012-72.png",
            "first_name": "",
            "real_name": "Preeet",
            "display_name": "Preeet",
            "team": "TC0C1HURK",
            "name": "preet",
            "is_restricted": false,
            "is_ultra_restricted": false
        },
        "thread_ts": "1568368338.055000",
        "reply_count": 1,
        "reply_users_count": 1,
        "latest_reply": "1568392317.059000",
        "reply_users": [
            "UC19HAUAK"
        ],
        "replies": [
            {
                "user": "UC19HAUAK",
                "ts": "1568392317.059000"
            }
        ],
        "subscribed": false
    },
    {
        "type": "message",
        "subtype": "channel_join",
        "ts": "1568374876.055200",
        "user": "UNAQ4G7T6",
        "text": "<@UNAQ4G7T6> has joined the channel"
    },
    {
        "client_msg_id": "8adc77ff-4021-435f-a398-4a9113f04d5d",
        "type": "message",
        "text": "Thanks <@UC19HAUAK>\nI've implemented one.",
        "user": "UN2BM4F4P",
        "ts": "1568375176.055300",
        "team": "TC0C1HURK",
        "user_team": "TC0C1HURK",
        "source_team": "TC0C1HURK",
        "user_profile": {
            "avatar_hash": "gaf344001b36",
            "image_72": "https:\/\/secure.gravatar.com\/avatar\/3af344001b36235c8c092f9d00813e37.jpg?s=72&d=https%3A%2F%2Fa.slack-edge.com%2Fdf10d%2Fimg%2Favatars%2Fava_0013-72.png",
            "first_name": "",
            "real_name": "Lega",
            "display_name": "Lega",
            "team": "TC0C1HURK",
            "name": "lega",
            "is_restricted": false,
            "is_ultra_restricted": false
        },
        "thread_ts": "1568278758.031600",
        "parent_user_id": "UN2BM4F4P",
        "reactions": [
            {
                "name": "raised_hands",
                "users": [
                    "UC19HAUAK"
                ],
                "count": 1
            }
        ]
    },
    {
        "client_msg_id": "24aed9b8-69e1-402a-b4e2-cfdbd5b988ec",
        "type": "message",
        "text": "Hello,\nHow can I generate the new CUBEJS_API_SECRET?",
        "user": "UN2BM4F4P",
        "ts": "1568375221.055800",
        "team": "TC0C1HURK",
        "user_team": "TC0C1HURK",
        "source_team": "TC0C1HURK",
        "user_profile": {
            "avatar_hash": "gaf344001b36",
            "image_72": "https:\/\/secure.gravatar.com\/avatar\/3af344001b36235c8c092f9d00813e37.jpg?s=72&d=https%3A%2F%2Fa.slack-edge.com%2Fdf10d%2Fimg%2Favatars%2Fava_0013-72.png",
            "first_name": "",
            "real_name": "Lega",
            "display_name": "Lega",
            "team": "TC0C1HURK",
            "name": "lega",
            "is_restricted": false,
            "is_ultra_restricted": false
        },
        "thread_ts": "1568375221.055800",
        "reply_count": 1,
        "reply_users_count": 1,
        "latest_reply": "1568375618.055900",
        "reply_users": [
            "UL55T8A72"
        ],
        "replies": [
            {
                "user": "UL55T8A72",
                "ts": "1568375618.055900"
            }
        ],
        "subscribed": false
    },
    {
        "client_msg_id": "a5db3897-31ed-4015-98b3-060e81e4700f",
        "type": "message",
        "text": "Hey :slightly_smiling_face:\nHave you tried:\n<https:\/\/cube.dev\/docs\/security#generating-token>\n<https:\/\/cube.dev\/docs\/security#generating-token-using-cli>\n\n?",
        "user": "UL55T8A72",
        "ts": "1568375618.055900",
        "team": "TC0C1HURK",
        "user_team": "TC0C1HURK",
        "source_team": "TC0C1HURK",
        "user_profile": {
            "avatar_hash": "gf36bf9009f7",
            "image_72": "https:\/\/secure.gravatar.com\/avatar\/8f36bf9009f7fb07cdbbf838ae9dce8c.jpg?s=72&d=https%3A%2F%2Fa.slack-edge.com%2Fdf10d%2Fimg%2Favatars%2Fava_0009-72.png",
            "first_name": "",
            "real_name": "Anton Abilov",
            "display_name": "Anton Abilov",
            "team": "TC0C1HURK",
            "name": "anton",
            "is_restricted": false,
            "is_ultra_restricted": false
        },
        "edited": {
            "user": "UL55T8A72",
            "ts": "1568377192.000000"
        },
        "thread_ts": "1568375221.055800",
        "parent_user_id": "UN2BM4F4P"
    },
    {
        "client_msg_id": "8f66d4e9-764a-4540-8397-ba91ca751b70",
        "type": "message",
        "text": "can we create runtime connection with database in cubejs ?",
        "user": "UNAQ4G7T6",
        "ts": "1568375654.056200",
        "team": "TC0C1HURK",
        "user_team": "TC0C1HURK",
        "source_team": "TC0C1HURK",
        "user_profile": {
            "avatar_hash": "g83607e279fb",
            "image_72": "https:\/\/secure.gravatar.com\/avatar\/383607e279fb0fc0c6fe952c2ec3427a.jpg?s=72&d=https%3A%2F%2Fa.slack-edge.com%2Fdf10d%2Fimg%2Favatars%2Fava_0017-72.png",
            "first_name": "",
            "real_name": "mshahzaib",
            "display_name": "mshahzaib",
            "team": "TC0C1HURK",
            "name": "m.shahzaib108",
            "is_restricted": false,
            "is_ultra_restricted": false
        },
        "thread_ts": "1568375654.056200",
        "reply_count": 1,
        "reply_users_count": 1,
        "latest_reply": "1568392364.059200",
        "reply_users": [
            "UC19HAUAK"
        ],
        "replies": [
            {
                "user": "UC19HAUAK",
                "ts": "1568392364.059200"
            }
        ],
        "subscribed": false
    },
    {
        "type": "message",
        "subtype": "channel_join",
        "ts": "1568382154.056700",
        "user": "UMZU3K3EF",
        "text": "<@UMZU3K3EF> has joined the channel"
    },
    {
        "client_msg_id": "7c5f1bc8-8ca7-42a3-83a1-31b9415e247b",
        "type": "message",
        "text": ":wave:",
        "user": "UMZU3K3EF",
        "ts": "1568382267.056900",
        "team": "TC0C1HURK",
        "user_team": "TC0C1HURK",
        "source_team": "TC0C1HURK",
        "user_profile": {
            "avatar_hash": "g9d0fcee0961",
            "image_72": "https:\/\/secure.gravatar.com\/avatar\/39d0fcee096105476d25784fd3452481.jpg?s=72&d=https%3A%2F%2Fa.slack-edge.com%2Fdf10d%2Fimg%2Favatars%2Fava_0006-72.png",
            "first_name": "",
            "real_name": "Jared Palmer",
            "display_name": "Jared Palmer",
            "team": "TC0C1HURK",
            "name": "jared",
            "is_restricted": false,
            "is_ultra_restricted": false
        },
        "thread_ts": "1568382267.056900",
        "reply_count": 1,
        "reply_users_count": 1,
        "latest_reply": "1568382557.058200",
        "reply_users": [
            "UC1HAFW4E"
        ],
        "replies": [
            {
                "user": "UC1HAFW4E",
                "ts": "1568382557.058200"
            }
        ],
        "subscribed": true,
        "last_read": "1568382557.058200",
        "reactions": [
            {
                "name": "wave",
                "users": [
                    "UC1HAFW4E",
                    "UC19HAUAK"
                ],
                "count": 2
            }
        ]
    },
    {
        "client_msg_id": "ED5A47FB-10A8-43DB-B804-60D4BC4C2A1A",
        "type": "message",
        "text": "Hey <@UMZU3K3EF>, great to have you here! I’m a big fan of Formik :simple_smile:",
        "user": "UC1HAFW4E",
        "ts": "1568382557.058200",
        "team": "TC0C1HURK",
        "user_team": "TC0C1HURK",
        "source_team": "TC0C1HURK",
        "user_profile": {
            "avatar_hash": "ee7b69830a11",
            "image_72": "https:\/\/avatars.slack-edge.com\/2018-08-13\/414857329600_ee7b69830a119331e10e_72.jpg",
            "first_name": "Artyom",
            "real_name": "Artyom Keydunov",
            "display_name": "Artyom Keydunov",
            "team": "TC0C1HURK",
            "name": "artyom",
            "is_restricted": false,
            "is_ultra_restricted": false
        },
        "edited": {
            "user": "UC1HAFW4E",
            "ts": "1568383104.000000"
        },
        "thread_ts": "1568382267.056900",
        "parent_user_id": "UMZU3K3EF"
    },
    {
        "type": "message",
        "subtype": "channel_join",
        "ts": "1568387586.058800",
        "user": "UN02S87FV",
        "text": "<@UN02S87FV> has joined the channel"
    },
    {
        "client_msg_id": "b37e7c66-ede6-47f2-9199-405a526a2934",
        "type": "message",
        "text": "Hey <@UN4NRMGTB>! Could you please try to use `MovieData` instead?",
        "user": "UC19HAUAK",
        "ts": "1568392317.059000",
        "team": "TC0C1HURK",
        "user_team": "TC0C1HURK",
        "source_team": "TC0C1HURK",
        "user_profile": {
            "avatar_hash": "066a042e018c",
            "image_72": "https:\/\/avatars.slack-edge.com\/2019-12-07\/866588520998_066a042e018ca831a195_72.png",
            "first_name": "Pavel",
            "real_name": "Pavel Tiunov",
            "display_name": "pavel",
            "team": "TC0C1HURK",
            "name": "pavel",
            "is_restricted": false,
            "is_ultra_restricted": false
        },
        "thread_ts": "1568368338.055000",
        "parent_user_id": "UN4NRMGTB"
    },
    {
        "client_msg_id": "e69091bf-6458-4dc4-8991-74ab8bf2b296",
        "type": "message",
        "text": "Hey <@UNAQ4G7T6>! Yep. It's possible: <https:\/\/cube.dev\/docs\/multitenancy-setup>",
        "user": "UC19HAUAK",
        "ts": "1568392364.059200",
        "team": "TC0C1HURK",
        "user_team": "TC0C1HURK",
        "source_team": "TC0C1HURK",
        "user_profile": {
            "avatar_hash": "066a042e018c",
            "image_72": "https:\/\/avatars.slack-edge.com\/2019-12-07\/866588520998_066a042e018ca831a195_72.png",
            "first_name": "Pavel",
            "real_name": "Pavel Tiunov",
            "display_name": "pavel",
            "team": "TC0C1HURK",
            "name": "pavel",
            "is_restricted": false,
            "is_ultra_restricted": false
        },
        "thread_ts": "1568375654.056200",
        "parent_user_id": "UNAQ4G7T6"
    },
    {
        "client_msg_id": "b1d6f444-8af8-478c-b5d4-4bd3364e5fd3",
        "type": "message",
        "text": "<@UN3QHAMKK> Thanks for warm feedback! There's no way to donate but there're other ways to contribute back like writing blog posts about your use case. Please let me know if you're interested.",
        "user": "UC19HAUAK",
        "ts": "1568392648.059500",
        "team": "TC0C1HURK",
        "user_team": "TC0C1HURK",
        "source_team": "TC0C1HURK",
        "user_profile": {
            "avatar_hash": "066a042e018c",
            "image_72": "https:\/\/avatars.slack-edge.com\/2019-12-07\/866588520998_066a042e018ca831a195_72.png",
            "first_name": "Pavel",
            "real_name": "Pavel Tiunov",
            "display_name": "pavel",
            "team": "TC0C1HURK",
            "name": "pavel",
            "is_restricted": false,
            "is_ultra_restricted": false
        },
        "thread_ts": "1568305415.035700",
        "parent_user_id": "UN3QHAMKK"
    },
    {
        "client_msg_id": "a62a742e-fe25-4062-b39d-2519378f0b04",
        "type": "message",
        "text": "<@UJXANJSSF> Yeah. Makes sense. Could you please add a github issue for that?",
        "user": "UC19HAUAK",
        "ts": "1568393789.059700",
        "team": "TC0C1HURK",
        "user_team": "TC0C1HURK",
        "source_team": "TC0C1HURK",
        "user_profile": {
            "avatar_hash": "066a042e018c",
            "image_72": "https:\/\/avatars.slack-edge.com\/2019-12-07\/866588520998_066a042e018ca831a195_72.png",
            "first_name": "Pavel",
            "real_name": "Pavel Tiunov",
            "display_name": "pavel",
            "team": "TC0C1HURK",
            "name": "pavel",
            "is_restricted": false,
            "is_ultra_restricted": false
        },
        "thread_ts": "1567759333.009800",
        "parent_user_id": "UJXANJSSF"
    },
    {
        "client_msg_id": "82750c61-e698-4720-b69d-bc78130acc1a",
        "type": "message",
        "text": "<@UN980H6VA> Great to hear that!",
        "user": "UC19HAUAK",
        "ts": "1568394153.059900",
        "team": "TC0C1HURK",
        "user_team": "TC0C1HURK",
        "source_team": "TC0C1HURK",
        "user_profile": {
            "avatar_hash": "066a042e018c",
            "image_72": "https:\/\/avatars.slack-edge.com\/2019-12-07\/866588520998_066a042e018ca831a195_72.png",
            "first_name": "Pavel",
            "real_name": "Pavel Tiunov",
            "display_name": "pavel",
            "team": "TC0C1HURK",
            "name": "pavel",
            "is_restricted": false,
            "is_ultra_restricted": false
        },
        "thread_ts": "1568282855.033400",
        "parent_user_id": "UN980H6VA"
    },
    {
        "type": "message",
        "subtype": "channel_join",
        "ts": "1568396898.060200",
        "user": "UN5B03DNV",
        "text": "<@UN5B03DNV> has joined the channel"
    },
    {
        "client_msg_id": "fabdd534-7fd7-4c72-8aac-5fe52eee726e",
        "type": "message",
        "text": "how can I run `npm run prod`, I've added `prod: node index.js` in package.json scripts section",
        "user": "UMZGSKQCU",
        "ts": "1568441046.001300",
        "team": "TC0C1HURK",
        "user_team": "TC0C1HURK",
        "source_team": "TC0C1HURK",
        "user_profile": {
            "avatar_hash": "gae94c75bf42",
            "image_72": "https:\/\/secure.gravatar.com\/avatar\/2ae94c75bf4244e39897bec0d7e5056e.jpg?s=72&d=https%3A%2F%2Fa.slack-edge.com%2Fdf10d%2Fimg%2Favatars%2Fava_0026-72.png",
            "first_name": "",
            "real_name": "Nibin John",
            "display_name": "Nibin John",
            "team": "TC0C1HURK",
            "name": "rockingnibin",
            "is_restricted": false,
            "is_ultra_restricted": false
        },
        "thread_ts": "1568441046.001300",
        "reply_count": 2,
        "reply_users_count": 2,
        "latest_reply": "1569217616.075500",
        "reply_users": [
            "UC19HAUAK",
            "UMZGSKQCU"
        ],
        "replies": [
            {
                "user": "UC19HAUAK",
                "ts": "1568482148.002400"
            },
            {
                "user": "UMZGSKQCU",
                "ts": "1569217616.075500"
            }
        ],
        "subscribed": false
    },
    {
        "client_msg_id": "fcd25176-a86e-4645-a6c7-fb5bd9d4fa52",
        "type": "message",
        "text": "but when I access `localhost:4000` i'm getting Cannot GET \/",
        "user": "UMZGSKQCU",
        "ts": "1568441088.002000",
        "team": "TC0C1HURK",
        "user_team": "TC0C1HURK",
        "source_team": "TC0C1HURK",
        "user_profile": {
            "avatar_hash": "gae94c75bf42",
            "image_72": "https:\/\/secure.gravatar.com\/avatar\/2ae94c75bf4244e39897bec0d7e5056e.jpg?s=72&d=https%3A%2F%2Fa.slack-edge.com%2Fdf10d%2Fimg%2Favatars%2Fava_0026-72.png",
            "first_name": "",
            "real_name": "Nibin John",
            "display_name": "Nibin John",
            "team": "TC0C1HURK",
            "name": "rockingnibin",
            "is_restricted": false,
            "is_ultra_restricted": false
        }
    }
]