[
    {
        "type": "message",
        "subtype": "channel_join",
        "ts": "1575708323.095300",
        "user": "URG4R0YJJ",
        "text": "<@URG4R0YJJ> has joined the channel"
    },
    {
        "client_msg_id": "32ee7610-0f19-482d-ab1f-ea3bcc40666e",
        "type": "message",
        "text": "it is  resolved. Thanks for your support",
        "user": "UR81FDRFG",
        "ts": "1575712116.095400",
        "team": "TC0C1HURK",
        "user_team": "TC0C1HURK",
        "source_team": "TC0C1HURK",
        "user_profile": {
            "avatar_hash": "g986329ad461",
            "image_72": "https:\/\/secure.gravatar.com\/avatar\/986329ad4618729d2bdc435508c6026d.jpg?s=72&d=https%3A%2F%2Fa.slack-edge.com%2Fdf10d%2Fimg%2Favatars%2Fava_0021-72.png",
            "first_name": "",
            "real_name": "lav",
            "display_name": "lav",
            "team": "TC0C1HURK",
            "name": "lav.naphade288",
            "is_restricted": false,
            "is_ultra_restricted": false
        },
        "blocks": [
            {
                "type": "rich_text",
                "block_id": "suVK",
                "elements": [
                    {
                        "type": "rich_text_section",
                        "elements": [
                            {
                                "type": "text",
                                "text": "it is  resolved. Thanks for your support"
                            }
                        ]
                    }
                ]
            }
        ],
        "thread_ts": "1575534970.045200",
        "parent_user_id": "UR81FDRFG"
    },
    {
        "client_msg_id": "0cee14f6-ad43-415d-a937-d35c213360cb",
        "type": "message",
        "text": "Hey guys, I was doing some Cube.js performance testing. I noticed this:\n\nSQL raw query: 1.8 seconds\nTime for web client to get data from Cube: 5.2 seconds\n(tested locally without redis)\n\nIs there any explanation for this? I'm seeing a very big timing difference in my application, and I'd rather see responses in 1.8 seconds that 5.",
        "user": "UHTBRSSHF",
        "ts": "1575744097.099800",
        "team": "TC0C1HURK",
        "user_team": "TC0C1HURK",
        "source_team": "TC0C1HURK",
        "user_profile": {
            "avatar_hash": "gf90f462755e",
            "image_72": "https:\/\/secure.gravatar.com\/avatar\/af90f462755eaf8aa43a3ae83ed8d4a2.jpg?s=72&d=https%3A%2F%2Fa.slack-edge.com%2Fdf10d%2Fimg%2Favatars%2Fava_0018-72.png",
            "first_name": "",
            "real_name": "Albert Kim",
            "display_name": "Albert Kim",
            "team": "TC0C1HURK",
            "name": "albertk",
            "is_restricted": false,
            "is_ultra_restricted": false
        },
        "blocks": [
            {
                "type": "rich_text",
                "block_id": "y26a9",
                "elements": [
                    {
                        "type": "rich_text_section",
                        "elements": [
                            {
                                "type": "text",
                                "text": "Hey guys, I was doing some Cube.js performance testing. I noticed this:\n\nSQL raw query: 1.8 seconds\nTime for web client to get data from Cube: 5.2 seconds\n(tested locally without redis)\n\nIs there any explanation for this? I'm seeing a very big timing difference in my application, and I'd rather see responses in 1.8 seconds that 5."
                            }
                        ]
                    }
                ]
            }
        ],
        "thread_ts": "1575744097.099800",
        "reply_count": 11,
        "reply_users_count": 2,
        "latest_reply": "1575746187.110000",
        "reply_users": [
            "UC19HAUAK",
            "UHTBRSSHF"
        ],
        "replies": [
            {
                "user": "UC19HAUAK",
                "ts": "1575745252.101400"
            },
            {
                "user": "UHTBRSSHF",
                "ts": "1575745343.101600"
            },
            {
                "user": "UHTBRSSHF",
                "ts": "1575745368.102000"
            },
            {
                "user": "UHTBRSSHF",
                "ts": "1575745401.102800"
            },
            {
                "user": "UC19HAUAK",
                "ts": "1575745435.104100"
            },
            {
                "user": "UHTBRSSHF",
                "ts": "1575745465.104300"
            },
            {
                "user": "UC19HAUAK",
                "ts": "1575745601.105900"
            },
            {
                "user": "UHTBRSSHF",
                "ts": "1575745685.106100"
            },
            {
                "user": "UHTBRSSHF",
                "ts": "1575745709.106400"
            },
            {
                "user": "UC19HAUAK",
                "ts": "1575745788.107700"
            },
            {
                "user": "UC19HAUAK",
                "ts": "1575746187.110000"
            }
        ],
        "subscribed": false
    },
    {
        "client_msg_id": "3586F196-814C-4D6B-B7D9-2CD8DB64BB34",
        "type": "message",
        "text": "Hey <@UHTBRSSHF> ! Is there any chance you can start fresh new server instance, reproduce issues and collect logs from it?",
        "user": "UC19HAUAK",
        "ts": "1575745252.101400",
        "team": "TC0C1HURK",
        "user_team": "TC0C1HURK",
        "source_team": "TC0C1HURK",
        "user_profile": {
            "avatar_hash": "066a042e018c",
            "image_72": "https:\/\/avatars.slack-edge.com\/2019-12-07\/866588520998_066a042e018ca831a195_72.png",
            "first_name": "Pavel",
            "real_name": "Pavel Tiunov",
            "display_name": "pavel",
            "team": "TC0C1HURK",
            "name": "pavel",
            "is_restricted": false,
            "is_ultra_restricted": false
        },
        "thread_ts": "1575744097.099800",
        "parent_user_id": "UHTBRSSHF"
    },
    {
        "client_msg_id": "e37eb33e-91a3-42e5-9e2b-a53f0e54a878",
        "type": "message",
        "text": "I'm doing some further digging - I wonder if simultaneous queries are a problem. We have a page that sends out 12 simultaneous requests to Cube.js",
        "user": "UHTBRSSHF",
        "ts": "1575745343.101600",
        "team": "TC0C1HURK",
        "user_team": "TC0C1HURK",
        "source_team": "TC0C1HURK",
        "user_profile": {
            "avatar_hash": "gf90f462755e",
            "image_72": "https:\/\/secure.gravatar.com\/avatar\/af90f462755eaf8aa43a3ae83ed8d4a2.jpg?s=72&d=https%3A%2F%2Fa.slack-edge.com%2Fdf10d%2Fimg%2Favatars%2Fava_0018-72.png",
            "first_name": "",
            "real_name": "Albert Kim",
            "display_name": "Albert Kim",
            "team": "TC0C1HURK",
            "name": "albertk",
            "is_restricted": false,
            "is_ultra_restricted": false
        },
        "blocks": [
            {
                "type": "rich_text",
                "block_id": "RqhkK",
                "elements": [
                    {
                        "type": "rich_text_section",
                        "elements": [
                            {
                                "type": "text",
                                "text": "I'm doing some further digging - I wonder if simultaneous queries are a problem. We have a page that sends out 12 simultaneous requests to Cube.js"
                            }
                        ]
                    }
                ]
            }
        ],
        "thread_ts": "1575744097.099800",
        "parent_user_id": "UHTBRSSHF"
    },
    {
        "client_msg_id": "93f7bdcf-95cc-4490-9d29-8d88d475fa01",
        "type": "message",
        "text": "And I'm noticing that for a single query, it goes from 5 seconds to 20 seconds. Could this be due to concurrency?",
        "user": "UHTBRSSHF",
        "ts": "1575745368.102000",
        "team": "TC0C1HURK",
        "user_team": "TC0C1HURK",
        "source_team": "TC0C1HURK",
        "user_profile": {
            "avatar_hash": "gf90f462755e",
            "image_72": "https:\/\/secure.gravatar.com\/avatar\/af90f462755eaf8aa43a3ae83ed8d4a2.jpg?s=72&d=https%3A%2F%2Fa.slack-edge.com%2Fdf10d%2Fimg%2Favatars%2Fava_0018-72.png",
            "first_name": "",
            "real_name": "Albert Kim",
            "display_name": "Albert Kim",
            "team": "TC0C1HURK",
            "name": "albertk",
            "is_restricted": false,
            "is_ultra_restricted": false
        },
        "blocks": [
            {
                "type": "rich_text",
                "block_id": "v=aj3",
                "elements": [
                    {
                        "type": "rich_text_section",
                        "elements": [
                            {
                                "type": "text",
                                "text": "And I'm noticing that for a single query, it goes from 5 seconds to 20 seconds. Could this be due to concurrency?"
                            }
                        ]
                    }
                ]
            }
        ],
        "thread_ts": "1575744097.099800",
        "parent_user_id": "UHTBRSSHF"
    },
    {
        "type": "message",
        "text": "If there were more explanations for these, it would be helpful:",
        "files": [
            {
                "id": "FRDLK72SY",
                "created": 1575745398,
                "timestamp": 1575745398,
                "name": "image.png",
                "title": "image.png",
                "mimetype": "image\/png",
                "filetype": "png",
                "pretty_type": "PNG",
                "user": "UHTBRSSHF",
                "editable": false,
                "size": 33777,
                "mode": "hosted",
                "is_external": false,
                "external_type": "",
                "is_public": true,
                "public_url_shared": false,
                "display_as_bot": false,
                "username": "",
                "url_private": "https:\/\/files.slack.com\/files-pri\/TC0C1HURK-FRDLK72SY\/image.png?t=xoxe-408409606869-1267807410853-1293019902560-8c9dc5fc58d3a65e0fe0837e69de048d",
                "url_private_download": "https:\/\/files.slack.com\/files-pri\/TC0C1HURK-FRDLK72SY\/download\/image.png?t=xoxe-408409606869-1267807410853-1293019902560-8c9dc5fc58d3a65e0fe0837e69de048d",
                "thumb_64": "https:\/\/files.slack.com\/files-tmb\/TC0C1HURK-FRDLK72SY-53477b1e53\/image_64.png?t=xoxe-408409606869-1267807410853-1293019902560-8c9dc5fc58d3a65e0fe0837e69de048d",
                "thumb_80": "https:\/\/files.slack.com\/files-tmb\/TC0C1HURK-FRDLK72SY-53477b1e53\/image_80.png?t=xoxe-408409606869-1267807410853-1293019902560-8c9dc5fc58d3a65e0fe0837e69de048d",
                "thumb_360": "https:\/\/files.slack.com\/files-tmb\/TC0C1HURK-FRDLK72SY-53477b1e53\/image_360.png?t=xoxe-408409606869-1267807410853-1293019902560-8c9dc5fc58d3a65e0fe0837e69de048d",
                "thumb_360_w": 360,
                "thumb_360_h": 58,
                "thumb_480": "https:\/\/files.slack.com\/files-tmb\/TC0C1HURK-FRDLK72SY-53477b1e53\/image_480.png?t=xoxe-408409606869-1267807410853-1293019902560-8c9dc5fc58d3a65e0fe0837e69de048d",
                "thumb_480_w": 480,
                "thumb_480_h": 78,
                "thumb_160": "https:\/\/files.slack.com\/files-tmb\/TC0C1HURK-FRDLK72SY-53477b1e53\/image_160.png?t=xoxe-408409606869-1267807410853-1293019902560-8c9dc5fc58d3a65e0fe0837e69de048d",
                "thumb_720": "https:\/\/files.slack.com\/files-tmb\/TC0C1HURK-FRDLK72SY-53477b1e53\/image_720.png?t=xoxe-408409606869-1267807410853-1293019902560-8c9dc5fc58d3a65e0fe0837e69de048d",
                "thumb_720_w": 720,
                "thumb_720_h": 116,
                "thumb_800": "https:\/\/files.slack.com\/files-tmb\/TC0C1HURK-FRDLK72SY-53477b1e53\/image_800.png?t=xoxe-408409606869-1267807410853-1293019902560-8c9dc5fc58d3a65e0fe0837e69de048d",
                "thumb_800_w": 800,
                "thumb_800_h": 129,
                "thumb_960": "https:\/\/files.slack.com\/files-tmb\/TC0C1HURK-FRDLK72SY-53477b1e53\/image_960.png?t=xoxe-408409606869-1267807410853-1293019902560-8c9dc5fc58d3a65e0fe0837e69de048d",
                "thumb_960_w": 960,
                "thumb_960_h": 155,
                "thumb_1024": "https:\/\/files.slack.com\/files-tmb\/TC0C1HURK-FRDLK72SY-53477b1e53\/image_1024.png?t=xoxe-408409606869-1267807410853-1293019902560-8c9dc5fc58d3a65e0fe0837e69de048d",
                "thumb_1024_w": 1024,
                "thumb_1024_h": 165,
                "image_exif_rotation": 1,
                "original_w": 1517,
                "original_h": 245,
                "thumb_tiny": "AwAHADDSFFAooAM0ZopKAHUd6KKAP\/\/Z",
                "permalink": "https:\/\/cube-js.slack.com\/files\/UHTBRSSHF\/FRDLK72SY\/image.png",
                "permalink_public": "https:\/\/slack-files.com\/TC0C1HURK-FRDLK72SY-ad9f569bdd",
                "is_starred": false,
                "has_rich_preview": false
            }
        ],
        "upload": true,
        "blocks": [
            {
                "type": "rich_text",
                "block_id": "8KFr2",
                "elements": [
                    {
                        "type": "rich_text_section",
                        "elements": [
                            {
                                "type": "text",
                                "text": "If there were more explanations for these, it would be helpful:"
                            }
                        ]
                    }
                ]
            }
        ],
        "user": "UHTBRSSHF",
        "display_as_bot": false,
        "ts": "1575745401.102800",
        "client_msg_id": "de20aa82-4fcb-4f5f-9647-19ec7bc9f767",
        "thread_ts": "1575744097.099800",
        "parent_user_id": "UHTBRSSHF"
    },
    {
        "client_msg_id": "A4D13E4F-43B5-4C8E-AF73-A23A779C18AA",
        "type": "message",
        "text": "<@UHTBRSSHF> default DB concurrency limit is 2. So cube.js doesn’t execute more than 2 queries at a time by default.",
        "user": "UC19HAUAK",
        "ts": "1575745435.104100",
        "team": "TC0C1HURK",
        "user_team": "TC0C1HURK",
        "source_team": "TC0C1HURK",
        "user_profile": {
            "avatar_hash": "066a042e018c",
            "image_72": "https:\/\/avatars.slack-edge.com\/2019-12-07\/866588520998_066a042e018ca831a195_72.png",
            "first_name": "Pavel",
            "real_name": "Pavel Tiunov",
            "display_name": "pavel",
            "team": "TC0C1HURK",
            "name": "pavel",
            "is_restricted": false,
            "is_ultra_restricted": false
        },
        "thread_ts": "1575744097.099800",
        "parent_user_id": "UHTBRSSHF"
    },
    {
        "client_msg_id": "98d0b513-d499-41f8-923b-4177b37f7ac6",
        "type": "message",
        "text": "Gotcha. Why is it 2? What are the trade-offs if that number is bumped to something like 10?",
        "user": "UHTBRSSHF",
        "ts": "1575745465.104300",
        "team": "TC0C1HURK",
        "user_team": "TC0C1HURK",
        "source_team": "TC0C1HURK",
        "user_profile": {
            "avatar_hash": "gf90f462755e",
            "image_72": "https:\/\/secure.gravatar.com\/avatar\/af90f462755eaf8aa43a3ae83ed8d4a2.jpg?s=72&d=https%3A%2F%2Fa.slack-edge.com%2Fdf10d%2Fimg%2Favatars%2Fava_0018-72.png",
            "first_name": "",
            "real_name": "Albert Kim",
            "display_name": "Albert Kim",
            "team": "TC0C1HURK",
            "name": "albertk",
            "is_restricted": false,
            "is_ultra_restricted": false
        },
        "blocks": [
            {
                "type": "rich_text",
                "block_id": "C8C",
                "elements": [
                    {
                        "type": "rich_text_section",
                        "elements": [
                            {
                                "type": "text",
                                "text": "Gotcha. Why is it 2? What are the trade-offs if that number is bumped to something like 10?"
                            }
                        ]
                    }
                ]
            }
        ],
        "thread_ts": "1575744097.099800",
        "parent_user_id": "UHTBRSSHF"
    },
    {
        "client_msg_id": "0E156E13-192D-47C1-9FE9-F8B213BE0A66",
        "type": "message",
        "text": "<@UHTBRSSHF> most of SQL backends practically will hang up on that level of concurrency and significant level of load. You can experiment with that to see if it helps.",
        "user": "UC19HAUAK",
        "ts": "1575745601.105900",
        "team": "TC0C1HURK",
        "user_team": "TC0C1HURK",
        "source_team": "TC0C1HURK",
        "user_profile": {
            "avatar_hash": "066a042e018c",
            "image_72": "https:\/\/avatars.slack-edge.com\/2019-12-07\/866588520998_066a042e018ca831a195_72.png",
            "first_name": "Pavel",
            "real_name": "Pavel Tiunov",
            "display_name": "pavel",
            "team": "TC0C1HURK",
            "name": "pavel",
            "is_restricted": false,
            "is_ultra_restricted": false
        },
        "thread_ts": "1575744097.099800",
        "parent_user_id": "UHTBRSSHF"
    },
    {
        "client_msg_id": "f0514b91-e779-4664-a99d-60468c35a184",
        "type": "message",
        "text": "Gotcha. I'm just wondering what best practices are when there could be upwards of 20 simultaneous users, each leading up 10 reports at the same time",
        "user": "UHTBRSSHF",
        "ts": "1575745685.106100",
        "team": "TC0C1HURK",
        "user_team": "TC0C1HURK",
        "source_team": "TC0C1HURK",
        "user_profile": {
            "avatar_hash": "gf90f462755e",
            "image_72": "https:\/\/secure.gravatar.com\/avatar\/af90f462755eaf8aa43a3ae83ed8d4a2.jpg?s=72&d=https%3A%2F%2Fa.slack-edge.com%2Fdf10d%2Fimg%2Favatars%2Fava_0018-72.png",
            "first_name": "",
            "real_name": "Albert Kim",
            "display_name": "Albert Kim",
            "team": "TC0C1HURK",
            "name": "albertk",
            "is_restricted": false,
            "is_ultra_restricted": false
        },
        "blocks": [
            {
                "type": "rich_text",
                "block_id": "36aM",
                "elements": [
                    {
                        "type": "rich_text_section",
                        "elements": [
                            {
                                "type": "text",
                                "text": "Gotcha. I'm just wondering what best practices are when there could be upwards of 20 simultaneous users, each leading up 10 reports at the same time"
                            }
                        ]
                    }
                ]
            }
        ],
        "thread_ts": "1575744097.099800",
        "parent_user_id": "UHTBRSSHF"
    },
    {
        "client_msg_id": "5c1d1824-8cb6-43f7-8106-fa4963acc1e9",
        "type": "message",
        "text": "2 concurrent doesn't seem super viable, there would be a big backlog, no?",
        "user": "UHTBRSSHF",
        "ts": "1575745709.106400",
        "team": "TC0C1HURK",
        "user_team": "TC0C1HURK",
        "source_team": "TC0C1HURK",
        "user_profile": {
            "avatar_hash": "gf90f462755e",
            "image_72": "https:\/\/secure.gravatar.com\/avatar\/af90f462755eaf8aa43a3ae83ed8d4a2.jpg?s=72&d=https%3A%2F%2Fa.slack-edge.com%2Fdf10d%2Fimg%2Favatars%2Fava_0018-72.png",
            "first_name": "",
            "real_name": "Albert Kim",
            "display_name": "Albert Kim",
            "team": "TC0C1HURK",
            "name": "albertk",
            "is_restricted": false,
            "is_ultra_restricted": false
        },
        "blocks": [
            {
                "type": "rich_text",
                "block_id": "w7spZ",
                "elements": [
                    {
                        "type": "rich_text_section",
                        "elements": [
                            {
                                "type": "text",
                                "text": "2 concurrent doesn't seem super viable, there would be a big backlog, no?"
                            }
                        ]
                    }
                ]
            }
        ],
        "thread_ts": "1575744097.099800",
        "parent_user_id": "UHTBRSSHF"
    },
    {
        "client_msg_id": "83376852-0469-45F3-8E07-BFC63117AE42",
        "type": "message",
        "text": "<@UHTBRSSHF> you need to pre-aggregate the data. ",
        "user": "UC19HAUAK",
        "ts": "1575745788.107700",
        "team": "TC0C1HURK",
        "user_team": "TC0C1HURK",
        "source_team": "TC0C1HURK",
        "user_profile": {
            "avatar_hash": "066a042e018c",
            "image_72": "https:\/\/avatars.slack-edge.com\/2019-12-07\/866588520998_066a042e018ca831a195_72.png",
            "first_name": "Pavel",
            "real_name": "Pavel Tiunov",
            "display_name": "pavel",
            "team": "TC0C1HURK",
            "name": "pavel",
            "is_restricted": false,
            "is_ultra_restricted": false
        },
        "thread_ts": "1575744097.099800",
        "parent_user_id": "UHTBRSSHF"
    },
    {
        "client_msg_id": "1EA98564-B660-4041-A087-F5D3952848A8",
        "type": "message",
        "text": "<@UHTBRSSHF> We have a console that helps debugging it and helps configuring pre-aggregations. It’s part of Enterprise offering but we can provide you with a free trial while it’s in beta.",
        "user": "UC19HAUAK",
        "ts": "1575746187.110000",
        "team": "TC0C1HURK",
        "user_team": "TC0C1HURK",
        "source_team": "TC0C1HURK",
        "user_profile": {
            "avatar_hash": "066a042e018c",
            "image_72": "https:\/\/avatars.slack-edge.com\/2019-12-07\/866588520998_066a042e018ca831a195_72.png",
            "first_name": "Pavel",
            "real_name": "Pavel Tiunov",
            "display_name": "pavel",
            "team": "TC0C1HURK",
            "name": "pavel",
            "is_restricted": false,
            "is_ultra_restricted": false
        },
        "thread_ts": "1575744097.099800",
        "parent_user_id": "UHTBRSSHF"
    },
    {
        "type": "message",
        "subtype": "channel_join",
        "ts": "1575756342.110300",
        "user": "URG2GJK71",
        "text": "<@URG2GJK71> has joined the channel"
    },
    {
        "client_msg_id": "7ca5874d-8ec7-40c1-9bef-e246b9c3ed2e",
        "type": "message",
        "text": "Hi. I am interested in cube.js for my customer analytics dashboard.  Is pre-aggregated table created automatically and stored permanently  in postgre?  If I am using GBQ, if using cube.js does it mean i dont have to create transformation manually by creating additional tables for aggregations?\n\nIf I already have aggregation data in the GBQ, what are the benefits of using Cube.js?",
        "user": "URG2GJK71",
        "ts": "1575756664.116900",
        "team": "TC0C1HURK",
        "user_team": "TC0C1HURK",
        "source_team": "TC0C1HURK",
        "user_profile": {
            "avatar_hash": "g532572ba5cb",
            "image_72": "https:\/\/secure.gravatar.com\/avatar\/532572ba5cb474d3c05f03a7ddf286fa.jpg?s=72&d=https%3A%2F%2Fa.slack-edge.com%2Fdf10d%2Fimg%2Favatars%2Fava_0006-72.png",
            "first_name": "",
            "real_name": "Birkoff",
            "display_name": "",
            "team": "TC0C1HURK",
            "name": "hayaza_slack",
            "is_restricted": false,
            "is_ultra_restricted": false
        },
        "edited": {
            "user": "URG2GJK71",
            "ts": "1575756760.000000"
        },
        "blocks": [
            {
                "type": "rich_text",
                "block_id": "NUImT",
                "elements": [
                    {
                        "type": "rich_text_section",
                        "elements": [
                            {
                                "type": "text",
                                "text": "Hi. I am interested in cube.js for my customer analytics dashboard.  Is pre-aggregated table created automatically and stored permanently  in postgre?  If I am using GBQ, if using cube.js does it mean i dont have to create transformation manually by creating additional tables for aggregations?\n\nIf I already have aggregation data in the GBQ, what are the benefits of using Cube.js?"
                            }
                        ]
                    }
                ]
            }
        ],
        "thread_ts": "1575756664.116900",
        "reply_count": 3,
        "reply_users_count": 2,
        "latest_reply": "1575784650.120200",
        "reply_users": [
            "UC19HAUAK",
            "URG2GJK71"
        ],
        "replies": [
            {
                "user": "UC19HAUAK",
                "ts": "1575760543.119700"
            },
            {
                "user": "URG2GJK71",
                "ts": "1575763703.119900"
            },
            {
                "user": "UC19HAUAK",
                "ts": "1575784650.120200"
            }
        ],
        "subscribed": false
    },
    {
        "client_msg_id": "86981D7E-4B9F-4901-854B-01ECD9445737",
        "type": "message",
        "text": "Hey <@URG2GJK71> ! Yep. Right. It can manage pre-aggregations from the raw data on your behalf. If you have already aggregated data cube.js can work with it and act as an API and secondary cache layer.",
        "user": "UC19HAUAK",
        "ts": "1575760543.119700",
        "team": "TC0C1HURK",
        "user_team": "TC0C1HURK",
        "source_team": "TC0C1HURK",
        "user_profile": {
            "avatar_hash": "066a042e018c",
            "image_72": "https:\/\/avatars.slack-edge.com\/2019-12-07\/866588520998_066a042e018ca831a195_72.png",
            "first_name": "Pavel",
            "real_name": "Pavel Tiunov",
            "display_name": "pavel",
            "team": "TC0C1HURK",
            "name": "pavel",
            "is_restricted": false,
            "is_ultra_restricted": false
        },
        "thread_ts": "1575756664.116900",
        "parent_user_id": "URG2GJK71"
    },
    {
        "client_msg_id": "fea7bcf6-9564-420d-a84c-0431bd015314",
        "type": "message",
        "text": "<@UC19HAUAK> sweet!!  so in both cases does it store the cache in the postgresql ?  How does the caching work? is there a setting?",
        "user": "URG2GJK71",
        "ts": "1575763703.119900",
        "team": "TC0C1HURK",
        "user_team": "TC0C1HURK",
        "source_team": "TC0C1HURK",
        "user_profile": {
            "avatar_hash": "g532572ba5cb",
            "image_72": "https:\/\/secure.gravatar.com\/avatar\/532572ba5cb474d3c05f03a7ddf286fa.jpg?s=72&d=https%3A%2F%2Fa.slack-edge.com%2Fdf10d%2Fimg%2Favatars%2Fava_0006-72.png",
            "first_name": "",
            "real_name": "Birkoff",
            "display_name": "",
            "team": "TC0C1HURK",
            "name": "hayaza_slack",
            "is_restricted": false,
            "is_ultra_restricted": false
        },
        "edited": {
            "user": "URG2GJK71",
            "ts": "1575766027.000000"
        },
        "blocks": [
            {
                "type": "rich_text",
                "block_id": "6Hh",
                "elements": [
                    {
                        "type": "rich_text_section",
                        "elements": [
                            {
                                "type": "user",
                                "user_id": "UC19HAUAK"
                            },
                            {
                                "type": "text",
                                "text": " sweet!!  so in both cases does it store the cache in the postgresql ?  How does the caching work? is there a setting?"
                            }
                        ]
                    }
                ]
            }
        ],
        "thread_ts": "1575756664.116900",
        "parent_user_id": "URG2GJK71"
    },
    {
        "client_msg_id": "1ea40881-9591-4f99-866e-547a49a53ac0",
        "type": "message",
        "text": "<@URG2GJK71> It depends. There's two level caching system: <https:\/\/cube.dev\/docs\/caching#top>",
        "user": "UC19HAUAK",
        "ts": "1575784650.120200",
        "team": "TC0C1HURK",
        "user_team": "TC0C1HURK",
        "source_team": "TC0C1HURK",
        "user_profile": {
            "avatar_hash": "066a042e018c",
            "image_72": "https:\/\/avatars.slack-edge.com\/2019-12-07\/866588520998_066a042e018ca831a195_72.png",
            "first_name": "Pavel",
            "real_name": "Pavel Tiunov",
            "display_name": "pavel",
            "team": "TC0C1HURK",
            "name": "pavel",
            "is_restricted": false,
            "is_ultra_restricted": false
        },
        "blocks": [
            {
                "type": "rich_text",
                "block_id": "jcx",
                "elements": [
                    {
                        "type": "rich_text_section",
                        "elements": [
                            {
                                "type": "user",
                                "user_id": "URG2GJK71"
                            },
                            {
                                "type": "text",
                                "text": " It depends. There's two level caching system: "
                            },
                            {
                                "type": "link",
                                "url": "https:\/\/cube.dev\/docs\/caching#top"
                            }
                        ]
                    }
                ]
            }
        ],
        "thread_ts": "1575756664.116900",
        "parent_user_id": "URG2GJK71"
    }
]