[
    {
        "type": "message",
        "subtype": "channel_join",
        "ts": "1575217183.481300",
        "user": "UR727M4F8",
        "text": "<@UR727M4F8> has joined the channel"
    },
    {
        "type": "message",
        "subtype": "channel_join",
        "ts": "1575255572.481600",
        "user": "UR5DKKVSL",
        "text": "<@UR5DKKVSL> has joined the channel"
    },
    {
        "client_msg_id": "6d9fe955-452d-42b8-97b6-a0329333046a",
        "type": "message",
        "text": "Hi, i am trying to build dashboard using snowflake as backend but getting error",
        "user": "UR5DKKVSL",
        "ts": "1575255759.481700",
        "team": "TC0C1HURK",
        "user_team": "TC0C1HURK",
        "source_team": "TC0C1HURK",
        "user_profile": {
            "avatar_hash": "g98f6fe7934e",
            "image_72": "https:\/\/secure.gravatar.com\/avatar\/98f6fe7934ee6e36f948d2eee9da14b3.jpg?s=72&d=https%3A%2F%2Fa.slack-edge.com%2Fdf10d%2Fimg%2Favatars%2Fava_0013-72.png",
            "first_name": "",
            "real_name": "aswinivijay",
            "display_name": "aswinivijay",
            "team": "TC0C1HURK",
            "name": "aswinivijay1",
            "is_restricted": false,
            "is_ultra_restricted": false
        },
        "blocks": [
            {
                "type": "rich_text",
                "block_id": "nIqp",
                "elements": [
                    {
                        "type": "rich_text_section",
                        "elements": [
                            {
                                "type": "text",
                                "text": "Hi, i am trying to build dashboard using snowflake as backend but getting error"
                            }
                        ]
                    }
                ]
            }
        ]
    },
    {
        "client_msg_id": "dc1d7474-5508-4356-bad2-a91df0f4a35c",
        "type": "message",
        "text": "Error while loading DB schema\nOperationFailedError: Incorrect username or password was specified. at createError",
        "user": "UR5DKKVSL",
        "ts": "1575255761.481800",
        "team": "TC0C1HURK",
        "user_team": "TC0C1HURK",
        "source_team": "TC0C1HURK",
        "user_profile": {
            "avatar_hash": "g98f6fe7934e",
            "image_72": "https:\/\/secure.gravatar.com\/avatar\/98f6fe7934ee6e36f948d2eee9da14b3.jpg?s=72&d=https%3A%2F%2Fa.slack-edge.com%2Fdf10d%2Fimg%2Favatars%2Fava_0013-72.png",
            "first_name": "",
            "real_name": "aswinivijay",
            "display_name": "aswinivijay",
            "team": "TC0C1HURK",
            "name": "aswinivijay1",
            "is_restricted": false,
            "is_ultra_restricted": false
        },
        "blocks": [
            {
                "type": "rich_text",
                "block_id": "e=G0",
                "elements": [
                    {
                        "type": "rich_text_section",
                        "elements": [
                            {
                                "type": "text",
                                "text": "Error while loading DB schema\nOperationFailedError: Incorrect username or password was specified. at createError"
                            }
                        ]
                    }
                ]
            }
        ]
    },
    {
        "client_msg_id": "1bda362e-2ba0-4f00-9f1b-13f798d8f4ea",
        "type": "message",
        "text": "whether in the .env file parameters are  case sensitive",
        "user": "UR5DKKVSL",
        "ts": "1575255813.481900",
        "team": "TC0C1HURK",
        "user_team": "TC0C1HURK",
        "source_team": "TC0C1HURK",
        "user_profile": {
            "avatar_hash": "g98f6fe7934e",
            "image_72": "https:\/\/secure.gravatar.com\/avatar\/98f6fe7934ee6e36f948d2eee9da14b3.jpg?s=72&d=https%3A%2F%2Fa.slack-edge.com%2Fdf10d%2Fimg%2Favatars%2Fava_0013-72.png",
            "first_name": "",
            "real_name": "aswinivijay",
            "display_name": "aswinivijay",
            "team": "TC0C1HURK",
            "name": "aswinivijay1",
            "is_restricted": false,
            "is_ultra_restricted": false
        },
        "blocks": [
            {
                "type": "rich_text",
                "block_id": "i6p",
                "elements": [
                    {
                        "type": "rich_text_section",
                        "elements": [
                            {
                                "type": "text",
                                "text": "whether in the .env file parameters are  case sensitive"
                            }
                        ]
                    }
                ]
            }
        ],
        "thread_ts": "1575255813.481900",
        "reply_count": 4,
        "reply_users_count": 2,
        "latest_reply": "1575261547.482600",
        "reply_users": [
            "UC19HAUAK",
            "UR5DKKVSL"
        ],
        "replies": [
            {
                "user": "UC19HAUAK",
                "ts": "1575256776.482000"
            },
            {
                "user": "UR5DKKVSL",
                "ts": "1575261073.482200"
            },
            {
                "user": "UC19HAUAK",
                "ts": "1575261159.482400"
            },
            {
                "user": "UR5DKKVSL",
                "ts": "1575261547.482600"
            }
        ],
        "subscribed": false
    },
    {
        "client_msg_id": "14d39652-02ec-40a8-b4a9-29f68478fbd4",
        "type": "message",
        "text": "Hey <@UR5DKKVSL>! Yes. They are.",
        "user": "UC19HAUAK",
        "ts": "1575256776.482000",
        "team": "TC0C1HURK",
        "user_team": "TC0C1HURK",
        "source_team": "TC0C1HURK",
        "user_profile": {
            "avatar_hash": "066a042e018c",
            "image_72": "https:\/\/avatars.slack-edge.com\/2019-12-07\/866588520998_066a042e018ca831a195_72.png",
            "first_name": "Pavel",
            "real_name": "Pavel Tiunov",
            "display_name": "pavel",
            "team": "TC0C1HURK",
            "name": "pavel",
            "is_restricted": false,
            "is_ultra_restricted": false
        },
        "blocks": [
            {
                "type": "rich_text",
                "block_id": "COHm",
                "elements": [
                    {
                        "type": "rich_text_section",
                        "elements": [
                            {
                                "type": "text",
                                "text": "Hey "
                            },
                            {
                                "type": "user",
                                "user_id": "UR5DKKVSL"
                            },
                            {
                                "type": "text",
                                "text": "! Yes. They are."
                            }
                        ]
                    }
                ]
            }
        ],
        "thread_ts": "1575255813.481900",
        "parent_user_id": "UR5DKKVSL"
    },
    {
        "client_msg_id": "67f4db2b-5b52-4557-a982-b7e362abc35c",
        "type": "message",
        "text": "Thanks Pavel, in the .env file for mixed case parameters whether it should be placed in side quotes or without quotes. because i tried both the options and it is still failing with same issue",
        "user": "UR5DKKVSL",
        "ts": "1575261073.482200",
        "team": "TC0C1HURK",
        "user_team": "TC0C1HURK",
        "source_team": "TC0C1HURK",
        "user_profile": {
            "avatar_hash": "g98f6fe7934e",
            "image_72": "https:\/\/secure.gravatar.com\/avatar\/98f6fe7934ee6e36f948d2eee9da14b3.jpg?s=72&d=https%3A%2F%2Fa.slack-edge.com%2Fdf10d%2Fimg%2Favatars%2Fava_0013-72.png",
            "first_name": "",
            "real_name": "aswinivijay",
            "display_name": "aswinivijay",
            "team": "TC0C1HURK",
            "name": "aswinivijay1",
            "is_restricted": false,
            "is_ultra_restricted": false
        },
        "blocks": [
            {
                "type": "rich_text",
                "block_id": "bz8",
                "elements": [
                    {
                        "type": "rich_text_section",
                        "elements": [
                            {
                                "type": "text",
                                "text": "Thanks Pavel, in the .env file for mixed case parameters whether it should be placed in side quotes or without quotes. because i tried both the options and it is still failing with same issue"
                            }
                        ]
                    }
                ]
            }
        ],
        "thread_ts": "1575255813.481900",
        "parent_user_id": "UR5DKKVSL"
    },
    {
        "client_msg_id": "d288a346-bcd5-4569-9ce5-72516a18ec68",
        "type": "message",
        "text": "<@UR5DKKVSL> Without quotes. Please also check `CUBEJS_DB_SNOWFLAKE_ACCOUNT`, `CUBEJS_DB_SNOWFLAKE_REGION` and `CUBEJS_DB_SNOWFLAKE_WAREHOUSE` variables.",
        "user": "UC19HAUAK",
        "ts": "1575261159.482400",
        "team": "TC0C1HURK",
        "user_team": "TC0C1HURK",
        "source_team": "TC0C1HURK",
        "user_profile": {
            "avatar_hash": "066a042e018c",
            "image_72": "https:\/\/avatars.slack-edge.com\/2019-12-07\/866588520998_066a042e018ca831a195_72.png",
            "first_name": "Pavel",
            "real_name": "Pavel Tiunov",
            "display_name": "pavel",
            "team": "TC0C1HURK",
            "name": "pavel",
            "is_restricted": false,
            "is_ultra_restricted": false
        },
        "blocks": [
            {
                "type": "rich_text",
                "block_id": "5Ys",
                "elements": [
                    {
                        "type": "rich_text_section",
                        "elements": [
                            {
                                "type": "user",
                                "user_id": "UR5DKKVSL"
                            },
                            {
                                "type": "text",
                                "text": " Without quotes. Please also check "
                            },
                            {
                                "type": "text",
                                "text": "CUBEJS_DB_SNOWFLAKE_ACCOUNT",
                                "style": {
                                    "code": true
                                }
                            },
                            {
                                "type": "text",
                                "text": ", "
                            },
                            {
                                "type": "text",
                                "text": "CUBEJS_DB_SNOWFLAKE_REGION",
                                "style": {
                                    "code": true
                                }
                            },
                            {
                                "type": "text",
                                "text": " and "
                            },
                            {
                                "type": "text",
                                "text": "CUBEJS_DB_SNOWFLAKE_WAREHOUSE",
                                "style": {
                                    "code": true
                                }
                            },
                            {
                                "type": "text",
                                "text": " variables."
                            }
                        ]
                    }
                ]
            }
        ],
        "thread_ts": "1575255813.481900",
        "parent_user_id": "UR5DKKVSL"
    },
    {
        "client_msg_id": "eeba8bbe-df7a-4e98-8be6-57467118a5af",
        "type": "message",
        "text": "Thank you.  the snowflake region is causing the issue now it is working fine",
        "user": "UR5DKKVSL",
        "ts": "1575261547.482600",
        "team": "TC0C1HURK",
        "user_team": "TC0C1HURK",
        "source_team": "TC0C1HURK",
        "user_profile": {
            "avatar_hash": "g98f6fe7934e",
            "image_72": "https:\/\/secure.gravatar.com\/avatar\/98f6fe7934ee6e36f948d2eee9da14b3.jpg?s=72&d=https%3A%2F%2Fa.slack-edge.com%2Fdf10d%2Fimg%2Favatars%2Fava_0013-72.png",
            "first_name": "",
            "real_name": "aswinivijay",
            "display_name": "aswinivijay",
            "team": "TC0C1HURK",
            "name": "aswinivijay1",
            "is_restricted": false,
            "is_ultra_restricted": false
        },
        "blocks": [
            {
                "type": "rich_text",
                "block_id": "mROB",
                "elements": [
                    {
                        "type": "rich_text_section",
                        "elements": [
                            {
                                "type": "text",
                                "text": "Thank you.  the snowflake region is causing the issue now it is working fine"
                            }
                        ]
                    }
                ]
            }
        ],
        "thread_ts": "1575255813.481900",
        "parent_user_id": "UR5DKKVSL",
        "reactions": [
            {
                "name": "raised_hands",
                "users": [
                    "UC19HAUAK"
                ],
                "count": 1
            }
        ]
    },
    {
        "type": "message",
        "subtype": "channel_join",
        "ts": "1575265806.482900",
        "user": "UR5AT51EC",
        "text": "<@UR5AT51EC> has joined the channel"
    }
]