[
    {
        "client_msg_id": "a2f3fe9c-1e4a-4e87-bf7c-99d2db41062f",
        "type": "message",
        "text": "Thx for the help. Working perfectly!",
        "user": "UJ4S3SU2X",
        "ts": "1557308994.091500",
        "team": "TC0C1HURK",
        "user_team": "TC0C1HURK",
        "source_team": "TC0C1HURK",
        "user_profile": {
            "avatar_hash": "g85b28cad17b",
            "image_72": "https:\/\/secure.gravatar.com\/avatar\/a85b28cad17b558258fca071a45d8111.jpg?s=72&d=https%3A%2F%2Fa.slack-edge.com%2Fdf10d%2Fimg%2Favatars%2Fava_0012-72.png",
            "first_name": "",
            "real_name": "Tom",
            "display_name": "Tom",
            "team": "TC0C1HURK",
            "name": "thomas.leitgeb",
            "is_restricted": false,
            "is_ultra_restricted": false
        },
        "thread_ts": "1557228447.087000",
        "parent_user_id": "UJ4S3SU2X",
        "reactions": [
            {
                "name": "raised_hands",
                "users": [
                    "UC19HAUAK"
                ],
                "count": 1
            }
        ]
    },
    {
        "client_msg_id": "3182f676-264a-4ee0-869f-a734107eb1b2",
        "type": "message",
        "text": "Hey, just want to say that cubejs is AWESOME :smile:",
        "user": "UJ4S3SU2X",
        "ts": "1557309009.092000",
        "team": "TC0C1HURK",
        "user_team": "TC0C1HURK",
        "source_team": "TC0C1HURK",
        "user_profile": {
            "avatar_hash": "g85b28cad17b",
            "image_72": "https:\/\/secure.gravatar.com\/avatar\/a85b28cad17b558258fca071a45d8111.jpg?s=72&d=https%3A%2F%2Fa.slack-edge.com%2Fdf10d%2Fimg%2Favatars%2Fava_0012-72.png",
            "first_name": "",
            "real_name": "Tom",
            "display_name": "Tom",
            "team": "TC0C1HURK",
            "name": "thomas.leitgeb",
            "is_restricted": false,
            "is_ultra_restricted": false
        },
        "reactions": [
            {
                "name": "heart",
                "users": [
                    "UC1HAFW4E",
                    "UC19HAUAK",
                    "UHTBRSSHF",
                    "UJ75LTC2C",
                    "UJK8Y0340",
                    "UE61M8543"
                ],
                "count": 6
            }
        ]
    },
    {
        "client_msg_id": "11a1413c-6a6e-4c15-9790-6630883abcc3",
        "type": "message",
        "text": "Congrats to everyone involved in this project.",
        "user": "UJ4S3SU2X",
        "ts": "1557309024.092300",
        "team": "TC0C1HURK",
        "user_team": "TC0C1HURK",
        "source_team": "TC0C1HURK",
        "user_profile": {
            "avatar_hash": "g85b28cad17b",
            "image_72": "https:\/\/secure.gravatar.com\/avatar\/a85b28cad17b558258fca071a45d8111.jpg?s=72&d=https%3A%2F%2Fa.slack-edge.com%2Fdf10d%2Fimg%2Favatars%2Fava_0012-72.png",
            "first_name": "",
            "real_name": "Tom",
            "display_name": "Tom",
            "team": "TC0C1HURK",
            "name": "thomas.leitgeb",
            "is_restricted": false,
            "is_ultra_restricted": false
        },
        "thread_ts": "1557309024.092300",
        "reply_count": 11,
        "reply_users_count": 2,
        "latest_reply": "1557317238.095000",
        "reply_users": [
            "UC19HAUAK",
            "UJ4S3SU2X"
        ],
        "replies": [
            {
                "user": "UC19HAUAK",
                "ts": "1557312852.092800"
            },
            {
                "user": "UJ4S3SU2X",
                "ts": "1557314786.093200"
            },
            {
                "user": "UC19HAUAK",
                "ts": "1557315589.093400"
            },
            {
                "user": "UJ4S3SU2X",
                "ts": "1557315689.093600"
            },
            {
                "user": "UJ4S3SU2X",
                "ts": "1557315695.093800"
            },
            {
                "user": "UC19HAUAK",
                "ts": "1557315728.094000"
            },
            {
                "user": "UJ4S3SU2X",
                "ts": "1557315842.094200"
            },
            {
                "user": "UJ4S3SU2X",
                "ts": "1557315849.094400"
            },
            {
                "user": "UC19HAUAK",
                "ts": "1557315972.094600"
            },
            {
                "user": "UJ4S3SU2X",
                "ts": "1557316128.094800"
            },
            {
                "user": "UJ4S3SU2X",
                "ts": "1557317238.095000"
            }
        ],
        "subscribed": false
    },
    {
        "type": "message",
        "subtype": "channel_join",
        "ts": "1557311742.092600",
        "user": "UJGUVF2KW",
        "text": "<@UJGUVF2KW> has joined the channel"
    },
    {
        "client_msg_id": "3766d0d1-1e50-4a6c-a0b5-ff89d767ecb5",
        "type": "message",
        "text": "Hey <@UJ4S3SU2X>! Thanks for warm feedback! Do is it mean you managed to get this working for you? :slightly_smiling_face:",
        "user": "UC19HAUAK",
        "ts": "1557312852.092800",
        "team": "TC0C1HURK",
        "user_team": "TC0C1HURK",
        "source_team": "TC0C1HURK",
        "user_profile": {
            "avatar_hash": "066a042e018c",
            "image_72": "https:\/\/avatars.slack-edge.com\/2019-12-07\/866588520998_066a042e018ca831a195_72.png",
            "first_name": "Pavel",
            "real_name": "Pavel Tiunov",
            "display_name": "pavel",
            "team": "TC0C1HURK",
            "name": "pavel",
            "is_restricted": false,
            "is_ultra_restricted": false
        },
        "thread_ts": "1557309024.092300",
        "parent_user_id": "UJ4S3SU2X"
    },
    {
        "client_msg_id": "89d8fb03-140f-43a4-a317-360b68dacab2",
        "type": "message",
        "text": "Yeah. Was pretty easy and works perfectly. Thx for the help for guiding me in the right direction. :smile:",
        "user": "UJ4S3SU2X",
        "ts": "1557314786.093200",
        "team": "TC0C1HURK",
        "user_team": "TC0C1HURK",
        "source_team": "TC0C1HURK",
        "user_profile": {
            "avatar_hash": "g85b28cad17b",
            "image_72": "https:\/\/secure.gravatar.com\/avatar\/a85b28cad17b558258fca071a45d8111.jpg?s=72&d=https%3A%2F%2Fa.slack-edge.com%2Fdf10d%2Fimg%2Favatars%2Fava_0012-72.png",
            "first_name": "",
            "real_name": "Tom",
            "display_name": "Tom",
            "team": "TC0C1HURK",
            "name": "thomas.leitgeb",
            "is_restricted": false,
            "is_ultra_restricted": false
        },
        "thread_ts": "1557309024.092300",
        "parent_user_id": "UJ4S3SU2X"
    },
    {
        "client_msg_id": "9d7fbde0-4a21-4e0a-a12a-e8c27950f93f",
        "type": "message",
        "text": "No probs! Great to hear that!",
        "user": "UC19HAUAK",
        "ts": "1557315589.093400",
        "team": "TC0C1HURK",
        "user_team": "TC0C1HURK",
        "source_team": "TC0C1HURK",
        "user_profile": {
            "avatar_hash": "066a042e018c",
            "image_72": "https:\/\/avatars.slack-edge.com\/2019-12-07\/866588520998_066a042e018ca831a195_72.png",
            "first_name": "Pavel",
            "real_name": "Pavel Tiunov",
            "display_name": "pavel",
            "team": "TC0C1HURK",
            "name": "pavel",
            "is_restricted": false,
            "is_ultra_restricted": false
        },
        "thread_ts": "1557309024.092300",
        "parent_user_id": "UJ4S3SU2X"
    },
    {
        "client_msg_id": "2ab78fd7-ef46-4c78-a99d-79ad2af26b2d",
        "type": "message",
        "text": "Maybe one question. Last 7 days doesnt include today",
        "user": "UJ4S3SU2X",
        "ts": "1557315689.093600",
        "team": "TC0C1HURK",
        "user_team": "TC0C1HURK",
        "source_team": "TC0C1HURK",
        "user_profile": {
            "avatar_hash": "g85b28cad17b",
            "image_72": "https:\/\/secure.gravatar.com\/avatar\/a85b28cad17b558258fca071a45d8111.jpg?s=72&d=https%3A%2F%2Fa.slack-edge.com%2Fdf10d%2Fimg%2Favatars%2Fava_0012-72.png",
            "first_name": "",
            "real_name": "Tom",
            "display_name": "Tom",
            "team": "TC0C1HURK",
            "name": "thomas.leitgeb",
            "is_restricted": false,
            "is_ultra_restricted": false
        },
        "thread_ts": "1557309024.092300",
        "parent_user_id": "UJ4S3SU2X"
    },
    {
        "client_msg_id": "ee115650-528f-4da4-9380-5f86f552c284",
        "type": "message",
        "text": "is there a way to include it also?",
        "user": "UJ4S3SU2X",
        "ts": "1557315695.093800",
        "team": "TC0C1HURK",
        "user_team": "TC0C1HURK",
        "source_team": "TC0C1HURK",
        "user_profile": {
            "avatar_hash": "g85b28cad17b",
            "image_72": "https:\/\/secure.gravatar.com\/avatar\/a85b28cad17b558258fca071a45d8111.jpg?s=72&d=https%3A%2F%2Fa.slack-edge.com%2Fdf10d%2Fimg%2Favatars%2Fava_0012-72.png",
            "first_name": "",
            "real_name": "Tom",
            "display_name": "Tom",
            "team": "TC0C1HURK",
            "name": "thomas.leitgeb",
            "is_restricted": false,
            "is_ultra_restricted": false
        },
        "thread_ts": "1557309024.092300",
        "parent_user_id": "UJ4S3SU2X"
    },
    {
        "client_msg_id": "666bdba4-44ae-4b28-8fa9-c23dd1fef2d7",
        "type": "message",
        "text": "<@UJ4S3SU2X> Yep. Could you please try `from 7 days ago to now`?",
        "user": "UC19HAUAK",
        "ts": "1557315728.094000",
        "team": "TC0C1HURK",
        "user_team": "TC0C1HURK",
        "source_team": "TC0C1HURK",
        "user_profile": {
            "avatar_hash": "066a042e018c",
            "image_72": "https:\/\/avatars.slack-edge.com\/2019-12-07\/866588520998_066a042e018ca831a195_72.png",
            "first_name": "Pavel",
            "real_name": "Pavel Tiunov",
            "display_name": "pavel",
            "team": "TC0C1HURK",
            "name": "pavel",
            "is_restricted": false,
            "is_ultra_restricted": false
        },
        "thread_ts": "1557309024.092300",
        "parent_user_id": "UJ4S3SU2X"
    },
    {
        "client_msg_id": "c78e476f-c29e-4aff-8ba0-a89704976c2c",
        "type": "message",
        "text": "well, this was pretty easy",
        "user": "UJ4S3SU2X",
        "ts": "1557315842.094200",
        "team": "TC0C1HURK",
        "user_team": "TC0C1HURK",
        "source_team": "TC0C1HURK",
        "user_profile": {
            "avatar_hash": "g85b28cad17b",
            "image_72": "https:\/\/secure.gravatar.com\/avatar\/a85b28cad17b558258fca071a45d8111.jpg?s=72&d=https%3A%2F%2Fa.slack-edge.com%2Fdf10d%2Fimg%2Favatars%2Fava_0012-72.png",
            "first_name": "",
            "real_name": "Tom",
            "display_name": "Tom",
            "team": "TC0C1HURK",
            "name": "thomas.leitgeb",
            "is_restricted": false,
            "is_ultra_restricted": false
        },
        "thread_ts": "1557309024.092300",
        "parent_user_id": "UJ4S3SU2X"
    },
    {
        "client_msg_id": "980d8874-6e49-4c69-aec0-03ace45e1d87",
        "type": "message",
        "text": "thx. Do i missed it in the documentation?",
        "user": "UJ4S3SU2X",
        "ts": "1557315849.094400",
        "team": "TC0C1HURK",
        "user_team": "TC0C1HURK",
        "source_team": "TC0C1HURK",
        "user_profile": {
            "avatar_hash": "g85b28cad17b",
            "image_72": "https:\/\/secure.gravatar.com\/avatar\/a85b28cad17b558258fca071a45d8111.jpg?s=72&d=https%3A%2F%2Fa.slack-edge.com%2Fdf10d%2Fimg%2Favatars%2Fava_0012-72.png",
            "first_name": "",
            "real_name": "Tom",
            "display_name": "Tom",
            "team": "TC0C1HURK",
            "name": "thomas.leitgeb",
            "is_restricted": false,
            "is_ultra_restricted": false
        },
        "thread_ts": "1557309024.092300",
        "parent_user_id": "UJ4S3SU2X"
    },
    {
        "client_msg_id": "04648a43-d6fa-4e86-b81c-5499d1526118",
        "type": "message",
        "text": "<@UJ4S3SU2X> so there're some examples here <https:\/\/cube.dev\/docs\/query-format#time-dimensions-format>. Probably makes sense to add this particular one. Would love if you can create pull request for this.",
        "user": "UC19HAUAK",
        "ts": "1557315972.094600",
        "team": "TC0C1HURK",
        "user_team": "TC0C1HURK",
        "source_team": "TC0C1HURK",
        "user_profile": {
            "avatar_hash": "066a042e018c",
            "image_72": "https:\/\/avatars.slack-edge.com\/2019-12-07\/866588520998_066a042e018ca831a195_72.png",
            "first_name": "Pavel",
            "real_name": "Pavel Tiunov",
            "display_name": "pavel",
            "team": "TC0C1HURK",
            "name": "pavel",
            "is_restricted": false,
            "is_ultra_restricted": false
        },
        "thread_ts": "1557309024.092300",
        "parent_user_id": "UJ4S3SU2X"
    },
    {
        "client_msg_id": "f2712c9d-5916-41ea-af12-af1fef3dc803",
        "type": "message",
        "text": "i'll do :smiley:",
        "user": "UJ4S3SU2X",
        "ts": "1557316128.094800",
        "team": "TC0C1HURK",
        "user_team": "TC0C1HURK",
        "source_team": "TC0C1HURK",
        "user_profile": {
            "avatar_hash": "g85b28cad17b",
            "image_72": "https:\/\/secure.gravatar.com\/avatar\/a85b28cad17b558258fca071a45d8111.jpg?s=72&d=https%3A%2F%2Fa.slack-edge.com%2Fdf10d%2Fimg%2Favatars%2Fava_0012-72.png",
            "first_name": "",
            "real_name": "Tom",
            "display_name": "Tom",
            "team": "TC0C1HURK",
            "name": "thomas.leitgeb",
            "is_restricted": false,
            "is_ultra_restricted": false
        },
        "thread_ts": "1557309024.092300",
        "parent_user_id": "UJ4S3SU2X"
    },
    {
        "client_msg_id": "dc6858bf-0dde-41df-a871-b9932ff5c2ca",
        "type": "message",
        "text": "Done :smile:",
        "user": "UJ4S3SU2X",
        "ts": "1557317238.095000",
        "team": "TC0C1HURK",
        "user_team": "TC0C1HURK",
        "source_team": "TC0C1HURK",
        "user_profile": {
            "avatar_hash": "g85b28cad17b",
            "image_72": "https:\/\/secure.gravatar.com\/avatar\/a85b28cad17b558258fca071a45d8111.jpg?s=72&d=https%3A%2F%2Fa.slack-edge.com%2Fdf10d%2Fimg%2Favatars%2Fava_0012-72.png",
            "first_name": "",
            "real_name": "Tom",
            "display_name": "Tom",
            "team": "TC0C1HURK",
            "name": "thomas.leitgeb",
            "is_restricted": false,
            "is_ultra_restricted": false
        },
        "thread_ts": "1557309024.092300",
        "parent_user_id": "UJ4S3SU2X",
        "reactions": [
            {
                "name": "+1",
                "users": [
                    "UC19HAUAK"
                ],
                "count": 1
            }
        ]
    },
    {
        "type": "message",
        "subtype": "channel_join",
        "ts": "1557345200.097400",
        "user": "UJBP5CL6M",
        "text": "<@UJBP5CL6M> has joined the channel"
    }
]