[
    {
        "client_msg_id": "dcdabc26-dd4b-4a6d-84dd-91bfd7dee8c2",
        "type": "message",
        "text": "Yes that's right",
        "user": "UK3MR5VSN",
        "ts": "1563770942.005500",
        "team": "TC0C1HURK",
        "user_team": "TC0C1HURK",
        "source_team": "TC0C1HURK",
        "user_profile": {
            "avatar_hash": "g1c20957ded8",
            "image_72": "https:\/\/secure.gravatar.com\/avatar\/b1c20957ded859ecaee756debb75d2c0.jpg?s=72&d=https%3A%2F%2Fa.slack-edge.com%2Fdf10d%2Fimg%2Favatars%2Fava_0025-72.png",
            "first_name": "",
            "real_name": "Kelvin Nainggolan",
            "display_name": "Kelvin Nainggolan",
            "team": "TC0C1HURK",
            "name": "kelvinnainggolan59",
            "is_restricted": false,
            "is_ultra_restricted": false
        },
        "thread_ts": "1563527024.308700",
        "parent_user_id": "UK3MR5VSN"
    },
    {
        "client_msg_id": "fcd1ac19-6ff2-49c3-874f-46545579eaf4",
        "type": "message",
        "text": "How to make it like that?",
        "user": "UK3MR5VSN",
        "ts": "1563770950.005700",
        "team": "TC0C1HURK",
        "user_team": "TC0C1HURK",
        "source_team": "TC0C1HURK",
        "user_profile": {
            "avatar_hash": "g1c20957ded8",
            "image_72": "https:\/\/secure.gravatar.com\/avatar\/b1c20957ded859ecaee756debb75d2c0.jpg?s=72&d=https%3A%2F%2Fa.slack-edge.com%2Fdf10d%2Fimg%2Favatars%2Fava_0025-72.png",
            "first_name": "",
            "real_name": "Kelvin Nainggolan",
            "display_name": "Kelvin Nainggolan",
            "team": "TC0C1HURK",
            "name": "kelvinnainggolan59",
            "is_restricted": false,
            "is_ultra_restricted": false
        },
        "thread_ts": "1563527024.308700",
        "parent_user_id": "UK3MR5VSN"
    }
]