[
    {
        "type": "message",
        "subtype": "channel_join",
        "ts": "1563281756.298800",
        "user": "UL9HE2K0R",
        "text": "<@UL9HE2K0R> has joined the channel"
    },
    {
        "type": "message",
        "subtype": "channel_join",
        "ts": "1563288495.299000",
        "user": "ULG2S8NM6",
        "text": "<@ULG2S8NM6> has joined the channel"
    },
    {
        "type": "message",
        "subtype": "channel_join",
        "ts": "1563329816.299200",
        "user": "ULJU7TD7G",
        "text": "<@ULJU7TD7G> has joined the channel"
    }
]