[
    {
        "type": "message",
        "text": "i tried:",
        "files": [
            {
                "id": "FJREZ9FPD",
                "created": 1559121546,
                "timestamp": 1559121546,
                "name": "image.png",
                "title": "image.png",
                "mimetype": "image\/png",
                "filetype": "png",
                "pretty_type": "PNG",
                "user": "UJRG0GMDF",
                "editable": false,
                "size": 16291,
                "mode": "hosted",
                "is_external": false,
                "external_type": "",
                "is_public": true,
                "public_url_shared": false,
                "display_as_bot": false,
                "username": "",
                "url_private": "https:\/\/files.slack.com\/files-pri\/TC0C1HURK-FJREZ9FPD\/image.png?t=xoxe-408409606869-1267807410853-1293019902560-8c9dc5fc58d3a65e0fe0837e69de048d",
                "url_private_download": "https:\/\/files.slack.com\/files-pri\/TC0C1HURK-FJREZ9FPD\/download\/image.png?t=xoxe-408409606869-1267807410853-1293019902560-8c9dc5fc58d3a65e0fe0837e69de048d",
                "thumb_64": "https:\/\/files.slack.com\/files-tmb\/TC0C1HURK-FJREZ9FPD-a88bd75440\/image_64.png?t=xoxe-408409606869-1267807410853-1293019902560-8c9dc5fc58d3a65e0fe0837e69de048d",
                "thumb_80": "https:\/\/files.slack.com\/files-tmb\/TC0C1HURK-FJREZ9FPD-a88bd75440\/image_80.png?t=xoxe-408409606869-1267807410853-1293019902560-8c9dc5fc58d3a65e0fe0837e69de048d",
                "thumb_360": "https:\/\/files.slack.com\/files-tmb\/TC0C1HURK-FJREZ9FPD-a88bd75440\/image_360.png?t=xoxe-408409606869-1267807410853-1293019902560-8c9dc5fc58d3a65e0fe0837e69de048d",
                "thumb_360_w": 360,
                "thumb_360_h": 86,
                "thumb_480": "https:\/\/files.slack.com\/files-tmb\/TC0C1HURK-FJREZ9FPD-a88bd75440\/image_480.png?t=xoxe-408409606869-1267807410853-1293019902560-8c9dc5fc58d3a65e0fe0837e69de048d",
                "thumb_480_w": 480,
                "thumb_480_h": 115,
                "thumb_160": "https:\/\/files.slack.com\/files-tmb\/TC0C1HURK-FJREZ9FPD-a88bd75440\/image_160.png?t=xoxe-408409606869-1267807410853-1293019902560-8c9dc5fc58d3a65e0fe0837e69de048d",
                "image_exif_rotation": 1,
                "original_w": 712,
                "original_h": 170,
                "permalink": "https:\/\/cube-js.slack.com\/files\/UJRG0GMDF\/FJREZ9FPD\/image.png",
                "permalink_public": "https:\/\/slack-files.com\/TC0C1HURK-FJREZ9FPD-bcb18c8262",
                "is_starred": false,
                "has_rich_preview": false
            }
        ],
        "upload": true,
        "user": "UJRG0GMDF",
        "display_as_bot": false,
        "ts": "1559121548.058500",
        "client_msg_id": "9a14c861-e97e-48a5-988f-6887fc8c8858"
    },
    {
        "client_msg_id": "914ffe21-2e01-4bff-848b-52ef211c2246",
        "type": "message",
        "text": "i got:",
        "user": "UJRG0GMDF",
        "ts": "1559121629.058900",
        "team": "TC0C1HURK",
        "user_team": "TC0C1HURK",
        "source_team": "TC0C1HURK",
        "user_profile": {
            "avatar_hash": "g856a149f116",
            "image_72": "https:\/\/secure.gravatar.com\/avatar\/3856a149f116763f9c90925da83180a9.jpg?s=72&d=https%3A%2F%2Fa.slack-edge.com%2Fdf10d%2Fimg%2Favatars%2Fava_0023-72.png",
            "first_name": "Nikol-Jovany",
            "real_name": "Nikol-Jovany",
            "display_name": "Nikol-Jovany",
            "team": "TC0C1HURK",
            "name": "metziot2000",
            "is_restricted": false,
            "is_ultra_restricted": false
        }
    },
    {
        "type": "message",
        "text": "",
        "files": [
            {
                "id": "FK4NVTR8F",
                "created": 1559121633,
                "timestamp": 1559121633,
                "name": "image.png",
                "title": "image.png",
                "mimetype": "image\/png",
                "filetype": "png",
                "pretty_type": "PNG",
                "user": "UJRG0GMDF",
                "editable": false,
                "size": 4795,
                "mode": "hosted",
                "is_external": false,
                "external_type": "",
                "is_public": true,
                "public_url_shared": false,
                "display_as_bot": false,
                "username": "",
                "url_private": "https:\/\/files.slack.com\/files-pri\/TC0C1HURK-FK4NVTR8F\/image.png?t=xoxe-408409606869-1267807410853-1293019902560-8c9dc5fc58d3a65e0fe0837e69de048d",
                "url_private_download": "https:\/\/files.slack.com\/files-pri\/TC0C1HURK-FK4NVTR8F\/download\/image.png?t=xoxe-408409606869-1267807410853-1293019902560-8c9dc5fc58d3a65e0fe0837e69de048d",
                "thumb_64": "https:\/\/files.slack.com\/files-tmb\/TC0C1HURK-FK4NVTR8F-313f9eacfe\/image_64.png?t=xoxe-408409606869-1267807410853-1293019902560-8c9dc5fc58d3a65e0fe0837e69de048d",
                "thumb_80": "https:\/\/files.slack.com\/files-tmb\/TC0C1HURK-FK4NVTR8F-313f9eacfe\/image_80.png?t=xoxe-408409606869-1267807410853-1293019902560-8c9dc5fc58d3a65e0fe0837e69de048d",
                "thumb_360": "https:\/\/files.slack.com\/files-tmb\/TC0C1HURK-FK4NVTR8F-313f9eacfe\/image_360.png?t=xoxe-408409606869-1267807410853-1293019902560-8c9dc5fc58d3a65e0fe0837e69de048d",
                "thumb_360_w": 360,
                "thumb_360_h": 28,
                "thumb_480": "https:\/\/files.slack.com\/files-tmb\/TC0C1HURK-FK4NVTR8F-313f9eacfe\/image_480.png?t=xoxe-408409606869-1267807410853-1293019902560-8c9dc5fc58d3a65e0fe0837e69de048d",
                "thumb_480_w": 480,
                "thumb_480_h": 37,
                "thumb_160": "https:\/\/files.slack.com\/files-tmb\/TC0C1HURK-FK4NVTR8F-313f9eacfe\/image_160.png?t=xoxe-408409606869-1267807410853-1293019902560-8c9dc5fc58d3a65e0fe0837e69de048d",
                "image_exif_rotation": 1,
                "original_w": 523,
                "original_h": 40,
                "permalink": "https:\/\/cube-js.slack.com\/files\/UJRG0GMDF\/FK4NVTR8F\/image.png",
                "permalink_public": "https:\/\/slack-files.com\/TC0C1HURK-FK4NVTR8F-c1b43abb8e",
                "is_starred": false,
                "has_rich_preview": false
            }
        ],
        "upload": true,
        "user": "UJRG0GMDF",
        "display_as_bot": false,
        "ts": "1559121635.059000",
        "client_msg_id": "36e05da1-cb4a-4536-adf4-0e9d0f36b7a9"
    },
    {
        "client_msg_id": "62dd369e-eee2-44db-a5fe-5bc73f37265b",
        "type": "message",
        "text": "whats the problem?",
        "user": "UJRG0GMDF",
        "ts": "1559121650.059500",
        "team": "TC0C1HURK",
        "user_team": "TC0C1HURK",
        "source_team": "TC0C1HURK",
        "user_profile": {
            "avatar_hash": "g856a149f116",
            "image_72": "https:\/\/secure.gravatar.com\/avatar\/3856a149f116763f9c90925da83180a9.jpg?s=72&d=https%3A%2F%2Fa.slack-edge.com%2Fdf10d%2Fimg%2Favatars%2Fava_0023-72.png",
            "first_name": "Nikol-Jovany",
            "real_name": "Nikol-Jovany",
            "display_name": "Nikol-Jovany",
            "team": "TC0C1HURK",
            "name": "metziot2000",
            "is_restricted": false,
            "is_ultra_restricted": false
        }
    },
    {
        "client_msg_id": "8fb6552f-d806-44e4-a631-2c97991accf7",
        "type": "message",
        "text": "~I think–based on the error message–you should not use * in the filter SQL~",
        "user": "UJ1FZS4DU",
        "ts": "1559122649.059900",
        "team": "TC0C1HURK",
        "user_team": "TC0C1HURK",
        "source_team": "TC0C1HURK",
        "user_profile": {
            "avatar_hash": "g6cfd940ed84",
            "image_72": "https:\/\/secure.gravatar.com\/avatar\/e6cfd940ed847bd5a7a358c488e3b56c.jpg?s=72&d=https%3A%2F%2Fa.slack-edge.com%2Fdf10d%2Fimg%2Favatars%2Fava_0008-72.png",
            "first_name": "",
            "real_name": "Adam Bánky",
            "display_name": "Adam Bánky",
            "team": "TC0C1HURK",
            "name": "banky.adam",
            "is_restricted": false,
            "is_ultra_restricted": false
        },
        "edited": {
            "user": "UJ1FZS4DU",
            "ts": "1559122670.000000"
        }
    },
    {
        "client_msg_id": "eb11a852-4443-447d-8f53-5da9077f62e9",
        "type": "message",
        "text": "or the `sql` should be a valid query?",
        "user": "UJ1FZS4DU",
        "ts": "1559122712.060500",
        "team": "TC0C1HURK",
        "user_team": "TC0C1HURK",
        "source_team": "TC0C1HURK",
        "user_profile": {
            "avatar_hash": "g6cfd940ed84",
            "image_72": "https:\/\/secure.gravatar.com\/avatar\/e6cfd940ed847bd5a7a358c488e3b56c.jpg?s=72&d=https%3A%2F%2Fa.slack-edge.com%2Fdf10d%2Fimg%2Favatars%2Fava_0008-72.png",
            "first_name": "",
            "real_name": "Adam Bánky",
            "display_name": "Adam Bánky",
            "team": "TC0C1HURK",
            "name": "banky.adam",
            "is_restricted": false,
            "is_ultra_restricted": false
        }
    },
    {
        "client_msg_id": "109ca2f9-3504-454b-934d-a18d2db4d5a8",
        "type": "message",
        "text": "?",
        "user": "UJRG0GMDF",
        "ts": "1559122839.060700",
        "team": "TC0C1HURK",
        "user_team": "TC0C1HURK",
        "source_team": "TC0C1HURK",
        "user_profile": {
            "avatar_hash": "g856a149f116",
            "image_72": "https:\/\/secure.gravatar.com\/avatar\/3856a149f116763f9c90925da83180a9.jpg?s=72&d=https%3A%2F%2Fa.slack-edge.com%2Fdf10d%2Fimg%2Favatars%2Fava_0023-72.png",
            "first_name": "Nikol-Jovany",
            "real_name": "Nikol-Jovany",
            "display_name": "Nikol-Jovany",
            "team": "TC0C1HURK",
            "name": "metziot2000",
            "is_restricted": false,
            "is_ultra_restricted": false
        }
    },
    {
        "client_msg_id": "bbb3d049-3418-4e77-8a19-ef371d255154",
        "type": "message",
        "text": "hoe can i fix?",
        "user": "UJRG0GMDF",
        "ts": "1559122849.060900",
        "team": "TC0C1HURK",
        "user_team": "TC0C1HURK",
        "source_team": "TC0C1HURK",
        "user_profile": {
            "avatar_hash": "g856a149f116",
            "image_72": "https:\/\/secure.gravatar.com\/avatar\/3856a149f116763f9c90925da83180a9.jpg?s=72&d=https%3A%2F%2Fa.slack-edge.com%2Fdf10d%2Fimg%2Favatars%2Fava_0023-72.png",
            "first_name": "Nikol-Jovany",
            "real_name": "Nikol-Jovany",
            "display_name": "Nikol-Jovany",
            "team": "TC0C1HURK",
            "name": "metziot2000",
            "is_restricted": false,
            "is_ultra_restricted": false
        }
    },
    {
        "client_msg_id": "043467cb-da39-4454-9204-5ab50dbc2bcd",
        "type": "message",
        "text": "as I see in the documentation, the filters.sql shouldn’t be a full SQL query, but only a `WHERE` condition: <https:\/\/cube.dev\/docs\/measures#parameters-filters>",
        "user": "UJ1FZS4DU",
        "ts": "1559122974.061900",
        "team": "TC0C1HURK",
        "user_team": "TC0C1HURK",
        "source_team": "TC0C1HURK",
        "user_profile": {
            "avatar_hash": "g6cfd940ed84",
            "image_72": "https:\/\/secure.gravatar.com\/avatar\/e6cfd940ed847bd5a7a358c488e3b56c.jpg?s=72&d=https%3A%2F%2Fa.slack-edge.com%2Fdf10d%2Fimg%2Favatars%2Fava_0008-72.png",
            "first_name": "",
            "real_name": "Adam Bánky",
            "display_name": "Adam Bánky",
            "team": "TC0C1HURK",
            "name": "banky.adam",
            "is_restricted": false,
            "is_ultra_restricted": false
        },
        "attachments": [
            {
                "title": "Cube.js Docs | Measures",
                "title_link": "https:\/\/cube.dev\/docs\/measures#parameters-filters",
                "text": "Documentation for working with Cube.js, the open-source analytics framework.",
                "fallback": "Cube.js Docs | Measures",
                "from_url": "https:\/\/cube.dev\/docs\/measures#parameters-filters",
                "service_icon": "https:\/\/cube.dev\/docs\/icons-c79b6ee44cd5a2d74a48cb83170cce6f\/apple-touch-icon-57x57.png",
                "service_name": "docs",
                "id": 1,
                "original_url": "https:\/\/cube.dev\/docs\/measures#parameters-filters"
            }
        ]
    },
    {
        "client_msg_id": "68bfac0a-7598-4aa0-b532-cea96f399bf9",
        "type": "message",
        "text": "maybe trying: `${TABLE}.newPage IS NOT NULL`",
        "user": "UJ1FZS4DU",
        "ts": "1559123049.062700",
        "team": "TC0C1HURK",
        "user_team": "TC0C1HURK",
        "source_team": "TC0C1HURK",
        "user_profile": {
            "avatar_hash": "g6cfd940ed84",
            "image_72": "https:\/\/secure.gravatar.com\/avatar\/e6cfd940ed847bd5a7a358c488e3b56c.jpg?s=72&d=https%3A%2F%2Fa.slack-edge.com%2Fdf10d%2Fimg%2Favatars%2Fava_0008-72.png",
            "first_name": "",
            "real_name": "Adam Bánky",
            "display_name": "Adam Bánky",
            "team": "TC0C1HURK",
            "name": "banky.adam",
            "is_restricted": false,
            "is_ultra_restricted": false
        },
        "edited": {
            "user": "UJ1FZS4DU",
            "ts": "1559123098.000000"
        }
    },
    {
        "client_msg_id": "e5c7b189-b9bb-4478-aac1-923aa67023dd",
        "type": "message",
        "text": "but i dont hava a newPageColom ,i hava a json object event that contain click.add and etc",
        "user": "UJRG0GMDF",
        "ts": "1559123119.064400",
        "team": "TC0C1HURK",
        "user_team": "TC0C1HURK",
        "source_team": "TC0C1HURK",
        "user_profile": {
            "avatar_hash": "g856a149f116",
            "image_72": "https:\/\/secure.gravatar.com\/avatar\/3856a149f116763f9c90925da83180a9.jpg?s=72&d=https%3A%2F%2Fa.slack-edge.com%2Fdf10d%2Fimg%2Favatars%2Fava_0023-72.png",
            "first_name": "Nikol-Jovany",
            "real_name": "Nikol-Jovany",
            "display_name": "Nikol-Jovany",
            "team": "TC0C1HURK",
            "name": "metziot2000",
            "is_restricted": false,
            "is_ultra_restricted": false
        }
    },
    {
        "client_msg_id": "9b067bc4-27d3-4456-a7f2-734096cad839",
        "type": "message",
        "text": "You can write any valid SQL expression there that can be used as a WHERE clause. I think if you can store JSON objects, your SQL engine will be able to extract an element from that… since I don’t know your DB engine, it’s hart to figure out how to do that, by I think that you’ll handle that",
        "user": "UJ1FZS4DU",
        "ts": "1559123294.066100",
        "team": "TC0C1HURK",
        "user_team": "TC0C1HURK",
        "source_team": "TC0C1HURK",
        "user_profile": {
            "avatar_hash": "g6cfd940ed84",
            "image_72": "https:\/\/secure.gravatar.com\/avatar\/e6cfd940ed847bd5a7a358c488e3b56c.jpg?s=72&d=https%3A%2F%2Fa.slack-edge.com%2Fdf10d%2Fimg%2Favatars%2Fava_0008-72.png",
            "first_name": "",
            "real_name": "Adam Bánky",
            "display_name": "Adam Bánky",
            "team": "TC0C1HURK",
            "name": "banky.adam",
            "is_restricted": false,
            "is_ultra_restricted": false
        }
    },
    {
        "client_msg_id": "ae4992b8-e4ca-4375-ba69-1fe48204022b",
        "type": "message",
        "text": "Thanks. I still do not know how to put the excellent queries in Memsql into filters in the cube. I'd love to get an explanation. Thanks",
        "user": "UJRG0GMDF",
        "ts": "1559123805.066300",
        "team": "TC0C1HURK",
        "user_team": "TC0C1HURK",
        "source_team": "TC0C1HURK",
        "user_profile": {
            "avatar_hash": "g856a149f116",
            "image_72": "https:\/\/secure.gravatar.com\/avatar\/3856a149f116763f9c90925da83180a9.jpg?s=72&d=https%3A%2F%2Fa.slack-edge.com%2Fdf10d%2Fimg%2Favatars%2Fava_0023-72.png",
            "first_name": "Nikol-Jovany",
            "real_name": "Nikol-Jovany",
            "display_name": "Nikol-Jovany",
            "team": "TC0C1HURK",
            "name": "metziot2000",
            "is_restricted": false,
            "is_ultra_restricted": false
        }
    },
    {
        "client_msg_id": "ee09d897-a80c-4572-b37f-ba28df1c7a28",
        "type": "message",
        "text": "as i see in the memsql documentation, you should write something like this: `${TABLE}.event::newPage IS NOT NULL`",
        "user": "UJ1FZS4DU",
        "ts": "1559124135.067300",
        "team": "TC0C1HURK",
        "user_team": "TC0C1HURK",
        "source_team": "TC0C1HURK",
        "user_profile": {
            "avatar_hash": "g6cfd940ed84",
            "image_72": "https:\/\/secure.gravatar.com\/avatar\/e6cfd940ed847bd5a7a358c488e3b56c.jpg?s=72&d=https%3A%2F%2Fa.slack-edge.com%2Fdf10d%2Fimg%2Favatars%2Fava_0008-72.png",
            "first_name": "",
            "real_name": "Adam Bánky",
            "display_name": "Adam Bánky",
            "team": "TC0C1HURK",
            "name": "banky.adam",
            "is_restricted": false,
            "is_ultra_restricted": false
        }
    },
    {
        "client_msg_id": "a0dafaa1-edfc-4885-bda0-0b1bd40c7ff0",
        "type": "message",
        "text": "if this not works, maybe with a JSON function: `json_extract_json(event, 'newPage') IS NOT NULL` &lt; use this if `newPage` is not always there in the event document (<https:\/\/docs.memsql.com\/sql-reference\/v6.8\/json_extract_type\/>)",
        "user": "UJ1FZS4DU",
        "ts": "1559124310.069000",
        "team": "TC0C1HURK",
        "user_team": "TC0C1HURK",
        "source_team": "TC0C1HURK",
        "user_profile": {
            "avatar_hash": "g6cfd940ed84",
            "image_72": "https:\/\/secure.gravatar.com\/avatar\/e6cfd940ed847bd5a7a358c488e3b56c.jpg?s=72&d=https%3A%2F%2Fa.slack-edge.com%2Fdf10d%2Fimg%2Favatars%2Fava_0008-72.png",
            "first_name": "",
            "real_name": "Adam Bánky",
            "display_name": "Adam Bánky",
            "team": "TC0C1HURK",
            "name": "banky.adam",
            "is_restricted": false,
            "is_ultra_restricted": false
        },
        "attachments": [
            {
                "title": "JSON_EXTRACT_",
                "title_link": "https:\/\/docs.memsql.com\/sql-reference\/v6.8\/json_extract_type\/",
                "text": "This is a set of three JSON functions, which returns the value of a given key in a JSON map or an element in a JSON array. Maps are in the form: {\"a\": 1, \"b\": 2, \"c\": 3} JSON_EXTRACT_DOUBLE is for all numeric data. Javascript has only one numeric type. JSON_EXTRACT_STRING is for all text and binary types. JSON_EXTRACT_JSON is for all valid Javascript types, including true, false, JSON maps, and lists.",
                "fallback": "JSON_EXTRACT_",
                "from_url": "https:\/\/docs.memsql.com\/sql-reference\/v6.8\/json_extract_type\/",
                "service_name": "docs.memsql.com",
                "id": 1,
                "original_url": "https:\/\/docs.memsql.com\/sql-reference\/v6.8\/json_extract_type\/"
            }
        ]
    },
    {
        "type": "message",
        "text": "",
        "files": [
            {
                "id": "FK2E11A4C",
                "created": 1559124800,
                "timestamp": 1559124800,
                "name": "image.png",
                "title": "image.png",
                "mimetype": "image\/png",
                "filetype": "png",
                "pretty_type": "PNG",
                "user": "UJRG0GMDF",
                "editable": false,
                "size": 10052,
                "mode": "hosted",
                "is_external": false,
                "external_type": "",
                "is_public": true,
                "public_url_shared": false,
                "display_as_bot": false,
                "username": "",
                "url_private": "https:\/\/files.slack.com\/files-pri\/TC0C1HURK-FK2E11A4C\/image.png?t=xoxe-408409606869-1267807410853-1293019902560-8c9dc5fc58d3a65e0fe0837e69de048d",
                "url_private_download": "https:\/\/files.slack.com\/files-pri\/TC0C1HURK-FK2E11A4C\/download\/image.png?t=xoxe-408409606869-1267807410853-1293019902560-8c9dc5fc58d3a65e0fe0837e69de048d",
                "thumb_64": "https:\/\/files.slack.com\/files-tmb\/TC0C1HURK-FK2E11A4C-d79498e333\/image_64.png?t=xoxe-408409606869-1267807410853-1293019902560-8c9dc5fc58d3a65e0fe0837e69de048d",
                "thumb_80": "https:\/\/files.slack.com\/files-tmb\/TC0C1HURK-FK2E11A4C-d79498e333\/image_80.png?t=xoxe-408409606869-1267807410853-1293019902560-8c9dc5fc58d3a65e0fe0837e69de048d",
                "thumb_360": "https:\/\/files.slack.com\/files-tmb\/TC0C1HURK-FK2E11A4C-d79498e333\/image_360.png?t=xoxe-408409606869-1267807410853-1293019902560-8c9dc5fc58d3a65e0fe0837e69de048d",
                "thumb_360_w": 360,
                "thumb_360_h": 6,
                "thumb_480": "https:\/\/files.slack.com\/files-tmb\/TC0C1HURK-FK2E11A4C-d79498e333\/image_480.png?t=xoxe-408409606869-1267807410853-1293019902560-8c9dc5fc58d3a65e0fe0837e69de048d",
                "thumb_480_w": 480,
                "thumb_480_h": 8,
                "thumb_160": "https:\/\/files.slack.com\/files-tmb\/TC0C1HURK-FK2E11A4C-d79498e333\/image_160.png?t=xoxe-408409606869-1267807410853-1293019902560-8c9dc5fc58d3a65e0fe0837e69de048d",
                "thumb_720": "https:\/\/files.slack.com\/files-tmb\/TC0C1HURK-FK2E11A4C-d79498e333\/image_720.png?t=xoxe-408409606869-1267807410853-1293019902560-8c9dc5fc58d3a65e0fe0837e69de048d",
                "thumb_720_w": 720,
                "thumb_720_h": 13,
                "thumb_800": "https:\/\/files.slack.com\/files-tmb\/TC0C1HURK-FK2E11A4C-d79498e333\/image_800.png?t=xoxe-408409606869-1267807410853-1293019902560-8c9dc5fc58d3a65e0fe0837e69de048d",
                "thumb_800_w": 800,
                "thumb_800_h": 14,
                "thumb_960": "https:\/\/files.slack.com\/files-tmb\/TC0C1HURK-FK2E11A4C-d79498e333\/image_960.png?t=xoxe-408409606869-1267807410853-1293019902560-8c9dc5fc58d3a65e0fe0837e69de048d",
                "thumb_960_w": 960,
                "thumb_960_h": 17,
                "thumb_1024": "https:\/\/files.slack.com\/files-tmb\/TC0C1HURK-FK2E11A4C-d79498e333\/image_1024.png?t=xoxe-408409606869-1267807410853-1293019902560-8c9dc5fc58d3a65e0fe0837e69de048d",
                "thumb_1024_w": 1024,
                "thumb_1024_h": 18,
                "image_exif_rotation": 1,
                "original_w": 1315,
                "original_h": 23,
                "permalink": "https:\/\/cube-js.slack.com\/files\/UJRG0GMDF\/FK2E11A4C\/image.png",
                "permalink_public": "https:\/\/slack-files.com\/TC0C1HURK-FK2E11A4C-06e3b086d3",
                "is_starred": false,
                "has_rich_preview": false
            }
        ],
        "upload": true,
        "user": "UJRG0GMDF",
        "display_as_bot": false,
        "ts": "1559124803.069200",
        "client_msg_id": "383f2111-eb1b-4464-a5cc-60496fe630a4"
    },
    {
        "client_msg_id": "62f1ff74-1d04-4e57-88f1-e9b887ef071e",
        "type": "message",
        "text": "after ${TABLE}.event::newPage IS NOT NULL",
        "user": "UJRG0GMDF",
        "ts": "1559124814.069700",
        "team": "TC0C1HURK",
        "user_team": "TC0C1HURK",
        "source_team": "TC0C1HURK",
        "user_profile": {
            "avatar_hash": "g856a149f116",
            "image_72": "https:\/\/secure.gravatar.com\/avatar\/3856a149f116763f9c90925da83180a9.jpg?s=72&d=https%3A%2F%2Fa.slack-edge.com%2Fdf10d%2Fimg%2Favatars%2Fava_0023-72.png",
            "first_name": "Nikol-Jovany",
            "real_name": "Nikol-Jovany",
            "display_name": "Nikol-Jovany",
            "team": "TC0C1HURK",
            "name": "metziot2000",
            "is_restricted": false,
            "is_ultra_restricted": false
        }
    },
    {
        "client_msg_id": "39726681-793f-4120-9378-cd90e968d405",
        "type": "message",
        "text": "Out of curiosity, you mentioned memsql but error says about MySQL server. It would help other to help you if you fully describe your setup to community",
        "user": "UC7JX5RL2",
        "ts": "1559124995.071000",
        "team": "TC0C1HURK",
        "user_team": "TC0C1HURK",
        "source_team": "TC0C1HURK",
        "user_profile": {
            "avatar_hash": "ef59591c43fc",
            "image_72": "https:\/\/avatars.slack-edge.com\/2019-02-12\/548520196212_ef59591c43fca358d306_72.jpg",
            "first_name": "Roman",
            "real_name": "Roman Gomolko",
            "display_name": "Roman Gomolko",
            "team": "TC0C1HURK",
            "name": "rg",
            "is_restricted": false,
            "is_ultra_restricted": false
        }
    },
    {
        "client_msg_id": "d00fbbc6-59fb-4ed6-9f60-6b0d5959eff4",
        "type": "message",
        "text": "I use memsql but it behaves like mysql",
        "user": "UJRG0GMDF",
        "ts": "1559125154.071200",
        "team": "TC0C1HURK",
        "user_team": "TC0C1HURK",
        "source_team": "TC0C1HURK",
        "user_profile": {
            "avatar_hash": "g856a149f116",
            "image_72": "https:\/\/secure.gravatar.com\/avatar\/3856a149f116763f9c90925da83180a9.jpg?s=72&d=https%3A%2F%2Fa.slack-edge.com%2Fdf10d%2Fimg%2Favatars%2Fava_0023-72.png",
            "first_name": "Nikol-Jovany",
            "real_name": "Nikol-Jovany",
            "display_name": "Nikol-Jovany",
            "team": "TC0C1HURK",
            "name": "metziot2000",
            "is_restricted": false,
            "is_ultra_restricted": false
        }
    },
    {
        "client_msg_id": "3b77c2a5-c8f0-4f72-bb94-05ddd1c8a214",
        "type": "message",
        "text": "did you put the expression between backticks (`) as the cubeJS documentation says that it required? (since it is a sql template)",
        "user": "UJ1FZS4DU",
        "ts": "1559125480.072900",
        "team": "TC0C1HURK",
        "user_team": "TC0C1HURK",
        "source_team": "TC0C1HURK",
        "user_profile": {
            "avatar_hash": "g6cfd940ed84",
            "image_72": "https:\/\/secure.gravatar.com\/avatar\/e6cfd940ed847bd5a7a358c488e3b56c.jpg?s=72&d=https%3A%2F%2Fa.slack-edge.com%2Fdf10d%2Fimg%2Favatars%2Fava_0008-72.png",
            "first_name": "",
            "real_name": "Adam Bánky",
            "display_name": "Adam Bánky",
            "team": "TC0C1HURK",
            "name": "banky.adam",
            "is_restricted": false,
            "is_ultra_restricted": false
        },
        "edited": {
            "user": "UJ1FZS4DU",
            "ts": "1559125507.000000"
        }
    },
    {
        "client_msg_id": "16c153b6-de39-4efc-870d-5ab5f844f4e2",
        "type": "message",
        "text": "no",
        "user": "UJRG0GMDF",
        "ts": "1559127057.073200",
        "team": "TC0C1HURK",
        "user_team": "TC0C1HURK",
        "source_team": "TC0C1HURK",
        "user_profile": {
            "avatar_hash": "g856a149f116",
            "image_72": "https:\/\/secure.gravatar.com\/avatar\/3856a149f116763f9c90925da83180a9.jpg?s=72&d=https%3A%2F%2Fa.slack-edge.com%2Fdf10d%2Fimg%2Favatars%2Fava_0023-72.png",
            "first_name": "Nikol-Jovany",
            "real_name": "Nikol-Jovany",
            "display_name": "Nikol-Jovany",
            "team": "TC0C1HURK",
            "name": "metziot2000",
            "is_restricted": false,
            "is_ultra_restricted": false
        }
    },
    {
        "client_msg_id": "cb85931a-282b-4753-b0c5-766b69939d71",
        "type": "message",
        "text": "sorry",
        "user": "UJRG0GMDF",
        "ts": "1559127066.073400",
        "team": "TC0C1HURK",
        "user_team": "TC0C1HURK",
        "source_team": "TC0C1HURK",
        "user_profile": {
            "avatar_hash": "g856a149f116",
            "image_72": "https:\/\/secure.gravatar.com\/avatar\/3856a149f116763f9c90925da83180a9.jpg?s=72&d=https%3A%2F%2Fa.slack-edge.com%2Fdf10d%2Fimg%2Favatars%2Fava_0023-72.png",
            "first_name": "Nikol-Jovany",
            "real_name": "Nikol-Jovany",
            "display_name": "Nikol-Jovany",
            "team": "TC0C1HURK",
            "name": "metziot2000",
            "is_restricted": false,
            "is_ultra_restricted": false
        }
    },
    {
        "client_msg_id": "30c54414-c680-4cf6-a940-2c9e953fc63c",
        "type": "message",
        "text": "yes",
        "user": "UJRG0GMDF",
        "ts": "1559127068.073600",
        "team": "TC0C1HURK",
        "user_team": "TC0C1HURK",
        "source_team": "TC0C1HURK",
        "user_profile": {
            "avatar_hash": "g856a149f116",
            "image_72": "https:\/\/secure.gravatar.com\/avatar\/3856a149f116763f9c90925da83180a9.jpg?s=72&d=https%3A%2F%2Fa.slack-edge.com%2Fdf10d%2Fimg%2Favatars%2Fava_0023-72.png",
            "first_name": "Nikol-Jovany",
            "real_name": "Nikol-Jovany",
            "display_name": "Nikol-Jovany",
            "team": "TC0C1HURK",
            "name": "metziot2000",
            "is_restricted": false,
            "is_ultra_restricted": false
        },
        "thread_ts": "1559127068.073600",
        "reply_count": 1,
        "reply_users_count": 1,
        "latest_reply": "1559185553.000100",
        "reply_users": [
            "UC19HAUAK"
        ],
        "replies": [
            {
                "user": "UC19HAUAK",
                "ts": "1559185553.000100"
            }
        ],
        "subscribed": false
    },
    {
        "client_msg_id": "6fe345e3-5d53-498d-a5aa-29c48b0be7fd",
        "type": "message",
        "text": "<@UJRG0GMDF> It would be helpful if you can share whole data schema file.",
        "user": "UC19HAUAK",
        "ts": "1559185553.000100",
        "team": "TC0C1HURK",
        "user_team": "TC0C1HURK",
        "source_team": "TC0C1HURK",
        "user_profile": {
            "avatar_hash": "066a042e018c",
            "image_72": "https:\/\/avatars.slack-edge.com\/2019-12-07\/866588520998_066a042e018ca831a195_72.png",
            "first_name": "Pavel",
            "real_name": "Pavel Tiunov",
            "display_name": "pavel",
            "team": "TC0C1HURK",
            "name": "pavel",
            "is_restricted": false,
            "is_ultra_restricted": false
        },
        "thread_ts": "1559127068.073600",
        "parent_user_id": "UJRG0GMDF"
    }
]