[
    {
        "client_msg_id": "4cee24c6-004e-44a9-92b9-104bb50c5dc4",
        "type": "message",
        "text": "<@UC19HAUAK> one more thing if i embed above code in index.js and when i add external: true in preAggregation definition...then i get error when run query in redash Error running query: Failed to execute query. Return Code: 400 Reason: {\"error\":\"TypeError: this.externalDriverFactory is not a function\"}...",
        "user": "UM7PN9074",
        "ts": "1570438211.205200",
        "team": "TC0C1HURK",
        "user_team": "TC0C1HURK",
        "source_team": "TC0C1HURK",
        "user_profile": {
            "avatar_hash": "g11599c4f24d",
            "image_72": "https:\/\/secure.gravatar.com\/avatar\/211599c4f24d5ebb1170546549a467d9.jpg?s=72&d=https%3A%2F%2Fa.slack-edge.com%2Fdf10d%2Fimg%2Favatars%2Fava_0008-72.png",
            "first_name": "",
            "real_name": "Sajjad Ali",
            "display_name": "Sajjad Ali",
            "team": "TC0C1HURK",
            "name": "ali",
            "is_restricted": false,
            "is_ultra_restricted": false
        },
        "thread_ts": "1570156644.192200",
        "parent_user_id": "UM7PN9074"
    },
    {
        "type": "message",
        "subtype": "channel_join",
        "ts": "1570440291.205500",
        "user": "UP5Q2A9V5",
        "text": "<@UP5Q2A9V5> has joined the channel"
    },
    {
        "type": "message",
        "subtype": "channel_join",
        "ts": "1570452634.205700",
        "user": "UP4561Q6L",
        "text": "<@UP4561Q6L> has joined the channel"
    },
    {
        "type": "message",
        "subtype": "channel_join",
        "ts": "1570453329.205900",
        "user": "UP3M722MA",
        "text": "<@UP3M722MA> has joined the channel"
    },
    {
        "client_msg_id": "2d157a58-6f06-4f49-9687-9c36f46c47a9",
        "type": "message",
        "text": "Hello, i am trying to create a subquery with same cube, but at moment to watch the sql, in  internal SELECT (subquery SELECT) only select id from cube and make a GROUP BY  for id and not by the SQL field from the measure.",
        "user": "UP4561Q6L",
        "ts": "1570454320.209100",
        "team": "TC0C1HURK",
        "user_team": "TC0C1HURK",
        "source_team": "TC0C1HURK",
        "user_profile": {
            "avatar_hash": "g5b20d5aab96",
            "image_72": "https:\/\/secure.gravatar.com\/avatar\/5b20d5aab96eb584f3bc749551728814.jpg?s=72&d=https%3A%2F%2Fa.slack-edge.com%2Fdf10d%2Fimg%2Favatars%2Fava_0012-72.png",
            "first_name": "",
            "real_name": "Cristhian Sánchez",
            "display_name": "Cristhian Sánchez",
            "team": "TC0C1HURK",
            "name": "csanchez",
            "is_restricted": false,
            "is_ultra_restricted": false
        },
        "thread_ts": "1570454320.209100",
        "reply_count": 1,
        "reply_users_count": 1,
        "latest_reply": "1570466791.210000",
        "reply_users": [
            "UC19HAUAK"
        ],
        "replies": [
            {
                "user": "UC19HAUAK",
                "ts": "1570466791.210000"
            }
        ],
        "subscribed": false
    },
    {
        "client_msg_id": "e8305b21-91c0-45d6-a0d8-555df95eecef",
        "type": "message",
        "text": "<@UM7PN9074> You should use `node index.js` command to start it.",
        "user": "UC19HAUAK",
        "ts": "1570464668.209300",
        "team": "TC0C1HURK",
        "user_team": "TC0C1HURK",
        "source_team": "TC0C1HURK",
        "user_profile": {
            "avatar_hash": "066a042e018c",
            "image_72": "https:\/\/avatars.slack-edge.com\/2019-12-07\/866588520998_066a042e018ca831a195_72.png",
            "first_name": "Pavel",
            "real_name": "Pavel Tiunov",
            "display_name": "pavel",
            "team": "TC0C1HURK",
            "name": "pavel",
            "is_restricted": false,
            "is_ultra_restricted": false
        },
        "thread_ts": "1570156644.192200",
        "parent_user_id": "UM7PN9074"
    },
    {
        "client_msg_id": "ddd8a4cf-4034-4d95-b8f8-bb6e43b1f202",
        "type": "message",
        "text": "<https:\/\/docs.docker.com\/compose\/compose-file\/#command>",
        "user": "UC19HAUAK",
        "ts": "1570464751.209500",
        "team": "TC0C1HURK",
        "user_team": "TC0C1HURK",
        "source_team": "TC0C1HURK",
        "user_profile": {
            "avatar_hash": "066a042e018c",
            "image_72": "https:\/\/avatars.slack-edge.com\/2019-12-07\/866588520998_066a042e018ca831a195_72.png",
            "first_name": "Pavel",
            "real_name": "Pavel Tiunov",
            "display_name": "pavel",
            "team": "TC0C1HURK",
            "name": "pavel",
            "is_restricted": false,
            "is_ultra_restricted": false
        },
        "attachments": [
            {
                "service_name": "Docker Documentation",
                "title": "Compose file version 3 reference",
                "title_link": "https:\/\/docs.docker.com\/compose\/compose-file\/#command",
                "text": "Reference and guidelines These topics describe version 3 of the Compose file format. This is the newest version. Compose and Docker compatibility matrix There are several versions of the Compose...",
                "fallback": "Docker Documentation: Compose file version 3 reference",
                "thumb_url": "https:\/\/docs.docker.com\/favicons\/docs@2x.ico",
                "ts": 1570443982,
                "from_url": "https:\/\/docs.docker.com\/compose\/compose-file\/#command",
                "thumb_width": 129,
                "thumb_height": 128,
                "service_icon": "https:\/\/docs.docker.com\/favicons\/docs@2x.ico",
                "id": 1,
                "original_url": "https:\/\/docs.docker.com\/compose\/compose-file\/#command"
            }
        ],
        "thread_ts": "1570156644.192200",
        "parent_user_id": "UM7PN9074"
    },
    {
        "type": "message",
        "subtype": "channel_join",
        "ts": "1570466305.209900",
        "user": "UP4FTFUP2",
        "text": "<@UP4FTFUP2> has joined the channel"
    },
    {
        "client_msg_id": "049c9adc-0cba-4d13-ac62-588876deaae4",
        "type": "message",
        "text": "Answered in <#CK1K6LWTF|getting-started>",
        "user": "UC19HAUAK",
        "ts": "1570466791.210000",
        "team": "TC0C1HURK",
        "user_team": "TC0C1HURK",
        "source_team": "TC0C1HURK",
        "user_profile": {
            "avatar_hash": "066a042e018c",
            "image_72": "https:\/\/avatars.slack-edge.com\/2019-12-07\/866588520998_066a042e018ca831a195_72.png",
            "first_name": "Pavel",
            "real_name": "Pavel Tiunov",
            "display_name": "pavel",
            "team": "TC0C1HURK",
            "name": "pavel",
            "is_restricted": false,
            "is_ultra_restricted": false
        },
        "thread_ts": "1570454320.209100",
        "parent_user_id": "UP4561Q6L"
    },
    {
        "type": "message",
        "subtype": "channel_join",
        "ts": "1570474405.210300",
        "user": "UP4MNBT4G",
        "text": "<@UP4MNBT4G> has joined the channel"
    },
    {
        "type": "message",
        "subtype": "channel_join",
        "ts": "1570477792.210500",
        "user": "UP6KG3BGX",
        "text": "<@UP6KG3BGX> has joined the channel"
    },
    {
        "client_msg_id": "d815e265-0260-4582-aead-dab574387178",
        "type": "message",
        "text": "I just started playing around with pre-aggregation, this is not clear to me: if the date range (from the filter) changes, is cube.js able to reuse some of the old daily data? For example, if the date range is 2019-10-01 to 2019-10-05 in the first query, and the second query has same filters except the date range changes to 2019-10-01 to 2019-10-07, is there a way to configure cube.js to query data only for 2019-10-06 and 2019-10-07, merge them with the pre-aggregation table(or cache?)which contains 10-01 to 10-05, and then return the result.",
        "user": "UP5BEA40P",
        "ts": "1570484633.215800",
        "team": "TC0C1HURK",
        "user_team": "TC0C1HURK",
        "source_team": "TC0C1HURK",
        "user_profile": {
            "avatar_hash": "g44e673b9310",
            "image_72": "https:\/\/secure.gravatar.com\/avatar\/44e673b93101c513d3008c1e81f6ca6b.jpg?s=72&d=https%3A%2F%2Fa.slack-edge.com%2Fdf10d%2Fimg%2Favatars%2Fava_0016-72.png",
            "first_name": "",
            "real_name": "charlie",
            "display_name": "charlie",
            "team": "TC0C1HURK",
            "name": "charlie",
            "is_restricted": false,
            "is_ultra_restricted": false
        },
        "edited": {
            "user": "UP5BEA40P",
            "ts": "1570484719.000000"
        },
        "thread_ts": "1570484633.215800",
        "reply_count": 6,
        "reply_users_count": 2,
        "latest_reply": "1570492156.217100",
        "reply_users": [
            "UC19HAUAK",
            "UP5BEA40P"
        ],
        "replies": [
            {
                "user": "UC19HAUAK",
                "ts": "1570484800.216000"
            },
            {
                "user": "UC19HAUAK",
                "ts": "1570484867.216200"
            },
            {
                "user": "UP5BEA40P",
                "ts": "1570486897.216400"
            },
            {
                "user": "UP5BEA40P",
                "ts": "1570486904.216600"
            },
            {
                "user": "UC19HAUAK",
                "ts": "1570490189.216900"
            },
            {
                "user": "UP5BEA40P",
                "ts": "1570492156.217100"
            }
        ],
        "subscribed": false
    },
    {
        "client_msg_id": "6bb59fe3-29e9-4a93-ad22-3e1192ee405d",
        "type": "message",
        "text": "Hey <@UP5BEA40P>! Great question! Actually if pre-aggregation isn't partitioned then pre-aggregation table contains all possible dates from the cube when it's finished to build.",
        "user": "UC19HAUAK",
        "ts": "1570484800.216000",
        "team": "TC0C1HURK",
        "user_team": "TC0C1HURK",
        "source_team": "TC0C1HURK",
        "user_profile": {
            "avatar_hash": "066a042e018c",
            "image_72": "https:\/\/avatars.slack-edge.com\/2019-12-07\/866588520998_066a042e018ca831a195_72.png",
            "first_name": "Pavel",
            "real_name": "Pavel Tiunov",
            "display_name": "pavel",
            "team": "TC0C1HURK",
            "name": "pavel",
            "is_restricted": false,
            "is_ultra_restricted": false
        },
        "thread_ts": "1570484633.215800",
        "parent_user_id": "UP5BEA40P"
    },
    {
        "client_msg_id": "c5bca250-9fb7-44e1-a85d-f02dc941f88f",
        "type": "message",
        "text": "If you need to update pre-aggregations incrementally you can take a look at <https:\/\/cube.dev\/docs\/incremental-pre-aggregations>",
        "user": "UC19HAUAK",
        "ts": "1570484867.216200",
        "team": "TC0C1HURK",
        "user_team": "TC0C1HURK",
        "source_team": "TC0C1HURK",
        "user_profile": {
            "avatar_hash": "066a042e018c",
            "image_72": "https:\/\/avatars.slack-edge.com\/2019-12-07\/866588520998_066a042e018ca831a195_72.png",
            "first_name": "Pavel",
            "real_name": "Pavel Tiunov",
            "display_name": "pavel",
            "team": "TC0C1HURK",
            "name": "pavel",
            "is_restricted": false,
            "is_ultra_restricted": false
        },
        "thread_ts": "1570484633.215800",
        "parent_user_id": "UP5BEA40P"
    },
    {
        "client_msg_id": "f78098d1-6411-4dd2-89b5-92fce5f382de",
        "type": "message",
        "text": "thanks. just to confirm: so if there is new raw data coming in, we will need to update the pre-aggregation table, because cube.js will not use data partially from raw data and partially from pre-aggregation table, correct?",
        "user": "UP5BEA40P",
        "ts": "1570486897.216400",
        "team": "TC0C1HURK",
        "user_team": "TC0C1HURK",
        "source_team": "TC0C1HURK",
        "user_profile": {
            "avatar_hash": "g44e673b9310",
            "image_72": "https:\/\/secure.gravatar.com\/avatar\/44e673b93101c513d3008c1e81f6ca6b.jpg?s=72&d=https%3A%2F%2Fa.slack-edge.com%2Fdf10d%2Fimg%2Favatars%2Fava_0016-72.png",
            "first_name": "",
            "real_name": "charlie",
            "display_name": "charlie",
            "team": "TC0C1HURK",
            "name": "charlie",
            "is_restricted": false,
            "is_ultra_restricted": false
        },
        "edited": {
            "user": "UP5BEA40P",
            "ts": "1570486927.000000"
        },
        "thread_ts": "1570484633.215800",
        "parent_user_id": "UP5BEA40P"
    },
    {
        "client_msg_id": "53744f6d-8062-465a-b759-7ac47b23263f",
        "type": "message",
        "text": "And during the pre-aggregation refresh process, cube.js will only get new raw data, not all raw data, right?",
        "user": "UP5BEA40P",
        "ts": "1570486904.216600",
        "team": "TC0C1HURK",
        "user_team": "TC0C1HURK",
        "source_team": "TC0C1HURK",
        "user_profile": {
            "avatar_hash": "g44e673b9310",
            "image_72": "https:\/\/secure.gravatar.com\/avatar\/44e673b93101c513d3008c1e81f6ca6b.jpg?s=72&d=https%3A%2F%2Fa.slack-edge.com%2Fdf10d%2Fimg%2Favatars%2Fava_0016-72.png",
            "first_name": "",
            "real_name": "charlie",
            "display_name": "charlie",
            "team": "TC0C1HURK",
            "name": "charlie",
            "is_restricted": false,
            "is_ultra_restricted": false
        },
        "thread_ts": "1570484633.215800",
        "parent_user_id": "UP5BEA40P"
    },
    {
        "client_msg_id": "39f99c72-ddf6-49b4-b1d5-24539a78c891",
        "type": "message",
        "text": "<@UP5BEA40P> Yep. Correct. Pre-aggregations are updated atomically as a whole or by partitions. Regarding getting only new data: it's correct for incremental partitioned pre-aggregations. For regular pre-aggregations: they're built from scratch on every refresh.",
        "user": "UC19HAUAK",
        "ts": "1570490189.216900",
        "team": "TC0C1HURK",
        "user_team": "TC0C1HURK",
        "source_team": "TC0C1HURK",
        "user_profile": {
            "avatar_hash": "066a042e018c",
            "image_72": "https:\/\/avatars.slack-edge.com\/2019-12-07\/866588520998_066a042e018ca831a195_72.png",
            "first_name": "Pavel",
            "real_name": "Pavel Tiunov",
            "display_name": "pavel",
            "team": "TC0C1HURK",
            "name": "pavel",
            "is_restricted": false,
            "is_ultra_restricted": false
        },
        "thread_ts": "1570484633.215800",
        "parent_user_id": "UP5BEA40P"
    },
    {
        "client_msg_id": "a458f471-e0f1-460d-8d2b-f664ccbe0f6c",
        "type": "message",
        "text": "Thanks.",
        "user": "UP5BEA40P",
        "ts": "1570492156.217100",
        "team": "TC0C1HURK",
        "user_team": "TC0C1HURK",
        "source_team": "TC0C1HURK",
        "user_profile": {
            "avatar_hash": "g44e673b9310",
            "image_72": "https:\/\/secure.gravatar.com\/avatar\/44e673b93101c513d3008c1e81f6ca6b.jpg?s=72&d=https%3A%2F%2Fa.slack-edge.com%2Fdf10d%2Fimg%2Favatars%2Fava_0016-72.png",
            "first_name": "",
            "real_name": "charlie",
            "display_name": "charlie",
            "team": "TC0C1HURK",
            "name": "charlie",
            "is_restricted": false,
            "is_ultra_restricted": false
        },
        "thread_ts": "1570484633.215800",
        "parent_user_id": "UP5BEA40P",
        "reactions": [
            {
                "name": "raised_hands",
                "users": [
                    "UC19HAUAK"
                ],
                "count": 1
            }
        ]
    }
]