[
    {
        "client_msg_id": "f06a8ca5-9c29-48ea-bb3b-3f657cc6aa19",
        "type": "message",
        "text": "Hey <@UM7PN9074>! In order to make external pre-aggregations work you should set externalDriverFactory and externalDbType params while creating your server instance. <https:\/\/cube.dev\/docs\/pre-aggregations#external-rollup>",
        "user": "UC19HAUAK",
        "ts": "1570207145.192400",
        "team": "TC0C1HURK",
        "user_team": "TC0C1HURK",
        "source_team": "TC0C1HURK",
        "user_profile": {
            "avatar_hash": "066a042e018c",
            "image_72": "https:\/\/avatars.slack-edge.com\/2019-12-07\/866588520998_066a042e018ca831a195_72.png",
            "first_name": "Pavel",
            "real_name": "Pavel Tiunov",
            "display_name": "pavel",
            "team": "TC0C1HURK",
            "name": "pavel",
            "is_restricted": false,
            "is_ultra_restricted": false
        },
        "thread_ts": "1570156644.192200",
        "parent_user_id": "UM7PN9074"
    },
    {
        "type": "message",
        "subtype": "channel_join",
        "ts": "1570210753.192700",
        "user": "UNQS6LQCT",
        "text": "<@UNQS6LQCT> has joined the channel"
    },
    {
        "client_msg_id": "219f32ef-a652-4f79-9f7e-10c11b7d165b",
        "type": "message",
        "text": "If i want to add multitenancy setup, where do I need to add this code to make it work?",
        "user": "UNCSGGWAJ",
        "ts": "1570214007.193500",
        "team": "TC0C1HURK",
        "user_team": "TC0C1HURK",
        "source_team": "TC0C1HURK",
        "user_profile": {
            "avatar_hash": "g13b4986ab86",
            "image_72": "https:\/\/secure.gravatar.com\/avatar\/413b4986ab86df86dcb7f4489354bfc5.jpg?s=72&d=https%3A%2F%2Fa.slack-edge.com%2Fdf10d%2Fimg%2Favatars%2Fava_0014-72.png",
            "first_name": "",
            "real_name": "juky",
            "display_name": "juky",
            "team": "TC0C1HURK",
            "name": "julian.chamale",
            "is_restricted": false,
            "is_ultra_restricted": false
        },
        "thread_ts": "1570214007.193500",
        "reply_count": 5,
        "reply_users_count": 2,
        "latest_reply": "1572974694.144400",
        "reply_users": [
            "UC19HAUAK",
            "UNCSGGWAJ"
        ],
        "replies": [
            {
                "user": "UC19HAUAK",
                "ts": "1570215547.194500"
            },
            {
                "user": "UNCSGGWAJ",
                "ts": "1571161922.026900"
            },
            {
                "user": "UC19HAUAK",
                "ts": "1571162227.027100"
            },
            {
                "user": "UC19HAUAK",
                "ts": "1571162235.027300"
            },
            {
                "user": "UNCSGGWAJ",
                "ts": "1572974694.144400"
            }
        ],
        "subscribed": false
    },
    {
        "type": "message",
        "text": "",
        "files": [
            {
                "id": "FP1UV6ZPW",
                "created": 1570214025,
                "timestamp": 1570214025,
                "name": "index.js",
                "title": "index.js",
                "mimetype": "text\/plain",
                "filetype": "javascript",
                "pretty_type": "JavaScript\/JSON",
                "user": "UNCSGGWAJ",
                "editable": true,
                "size": 306,
                "mode": "snippet",
                "is_external": false,
                "external_type": "",
                "is_public": true,
                "public_url_shared": false,
                "display_as_bot": false,
                "username": "",
                "url_private": "https:\/\/files.slack.com\/files-pri\/TC0C1HURK-FP1UV6ZPW\/index.js?t=xoxe-408409606869-1267807410853-1293019902560-8c9dc5fc58d3a65e0fe0837e69de048d",
                "url_private_download": "https:\/\/files.slack.com\/files-pri\/TC0C1HURK-FP1UV6ZPW\/download\/index.js?t=xoxe-408409606869-1267807410853-1293019902560-8c9dc5fc58d3a65e0fe0837e69de048d",
                "permalink": "https:\/\/cube-js.slack.com\/files\/UNCSGGWAJ\/FP1UV6ZPW\/index.js",
                "permalink_public": "https:\/\/slack-files.com\/TC0C1HURK-FP1UV6ZPW-8f9f68d72a",
                "edit_link": "https:\/\/cube-js.slack.com\/files\/UNCSGGWAJ\/FP1UV6ZPW\/index.js\/edit",
                "is_starred": false,
                "has_rich_preview": false
            }
        ],
        "upload": true,
        "user": "UNCSGGWAJ",
        "display_as_bot": false,
        "ts": "1570214025.193600",
        "client_msg_id": "00c5dc52-e22f-45a6-9128-b23012e67d80"
    },
    {
        "client_msg_id": "61951c0d-f654-466e-be51-84bfa5be9b29",
        "type": "message",
        "text": "It seems that if I add this to index.js, it does not work when I run npm dev",
        "user": "UNCSGGWAJ",
        "ts": "1570214062.194400",
        "team": "TC0C1HURK",
        "user_team": "TC0C1HURK",
        "source_team": "TC0C1HURK",
        "user_profile": {
            "avatar_hash": "g13b4986ab86",
            "image_72": "https:\/\/secure.gravatar.com\/avatar\/413b4986ab86df86dcb7f4489354bfc5.jpg?s=72&d=https%3A%2F%2Fa.slack-edge.com%2Fdf10d%2Fimg%2Favatars%2Fava_0014-72.png",
            "first_name": "",
            "real_name": "juky",
            "display_name": "juky",
            "team": "TC0C1HURK",
            "name": "julian.chamale",
            "is_restricted": false,
            "is_ultra_restricted": false
        },
        "thread_ts": "1570214062.194400",
        "reply_count": 1,
        "reply_users_count": 1,
        "latest_reply": "1570217260.194700",
        "reply_users": [
            "UC1HAFW4E"
        ],
        "replies": [
            {
                "user": "UC1HAFW4E",
                "ts": "1570217260.194700"
            }
        ],
        "subscribed": true,
        "last_read": "1570217260.194700"
    },
    {
        "client_msg_id": "8cbeebde-9530-4365-8868-950b47707f7a",
        "type": "message",
        "text": "Hey <@UNCSGGWAJ>! Just updated docs to be more precise: <https:\/\/cube.dev\/docs\/multitenancy-setup#top>. Could you please check and let me know if it works for you?",
        "user": "UC19HAUAK",
        "ts": "1570215547.194500",
        "team": "TC0C1HURK",
        "user_team": "TC0C1HURK",
        "source_team": "TC0C1HURK",
        "user_profile": {
            "avatar_hash": "066a042e018c",
            "image_72": "https:\/\/avatars.slack-edge.com\/2019-12-07\/866588520998_066a042e018ca831a195_72.png",
            "first_name": "Pavel",
            "real_name": "Pavel Tiunov",
            "display_name": "pavel",
            "team": "TC0C1HURK",
            "name": "pavel",
            "is_restricted": false,
            "is_ultra_restricted": false
        },
        "thread_ts": "1570214007.193500",
        "parent_user_id": "UNCSGGWAJ"
    },
    {
        "client_msg_id": "c10b99eb-06dd-4793-b07f-4d3c8fee7c43",
        "type": "message",
        "text": "<@UNCSGGWAJ>, `npm run dev` doesn't execute `index.js`, you need to run `node index.js` manually.",
        "user": "UC1HAFW4E",
        "ts": "1570217260.194700",
        "team": "TC0C1HURK",
        "user_team": "TC0C1HURK",
        "source_team": "TC0C1HURK",
        "user_profile": {
            "avatar_hash": "ee7b69830a11",
            "image_72": "https:\/\/avatars.slack-edge.com\/2018-08-13\/414857329600_ee7b69830a119331e10e_72.jpg",
            "first_name": "Artyom",
            "real_name": "Artyom Keydunov",
            "display_name": "Artyom Keydunov",
            "team": "TC0C1HURK",
            "name": "artyom",
            "is_restricted": false,
            "is_ultra_restricted": false
        },
        "thread_ts": "1570214062.194400",
        "parent_user_id": "UNCSGGWAJ"
    },
    {
        "client_msg_id": "7bb1c790-bff7-42e2-80d0-cdc281622f06",
        "type": "message",
        "text": "Date select works like a charm btw… significantly reduced data munging on our side when we get the data back",
        "user": "ULS90CSDT",
        "ts": "1570221969.194900",
        "team": "TC0C1HURK",
        "user_team": "TC0C1HURK",
        "source_team": "TC0C1HURK",
        "user_profile": {
            "avatar_hash": "g231d776a700",
            "image_72": "https:\/\/secure.gravatar.com\/avatar\/9231d776a700cf7917dfb6b0cd942761.jpg?s=72&d=https%3A%2F%2Fa.slack-edge.com%2Fdf10d%2Fimg%2Favatars%2Fava_0012-72.png",
            "first_name": "",
            "real_name": "Nick Sharp",
            "display_name": "",
            "team": "TC0C1HURK",
            "name": "nickhsharp",
            "is_restricted": false,
            "is_ultra_restricted": false
        },
        "thread_ts": "1570133801.187900",
        "parent_user_id": "ULS90CSDT"
    },
    {
        "client_msg_id": "2f3c622c-162e-40b1-8753-f14112969424",
        "type": "message",
        "text": "Nice! Glad it works for you.",
        "user": "UC19HAUAK",
        "ts": "1570222702.195100",
        "team": "TC0C1HURK",
        "user_team": "TC0C1HURK",
        "source_team": "TC0C1HURK",
        "user_profile": {
            "avatar_hash": "066a042e018c",
            "image_72": "https:\/\/avatars.slack-edge.com\/2019-12-07\/866588520998_066a042e018ca831a195_72.png",
            "first_name": "Pavel",
            "real_name": "Pavel Tiunov",
            "display_name": "pavel",
            "team": "TC0C1HURK",
            "name": "pavel",
            "is_restricted": false,
            "is_ultra_restricted": false
        },
        "thread_ts": "1570133801.187900",
        "parent_user_id": "ULS90CSDT"
    }
]