[
    {
        "client_msg_id": "c67c177b-8756-41df-a3dc-80d28186191e",
        "type": "message",
        "text": "Hi, can i use segments now?\nas i see it`s missing from validation in `cubejs-api-gateway` and my request with `segments` returns `\"segments\" is not allowed`",
        "user": "UG8899M52",
        "ts": "1551428721.001300",
        "team": "TC0C1HURK",
        "user_team": "TC0C1HURK",
        "source_team": "TC0C1HURK",
        "user_profile": {
            "avatar_hash": "gc7c86c70da8",
            "image_72": "https:\/\/secure.gravatar.com\/avatar\/3c7c86c70da8cb6b7b57be6b7116537c.jpg?s=72&d=https%3A%2F%2Fa.slack-edge.com%2Fdf10d%2Fimg%2Favatars%2Fava_0013-72.png",
            "first_name": "",
            "real_name": "Andrew",
            "display_name": "Andrew",
            "team": "TC0C1HURK",
            "name": "andrew.kylta",
            "is_restricted": false,
            "is_ultra_restricted": false
        },
        "thread_ts": "1551428721.001300",
        "reply_count": 6,
        "reply_users_count": 2,
        "latest_reply": "1551436104.009300",
        "reply_users": [
            "UC19HAUAK",
            "UG8899M52"
        ],
        "replies": [
            {
                "user": "UC19HAUAK",
                "ts": "1551431528.001400"
            },
            {
                "user": "UC19HAUAK",
                "ts": "1551431789.001600"
            },
            {
                "user": "UG8899M52",
                "ts": "1551434018.001800"
            },
            {
                "user": "UC19HAUAK",
                "ts": "1551434479.002200"
            },
            {
                "user": "UC19HAUAK",
                "ts": "1551435989.008100"
            },
            {
                "user": "UG8899M52",
                "ts": "1551436104.009300"
            }
        ],
        "subscribed": false
    },
    {
        "client_msg_id": "cbc70840-4fd3-4bd3-ada8-e2ff1676973d",
        "type": "message",
        "text": "Hey <@UG8899M52>! It's interesting. Let us check.",
        "user": "UC19HAUAK",
        "ts": "1551431528.001400",
        "team": "TC0C1HURK",
        "user_team": "TC0C1HURK",
        "source_team": "TC0C1HURK",
        "user_profile": {
            "avatar_hash": "066a042e018c",
            "image_72": "https:\/\/avatars.slack-edge.com\/2019-12-07\/866588520998_066a042e018ca831a195_72.png",
            "first_name": "Pavel",
            "real_name": "Pavel Tiunov",
            "display_name": "pavel",
            "team": "TC0C1HURK",
            "name": "pavel",
            "is_restricted": false,
            "is_ultra_restricted": false
        },
        "thread_ts": "1551428721.001300",
        "parent_user_id": "UG8899M52"
    },
    {
        "client_msg_id": "3ebed2e8-a5e6-48e5-85d1-1abbdbe5d343",
        "type": "message",
        "text": "<@UG8899M52> Yeah. Seems like it's missed in schema check. Regression of code migration. Could you please post an issue and we'll fix it shortly. Thanks!",
        "user": "UC19HAUAK",
        "ts": "1551431789.001600",
        "team": "TC0C1HURK",
        "user_team": "TC0C1HURK",
        "source_team": "TC0C1HURK",
        "user_profile": {
            "avatar_hash": "066a042e018c",
            "image_72": "https:\/\/avatars.slack-edge.com\/2019-12-07\/866588520998_066a042e018ca831a195_72.png",
            "first_name": "Pavel",
            "real_name": "Pavel Tiunov",
            "display_name": "pavel",
            "team": "TC0C1HURK",
            "name": "pavel",
            "is_restricted": false,
            "is_ultra_restricted": false
        },
        "thread_ts": "1551428721.001300",
        "parent_user_id": "UG8899M52"
    },
    {
        "client_msg_id": "0b4b4582-2466-4bac-ae90-4bafe8eda47b",
        "type": "message",
        "text": "<@UC19HAUAK> <https:\/\/github.com\/statsbotco\/cube.js\/issues\/36>",
        "user": "UG8899M52",
        "ts": "1551434018.001800",
        "team": "TC0C1HURK",
        "user_team": "TC0C1HURK",
        "source_team": "TC0C1HURK",
        "user_profile": {
            "avatar_hash": "gc7c86c70da8",
            "image_72": "https:\/\/secure.gravatar.com\/avatar\/3c7c86c70da8cb6b7b57be6b7116537c.jpg?s=72&d=https%3A%2F%2Fa.slack-edge.com%2Fdf10d%2Fimg%2Favatars%2Fava_0013-72.png",
            "first_name": "",
            "real_name": "Andrew",
            "display_name": "Andrew",
            "team": "TC0C1HURK",
            "name": "andrew.kylta",
            "is_restricted": false,
            "is_ultra_restricted": false
        },
        "attachments": [
            {
                "service_name": "GitHub",
                "title": "segments missing in request validation. issue · Issue #36 · statsbotco\/cube.js",
                "title_link": "https:\/\/github.com\/statsbotco\/cube.js\/issues\/36",
                "text": "Hi, it seems that segments missing in request validation. Can you add segments validation to cubejs-api-gateway. Now its not working why request contains segments",
                "fallback": "GitHub: segments missing in request validation. issue · Issue #36 · statsbotco\/cube.js",
                "from_url": "https:\/\/github.com\/statsbotco\/cube.js\/issues\/36",
                "thumb_url": "https:\/\/avatars2.githubusercontent.com\/u\/3259298?s=400&v=4",
                "thumb_width": 250,
                "thumb_height": 250,
                "service_icon": "https:\/\/cfr.slack-edge.com\/bfaba\/img\/unfurl_icons\/github.png",
                "id": 1,
                "original_url": "https:\/\/github.com\/statsbotco\/cube.js\/issues\/36"
            }
        ],
        "thread_ts": "1551428721.001300",
        "parent_user_id": "UG8899M52",
        "reactions": [
            {
                "name": "raised_hands",
                "users": [
                    "UC19HAUAK"
                ],
                "count": 1
            }
        ]
    },
    {
        "client_msg_id": "ce4f0419-d5f6-4411-96aa-e52f2d99c139",
        "type": "message",
        "text": "Working on it!",
        "user": "UC19HAUAK",
        "ts": "1551434479.002200",
        "team": "TC0C1HURK",
        "user_team": "TC0C1HURK",
        "source_team": "TC0C1HURK",
        "user_profile": {
            "avatar_hash": "066a042e018c",
            "image_72": "https:\/\/avatars.slack-edge.com\/2019-12-07\/866588520998_066a042e018ca831a195_72.png",
            "first_name": "Pavel",
            "real_name": "Pavel Tiunov",
            "display_name": "pavel",
            "team": "TC0C1HURK",
            "name": "pavel",
            "is_restricted": false,
            "is_ultra_restricted": false
        },
        "thread_ts": "1551428721.001300",
        "parent_user_id": "UG8899M52"
    },
    {
        "client_msg_id": "6d9bb3b2-8986-47cf-9bf7-6269c2f8d077",
        "type": "message",
        "text": "<@UG8899M52> Just fixed. Could you please check?",
        "user": "UC19HAUAK",
        "ts": "1551435989.008100",
        "team": "TC0C1HURK",
        "user_team": "TC0C1HURK",
        "source_team": "TC0C1HURK",
        "user_profile": {
            "avatar_hash": "066a042e018c",
            "image_72": "https:\/\/avatars.slack-edge.com\/2019-12-07\/866588520998_066a042e018ca831a195_72.png",
            "first_name": "Pavel",
            "real_name": "Pavel Tiunov",
            "display_name": "pavel",
            "team": "TC0C1HURK",
            "name": "pavel",
            "is_restricted": false,
            "is_ultra_restricted": false
        },
        "thread_ts": "1551428721.001300",
        "parent_user_id": "UG8899M52"
    },
    {
        "client_msg_id": "0d27caf2-be00-4efa-9925-03244e06cc2f",
        "type": "message",
        "text": "hi\nI have `json` column in database which contains different json configurations.\nI can`t find easy way how to create cube. Json can contain different configuration-property names.\nI don`t want to create dimensions for each possible property which can be in json column. ( i don`t know how cube will works with a lot of dimensions more then 1000 )\nIs it possible to query data like this using cubejs ?",
        "user": "UG8899M52",
        "ts": "1551436094.009200",
        "team": "TC0C1HURK",
        "user_team": "TC0C1HURK",
        "source_team": "TC0C1HURK",
        "user_profile": {
            "avatar_hash": "gc7c86c70da8",
            "image_72": "https:\/\/secure.gravatar.com\/avatar\/3c7c86c70da8cb6b7b57be6b7116537c.jpg?s=72&d=https%3A%2F%2Fa.slack-edge.com%2Fdf10d%2Fimg%2Favatars%2Fava_0013-72.png",
            "first_name": "",
            "real_name": "Andrew",
            "display_name": "Andrew",
            "team": "TC0C1HURK",
            "name": "andrew.kylta",
            "is_restricted": false,
            "is_ultra_restricted": false
        },
        "thread_ts": "1551436094.009200",
        "reply_count": 21,
        "reply_users_count": 2,
        "latest_reply": "1552416200.030200",
        "reply_users": [
            "UC19HAUAK",
            "UG8899M52"
        ],
        "replies": [
            {
                "user": "UC19HAUAK",
                "ts": "1551436344.009500"
            },
            {
                "user": "UC19HAUAK",
                "ts": "1551436400.009700"
            },
            {
                "user": "UG8899M52",
                "ts": "1551436993.010100"
            },
            {
                "user": "UC19HAUAK",
                "ts": "1551438724.010300"
            },
            {
                "user": "UG8899M52",
                "ts": "1551787570.011100"
            },
            {
                "user": "UC19HAUAK",
                "ts": "1551788782.011300"
            },
            {
                "user": "UG8899M52",
                "ts": "1552313540.025700"
            },
            {
                "user": "UG8899M52",
                "ts": "1552313579.025900"
            },
            {
                "user": "UC19HAUAK",
                "ts": "1552313839.026100"
            },
            {
                "user": "UG8899M52",
                "ts": "1552314518.026300"
            },
            {
                "user": "UG8899M52",
                "ts": "1552314670.026500"
            },
            {
                "user": "UC19HAUAK",
                "ts": "1552315932.026700"
            },
            {
                "user": "UG8899M52",
                "ts": "1552316043.026900"
            },
            {
                "user": "UC19HAUAK",
                "ts": "1552316339.027100"
            },
            {
                "user": "UG8899M52",
                "ts": "1552316416.027300"
            },
            {
                "user": "UG8899M52",
                "ts": "1552319985.027500"
            },
            {
                "user": "UC19HAUAK",
                "ts": "1552320207.027700"
            },
            {
                "user": "UG8899M52",
                "ts": "1552320258.028000"
            },
            {
                "user": "UC19HAUAK",
                "ts": "1552320562.028200"
            },
            {
                "user": "UC19HAUAK",
                "ts": "1552320601.028400"
            },
            {
                "user": "UC19HAUAK",
                "ts": "1552416200.030200"
            }
        ],
        "subscribed": false
    },
    {
        "client_msg_id": "c9d51f63-fa34-472f-9284-f129c310df51",
        "type": "message",
        "text": "thanks, will check",
        "user": "UG8899M52",
        "ts": "1551436104.009300",
        "team": "TC0C1HURK",
        "user_team": "TC0C1HURK",
        "source_team": "TC0C1HURK",
        "user_profile": {
            "avatar_hash": "gc7c86c70da8",
            "image_72": "https:\/\/secure.gravatar.com\/avatar\/3c7c86c70da8cb6b7b57be6b7116537c.jpg?s=72&d=https%3A%2F%2Fa.slack-edge.com%2Fdf10d%2Fimg%2Favatars%2Fava_0013-72.png",
            "first_name": "",
            "real_name": "Andrew",
            "display_name": "Andrew",
            "team": "TC0C1HURK",
            "name": "andrew.kylta",
            "is_restricted": false,
            "is_ultra_restricted": false
        },
        "thread_ts": "1551428721.001300",
        "parent_user_id": "UG8899M52"
    },
    {
        "client_msg_id": "7dc34a8f-d72a-468d-b419-8eccb0c7f7df",
        "type": "message",
        "text": "<@UG8899M52> are all of the column names known?",
        "user": "UC19HAUAK",
        "ts": "1551436344.009500",
        "team": "TC0C1HURK",
        "user_team": "TC0C1HURK",
        "source_team": "TC0C1HURK",
        "user_profile": {
            "avatar_hash": "066a042e018c",
            "image_72": "https:\/\/avatars.slack-edge.com\/2019-12-07\/866588520998_066a042e018ca831a195_72.png",
            "first_name": "Pavel",
            "real_name": "Pavel Tiunov",
            "display_name": "pavel",
            "team": "TC0C1HURK",
            "name": "pavel",
            "is_restricted": false,
            "is_ultra_restricted": false
        },
        "thread_ts": "1551436094.009200",
        "parent_user_id": "UG8899M52"
    },
    {
        "client_msg_id": "91b8fd9e-95b4-4f8b-bae7-c978bc23abd8",
        "type": "message",
        "text": "There're no particular constraints on number of dimensions so I guess it should work well with that number of dimensions.",
        "user": "UC19HAUAK",
        "ts": "1551436400.009700",
        "team": "TC0C1HURK",
        "user_team": "TC0C1HURK",
        "source_team": "TC0C1HURK",
        "user_profile": {
            "avatar_hash": "066a042e018c",
            "image_72": "https:\/\/avatars.slack-edge.com\/2019-12-07\/866588520998_066a042e018ca831a195_72.png",
            "first_name": "Pavel",
            "real_name": "Pavel Tiunov",
            "display_name": "pavel",
            "team": "TC0C1HURK",
            "name": "pavel",
            "is_restricted": false,
            "is_ultra_restricted": false
        },
        "thread_ts": "1551436094.009200",
        "parent_user_id": "UG8899M52"
    },
    {
        "client_msg_id": "809ace59-91a2-45cf-848d-6d9799c07b57",
        "type": "message",
        "text": "<@UG8FM1Z8C> just added lerna to the project. Tags now will be added automatically. Will try to automate release change logs as well.",
        "user": "UC19HAUAK",
        "ts": "1551436604.009900",
        "team": "TC0C1HURK",
        "user_team": "TC0C1HURK",
        "source_team": "TC0C1HURK",
        "user_profile": {
            "avatar_hash": "066a042e018c",
            "image_72": "https:\/\/avatars.slack-edge.com\/2019-12-07\/866588520998_066a042e018ca831a195_72.png",
            "first_name": "Pavel",
            "real_name": "Pavel Tiunov",
            "display_name": "pavel",
            "team": "TC0C1HURK",
            "name": "pavel",
            "is_restricted": false,
            "is_ultra_restricted": false
        },
        "thread_ts": "1551281046.015500",
        "parent_user_id": "UG8FM1Z8C",
        "reactions": [
            {
                "name": "+1",
                "users": [
                    "UE61M8543"
                ],
                "count": 1
            },
            {
                "name": "heart",
                "users": [
                    "UG8FM1Z8C"
                ],
                "count": 1
            }
        ]
    },
    {
        "client_msg_id": "7b4b7c0a-0d6f-40aa-8c3b-706b0888a284",
        "type": "message",
        "text": "almost all column names are known. but some names can be inserted by user. and they can have unexpected names.\nwill try cube with many dimensions, seems at start it helps me.",
        "user": "UG8899M52",
        "ts": "1551436993.010100",
        "team": "TC0C1HURK",
        "user_team": "TC0C1HURK",
        "source_team": "TC0C1HURK",
        "user_profile": {
            "avatar_hash": "gc7c86c70da8",
            "image_72": "https:\/\/secure.gravatar.com\/avatar\/3c7c86c70da8cb6b7b57be6b7116537c.jpg?s=72&d=https%3A%2F%2Fa.slack-edge.com%2Fdf10d%2Fimg%2Favatars%2Fava_0013-72.png",
            "first_name": "",
            "real_name": "Andrew",
            "display_name": "Andrew",
            "team": "TC0C1HURK",
            "name": "andrew.kylta",
            "is_restricted": false,
            "is_ultra_restricted": false
        },
        "thread_ts": "1551436094.009200",
        "parent_user_id": "UG8899M52"
    },
    {
        "client_msg_id": "9dd0bea1-c91f-4e23-9c09-aa6f1a4fb1d3",
        "type": "message",
        "text": "<@UG8899M52> you can also generate dimensions: <https:\/\/statsbot.co\/cubejs\/docs\/schema-generation>",
        "user": "UC19HAUAK",
        "ts": "1551438724.010300",
        "team": "TC0C1HURK",
        "user_team": "TC0C1HURK",
        "source_team": "TC0C1HURK",
        "user_profile": {
            "avatar_hash": "066a042e018c",
            "image_72": "https:\/\/avatars.slack-edge.com\/2019-12-07\/866588520998_066a042e018ca831a195_72.png",
            "first_name": "Pavel",
            "real_name": "Pavel Tiunov",
            "display_name": "pavel",
            "team": "TC0C1HURK",
            "name": "pavel",
            "is_restricted": false,
            "is_ultra_restricted": false
        },
        "thread_ts": "1551436094.009200",
        "parent_user_id": "UG8899M52"
    }
]