[
    {
        "client_msg_id": "53D839FD-D1D8-418C-BCBB-0C8280F0D2F2",
        "type": "message",
        "text": "<@UEASA3CUR> you should add it in index.js where CubejsServer instantiated. Please note that you should run dev server using ‘node index.js’ then.",
        "user": "UC19HAUAK",
        "ts": "1558854235.014200",
        "team": "TC0C1HURK",
        "user_team": "TC0C1HURK",
        "source_team": "TC0C1HURK",
        "user_profile": {
            "avatar_hash": "066a042e018c",
            "image_72": "https:\/\/avatars.slack-edge.com\/2019-12-07\/866588520998_066a042e018ca831a195_72.png",
            "first_name": "Pavel",
            "real_name": "Pavel Tiunov",
            "display_name": "pavel",
            "team": "TC0C1HURK",
            "name": "pavel",
            "is_restricted": false,
            "is_ultra_restricted": false
        },
        "thread_ts": "1558803857.010200",
        "parent_user_id": "UEASA3CUR"
    },
    {
        "client_msg_id": "06AA88A8-AA0D-45DC-ADAE-B83328D8A0D1",
        "type": "message",
        "text": "Hey <@UHTBRSSHF> ! You can use limit query param to override default 5000. <https:\/\/cube.dev\/docs\/query-format>. It’s actually overridable and it’s not hard. Need to fix the doc.",
        "user": "UC19HAUAK",
        "ts": "1558856000.016400",
        "team": "TC0C1HURK",
        "user_team": "TC0C1HURK",
        "source_team": "TC0C1HURK",
        "user_profile": {
            "avatar_hash": "066a042e018c",
            "image_72": "https:\/\/avatars.slack-edge.com\/2019-12-07\/866588520998_066a042e018ca831a195_72.png",
            "first_name": "Pavel",
            "real_name": "Pavel Tiunov",
            "display_name": "pavel",
            "team": "TC0C1HURK",
            "name": "pavel",
            "is_restricted": false,
            "is_ultra_restricted": false
        },
        "attachments": [
            {
                "title": "Cube.js Docs | Query Format",
                "title_link": "https:\/\/cube.dev\/docs\/query-format",
                "text": "Documentation for working with Cube.js, the open-source analytics framework.",
                "fallback": "Cube.js Docs | Query Format",
                "from_url": "https:\/\/cube.dev\/docs\/query-format",
                "service_icon": "https:\/\/cube.dev\/docs\/icons-c79b6ee44cd5a2d74a48cb83170cce6f\/apple-touch-icon-57x57.png",
                "service_name": "docs",
                "id": 1,
                "original_url": "https:\/\/cube.dev\/docs\/query-format"
            }
        ],
        "thread_ts": "1558724890.008200",
        "parent_user_id": "UHTBRSSHF"
    },
    {
        "client_msg_id": "4b26ce90-4f42-4fc4-9521-95b645ad0dc5",
        "type": "message",
        "text": "<@UC19HAUAK> But it seems it still has 50K max limit? <https:\/\/github.com\/statsbotco\/cube.js\/blob\/d78641424cd01fc57b6ea226011c307c3129c9e5\/packages\/cubejs-api-gateway\/index.js#L124>\n\nAnd default limit is 10k right?",
        "user": "UC1HAFW4E",
        "ts": "1558856308.016700",
        "team": "TC0C1HURK",
        "user_team": "TC0C1HURK",
        "source_team": "TC0C1HURK",
        "user_profile": {
            "avatar_hash": "ee7b69830a11",
            "image_72": "https:\/\/avatars.slack-edge.com\/2018-08-13\/414857329600_ee7b69830a119331e10e_72.jpg",
            "first_name": "Artyom",
            "real_name": "Artyom Keydunov",
            "display_name": "Artyom Keydunov",
            "team": "TC0C1HURK",
            "name": "artyom",
            "is_restricted": false,
            "is_ultra_restricted": false
        },
        "edited": {
            "user": "UC1HAFW4E",
            "ts": "1558856332.000000"
        },
        "attachments": [
            {
                "service_name": "GitHub",
                "title": "statsbotco\/cube.js",
                "title_link": "https:\/\/github.com\/statsbotco\/cube.js\/blob\/d78641424cd01fc57b6ea226011c307c3129c9e5\/packages\/cubejs-api-gateway\/index.js#L124",
                "text": ":bar_chart: Cube.js - Open Source Analytics Framework. Contribute to statsbotco\/cube.js development by creating an account on GitHub.",
                "fallback": "GitHub: statsbotco\/cube.js",
                "thumb_url": "https:\/\/avatars3.githubusercontent.com\/u\/23642077?s=400&v=4",
                "from_url": "https:\/\/github.com\/statsbotco\/cube.js\/blob\/d78641424cd01fc57b6ea226011c307c3129c9e5\/packages\/cubejs-api-gateway\/index.js#L124",
                "thumb_width": 400,
                "thumb_height": 400,
                "service_icon": "https:\/\/a.slack-edge.com\/bfaba\/img\/unfurl_icons\/github.png",
                "id": 1,
                "original_url": "https:\/\/github.com\/statsbotco\/cube.js\/blob\/d78641424cd01fc57b6ea226011c307c3129c9e5\/packages\/cubejs-api-gateway\/index.js#L124"
            }
        ],
        "thread_ts": "1558724890.008200",
        "parent_user_id": "UHTBRSSHF"
    },
    {
        "client_msg_id": "9D87A8BB-3CF4-40CD-A24E-171A6236D806",
        "type": "message",
        "text": "<@UC1HAFW4E> <@UHTBRSSHF> Yep. Just checked with code. 10k is default and api gateway allows to set not greater than 50k limit. ",
        "user": "UC19HAUAK",
        "ts": "1558856945.019100",
        "team": "TC0C1HURK",
        "user_team": "TC0C1HURK",
        "source_team": "TC0C1HURK",
        "user_profile": {
            "avatar_hash": "066a042e018c",
            "image_72": "https:\/\/avatars.slack-edge.com\/2019-12-07\/866588520998_066a042e018ca831a195_72.png",
            "first_name": "Pavel",
            "real_name": "Pavel Tiunov",
            "display_name": "pavel",
            "team": "TC0C1HURK",
            "name": "pavel",
            "is_restricted": false,
            "is_ultra_restricted": false
        },
        "thread_ts": "1558724890.008200",
        "parent_user_id": "UHTBRSSHF"
    },
    {
        "client_msg_id": "f4898f2c-0ad9-41ea-8f57-76629b18ed5f",
        "type": "message",
        "text": "10k default limit seems fine to me. Not sure about 50k max limit, should we keep that or just let client to request unlimited number of rows?",
        "user": "UC1HAFW4E",
        "ts": "1558857053.019400",
        "team": "TC0C1HURK",
        "user_team": "TC0C1HURK",
        "source_team": "TC0C1HURK",
        "user_profile": {
            "avatar_hash": "ee7b69830a11",
            "image_72": "https:\/\/avatars.slack-edge.com\/2018-08-13\/414857329600_ee7b69830a119331e10e_72.jpg",
            "first_name": "Artyom",
            "real_name": "Artyom Keydunov",
            "display_name": "Artyom Keydunov",
            "team": "TC0C1HURK",
            "name": "artyom",
            "is_restricted": false,
            "is_ultra_restricted": false
        },
        "edited": {
            "user": "UC1HAFW4E",
            "ts": "1558857061.000000"
        },
        "thread_ts": "1558724890.008200",
        "parent_user_id": "UHTBRSSHF"
    },
    {
        "client_msg_id": "95F04423-B08C-40B6-A1EC-130AD30EE3F2",
        "type": "message",
        "text": "Allowing clients to query unlimited number of rows is a DoS risk for public environments. <@UJA6FGGMD> could you please elaborate on your use case? I think if it’s for exporting purposes then we’d need to create separate bindings for that.",
        "user": "UC19HAUAK",
        "ts": "1558857494.023100",
        "team": "TC0C1HURK",
        "user_team": "TC0C1HURK",
        "source_team": "TC0C1HURK",
        "user_profile": {
            "avatar_hash": "066a042e018c",
            "image_72": "https:\/\/avatars.slack-edge.com\/2019-12-07\/866588520998_066a042e018ca831a195_72.png",
            "first_name": "Pavel",
            "real_name": "Pavel Tiunov",
            "display_name": "pavel",
            "team": "TC0C1HURK",
            "name": "pavel",
            "is_restricted": false,
            "is_ultra_restricted": false
        },
        "thread_ts": "1558724890.008200",
        "parent_user_id": "UHTBRSSHF"
    },
    {
        "client_msg_id": "4342fc57-a649-4571-adf2-47610349b657",
        "type": "message",
        "text": "No real use case, I just wanted to understand the limitations, but they weren't very clear.",
        "user": "UJA6FGGMD",
        "ts": "1558887767.023300",
        "team": "TC0C1HURK",
        "user_team": "TC0C1HURK",
        "source_team": "TC0C1HURK",
        "user_profile": {
            "avatar_hash": "gb98721e6abd",
            "image_72": "https:\/\/secure.gravatar.com\/avatar\/8b98721e6abd1c4f6d48eb6be49ae246.jpg?s=72&d=https%3A%2F%2Fa.slack-edge.com%2Fdf10d%2Fimg%2Favatars%2Fava_0018-72.png",
            "first_name": "",
            "real_name": "Albert Kim",
            "display_name": "Albert Kim",
            "team": "TC0C1HURK",
            "name": "albert275",
            "is_restricted": false,
            "is_ultra_restricted": false
        },
        "thread_ts": "1558724890.008200",
        "parent_user_id": "UHTBRSSHF"
    }
]