[
    {
        "client_msg_id": "fceeaceb-7472-46a4-b09c-3378431f2e6c",
        "type": "message",
        "text": "<@UHKB88WF2> No need to copy driver. This line should be enough.",
        "user": "UC19HAUAK",
        "ts": "1554455666.036500",
        "team": "TC0C1HURK",
        "user_team": "TC0C1HURK",
        "source_team": "TC0C1HURK",
        "user_profile": {
            "avatar_hash": "066a042e018c",
            "image_72": "https:\/\/avatars.slack-edge.com\/2019-12-07\/866588520998_066a042e018ca831a195_72.png",
            "first_name": "Pavel",
            "real_name": "Pavel Tiunov",
            "display_name": "pavel",
            "team": "TC0C1HURK",
            "name": "pavel",
            "is_restricted": false,
            "is_ultra_restricted": false
        },
        "thread_ts": "1554352183.032800",
        "parent_user_id": "UHKB88WF2"
    },
    {
        "client_msg_id": "afb5fb35-f9bb-4652-951f-fb0f45423225",
        "type": "message",
        "text": "thank you, I'll submit a PR :slightly_smiling_face:",
        "user": "UHKB88WF2",
        "ts": "1554458428.037100",
        "team": "TC0C1HURK",
        "user_team": "TC0C1HURK",
        "source_team": "TC0C1HURK",
        "user_profile": {
            "avatar_hash": "g4e5b10f50af",
            "image_72": "https:\/\/secure.gravatar.com\/avatar\/e4e5b10f50af6fd88b666b4927b0d739.jpg?s=72&d=https%3A%2F%2Fa.slack-edge.com%2Fdf10d%2Fimg%2Favatars%2Fava_0004-72.png",
            "first_name": "",
            "real_name": "vincent",
            "display_name": "vincent",
            "team": "TC0C1HURK",
            "name": "vincent.baronnet",
            "is_restricted": false,
            "is_ultra_restricted": false
        },
        "thread_ts": "1554352183.032800",
        "parent_user_id": "UHKB88WF2"
    },
    {
        "client_msg_id": "6a0af3f8-8e0d-49eb-9e32-9b77a22a1d83",
        "type": "message",
        "text": "<https:\/\/github.com\/statsbotco\/cube.js\/pull\/71>",
        "user": "UHKB88WF2",
        "ts": "1554458610.038100",
        "team": "TC0C1HURK",
        "user_team": "TC0C1HURK",
        "source_team": "TC0C1HURK",
        "user_profile": {
            "avatar_hash": "g4e5b10f50af",
            "image_72": "https:\/\/secure.gravatar.com\/avatar\/e4e5b10f50af6fd88b666b4927b0d739.jpg?s=72&d=https%3A%2F%2Fa.slack-edge.com%2Fdf10d%2Fimg%2Favatars%2Fava_0004-72.png",
            "first_name": "",
            "real_name": "vincent",
            "display_name": "vincent",
            "team": "TC0C1HURK",
            "name": "vincent.baronnet",
            "is_restricted": false,
            "is_ultra_restricted": false
        },
        "attachments": [
            {
                "service_name": "GitHub",
                "title": "Add redshift to postgres driver link by delta-9 · Pull Request #71 · statsbotco\/cube.js",
                "title_link": "https:\/\/github.com\/statsbotco\/cube.js\/pull\/71",
                "text": "As discussed on slack, this simple change should be enough to enable the support for redshift in the community edition. <https:\/\/cube-js.slack.com\/archives\/CC0403RRR\/p1554375237033600?thread_ts=1554>...",
                "fallback": "GitHub: Add redshift to postgres driver link by delta-9 · Pull Request #71 · statsbotco\/cube.js",
                "from_url": "https:\/\/github.com\/statsbotco\/cube.js\/pull\/71",
                "thumb_url": "https:\/\/avatars3.githubusercontent.com\/u\/12418514?s=400&v=4",
                "thumb_width": 250,
                "thumb_height": 250,
                "service_icon": "https:\/\/a.slack-edge.com\/bfaba\/img\/unfurl_icons\/github.png",
                "id": 1,
                "original_url": "https:\/\/github.com\/statsbotco\/cube.js\/pull\/71"
            }
        ],
        "thread_ts": "1554352183.032800",
        "parent_user_id": "UHKB88WF2"
    },
    {
        "client_msg_id": "b0d40379-e740-4f1b-8841-c4f221f23111",
        "type": "message",
        "text": "<!here> We've published a new tutorial on how to *Optimize Cube.js Performance with Pre-Aggregations*. (<https:\/\/cube.dev\/blog\/high-performance-data-analytics-with-cubejs-pre-aggregations\/>) It is a good starting point to learn about `preAggregations` feature and how to use it to speed up your queries.",
        "user": "UC1HAFW4E",
        "ts": "1554458642.038900",
        "team": "TC0C1HURK",
        "user_team": "TC0C1HURK",
        "source_team": "TC0C1HURK",
        "user_profile": {
            "avatar_hash": "ee7b69830a11",
            "image_72": "https:\/\/avatars.slack-edge.com\/2018-08-13\/414857329600_ee7b69830a119331e10e_72.jpg",
            "first_name": "Artyom",
            "real_name": "Artyom Keydunov",
            "display_name": "Artyom Keydunov",
            "team": "TC0C1HURK",
            "name": "artyom",
            "is_restricted": false,
            "is_ultra_restricted": false
        },
        "edited": {
            "user": "UC1HAFW4E",
            "ts": "1554458693.000000"
        },
        "thread_ts": "1554458642.038900",
        "reply_count": 8,
        "reply_users_count": 3,
        "latest_reply": "1554489220.042100",
        "reply_users": [
            "UE61M8543",
            "UC1HAFW4E",
            "UC19HAUAK"
        ],
        "replies": [
            {
                "user": "UE61M8543",
                "ts": "1554485113.040500"
            },
            {
                "user": "UC1HAFW4E",
                "ts": "1554485700.040700"
            },
            {
                "user": "UE61M8543",
                "ts": "1554486450.040900"
            },
            {
                "user": "UC19HAUAK",
                "ts": "1554488754.041100"
            },
            {
                "user": "UE61M8543",
                "ts": "1554488850.041400"
            },
            {
                "user": "UE61M8543",
                "ts": "1554488946.041600"
            },
            {
                "user": "UC19HAUAK",
                "ts": "1554489085.041900"
            },
            {
                "user": "UE61M8543",
                "ts": "1554489220.042100"
            }
        ],
        "subscribed": true,
        "last_read": "1554489220.042100",
        "reactions": [
            {
                "name": "fire",
                "users": [
                    "UC71GHPGR",
                    "UHETZ5RS4",
                    "UC19HAUAK",
                    "UHH4BFNAJ",
                    "UG8FM1Z8C",
                    "UC1HAFW4E"
                ],
                "count": 6
            },
            {
                "name": "tada",
                "users": [
                    "UHKB88WF2",
                    "UC19HAUAK",
                    "UC1HAFW4E"
                ],
                "count": 3
            },
            {
                "name": "+1",
                "users": [
                    "UC7JX5RL2",
                    "UC19HAUAK",
                    "UHHD6AU7J",
                    "UC1HAFW4E"
                ],
                "count": 4
            }
        ]
    },
    {
        "client_msg_id": "a667c653-596d-4767-9a2a-0d6fcb728208",
        "type": "message",
        "text": "Hey <@UHKB88WF2>! Looks great! Just merged it.",
        "user": "UC19HAUAK",
        "ts": "1554469369.040000",
        "team": "TC0C1HURK",
        "user_team": "TC0C1HURK",
        "source_team": "TC0C1HURK",
        "user_profile": {
            "avatar_hash": "066a042e018c",
            "image_72": "https:\/\/avatars.slack-edge.com\/2019-12-07\/866588520998_066a042e018ca831a195_72.png",
            "first_name": "Pavel",
            "real_name": "Pavel Tiunov",
            "display_name": "pavel",
            "team": "TC0C1HURK",
            "name": "pavel",
            "is_restricted": false,
            "is_ultra_restricted": false
        },
        "thread_ts": "1554352183.032800",
        "parent_user_id": "UHKB88WF2",
        "reactions": [
            {
                "name": "smiley",
                "users": [
                    "UHKB88WF2"
                ],
                "count": 1
            }
        ]
    },
    {
        "client_msg_id": "6deeaca7-7998-4d5f-9b15-64ba54317eff",
        "type": "message",
        "text": "this is awesome. Assuming this might not work for query engines like Athena, since we can’t write data to some persistent table?",
        "user": "UE61M8543",
        "ts": "1554485113.040500",
        "team": "TC0C1HURK",
        "user_team": "TC0C1HURK",
        "source_team": "TC0C1HURK",
        "user_profile": {
            "avatar_hash": "gac385b459a7",
            "image_72": "https:\/\/secure.gravatar.com\/avatar\/3ac385b459a7f346c45c0650769b24f6.jpg?s=72&d=https%3A%2F%2Fa.slack-edge.com%2Fdf10d%2Fimg%2Favatars%2Fava_0011-72.png",
            "first_name": "",
            "real_name": "Dylan Sather",
            "display_name": "",
            "team": "TC0C1HURK",
            "name": "dylan.sather",
            "is_restricted": false,
            "is_ultra_restricted": false
        },
        "thread_ts": "1554458642.038900",
        "parent_user_id": "UC1HAFW4E"
    },
    {
        "client_msg_id": "8E724E51-7BC1-4CA7-AFA9-0601B4A0BEC4",
        "type": "message",
        "text": "<@UE61M8543> pre-aggregations works just fine in Athena as well. You just need to make sure you have write access.",
        "user": "UC1HAFW4E",
        "ts": "1554485700.040700",
        "team": "TC0C1HURK",
        "user_team": "TC0C1HURK",
        "source_team": "TC0C1HURK",
        "user_profile": {
            "avatar_hash": "ee7b69830a11",
            "image_72": "https:\/\/avatars.slack-edge.com\/2018-08-13\/414857329600_ee7b69830a119331e10e_72.jpg",
            "first_name": "Artyom",
            "real_name": "Artyom Keydunov",
            "display_name": "Artyom Keydunov",
            "team": "TC0C1HURK",
            "name": "artyom",
            "is_restricted": false,
            "is_ultra_restricted": false
        },
        "thread_ts": "1554458642.038900",
        "parent_user_id": "UC1HAFW4E"
    },
    {
        "client_msg_id": "c352b317-1dcc-44ad-bec3-1443e2ed4bdb",
        "type": "message",
        "text": "<@UC1HAFW4E> how do writes happen in Athena? AFAIK Athena is a read-only query engine on top of S3 external tables. The only “writes” that happen are for query results in a separate S3 bucket, which is handled by Athena itself. Users cannot perform write operations. Do you happen to have an Athena example?",
        "user": "UE61M8543",
        "ts": "1554486450.040900",
        "team": "TC0C1HURK",
        "user_team": "TC0C1HURK",
        "source_team": "TC0C1HURK",
        "user_profile": {
            "avatar_hash": "gac385b459a7",
            "image_72": "https:\/\/secure.gravatar.com\/avatar\/3ac385b459a7f346c45c0650769b24f6.jpg?s=72&d=https%3A%2F%2Fa.slack-edge.com%2Fdf10d%2Fimg%2Favatars%2Fava_0011-72.png",
            "first_name": "",
            "real_name": "Dylan Sather",
            "display_name": "",
            "team": "TC0C1HURK",
            "name": "dylan.sather",
            "is_restricted": false,
            "is_ultra_restricted": false
        },
        "thread_ts": "1554458642.038900",
        "parent_user_id": "UC1HAFW4E"
    },
    {
        "client_msg_id": "b7d0ad5f-35b7-437b-b3ed-03556ca78573",
        "type": "message",
        "text": "Hey <@UE61M8543>! That's great question! Athena supports CTAS and Cube.js uses it to create pre-aggregations: <https:\/\/docs.aws.amazon.com\/athena\/latest\/ug\/ctas.html>. These tables are saved into results bucket.",
        "user": "UC19HAUAK",
        "ts": "1554488754.041100",
        "team": "TC0C1HURK",
        "user_team": "TC0C1HURK",
        "source_team": "TC0C1HURK",
        "user_profile": {
            "avatar_hash": "066a042e018c",
            "image_72": "https:\/\/avatars.slack-edge.com\/2019-12-07\/866588520998_066a042e018ca831a195_72.png",
            "first_name": "Pavel",
            "real_name": "Pavel Tiunov",
            "display_name": "pavel",
            "team": "TC0C1HURK",
            "name": "pavel",
            "is_restricted": false,
            "is_ultra_restricted": false
        },
        "attachments": [
            {
                "title": "Creating a Table from Query Results (CTAS) - Amazon Athena",
                "title_link": "https:\/\/docs.aws.amazon.com\/athena\/latest\/ug\/ctas.html",
                "text": "A CREATE TABLE AS SELECT (CTAS) query in Athena allows you to create a new table from the results of a query in one step, without repeatedly querying raw data sets.",
                "fallback": "Creating a Table from Query Results (CTAS) - Amazon Athena",
                "from_url": "https:\/\/docs.aws.amazon.com\/athena\/latest\/ug\/ctas.html",
                "service_icon": "https:\/\/docs.aws.amazon.com\/images\/favicon.ico",
                "service_name": "docs.aws.amazon.com",
                "id": 1,
                "original_url": "https:\/\/docs.aws.amazon.com\/athena\/latest\/ug\/ctas.html"
            }
        ],
        "thread_ts": "1554458642.038900",
        "parent_user_id": "UC1HAFW4E"
    },
    {
        "client_msg_id": "1911158c-4723-413c-a219-162cd4bd57c1",
        "type": "message",
        "text": "awesome! What external_location in S3 does the CTAS use, i.e. where are the pre-aggregations stored?",
        "user": "UE61M8543",
        "ts": "1554488850.041400",
        "team": "TC0C1HURK",
        "user_team": "TC0C1HURK",
        "source_team": "TC0C1HURK",
        "user_profile": {
            "avatar_hash": "gac385b459a7",
            "image_72": "https:\/\/secure.gravatar.com\/avatar\/3ac385b459a7f346c45c0650769b24f6.jpg?s=72&d=https%3A%2F%2Fa.slack-edge.com%2Fdf10d%2Fimg%2Favatars%2Fava_0011-72.png",
            "first_name": "",
            "real_name": "Dylan Sather",
            "display_name": "",
            "team": "TC0C1HURK",
            "name": "dylan.sather",
            "is_restricted": false,
            "is_ultra_restricted": false
        },
        "thread_ts": "1554458642.038900",
        "parent_user_id": "UC1HAFW4E"
    },
    {
        "client_msg_id": "929039e8-ebe1-4db2-ba41-71d461d1a80a",
        "type": "message",
        "text": "oh wow I didn’t realize Athena CTAS stored data in the query results bucket by default. This changes everything lol",
        "user": "UE61M8543",
        "ts": "1554488946.041600",
        "team": "TC0C1HURK",
        "user_team": "TC0C1HURK",
        "source_team": "TC0C1HURK",
        "user_profile": {
            "avatar_hash": "gac385b459a7",
            "image_72": "https:\/\/secure.gravatar.com\/avatar\/3ac385b459a7f346c45c0650769b24f6.jpg?s=72&d=https%3A%2F%2Fa.slack-edge.com%2Fdf10d%2Fimg%2Favatars%2Fava_0011-72.png",
            "first_name": "",
            "real_name": "Dylan Sather",
            "display_name": "",
            "team": "TC0C1HURK",
            "name": "dylan.sather",
            "is_restricted": false,
            "is_ultra_restricted": false
        },
        "edited": {
            "user": "UE61M8543",
            "ts": "1554488952.000000"
        },
        "thread_ts": "1554458642.038900",
        "parent_user_id": "UC1HAFW4E"
    },
    {
        "client_msg_id": "81e2090a-67c1-490e-8cde-ce7a6cbd027a",
        "type": "message",
        "text": "Yeah. It's very powerful feature.",
        "user": "UC19HAUAK",
        "ts": "1554489085.041900",
        "team": "TC0C1HURK",
        "user_team": "TC0C1HURK",
        "source_team": "TC0C1HURK",
        "user_profile": {
            "avatar_hash": "066a042e018c",
            "image_72": "https:\/\/avatars.slack-edge.com\/2019-12-07\/866588520998_066a042e018ca831a195_72.png",
            "first_name": "Pavel",
            "real_name": "Pavel Tiunov",
            "display_name": "pavel",
            "team": "TC0C1HURK",
            "name": "pavel",
            "is_restricted": false,
            "is_ultra_restricted": false
        },
        "thread_ts": "1554458642.038900",
        "parent_user_id": "UC1HAFW4E"
    },
    {
        "client_msg_id": "adae1778-0794-41f5-8042-ba0ce7c7b9d9",
        "type": "message",
        "text": "very cool, thanks <@UC19HAUAK> and <@UC1HAFW4E>!",
        "user": "UE61M8543",
        "ts": "1554489220.042100",
        "team": "TC0C1HURK",
        "user_team": "TC0C1HURK",
        "source_team": "TC0C1HURK",
        "user_profile": {
            "avatar_hash": "gac385b459a7",
            "image_72": "https:\/\/secure.gravatar.com\/avatar\/3ac385b459a7f346c45c0650769b24f6.jpg?s=72&d=https%3A%2F%2Fa.slack-edge.com%2Fdf10d%2Fimg%2Favatars%2Fava_0011-72.png",
            "first_name": "",
            "real_name": "Dylan Sather",
            "display_name": "",
            "team": "TC0C1HURK",
            "name": "dylan.sather",
            "is_restricted": false,
            "is_ultra_restricted": false
        },
        "thread_ts": "1554458642.038900",
        "parent_user_id": "UC1HAFW4E",
        "reactions": [
            {
                "name": "raised_hands",
                "users": [
                    "UC19HAUAK",
                    "UC1HAFW4E"
                ],
                "count": 2
            }
        ]
    },
    {
        "type": "message",
        "subtype": "channel_join",
        "ts": "1554489919.042500",
        "user": "UHFA9V257",
        "text": "<@UHFA9V257> has joined the channel"
    },
    {
        "type": "message",
        "subtype": "channel_join",
        "ts": "1554496382.042800",
        "user": "UHRJBT2G6",
        "text": "<@UHRJBT2G6> has joined the channel"
    }
]