[
    {
        "client_msg_id": "4a2f6c42-2791-4305-a176-5c081f4349e2",
        "type": "message",
        "text": "Anyone tried with MongoDB Atlas - Mongo's cloud Environment ?\nI have this  Cube.js Error ---------------------------------------\nError: ER_HANDSHAKE_ERROR: recv handshake response error: this server is configured to only allow SSL connections\nSeems rest all configuration is fine it's not connecting as Mongo Atlas allows only SSL connections from client.\nTrying to change in code  in mysql-driver\/driver\/MySqlDriver.js to pass SSL details. but no luck. any pointers will help. Happy to contribute if can make it work with Mongodb Atlas\nAs per documentation I am using MySQL as databse type to use MongoDB BI Connectors\n\nThanks !",
        "user": "UGTH2HHCH",
        "ts": "1552303206.020200",
        "team": "TC0C1HURK",
        "user_team": "TC0C1HURK",
        "source_team": "TC0C1HURK",
        "user_profile": {
            "avatar_hash": "g21ecc32cdfe",
            "image_72": "https:\/\/secure.gravatar.com\/avatar\/321ecc32cdfe82f4e59c7ce2e785ae0e.jpg?s=72&d=https%3A%2F%2Fa.slack-edge.com%2Fdf10d%2Fimg%2Favatars%2Fava_0021-72.png",
            "first_name": "",
            "real_name": "Krunal Sabnis",
            "display_name": "Kru",
            "team": "TC0C1HURK",
            "name": "krunal.sabnis",
            "is_restricted": false,
            "is_ultra_restricted": false
        },
        "edited": {
            "user": "UGTH2HHCH",
            "ts": "1552303297.000000"
        },
        "thread_ts": "1552303206.020200",
        "reply_count": 21,
        "reply_users_count": 2,
        "latest_reply": "1552393243.030000",
        "reply_users": [
            "UC19HAUAK",
            "UGTH2HHCH"
        ],
        "replies": [
            {
                "user": "UC19HAUAK",
                "ts": "1552304048.020700"
            },
            {
                "user": "UGTH2HHCH",
                "ts": "1552306706.020900"
            },
            {
                "user": "UC19HAUAK",
                "ts": "1552307550.021100"
            },
            {
                "user": "UGTH2HHCH",
                "ts": "1552307584.021400"
            },
            {
                "user": "UC19HAUAK",
                "ts": "1552307663.021600"
            },
            {
                "user": "UC19HAUAK",
                "ts": "1552307682.021900"
            },
            {
                "user": "UC19HAUAK",
                "ts": "1552307688.022100"
            },
            {
                "user": "UC19HAUAK",
                "ts": "1552307717.022400"
            },
            {
                "user": "UGTH2HHCH",
                "ts": "1552308972.022600"
            },
            {
                "user": "UC19HAUAK",
                "ts": "1552311004.022800"
            },
            {
                "user": "UC19HAUAK",
                "ts": "1552311166.023100"
            },
            {
                "user": "UC19HAUAK",
                "ts": "1552311352.023400"
            },
            {
                "user": "UGTH2HHCH",
                "ts": "1552311561.023600"
            },
            {
                "user": "UC19HAUAK",
                "ts": "1552311692.024700"
            },
            {
                "user": "UGTH2HHCH",
                "ts": "1552312670.025500"
            },
            {
                "user": "UC19HAUAK",
                "ts": "1552383408.028800"
            },
            {
                "user": "UC19HAUAK",
                "ts": "1552383501.029100"
            },
            {
                "user": "UC19HAUAK",
                "ts": "1552383687.029300"
            },
            {
                "user": "UGTH2HHCH",
                "ts": "1552385270.029600"
            },
            {
                "user": "UC19HAUAK",
                "ts": "1552393039.029800"
            },
            {
                "user": "UGTH2HHCH",
                "ts": "1552393243.030000"
            }
        ],
        "subscribed": false
    },
    {
        "client_msg_id": "cf21170b-525a-4788-9083-4607e2b490e2",
        "type": "message",
        "text": "Hey <@UGTH2HHCH>! Thanks for feedback! Could you please share what have you tried to do in order to fix it?",
        "user": "UC19HAUAK",
        "ts": "1552304048.020700",
        "team": "TC0C1HURK",
        "user_team": "TC0C1HURK",
        "source_team": "TC0C1HURK",
        "user_profile": {
            "avatar_hash": "066a042e018c",
            "image_72": "https:\/\/avatars.slack-edge.com\/2019-12-07\/866588520998_066a042e018ca831a195_72.png",
            "first_name": "Pavel",
            "real_name": "Pavel Tiunov",
            "display_name": "pavel",
            "team": "TC0C1HURK",
            "name": "pavel",
            "is_restricted": false,
            "is_ultra_restricted": false
        },
        "thread_ts": "1552303206.020200",
        "parent_user_id": "UGTH2HHCH"
    },
    {
        "client_msg_id": "54d81df1-d04a-43a3-81cf-d0e7174a92a8",
        "type": "message",
        "text": "Hey Paval,\n\nAs a quick fix step to test, I tried,\n\n1.\n\nIn cubejs-jdbc-driver\/driver\/JDBCDriver.js\nChanged JDBC Connection String to include useSSL = True\n DbTypes = {\n  mysql: {\n\n   jdbcUrl: () =&gt; `jdbc:mysql:\/\/${process.env.CUBEJS_DB_HOST}:3306\/${process.env.CUBEJS_DB_NAME}?verifyServerCertificate=true&amp;useSSL=true&amp;requireSSL=true`\n\nResult : Same as before\nError: ER_HANDSHAKE_ERROR: recv handshake response error: this server is configured to only allow SSL connections\n\n\n\n\n2. @cubejs-backend\/mysql-driver\/driver\/MySqlDriver.js\n\n\nclass MySqlDriver extends BaseDriver {\n  constructor(config) {\n    super();\n    this.config = {\n      host: process.env.CUBEJS_DB_HOST,\n      database: process.env.CUBEJS_DB_NAME,\n      port: process.env.CUBEJS_DB_PORT,\n      user: process.env.CUBEJS_DB_USER,\n      password: process.env.CUBEJS_DB_PASS,\n      ...config\n    };\n\n\nChanged to below to include SSL in connection configuration\n\nclass MySqlDriver extends BaseDriver {\n  constructor(config) {\n    super();\n    this.config = {\n      host: process.env.CUBEJS_DB_HOST,\n      database: process.env.CUBEJS_DB_NAME,\n      port: process.env.CUBEJS_DB_PORT,\n      user: process.env.CUBEJS_DB_USER,\n      password: process.env.CUBEJS_DB_PASS,\n      ssl: {\n        key: fs.readFileSync('\/home\/kru\/cert\/key.pem'),\n        cert: fs.readFileSync('\/home\/kru\/cert\/cert.pem'),\n        passphrase: 'secret'\n      },\n      ...config\n    };\n\nat this stage I am getting\n\nError: 140219205127040:error:1408F10B:SSL routines:SSL3_GET_RECORD:wrong version number:s3_pkt.c:365:",
        "user": "UGTH2HHCH",
        "ts": "1552306706.020900",
        "team": "TC0C1HURK",
        "user_team": "TC0C1HURK",
        "source_team": "TC0C1HURK",
        "user_profile": {
            "avatar_hash": "g21ecc32cdfe",
            "image_72": "https:\/\/secure.gravatar.com\/avatar\/321ecc32cdfe82f4e59c7ce2e785ae0e.jpg?s=72&d=https%3A%2F%2Fa.slack-edge.com%2Fdf10d%2Fimg%2Favatars%2Fava_0021-72.png",
            "first_name": "",
            "real_name": "Krunal Sabnis",
            "display_name": "Kru",
            "team": "TC0C1HURK",
            "name": "krunal.sabnis",
            "is_restricted": false,
            "is_ultra_restricted": false
        },
        "thread_ts": "1552303206.020200",
        "parent_user_id": "UGTH2HHCH"
    },
    {
        "client_msg_id": "c55c99b5-c1ea-475e-9d84-d27aacb203db",
        "type": "message",
        "text": "<@UGTH2HHCH> the last one seems correct to me. What version of node do you use?",
        "user": "UC19HAUAK",
        "ts": "1552307550.021100",
        "team": "TC0C1HURK",
        "user_team": "TC0C1HURK",
        "source_team": "TC0C1HURK",
        "user_profile": {
            "avatar_hash": "066a042e018c",
            "image_72": "https:\/\/avatars.slack-edge.com\/2019-12-07\/866588520998_066a042e018ca831a195_72.png",
            "first_name": "Pavel",
            "real_name": "Pavel Tiunov",
            "display_name": "pavel",
            "team": "TC0C1HURK",
            "name": "pavel",
            "is_restricted": false,
            "is_ultra_restricted": false
        },
        "edited": {
            "user": "UC19HAUAK",
            "ts": "1552307554.000000"
        },
        "thread_ts": "1552303206.020200",
        "parent_user_id": "UGTH2HHCH"
    },
    {
        "client_msg_id": "893b2786-059a-442e-a121-d61877a1717f",
        "type": "message",
        "text": "It's v8.10.0",
        "user": "UGTH2HHCH",
        "ts": "1552307584.021400",
        "team": "TC0C1HURK",
        "user_team": "TC0C1HURK",
        "source_team": "TC0C1HURK",
        "user_profile": {
            "avatar_hash": "g21ecc32cdfe",
            "image_72": "https:\/\/secure.gravatar.com\/avatar\/321ecc32cdfe82f4e59c7ce2e785ae0e.jpg?s=72&d=https%3A%2F%2Fa.slack-edge.com%2Fdf10d%2Fimg%2Favatars%2Fava_0021-72.png",
            "first_name": "",
            "real_name": "Krunal Sabnis",
            "display_name": "Kru",
            "team": "TC0C1HURK",
            "name": "krunal.sabnis",
            "is_restricted": false,
            "is_ultra_restricted": false
        },
        "thread_ts": "1552303206.020200",
        "parent_user_id": "UGTH2HHCH"
    },
    {
        "client_msg_id": "a8f24132-9aa2-4b76-a897-db386265371a",
        "type": "message",
        "text": "Found this one: <https:\/\/github.com\/nodejs\/node\/issues\/19359>",
        "user": "UC19HAUAK",
        "ts": "1552307663.021600",
        "team": "TC0C1HURK",
        "user_team": "TC0C1HURK",
        "source_team": "TC0C1HURK",
        "user_profile": {
            "avatar_hash": "066a042e018c",
            "image_72": "https:\/\/avatars.slack-edge.com\/2019-12-07\/866588520998_066a042e018ca831a195_72.png",
            "first_name": "Pavel",
            "real_name": "Pavel Tiunov",
            "display_name": "pavel",
            "team": "TC0C1HURK",
            "name": "pavel",
            "is_restricted": false,
            "is_ultra_restricted": false
        },
        "edited": {
            "user": "UC19HAUAK",
            "ts": "1552307668.000000"
        },
        "thread_ts": "1552303206.020200",
        "parent_user_id": "UGTH2HHCH"
    },
    {
        "client_msg_id": "f1263f20-9b5f-4ac5-879c-f7eb2e5cf4aa",
        "type": "message",
        "text": "You can also try\n```\n  ssl  : {\n    \/\/ DO NOT DO THIS\n    \/\/ set up your ca correctly to trust the connection\n    rejectUnauthorized: false\n  }\n```",
        "user": "UC19HAUAK",
        "ts": "1552307682.021900",
        "team": "TC0C1HURK",
        "user_team": "TC0C1HURK",
        "source_team": "TC0C1HURK",
        "user_profile": {
            "avatar_hash": "066a042e018c",
            "image_72": "https:\/\/avatars.slack-edge.com\/2019-12-07\/866588520998_066a042e018ca831a195_72.png",
            "first_name": "Pavel",
            "real_name": "Pavel Tiunov",
            "display_name": "pavel",
            "team": "TC0C1HURK",
            "name": "pavel",
            "is_restricted": false,
            "is_ultra_restricted": false
        },
        "thread_ts": "1552303206.020200",
        "parent_user_id": "UGTH2HHCH"
    },
    {
        "client_msg_id": "499a5424-9128-4c3f-bf25-805b8f0ce0f6",
        "type": "message",
        "text": "It's from here: <https:\/\/github.com\/mysqljs\/mysql#ssl-options>",
        "user": "UC19HAUAK",
        "ts": "1552307688.022100",
        "team": "TC0C1HURK",
        "user_team": "TC0C1HURK",
        "source_team": "TC0C1HURK",
        "user_profile": {
            "avatar_hash": "066a042e018c",
            "image_72": "https:\/\/avatars.slack-edge.com\/2019-12-07\/866588520998_066a042e018ca831a195_72.png",
            "first_name": "Pavel",
            "real_name": "Pavel Tiunov",
            "display_name": "pavel",
            "team": "TC0C1HURK",
            "name": "pavel",
            "is_restricted": false,
            "is_ultra_restricted": false
        },
        "attachments": [
            {
                "service_name": "GitHub",
                "title": "mysqljs\/mysql",
                "title_link": "https:\/\/github.com\/mysqljs\/mysql#ssl-options",
                "text": "A pure node.js JavaScript Client implementing the MySql protocol. - mysqljs\/mysql",
                "fallback": "GitHub: mysqljs\/mysql",
                "from_url": "https:\/\/github.com\/mysqljs\/mysql#ssl-options",
                "thumb_url": "https:\/\/avatars1.githubusercontent.com\/u\/18713232?s=400&v=4",
                "thumb_width": 250,
                "thumb_height": 250,
                "service_icon": "https:\/\/a.slack-edge.com\/bfaba\/img\/unfurl_icons\/github.png",
                "id": 1,
                "original_url": "https:\/\/github.com\/mysqljs\/mysql#ssl-options"
            }
        ],
        "thread_ts": "1552303206.020200",
        "parent_user_id": "UGTH2HHCH"
    },
    {
        "client_msg_id": "1269f543-e300-4d0a-8aff-78c178094dba",
        "type": "message",
        "text": "Please try to upgrade your Node.js. Seems related to me.",
        "user": "UC19HAUAK",
        "ts": "1552307717.022400",
        "team": "TC0C1HURK",
        "user_team": "TC0C1HURK",
        "source_team": "TC0C1HURK",
        "user_profile": {
            "avatar_hash": "066a042e018c",
            "image_72": "https:\/\/avatars.slack-edge.com\/2019-12-07\/866588520998_066a042e018ca831a195_72.png",
            "first_name": "Pavel",
            "real_name": "Pavel Tiunov",
            "display_name": "pavel",
            "team": "TC0C1HURK",
            "name": "pavel",
            "is_restricted": false,
            "is_ultra_restricted": false
        },
        "thread_ts": "1552303206.020200",
        "parent_user_id": "UGTH2HHCH"
    },
    {
        "client_msg_id": "45f79832-17fb-46b5-bc41-8dea85f7bc1d",
        "type": "message",
        "text": "Ok, so I updated to v10.15.3 and tried still similar error just in different verbose.\n\nI tried rejectUnauthorized: false too but that says\n\nMySQL is requesting the mysql_clear_password authentication method, which is not supported.\n\nI suspect if something wrong with TLS version , let me try . .",
        "user": "UGTH2HHCH",
        "ts": "1552308972.022600",
        "team": "TC0C1HURK",
        "user_team": "TC0C1HURK",
        "source_team": "TC0C1HURK",
        "user_profile": {
            "avatar_hash": "g21ecc32cdfe",
            "image_72": "https:\/\/secure.gravatar.com\/avatar\/321ecc32cdfe82f4e59c7ce2e785ae0e.jpg?s=72&d=https%3A%2F%2Fa.slack-edge.com%2Fdf10d%2Fimg%2Favatars%2Fava_0021-72.png",
            "first_name": "",
            "real_name": "Krunal Sabnis",
            "display_name": "Kru",
            "team": "TC0C1HURK",
            "name": "krunal.sabnis",
            "is_restricted": false,
            "is_ultra_restricted": false
        },
        "thread_ts": "1552303206.020200",
        "parent_user_id": "UGTH2HHCH"
    },
    {
        "client_msg_id": "09e06c33-a0c7-40d4-afb4-64c3423ab8e0",
        "type": "message",
        "text": "<@UGTH2HHCH> Seems mysql driver we use currently doesn't support `mysql_clear_password`: <https:\/\/github.com\/mysqljs\/mysql\/pull\/1776\/files>. So it's not a TLS issue anymore.",
        "user": "UC19HAUAK",
        "ts": "1552311004.022800",
        "team": "TC0C1HURK",
        "user_team": "TC0C1HURK",
        "source_team": "TC0C1HURK",
        "user_profile": {
            "avatar_hash": "066a042e018c",
            "image_72": "https:\/\/avatars.slack-edge.com\/2019-12-07\/866588520998_066a042e018ca831a195_72.png",
            "first_name": "Pavel",
            "real_name": "Pavel Tiunov",
            "display_name": "pavel",
            "team": "TC0C1HURK",
            "name": "pavel",
            "is_restricted": false,
            "is_ultra_restricted": false
        },
        "attachments": [
            {
                "service_name": "GitHub",
                "title": "Support authentication switch request and basic auth plugin.  by elemount · Pull Request #1776 · mysqljs\/mysql",
                "title_link": "https:\/\/github.com\/mysqljs\/mysql\/pull\/1776\/files",
                "text": "The new code supports mysql_native_password and mysql_old_password as potential authentication methods. And for mysql_old_password, will still need {inscure:true}. It fixed #1396 and also fixed au...",
                "fallback": "GitHub: Support authentication switch request and basic auth plugin.  by elemount · Pull Request #1776 · mysqljs\/mysql",
                "from_url": "https:\/\/github.com\/mysqljs\/mysql\/pull\/1776\/files",
                "thumb_url": "https:\/\/avatars3.githubusercontent.com\/u\/9803634?s=400&v=4",
                "thumb_width": 250,
                "thumb_height": 250,
                "service_icon": "https:\/\/a.slack-edge.com\/bfaba\/img\/unfurl_icons\/github.png",
                "id": 1,
                "original_url": "https:\/\/github.com\/mysqljs\/mysql\/pull\/1776\/files"
            }
        ],
        "thread_ts": "1552303206.020200",
        "parent_user_id": "UGTH2HHCH"
    },
    {
        "client_msg_id": "f536ec44-d39d-4900-915f-c9f6da5d398f",
        "type": "message",
        "text": "<@UGTH2HHCH> We recently realized we'd need separate driver to handle all MongoDB misc issues. We're currently working on schema side. If you have some spare time you can spearhead the development of Mongo BI connection driver. It seems mysql2 supports this authentication switch: <https:\/\/github.com\/sidorares\/node-mysql2\/blob\/master\/documentation\/Authentication-Switch.md> .",
        "user": "UC19HAUAK",
        "ts": "1552311166.023100",
        "team": "TC0C1HURK",
        "user_team": "TC0C1HURK",
        "source_team": "TC0C1HURK",
        "user_profile": {
            "avatar_hash": "066a042e018c",
            "image_72": "https:\/\/avatars.slack-edge.com\/2019-12-07\/866588520998_066a042e018ca831a195_72.png",
            "first_name": "Pavel",
            "real_name": "Pavel Tiunov",
            "display_name": "pavel",
            "team": "TC0C1HURK",
            "name": "pavel",
            "is_restricted": false,
            "is_ultra_restricted": false
        },
        "attachments": [
            {
                "service_name": "GitHub",
                "title": "sidorares\/node-mysql2",
                "title_link": "https:\/\/github.com\/sidorares\/node-mysql2\/blob\/master\/documentation\/Authentication-Switch.md",
                "text": ":zap: fast node-mysql compatible mysql driver for node.js - sidorares\/node-mysql2",
                "fallback": "GitHub: sidorares\/node-mysql2",
                "from_url": "https:\/\/github.com\/sidorares\/node-mysql2\/blob\/master\/documentation\/Authentication-Switch.md",
                "thumb_url": "https:\/\/avatars1.githubusercontent.com\/u\/173025?s=400&v=4",
                "thumb_width": 250,
                "thumb_height": 250,
                "service_icon": "https:\/\/a.slack-edge.com\/bfaba\/img\/unfurl_icons\/github.png",
                "id": 1,
                "original_url": "https:\/\/github.com\/sidorares\/node-mysql2\/blob\/master\/documentation\/Authentication-Switch.md"
            }
        ],
        "thread_ts": "1552303206.020200",
        "parent_user_id": "UGTH2HHCH"
    },
    {
        "client_msg_id": "afa619a6-9c0f-46e5-b6f4-8c94a40de8bb",
        "type": "message",
        "text": "So for now it'll be just copying existing mysql driver and replacing `const mysql = require('mysql');` with `const mysql = require('mysql2');`. Then you'd need to handle Authentication Switch problem there for Atlas case.",
        "user": "UC19HAUAK",
        "ts": "1552311352.023400",
        "team": "TC0C1HURK",
        "user_team": "TC0C1HURK",
        "source_team": "TC0C1HURK",
        "user_profile": {
            "avatar_hash": "066a042e018c",
            "image_72": "https:\/\/avatars.slack-edge.com\/2019-12-07\/866588520998_066a042e018ca831a195_72.png",
            "first_name": "Pavel",
            "real_name": "Pavel Tiunov",
            "display_name": "pavel",
            "team": "TC0C1HURK",
            "name": "pavel",
            "is_restricted": false,
            "is_ultra_restricted": false
        },
        "edited": {
            "user": "UC19HAUAK",
            "ts": "1552311745.000000"
        },
        "thread_ts": "1552303206.020200",
        "parent_user_id": "UGTH2HHCH"
    },
    {
        "client_msg_id": "d7465a99-fb1e-4d64-89d5-6fd169a17286",
        "type": "message",
        "text": "Ok, That's worth giving try, I am going to try this out. as I am new to javaScript so let me try at my pace :smile:  and will post you the outcome .",
        "user": "UGTH2HHCH",
        "ts": "1552311561.023600",
        "team": "TC0C1HURK",
        "user_team": "TC0C1HURK",
        "source_team": "TC0C1HURK",
        "user_profile": {
            "avatar_hash": "g21ecc32cdfe",
            "image_72": "https:\/\/secure.gravatar.com\/avatar\/321ecc32cdfe82f4e59c7ce2e785ae0e.jpg?s=72&d=https%3A%2F%2Fa.slack-edge.com%2Fdf10d%2Fimg%2Favatars%2Fava_0021-72.png",
            "first_name": "",
            "real_name": "Krunal Sabnis",
            "display_name": "Kru",
            "team": "TC0C1HURK",
            "name": "krunal.sabnis",
            "is_restricted": false,
            "is_ultra_restricted": false
        },
        "thread_ts": "1552303206.020200",
        "parent_user_id": "UGTH2HHCH",
        "reactions": [
            {
                "name": "raised_hands",
                "users": [
                    "UC19HAUAK"
                ],
                "count": 1
            }
        ]
    },
    {
        "client_msg_id": "54AFDE59-934D-4423-8A6E-906BB675B3DD",
        "type": "message",
        "text": "<@UGTH2HHCH> Sounds good! Please keep us posted. We’re here to help!",
        "user": "UC19HAUAK",
        "ts": "1552311692.024700",
        "team": "TC0C1HURK",
        "user_team": "TC0C1HURK",
        "source_team": "TC0C1HURK",
        "user_profile": {
            "avatar_hash": "066a042e018c",
            "image_72": "https:\/\/avatars.slack-edge.com\/2019-12-07\/866588520998_066a042e018ca831a195_72.png",
            "first_name": "Pavel",
            "real_name": "Pavel Tiunov",
            "display_name": "pavel",
            "team": "TC0C1HURK",
            "name": "pavel",
            "is_restricted": false,
            "is_ultra_restricted": false
        },
        "thread_ts": "1552303206.020200",
        "parent_user_id": "UGTH2HHCH"
    },
    {
        "client_msg_id": "902241e8-4c9e-4656-88e0-3d1ae78cbf89",
        "type": "message",
        "text": "So I changed to use mysql2 driver\n\n1. With  rejectUnauthorized: false I get error  Server requires auth switch, but no auth switch handler provided\n\n2. with SSL configuration I get\nError: 139624319182656:error:1408F10B:SSL routines:ssl3_get_record:wrong version number:..\/deps\/openssl\/openssl\/ssl\/record\/ssl3_record.c:210:\n\ntrying if i am missing something",
        "user": "UGTH2HHCH",
        "ts": "1552312670.025500",
        "team": "TC0C1HURK",
        "user_team": "TC0C1HURK",
        "source_team": "TC0C1HURK",
        "user_profile": {
            "avatar_hash": "g21ecc32cdfe",
            "image_72": "https:\/\/secure.gravatar.com\/avatar\/321ecc32cdfe82f4e59c7ce2e785ae0e.jpg?s=72&d=https%3A%2F%2Fa.slack-edge.com%2Fdf10d%2Fimg%2Favatars%2Fava_0021-72.png",
            "first_name": "",
            "real_name": "Krunal Sabnis",
            "display_name": "Kru",
            "team": "TC0C1HURK",
            "name": "krunal.sabnis",
            "is_restricted": false,
            "is_ultra_restricted": false
        },
        "thread_ts": "1552303206.020200",
        "parent_user_id": "UGTH2HHCH"
    },
    {
        "client_msg_id": "c86643e5-5889-4cb7-bdd0-883bf0d31dac",
        "type": "message",
        "text": "<@UC19HAUAK> now I`m working with not so big amount of dimensions ( 10k) and i have performance penalties.\nmy table in database contains just 500 rows.\nsql query works fast.\nbut cubejs api returns result after 2 seconds. ( avg ~ 2.4s)\ni`ve tried to change count of possible dimensions to 10 and now it works less then 1 second on same data.",
        "user": "UG8899M52",
        "ts": "1552313540.025700",
        "team": "TC0C1HURK",
        "user_team": "TC0C1HURK",
        "source_team": "TC0C1HURK",
        "user_profile": {
            "avatar_hash": "gc7c86c70da8",
            "image_72": "https:\/\/secure.gravatar.com\/avatar\/3c7c86c70da8cb6b7b57be6b7116537c.jpg?s=72&d=https%3A%2F%2Fa.slack-edge.com%2Fdf10d%2Fimg%2Favatars%2Fava_0013-72.png",
            "first_name": "",
            "real_name": "Andrew",
            "display_name": "Andrew",
            "team": "TC0C1HURK",
            "name": "andrew.kylta",
            "is_restricted": false,
            "is_ultra_restricted": false
        },
        "thread_ts": "1551436094.009200",
        "parent_user_id": "UG8899M52"
    },
    {
        "client_msg_id": "2fe9fc78-b839-4a90-978f-ac6e0cb7ede7",
        "type": "message",
        "text": "source of all this dimensions is custom generated values which are stored in json column",
        "user": "UG8899M52",
        "ts": "1552313579.025900",
        "team": "TC0C1HURK",
        "user_team": "TC0C1HURK",
        "source_team": "TC0C1HURK",
        "user_profile": {
            "avatar_hash": "gc7c86c70da8",
            "image_72": "https:\/\/secure.gravatar.com\/avatar\/3c7c86c70da8cb6b7b57be6b7116537c.jpg?s=72&d=https%3A%2F%2Fa.slack-edge.com%2Fdf10d%2Fimg%2Favatars%2Fava_0013-72.png",
            "first_name": "",
            "real_name": "Andrew",
            "display_name": "Andrew",
            "team": "TC0C1HURK",
            "name": "andrew.kylta",
            "is_restricted": false,
            "is_ultra_restricted": false
        },
        "thread_ts": "1551436094.009200",
        "parent_user_id": "UG8899M52"
    },
    {
        "client_msg_id": "d8474987-a01f-4872-97c0-f214d45e776d",
        "type": "message",
        "text": "Hey <@UG8899M52>! Interesting. Could you please provide sample Cube.js schema on how do you define these dimensions?",
        "user": "UC19HAUAK",
        "ts": "1552313839.026100",
        "team": "TC0C1HURK",
        "user_team": "TC0C1HURK",
        "source_team": "TC0C1HURK",
        "user_profile": {
            "avatar_hash": "066a042e018c",
            "image_72": "https:\/\/avatars.slack-edge.com\/2019-12-07\/866588520998_066a042e018ca831a195_72.png",
            "first_name": "Pavel",
            "real_name": "Pavel Tiunov",
            "display_name": "pavel",
            "team": "TC0C1HURK",
            "name": "pavel",
            "is_restricted": false,
            "is_ultra_restricted": false
        },
        "thread_ts": "1551436094.009200",
        "parent_user_id": "UG8899M52"
    },
    {
        "client_msg_id": "fff3a7c2-b4ea-4fe0-b542-34a97aedd73a",
        "type": "message",
        "text": "another case I`ve tried to generate 10k cubes with few dimensions and got same performance penalties",
        "user": "UG8899M52",
        "ts": "1552314518.026300",
        "team": "TC0C1HURK",
        "user_team": "TC0C1HURK",
        "source_team": "TC0C1HURK",
        "user_profile": {
            "avatar_hash": "gc7c86c70da8",
            "image_72": "https:\/\/secure.gravatar.com\/avatar\/3c7c86c70da8cb6b7b57be6b7116537c.jpg?s=72&d=https%3A%2F%2Fa.slack-edge.com%2Fdf10d%2Fimg%2Favatars%2Fava_0013-72.png",
            "first_name": "",
            "real_name": "Andrew",
            "display_name": "Andrew",
            "team": "TC0C1HURK",
            "name": "andrew.kylta",
            "is_restricted": false,
            "is_ultra_restricted": false
        },
        "thread_ts": "1551436094.009200",
        "parent_user_id": "UG8899M52"
    },
    {
        "client_msg_id": "51b19604-72fa-49c4-990f-4a89bfd64805",
        "type": "message",
        "text": "```\nconst custom_dimensions = [];\nfor(var i = 1 ; i &lt; 10000; i++){\n\n  custom_dimensions.push(i)\n}\n....\n dimensions: Object.assign({},custom_dimensions.map(e =&gt; ({\n      [`question_${e}`]: {\n        type: `number`,\n        sql: `values::json-&gt;&gt;'${e}'`\n      }\n    })).reduce((a, b) =&gt; Object.assign(a, b)))\n```\nthis is part of code for cube schema generation",
        "user": "UG8899M52",
        "ts": "1552314670.026500",
        "team": "TC0C1HURK",
        "user_team": "TC0C1HURK",
        "source_team": "TC0C1HURK",
        "user_profile": {
            "avatar_hash": "gc7c86c70da8",
            "image_72": "https:\/\/secure.gravatar.com\/avatar\/3c7c86c70da8cb6b7b57be6b7116537c.jpg?s=72&d=https%3A%2F%2Fa.slack-edge.com%2Fdf10d%2Fimg%2Favatars%2Fava_0013-72.png",
            "first_name": "",
            "real_name": "Andrew",
            "display_name": "Andrew",
            "team": "TC0C1HURK",
            "name": "andrew.kylta",
            "is_restricted": false,
            "is_ultra_restricted": false
        },
        "thread_ts": "1551436094.009200",
        "parent_user_id": "UG8899M52"
    },
    {
        "client_msg_id": "10204d71-8057-4c06-aa5c-1228652aa338",
        "type": "message",
        "text": "<@UG8899M52> I see. Seems like you have questionnaire forms stored using EAV model. So each question has some unique id within a system and you're trying to implement single cube to cover all type of forms. Is it right understanding?",
        "user": "UC19HAUAK",
        "ts": "1552315932.026700",
        "team": "TC0C1HURK",
        "user_team": "TC0C1HURK",
        "source_team": "TC0C1HURK",
        "user_profile": {
            "avatar_hash": "066a042e018c",
            "image_72": "https:\/\/avatars.slack-edge.com\/2019-12-07\/866588520998_066a042e018ca831a195_72.png",
            "first_name": "Pavel",
            "real_name": "Pavel Tiunov",
            "display_name": "pavel",
            "team": "TC0C1HURK",
            "name": "pavel",
            "is_restricted": false,
            "is_ultra_restricted": false
        },
        "thread_ts": "1551436094.009200",
        "parent_user_id": "UG8899M52"
    },
    {
        "client_msg_id": "052996b2-6f93-48dd-8b81-2f6f828aeeb9",
        "type": "message",
        "text": "yes, you are correct.",
        "user": "UG8899M52",
        "ts": "1552316043.026900",
        "team": "TC0C1HURK",
        "user_team": "TC0C1HURK",
        "source_team": "TC0C1HURK",
        "user_profile": {
            "avatar_hash": "gc7c86c70da8",
            "image_72": "https:\/\/secure.gravatar.com\/avatar\/3c7c86c70da8cb6b7b57be6b7116537c.jpg?s=72&d=https%3A%2F%2Fa.slack-edge.com%2Fdf10d%2Fimg%2Favatars%2Fava_0013-72.png",
            "first_name": "",
            "real_name": "Andrew",
            "display_name": "Andrew",
            "team": "TC0C1HURK",
            "name": "andrew.kylta",
            "is_restricted": false,
            "is_ultra_restricted": false
        },
        "thread_ts": "1551436094.009200",
        "parent_user_id": "UG8899M52"
    },
    {
        "client_msg_id": "174fe638-a3f0-4f0a-865b-ab783bc08714",
        "type": "message",
        "text": "<@UG8899M52> Do you have any descriptions on how questions relate to the form? If so you probably should introduce cube per each form. Cubes can be generated as well.",
        "user": "UC19HAUAK",
        "ts": "1552316339.027100",
        "team": "TC0C1HURK",
        "user_team": "TC0C1HURK",
        "source_team": "TC0C1HURK",
        "user_profile": {
            "avatar_hash": "066a042e018c",
            "image_72": "https:\/\/avatars.slack-edge.com\/2019-12-07\/866588520998_066a042e018ca831a195_72.png",
            "first_name": "Pavel",
            "real_name": "Pavel Tiunov",
            "display_name": "pavel",
            "team": "TC0C1HURK",
            "name": "pavel",
            "is_restricted": false,
            "is_ultra_restricted": false
        },
        "thread_ts": "1551436094.009200",
        "parent_user_id": "UG8899M52"
    },
    {
        "client_msg_id": "acac9e65-e8c9-4634-8baf-7d8c3bd6045f",
        "type": "message",
        "text": "I can`t do it without hot reload. for example someone will add new question and i need to update cube schema. it  requires to restart server.",
        "user": "UG8899M52",
        "ts": "1552316416.027300",
        "team": "TC0C1HURK",
        "user_team": "TC0C1HURK",
        "source_team": "TC0C1HURK",
        "user_profile": {
            "avatar_hash": "gc7c86c70da8",
            "image_72": "https:\/\/secure.gravatar.com\/avatar\/3c7c86c70da8cb6b7b57be6b7116537c.jpg?s=72&d=https%3A%2F%2Fa.slack-edge.com%2Fdf10d%2Fimg%2Favatars%2Fava_0013-72.png",
            "first_name": "",
            "real_name": "Andrew",
            "display_name": "Andrew",
            "team": "TC0C1HURK",
            "name": "andrew.kylta",
            "is_restricted": false,
            "is_ultra_restricted": false
        },
        "thread_ts": "1551436094.009200",
        "parent_user_id": "UG8899M52"
    },
    {
        "client_msg_id": "cff29e5a-0611-4151-878f-ae7169a23277",
        "type": "message",
        "text": "<@UC19HAUAK> I`m thinking about one solution but not sure that you will include it cubejs . What do you think about `missing_cube_property_hook` for example when some property is not found in cube`s schema, you can fire `missing_cube_property_hook` with params property name, value and type ( dimension, measure ) and callback.\nas cubejs client i can pass this hook in options an implement dynamic properties in runtime. as i wanna. all responsibility for missing properties goes to developer how will implement this hook. and base cubejs core still stay stable.",
        "user": "UG8899M52",
        "ts": "1552319985.027500",
        "team": "TC0C1HURK",
        "user_team": "TC0C1HURK",
        "source_team": "TC0C1HURK",
        "user_profile": {
            "avatar_hash": "gc7c86c70da8",
            "image_72": "https:\/\/secure.gravatar.com\/avatar\/3c7c86c70da8cb6b7b57be6b7116537c.jpg?s=72&d=https%3A%2F%2Fa.slack-edge.com%2Fdf10d%2Fimg%2Favatars%2Fava_0013-72.png",
            "first_name": "",
            "real_name": "Andrew",
            "display_name": "Andrew",
            "team": "TC0C1HURK",
            "name": "andrew.kylta",
            "is_restricted": false,
            "is_ultra_restricted": false
        },
        "thread_ts": "1551436094.009200",
        "parent_user_id": "UG8899M52"
    },
    {
        "client_msg_id": "91c341d6-e771-4e81-aed9-fdfa861a6fb9",
        "type": "message",
        "text": "<@UG8899M52> We're going to add ability to recompile schema based on some user provided version to address this issue <https:\/\/github.com\/statsbotco\/cube.js\/issues\/27>",
        "user": "UC19HAUAK",
        "ts": "1552320207.027700",
        "team": "TC0C1HURK",
        "user_team": "TC0C1HURK",
        "source_team": "TC0C1HURK",
        "user_profile": {
            "avatar_hash": "066a042e018c",
            "image_72": "https:\/\/avatars.slack-edge.com\/2019-12-07\/866588520998_066a042e018ca831a195_72.png",
            "first_name": "Pavel",
            "real_name": "Pavel Tiunov",
            "display_name": "pavel",
            "team": "TC0C1HURK",
            "name": "pavel",
            "is_restricted": false,
            "is_ultra_restricted": false
        },
        "attachments": [
            {
                "service_name": "GitHub",
                "title": "Add feature to dynamically define measures based on SQL commands in query · Issue #27 · statsbotco\/cube.js",
                "title_link": "https:\/\/github.com\/statsbotco\/cube.js\/issues\/27",
                "text": "Hi! It would be nice if we could pass custom measures based on SQL commands with a query. This could look for example like this: { &amp;quot;measures&amp;quot;: [&amp;quot;statistics.count&amp;quot;], &amp;quot;additi...",
                "fallback": "GitHub: Add feature to dynamically define measures based on SQL commands in query · Issue #27 · statsbotco\/cube.js",
                "from_url": "https:\/\/github.com\/statsbotco\/cube.js\/issues\/27",
                "thumb_url": "https:\/\/avatars2.githubusercontent.com\/u\/11334553?s=400&v=4",
                "thumb_width": 250,
                "thumb_height": 250,
                "service_icon": "https:\/\/a.slack-edge.com\/bfaba\/img\/unfurl_icons\/github.png",
                "id": 1,
                "original_url": "https:\/\/github.com\/statsbotco\/cube.js\/issues\/27"
            }
        ],
        "thread_ts": "1551436094.009200",
        "parent_user_id": "UG8899M52"
    },
    {
        "client_msg_id": "687c7fad-5f4b-4fa9-aaa9-c1be999aeeb3",
        "type": "message",
        "text": "got it",
        "user": "UG8899M52",
        "ts": "1552320258.028000",
        "team": "TC0C1HURK",
        "user_team": "TC0C1HURK",
        "source_team": "TC0C1HURK",
        "user_profile": {
            "avatar_hash": "gc7c86c70da8",
            "image_72": "https:\/\/secure.gravatar.com\/avatar\/3c7c86c70da8cb6b7b57be6b7116537c.jpg?s=72&d=https%3A%2F%2Fa.slack-edge.com%2Fdf10d%2Fimg%2Favatars%2Fava_0013-72.png",
            "first_name": "",
            "real_name": "Andrew",
            "display_name": "Andrew",
            "team": "TC0C1HURK",
            "name": "andrew.kylta",
            "is_restricted": false,
            "is_ultra_restricted": false
        },
        "thread_ts": "1551436094.009200",
        "parent_user_id": "UG8899M52"
    },
    {
        "client_msg_id": "4f45fe6e-5464-46e0-9d2c-b26530762925",
        "type": "message",
        "text": "Cube.js heavily relies on schema compilation and compilation cache in production deployments. In order to provide reasonable response times Cube.js should always have some in-memory schema compilation state.",
        "user": "UC19HAUAK",
        "ts": "1552320562.028200",
        "team": "TC0C1HURK",
        "user_team": "TC0C1HURK",
        "source_team": "TC0C1HURK",
        "user_profile": {
            "avatar_hash": "066a042e018c",
            "image_72": "https:\/\/avatars.slack-edge.com\/2019-12-07\/866588520998_066a042e018ca831a195_72.png",
            "first_name": "Pavel",
            "real_name": "Pavel Tiunov",
            "display_name": "pavel",
            "team": "TC0C1HURK",
            "name": "pavel",
            "is_restricted": false,
            "is_ultra_restricted": false
        },
        "thread_ts": "1551436094.009200",
        "parent_user_id": "UG8899M52"
    },
    {
        "client_msg_id": "646c1969-4ac4-404f-ba2d-cbafc666eb18",
        "type": "message",
        "text": "We'll roll out implementation for this issue soon.",
        "user": "UC19HAUAK",
        "ts": "1552320601.028400",
        "team": "TC0C1HURK",
        "user_team": "TC0C1HURK",
        "source_team": "TC0C1HURK",
        "user_profile": {
            "avatar_hash": "066a042e018c",
            "image_72": "https:\/\/avatars.slack-edge.com\/2019-12-07\/866588520998_066a042e018ca831a195_72.png",
            "first_name": "Pavel",
            "real_name": "Pavel Tiunov",
            "display_name": "pavel",
            "team": "TC0C1HURK",
            "name": "pavel",
            "is_restricted": false,
            "is_ultra_restricted": false
        },
        "thread_ts": "1551436094.009200",
        "parent_user_id": "UG8899M52"
    },
    {
        "type": "message",
        "subtype": "channel_topic",
        "ts": "1552336309.028600",
        "user": "UC1HAFW4E",
        "text": "<@UC1HAFW4E> set the channel topic: Cube.js documentation is available at <https:\/\/cube.dev>",
        "topic": "Cube.js documentation is available at <https:\/\/cube.dev>"
    },
    {
        "type": "message",
        "subtype": "channel_topic",
        "ts": "1552336314.028700",
        "user": "UC1HAFW4E",
        "text": "<@UC1HAFW4E> set the channel topic: Cube.js documentation is available at <https:\/\/cube.dev\/docs>",
        "topic": "Cube.js documentation is available at <https:\/\/cube.dev\/docs>"
    }
]