[
    {
        "client_msg_id": "fae35726-f8b0-407b-b4ca-5d36a1bded95",
        "type": "message",
        "text": "Hello, will Cubejs work with KDB out of the box? If not, is there a plan to support it?",
        "user": "UHHD6AU7J",
        "ts": "1554305469.024400",
        "team": "TC0C1HURK",
        "user_team": "TC0C1HURK",
        "source_team": "TC0C1HURK",
        "user_profile": {
            "avatar_hash": "g20feaf7d899",
            "image_72": "https:\/\/secure.gravatar.com\/avatar\/520feaf7d8991812491dd195d0ee9960.jpg?s=72&d=https%3A%2F%2Fa.slack-edge.com%2Fdf10d%2Fimg%2Favatars%2Fava_0003-72.png",
            "first_name": "",
            "real_name": "Jared Harris",
            "display_name": "Jared Harris",
            "team": "TC0C1HURK",
            "name": "harrisjm3",
            "is_restricted": false,
            "is_ultra_restricted": false
        },
        "thread_ts": "1554305469.024400",
        "reply_count": 3,
        "reply_users_count": 2,
        "latest_reply": "1554313688.025200",
        "reply_users": [
            "UC19HAUAK",
            "UHHD6AU7J"
        ],
        "replies": [
            {
                "user": "UC19HAUAK",
                "ts": "1554309598.024800"
            },
            {
                "user": "UHHD6AU7J",
                "ts": "1554310792.025000"
            },
            {
                "user": "UC19HAUAK",
                "ts": "1554313688.025200"
            }
        ],
        "subscribed": false
    },
    {
        "client_msg_id": "0a81e655-d0fb-41f2-9a0e-17538048b006",
        "type": "message",
        "text": "same question for Redis as well",
        "user": "UHHD6AU7J",
        "ts": "1554305537.024700",
        "team": "TC0C1HURK",
        "user_team": "TC0C1HURK",
        "source_team": "TC0C1HURK",
        "user_profile": {
            "avatar_hash": "g20feaf7d899",
            "image_72": "https:\/\/secure.gravatar.com\/avatar\/520feaf7d8991812491dd195d0ee9960.jpg?s=72&d=https%3A%2F%2Fa.slack-edge.com%2Fdf10d%2Fimg%2Favatars%2Fava_0003-72.png",
            "first_name": "",
            "real_name": "Jared Harris",
            "display_name": "Jared Harris",
            "team": "TC0C1HURK",
            "name": "harrisjm3",
            "is_restricted": false,
            "is_ultra_restricted": false
        },
        "thread_ts": "1554305537.024700",
        "reply_count": 5,
        "reply_users_count": 2,
        "latest_reply": "1554320248.031000",
        "reply_users": [
            "UC19HAUAK",
            "UHHD6AU7J"
        ],
        "replies": [
            {
                "user": "UC19HAUAK",
                "ts": "1554313735.025400"
            },
            {
                "user": "UHHD6AU7J",
                "ts": "1554313893.025600"
            },
            {
                "user": "UC19HAUAK",
                "ts": "1554314080.025800"
            },
            {
                "user": "UHHD6AU7J",
                "ts": "1554314217.026100"
            },
            {
                "user": "UC19HAUAK",
                "ts": "1554320248.031000"
            }
        ],
        "subscribed": false
    },
    {
        "client_msg_id": "7325b942-539b-4c2b-8182-39c65c4ef4d5",
        "type": "message",
        "text": "Hey <@UHHD6AU7J>! Do you mean kdb+?",
        "user": "UC19HAUAK",
        "ts": "1554309598.024800",
        "team": "TC0C1HURK",
        "user_team": "TC0C1HURK",
        "source_team": "TC0C1HURK",
        "user_profile": {
            "avatar_hash": "066a042e018c",
            "image_72": "https:\/\/avatars.slack-edge.com\/2019-12-07\/866588520998_066a042e018ca831a195_72.png",
            "first_name": "Pavel",
            "real_name": "Pavel Tiunov",
            "display_name": "pavel",
            "team": "TC0C1HURK",
            "name": "pavel",
            "is_restricted": false,
            "is_ultra_restricted": false
        },
        "thread_ts": "1554305469.024400",
        "parent_user_id": "UHHD6AU7J"
    },
    {
        "client_msg_id": "fce7d82a-8e7b-4dc0-aacd-5755d276b0eb",
        "type": "message",
        "text": "yes!",
        "user": "UHHD6AU7J",
        "ts": "1554310792.025000",
        "team": "TC0C1HURK",
        "user_team": "TC0C1HURK",
        "source_team": "TC0C1HURK",
        "user_profile": {
            "avatar_hash": "g20feaf7d899",
            "image_72": "https:\/\/secure.gravatar.com\/avatar\/520feaf7d8991812491dd195d0ee9960.jpg?s=72&d=https%3A%2F%2Fa.slack-edge.com%2Fdf10d%2Fimg%2Favatars%2Fava_0003-72.png",
            "first_name": "",
            "real_name": "Jared Harris",
            "display_name": "Jared Harris",
            "team": "TC0C1HURK",
            "name": "harrisjm3",
            "is_restricted": false,
            "is_ultra_restricted": false
        },
        "thread_ts": "1554305469.024400",
        "parent_user_id": "UHHD6AU7J"
    },
    {
        "client_msg_id": "6f24a657-4914-4fd9-96d8-2d1805c5987d",
        "type": "message",
        "text": "<@UHHD6AU7J> No plans to support it as part of community edition. We do provide custom drivers and drivers for proprietary databases as part of our Enterprise offerring. Please let me know if you want to discuss it.",
        "user": "UC19HAUAK",
        "ts": "1554313688.025200",
        "team": "TC0C1HURK",
        "user_team": "TC0C1HURK",
        "source_team": "TC0C1HURK",
        "user_profile": {
            "avatar_hash": "066a042e018c",
            "image_72": "https:\/\/avatars.slack-edge.com\/2019-12-07\/866588520998_066a042e018ca831a195_72.png",
            "first_name": "Pavel",
            "real_name": "Pavel Tiunov",
            "display_name": "pavel",
            "team": "TC0C1HURK",
            "name": "pavel",
            "is_restricted": false,
            "is_ultra_restricted": false
        },
        "thread_ts": "1554305469.024400",
        "parent_user_id": "UHHD6AU7J"
    },
    {
        "client_msg_id": "a25f03da-f86c-498b-a7d1-5b6c139203f0",
        "type": "message",
        "text": "<@UHHD6AU7J> Cube.js uses Redis as a cache store. Do you want to use it as structured data store? Using some SQL plugin?",
        "user": "UC19HAUAK",
        "ts": "1554313735.025400",
        "team": "TC0C1HURK",
        "user_team": "TC0C1HURK",
        "source_team": "TC0C1HURK",
        "user_profile": {
            "avatar_hash": "066a042e018c",
            "image_72": "https:\/\/avatars.slack-edge.com\/2019-12-07\/866588520998_066a042e018ca831a195_72.png",
            "first_name": "Pavel",
            "real_name": "Pavel Tiunov",
            "display_name": "pavel",
            "team": "TC0C1HURK",
            "name": "pavel",
            "is_restricted": false,
            "is_ultra_restricted": false
        },
        "thread_ts": "1554305537.024700",
        "parent_user_id": "UHHD6AU7J"
    },
    {
        "client_msg_id": "492eacec-7a8c-4574-a9ab-c606e6a1d0c0",
        "type": "message",
        "text": "No real world case as of yet. But if I’m aggregating data from different sources, I could see the need to “query” a Redis db",
        "user": "UHHD6AU7J",
        "ts": "1554313893.025600",
        "team": "TC0C1HURK",
        "user_team": "TC0C1HURK",
        "source_team": "TC0C1HURK",
        "user_profile": {
            "avatar_hash": "g20feaf7d899",
            "image_72": "https:\/\/secure.gravatar.com\/avatar\/520feaf7d8991812491dd195d0ee9960.jpg?s=72&d=https%3A%2F%2Fa.slack-edge.com%2Fdf10d%2Fimg%2Favatars%2Fava_0003-72.png",
            "first_name": "",
            "real_name": "Jared Harris",
            "display_name": "Jared Harris",
            "team": "TC0C1HURK",
            "name": "harrisjm3",
            "is_restricted": false,
            "is_ultra_restricted": false
        },
        "thread_ts": "1554305537.024700",
        "parent_user_id": "UHHD6AU7J"
    },
    {
        "client_msg_id": "f23af117-d0f6-4ba7-9f0b-b82f97f7cc97",
        "type": "message",
        "text": "<@UHHD6AU7J> Gotcha. If we're talking mostly about data blending Cube.js has a solution for it. If there's need for high cardinality join I guess put all data in some data warehouse will be the best solution here. Could you please elaborate a little bit on aggregating scenario from different sources?",
        "user": "UC19HAUAK",
        "ts": "1554314080.025800",
        "team": "TC0C1HURK",
        "user_team": "TC0C1HURK",
        "source_team": "TC0C1HURK",
        "user_profile": {
            "avatar_hash": "066a042e018c",
            "image_72": "https:\/\/avatars.slack-edge.com\/2019-12-07\/866588520998_066a042e018ca831a195_72.png",
            "first_name": "Pavel",
            "real_name": "Pavel Tiunov",
            "display_name": "pavel",
            "team": "TC0C1HURK",
            "name": "pavel",
            "is_restricted": false,
            "is_ultra_restricted": false
        },
        "edited": {
            "user": "UC19HAUAK",
            "ts": "1554314099.000000"
        },
        "thread_ts": "1554305537.024700",
        "parent_user_id": "UHHD6AU7J"
    },
    {
        "client_msg_id": "bf3c3c68-1223-4803-9c9a-7310b2810908",
        "type": "message",
        "text": "yeah, probably not joining, but pulling from different sources to show historical and live data, with analytics on both.",
        "user": "UHHD6AU7J",
        "ts": "1554314217.026100",
        "team": "TC0C1HURK",
        "user_team": "TC0C1HURK",
        "source_team": "TC0C1HURK",
        "user_profile": {
            "avatar_hash": "g20feaf7d899",
            "image_72": "https:\/\/secure.gravatar.com\/avatar\/520feaf7d8991812491dd195d0ee9960.jpg?s=72&d=https%3A%2F%2Fa.slack-edge.com%2Fdf10d%2Fimg%2Favatars%2Fava_0003-72.png",
            "first_name": "",
            "real_name": "Jared Harris",
            "display_name": "Jared Harris",
            "team": "TC0C1HURK",
            "name": "harrisjm3",
            "is_restricted": false,
            "is_ultra_restricted": false
        },
        "thread_ts": "1554305537.024700",
        "parent_user_id": "UHHD6AU7J"
    },
    {
        "client_msg_id": "834a5bd0-b1ed-4348-8036-d7ae920fba54",
        "type": "message",
        "text": "Another question….I have two tables that are related but do not use PK\/FK relationship. Instead, each record is considered unique by three fields, which both tables maintain as their own PK. How do I create a dimension that is the PK but is based on multiple fields?\n```\nauthorId: {\n    sql: [field1, field2, field3], ?\n    type: ?,\n    primaryKey: true\n  }\n```",
        "user": "UHHD6AU7J",
        "ts": "1554317433.029800",
        "team": "TC0C1HURK",
        "user_team": "TC0C1HURK",
        "source_team": "TC0C1HURK",
        "user_profile": {
            "avatar_hash": "g20feaf7d899",
            "image_72": "https:\/\/secure.gravatar.com\/avatar\/520feaf7d8991812491dd195d0ee9960.jpg?s=72&d=https%3A%2F%2Fa.slack-edge.com%2Fdf10d%2Fimg%2Favatars%2Fava_0003-72.png",
            "first_name": "",
            "real_name": "Jared Harris",
            "display_name": "Jared Harris",
            "team": "TC0C1HURK",
            "name": "harrisjm3",
            "is_restricted": false,
            "is_ultra_restricted": false
        },
        "thread_ts": "1554317433.029800",
        "reply_count": 1,
        "reply_users_count": 1,
        "latest_reply": "1554320349.031200",
        "reply_users": [
            "UC19HAUAK"
        ],
        "replies": [
            {
                "user": "UC19HAUAK",
                "ts": "1554320349.031200"
            }
        ],
        "subscribed": false
    },
    {
        "client_msg_id": "9ea61d02-acf2-4d36-aae6-81e26b82cb56",
        "type": "message",
        "text": "or will a join work without a PK defined?",
        "user": "UHHD6AU7J",
        "ts": "1554317458.030100",
        "team": "TC0C1HURK",
        "user_team": "TC0C1HURK",
        "source_team": "TC0C1HURK",
        "user_profile": {
            "avatar_hash": "g20feaf7d899",
            "image_72": "https:\/\/secure.gravatar.com\/avatar\/520feaf7d8991812491dd195d0ee9960.jpg?s=72&d=https%3A%2F%2Fa.slack-edge.com%2Fdf10d%2Fimg%2Favatars%2Fava_0003-72.png",
            "first_name": "",
            "real_name": "Jared Harris",
            "display_name": "Jared Harris",
            "team": "TC0C1HURK",
            "name": "harrisjm3",
            "is_restricted": false,
            "is_ultra_restricted": false
        }
    },
    {
        "client_msg_id": "75a9996f-da93-40ce-87fb-47d3c55dec73",
        "type": "message",
        "text": "def in Postgres\n```Indexes:\n    \"table_pk\" PRIMARY KEY, btree (field1, field2, field3)\n    \"table_id_key\" UNIQUE CONSTRAINT, btree (id)```",
        "user": "UHHD6AU7J",
        "ts": "1554317572.030900",
        "team": "TC0C1HURK",
        "user_team": "TC0C1HURK",
        "source_team": "TC0C1HURK",
        "user_profile": {
            "avatar_hash": "g20feaf7d899",
            "image_72": "https:\/\/secure.gravatar.com\/avatar\/520feaf7d8991812491dd195d0ee9960.jpg?s=72&d=https%3A%2F%2Fa.slack-edge.com%2Fdf10d%2Fimg%2Favatars%2Fava_0003-72.png",
            "first_name": "",
            "real_name": "Jared Harris",
            "display_name": "Jared Harris",
            "team": "TC0C1HURK",
            "name": "harrisjm3",
            "is_restricted": false,
            "is_ultra_restricted": false
        }
    },
    {
        "client_msg_id": "337ab6b3-3d9b-4592-a745-08efa8c6b357",
        "type": "message",
        "text": "<@UHHD6AU7J> I see. Then no need for intermediate store. You can query various data sources within one application.",
        "user": "UC19HAUAK",
        "ts": "1554320248.031000",
        "team": "TC0C1HURK",
        "user_team": "TC0C1HURK",
        "source_team": "TC0C1HURK",
        "user_profile": {
            "avatar_hash": "066a042e018c",
            "image_72": "https:\/\/avatars.slack-edge.com\/2019-12-07\/866588520998_066a042e018ca831a195_72.png",
            "first_name": "Pavel",
            "real_name": "Pavel Tiunov",
            "display_name": "pavel",
            "team": "TC0C1HURK",
            "name": "pavel",
            "is_restricted": false,
            "is_ultra_restricted": false
        },
        "thread_ts": "1554305537.024700",
        "parent_user_id": "UHHD6AU7J"
    },
    {
        "client_msg_id": "2391bf31-6fbd-4d69-975b-7f000966a061",
        "type": "message",
        "text": "<@UHHD6AU7J> You can use `CONCAT()` for that.",
        "user": "UC19HAUAK",
        "ts": "1554320349.031200",
        "team": "TC0C1HURK",
        "user_team": "TC0C1HURK",
        "source_team": "TC0C1HURK",
        "user_profile": {
            "avatar_hash": "066a042e018c",
            "image_72": "https:\/\/avatars.slack-edge.com\/2019-12-07\/866588520998_066a042e018ca831a195_72.png",
            "first_name": "Pavel",
            "real_name": "Pavel Tiunov",
            "display_name": "pavel",
            "team": "TC0C1HURK",
            "name": "pavel",
            "is_restricted": false,
            "is_ultra_restricted": false
        },
        "thread_ts": "1554317433.029800",
        "parent_user_id": "UHHD6AU7J",
        "reactions": [
            {
                "name": "+1",
                "users": [
                    "UHHD6AU7J"
                ],
                "count": 1
            }
        ]
    },
    {
        "type": "message",
        "subtype": "channel_join",
        "ts": "1554349833.031600",
        "user": "UHKB88WF2",
        "text": "<@UHKB88WF2> has joined the channel"
    },
    {
        "client_msg_id": "d067e2bb-187f-45ee-9663-da4d8e71e988",
        "type": "message",
        "text": "Hi everyone, does cube.js supports redshift? I thought I saw that before I try it, but can't find where I saw it haha",
        "user": "UHKB88WF2",
        "ts": "1554352183.032800",
        "team": "TC0C1HURK",
        "user_team": "TC0C1HURK",
        "source_team": "TC0C1HURK",
        "user_profile": {
            "avatar_hash": "g4e5b10f50af",
            "image_72": "https:\/\/secure.gravatar.com\/avatar\/e4e5b10f50af6fd88b666b4927b0d739.jpg?s=72&d=https%3A%2F%2Fa.slack-edge.com%2Fdf10d%2Fimg%2Favatars%2Fava_0004-72.png",
            "first_name": "",
            "real_name": "vincent",
            "display_name": "vincent",
            "team": "TC0C1HURK",
            "name": "vincent.baronnet",
            "is_restricted": false,
            "is_ultra_restricted": false
        },
        "thread_ts": "1554352183.032800",
        "reply_count": 6,
        "reply_users_count": 2,
        "latest_reply": "1554469369.040000",
        "reply_users": [
            "UC19HAUAK",
            "UHKB88WF2"
        ],
        "replies": [
            {
                "user": "UC19HAUAK",
                "ts": "1554375237.033600"
            },
            {
                "user": "UHKB88WF2",
                "ts": "1554432968.036300"
            },
            {
                "user": "UC19HAUAK",
                "ts": "1554455666.036500"
            },
            {
                "user": "UHKB88WF2",
                "ts": "1554458428.037100"
            },
            {
                "user": "UHKB88WF2",
                "ts": "1554458610.038100"
            },
            {
                "user": "UC19HAUAK",
                "ts": "1554469369.040000"
            }
        ],
        "subscribed": false
    },
    {
        "type": "message",
        "subtype": "channel_join",
        "ts": "1554357270.033000",
        "user": "UHMQFBCG4",
        "text": "<@UHMQFBCG4> has joined the channel"
    },
    {
        "client_msg_id": "3c6a949c-7c17-4dc9-9bdd-f7610b0343d2",
        "type": "message",
        "text": "i am here",
        "user": "UHMQFBCG4",
        "ts": "1554357322.033300",
        "team": "TC0C1HURK",
        "user_team": "TC0C1HURK",
        "source_team": "TC0C1HURK",
        "user_profile": {
            "avatar_hash": "g9108e2d6952",
            "image_72": "https:\/\/secure.gravatar.com\/avatar\/29108e2d69528a30146c48dca7338dbb.jpg?s=72&d=https%3A%2F%2Fa.slack-edge.com%2Fdf10d%2Fimg%2Favatars%2Fava_0016-72.png",
            "first_name": "",
            "real_name": "Paco",
            "display_name": "Paco",
            "team": "TC0C1HURK",
            "name": "772045739",
            "is_restricted": false,
            "is_ultra_restricted": false
        },
        "reactions": [
            {
                "name": "wave",
                "users": [
                    "UC1HAFW4E",
                    "UC19HAUAK",
                    "UC71GHPGR",
                    "UG8FM1Z8C"
                ],
                "count": 4
            }
        ]
    }
]