[
    {
        "type": "message",
        "subtype": "channel_join",
        "ts": "1564152363.034900",
        "user": "ULFQND459",
        "text": "<@ULFQND459> has joined the channel"
    },
    {
        "client_msg_id": "f247949a-3bfc-4b59-83aa-de7e433233d6",
        "type": "message",
        "text": "I’m sure that you could optimize so that the query is quicker (perhaps countDistinct is quicker than count etc), but the following seems like a viable option:\n\n```”query\": {\n    \"measures\": [\n      \"Masks.count\"\n    ],\n    \"timeDimensions\": [],\n    \"dimensions\": [\n      \"Masks.category\"\n    ],\n    \"filters\": [],\n    \"timezone\": \"UTC\"\n  }```\n\nthe returned data not only gives you the possible dimensions, but in this case gives you their relative frequency etc:\n\n```\"data\": [\n    {\n      \"Masks.category\": \"deviceIp\",\n      \"Masks.count\": \"399058\"\n    },\n    {\n      \"Masks.category\": \"deviceId\",\n      \"Masks.count\": \"5105\"\n    },\n    {\n      \"Masks.category\": \"clientId\",\n      \"Masks.count\": \"4343\"\n    },\n    {\n      \"Masks.category\": \"clientIp\",\n      \"Masks.count\": \"1710\"\n    },\n    {\n      \"Masks.category\": \"controllerId\",\n      \"Masks.count\": \"56\"\n    },\n    {\n      \"Masks.category\": \"email\",\n      \"Masks.count\": \"49\"\n    }\n  ],```\n\nPS - I’m just another random slack user.  Perhaps the Cube-JS people should get some sort of badge or prefix to their names to distinguish themselves?",
        "user": "ULS90CSDT",
        "ts": "1564170899.035000",
        "team": "TC0C1HURK",
        "user_team": "TC0C1HURK",
        "source_team": "TC0C1HURK",
        "user_profile": {
            "avatar_hash": "g231d776a700",
            "image_72": "https:\/\/secure.gravatar.com\/avatar\/9231d776a700cf7917dfb6b0cd942761.jpg?s=72&d=https%3A%2F%2Fa.slack-edge.com%2Fdf10d%2Fimg%2Favatars%2Fava_0012-72.png",
            "first_name": "",
            "real_name": "Nick Sharp",
            "display_name": "",
            "team": "TC0C1HURK",
            "name": "nickhsharp",
            "is_restricted": false,
            "is_ultra_restricted": false
        },
        "edited": {
            "user": "ULS90CSDT",
            "ts": "1564170958.000000"
        },
        "thread_ts": "1564123195.033400",
        "parent_user_id": "ULPK5SZ0C",
        "reactions": [
            {
                "name": "+1",
                "users": [
                    "UC19HAUAK"
                ],
                "count": 1
            }
        ]
    },
    {
        "type": "message",
        "subtype": "channel_join",
        "ts": "1564184220.035400",
        "user": "ULVJ9CTQF",
        "text": "<@ULVJ9CTQF> has joined the channel"
    },
    {
        "client_msg_id": "c6ce22c6-070f-4101-bf62-96fb5fdd3276",
        "type": "message",
        "text": "Hey <@ULPK5SZ0C>! You can use either what Nick proposed or shorter version\n```\n  {\n    \"dimensions\": [\n      \"Masks.category\"\n    ]\n  }\n```\nThis questions was already asked here. Would love if you can post it on stackoverflow and I can answer you there. This way we can reuse the answer.",
        "user": "UC19HAUAK",
        "ts": "1564204633.035600",
        "team": "TC0C1HURK",
        "user_team": "TC0C1HURK",
        "source_team": "TC0C1HURK",
        "user_profile": {
            "avatar_hash": "066a042e018c",
            "image_72": "https:\/\/avatars.slack-edge.com\/2019-12-07\/866588520998_066a042e018ca831a195_72.png",
            "first_name": "Pavel",
            "real_name": "Pavel Tiunov",
            "display_name": "pavel",
            "team": "TC0C1HURK",
            "name": "pavel",
            "is_restricted": false,
            "is_ultra_restricted": false
        },
        "thread_ts": "1564123195.033400",
        "parent_user_id": "ULPK5SZ0C"
    }
]