[
    {
        "type": "message",
        "subtype": "channel_join",
        "ts": "1565690215.142200",
        "user": "ULZ7VN2TU",
        "text": "<@ULZ7VN2TU> has joined the channel"
    },
    {
        "client_msg_id": "ee1d5469-66fe-401d-982b-10118369a72b",
        "type": "message",
        "text": "<@UC19HAUAK> sure i will test it soon let you know",
        "user": "ULKS069JN",
        "ts": "1565717292.142400",
        "team": "TC0C1HURK",
        "user_team": "TC0C1HURK",
        "source_team": "TC0C1HURK",
        "user_profile": {
            "avatar_hash": "b1fec10e8c15",
            "image_72": "https:\/\/avatars.slack-edge.com\/2019-11-13\/835478181030_b1fec10e8c15e04269cc_72.png",
            "first_name": "Norbert",
            "real_name": "Norbert Bede",
            "display_name": "Norbert Bede",
            "team": "TC0C1HURK",
            "name": "norbert.bede764",
            "is_restricted": false,
            "is_ultra_restricted": false
        },
        "edited": {
            "user": "ULKS069JN",
            "ts": "1565717304.000000"
        },
        "thread_ts": "1564552076.060600",
        "parent_user_id": "ULKS069JN"
    },
    {
        "type": "message",
        "subtype": "channel_join",
        "ts": "1565718490.142900",
        "user": "UMDCERJTY",
        "text": "<@UMDCERJTY> has joined the channel"
    },
    {
        "type": "message",
        "subtype": "channel_join",
        "ts": "1565727146.143100",
        "user": "UMBDLVA2C",
        "text": "<@UMBDLVA2C> has joined the channel"
    },
    {
        "client_msg_id": "060ca797-644c-414b-b5d6-731962bb6fc0",
        "type": "message",
        "text": "Hi Guys,",
        "user": "UMBDLVA2C",
        "ts": "1565727452.143200",
        "team": "TC0C1HURK",
        "user_team": "TC0C1HURK",
        "source_team": "TC0C1HURK",
        "user_profile": {
            "avatar_hash": "g71a6c88eb57",
            "image_72": "https:\/\/secure.gravatar.com\/avatar\/171a6c88eb57dab1ca048a1044c98963.jpg?s=72&d=https%3A%2F%2Fa.slack-edge.com%2Fdf10d%2Fimg%2Favatars%2Fava_0023-72.png",
            "first_name": "",
            "real_name": "Clinton",
            "display_name": "Clinton",
            "team": "TC0C1HURK",
            "name": "clinton.pillay",
            "is_restricted": false,
            "is_ultra_restricted": false
        }
    },
    {
        "client_msg_id": "ea716fbb-f8ee-4b2a-98db-1e09f6e2e63b",
        "type": "message",
        "text": "I get the following error, Cube.js says that slack knows best on how to fix it",
        "user": "UMBDLVA2C",
        "ts": "1565727453.143300",
        "team": "TC0C1HURK",
        "user_team": "TC0C1HURK",
        "source_team": "TC0C1HURK",
        "user_profile": {
            "avatar_hash": "g71a6c88eb57",
            "image_72": "https:\/\/secure.gravatar.com\/avatar\/171a6c88eb57dab1ca048a1044c98963.jpg?s=72&d=https%3A%2F%2Fa.slack-edge.com%2Fdf10d%2Fimg%2Favatars%2Fava_0023-72.png",
            "first_name": "",
            "real_name": "Clinton",
            "display_name": "Clinton",
            "team": "TC0C1HURK",
            "name": "clinton.pillay",
            "is_restricted": false,
            "is_ultra_restricted": false
        }
    },
    {
        "client_msg_id": "29bd4e60-e459-42fd-a9e6-54e2f7579999",
        "type": "message",
        "text": "rror: Error: Compile errors: Syntax error during 'Table1.js' parsing: Unexpected token (76:6): i::R: { ^ at <http:\/\/localhost:4000\/static\/js\/main.b4540ca0.js:1:25493> at x (<http:\/\/localhost:4000\/static\/js\/vendors~main.b0daab72.chunk.js:24:800877>) at Generator._invoke (<http:\/\/localhost:4000\/static\/js\/vendors~main.b0daab72.chunk.js:24:800665>) at Generator.e.&lt;computed&gt; [as next] (<http:\/\/localhost:4000\/static\/js\/vendors~main.b0daab72.chunk.js:24:801056>) at r (<http:\/\/localhost:4000\/static\/js\/babel~main.b5b6f2fc.chunk.js:1:3915707>) at s (<http:\/\/localhost:4000\/static\/js\/babel~main.b5b6f2>",
        "user": "UMBDLVA2C",
        "ts": "1565727453.143400",
        "team": "TC0C1HURK",
        "user_team": "TC0C1HURK",
        "source_team": "TC0C1HURK",
        "user_profile": {
            "avatar_hash": "g71a6c88eb57",
            "image_72": "https:\/\/secure.gravatar.com\/avatar\/171a6c88eb57dab1ca048a1044c98963.jpg?s=72&d=https%3A%2F%2Fa.slack-edge.com%2Fdf10d%2Fimg%2Favatars%2Fava_0023-72.png",
            "first_name": "",
            "real_name": "Clinton",
            "display_name": "Clinton",
            "team": "TC0C1HURK",
            "name": "clinton.pillay",
            "is_restricted": false,
            "is_ultra_restricted": false
        },
        "thread_ts": "1565727453.143400",
        "reply_count": 1,
        "reply_users_count": 1,
        "latest_reply": "1565728305.144200",
        "reply_users": [
            "UC19HAUAK"
        ],
        "replies": [
            {
                "user": "UC19HAUAK",
                "ts": "1565728305.144200"
            }
        ],
        "subscribed": false
    },
    {
        "client_msg_id": "1312CE6C-4D12-4A19-B188-D875CFBB943B",
        "type": "message",
        "text": "Hey <@UMBDLVA2C> ! Could you please provide contents of this file?",
        "user": "UC19HAUAK",
        "ts": "1565728305.144200",
        "team": "TC0C1HURK",
        "user_team": "TC0C1HURK",
        "source_team": "TC0C1HURK",
        "user_profile": {
            "avatar_hash": "066a042e018c",
            "image_72": "https:\/\/avatars.slack-edge.com\/2019-12-07\/866588520998_066a042e018ca831a195_72.png",
            "first_name": "Pavel",
            "real_name": "Pavel Tiunov",
            "display_name": "pavel",
            "team": "TC0C1HURK",
            "name": "pavel",
            "is_restricted": false,
            "is_ultra_restricted": false
        },
        "thread_ts": "1565727453.143400",
        "parent_user_id": "UMBDLVA2C"
    },
    {
        "type": "message",
        "subtype": "channel_join",
        "ts": "1565748483.144500",
        "user": "UM5ASQTED",
        "text": "<@UM5ASQTED> has joined the channel"
    },
    {
        "client_msg_id": "b7f5a6f1-d068-4d38-ac44-c143a5c54a51",
        "type": "message",
        "text": "How do I get cubejs to use a typescript dashboard app? It says it cannot find app.js",
        "user": "UM5ASQTED",
        "ts": "1565749375.145600",
        "team": "TC0C1HURK",
        "user_team": "TC0C1HURK",
        "source_team": "TC0C1HURK",
        "user_profile": {
            "avatar_hash": "gc770819247e",
            "image_72": "https:\/\/secure.gravatar.com\/avatar\/9c770819247eaf0c4ff20e5b6b1b477c.jpg?s=72&d=https%3A%2F%2Fa.slack-edge.com%2Fdf10d%2Fimg%2Favatars%2Fava_0009-72.png",
            "first_name": "",
            "real_name": "Nick Steele",
            "display_name": "",
            "team": "TC0C1HURK",
            "name": "nick",
            "is_restricted": false,
            "is_ultra_restricted": false
        },
        "thread_ts": "1565749375.145600",
        "reply_count": 8,
        "reply_users_count": 2,
        "latest_reply": "1565784421.147500",
        "reply_users": [
            "UC19HAUAK",
            "UM5ASQTED"
        ],
        "replies": [
            {
                "user": "UC19HAUAK",
                "ts": "1565749513.145700"
            },
            {
                "user": "UM5ASQTED",
                "ts": "1565749599.145900"
            },
            {
                "user": "UM5ASQTED",
                "ts": "1565749632.146100"
            },
            {
                "user": "UC19HAUAK",
                "ts": "1565749662.146300"
            },
            {
                "user": "UM5ASQTED",
                "ts": "1565749666.146500"
            },
            {
                "user": "UM5ASQTED",
                "ts": "1565749672.146700"
            },
            {
                "user": "UC19HAUAK",
                "ts": "1565749864.146900"
            },
            {
                "user": "UM5ASQTED",
                "ts": "1565784421.147500"
            }
        ],
        "subscribed": false
    },
    {
        "client_msg_id": "6afec00a-d4f4-4769-95ca-fafd7e63bc7f",
        "type": "message",
        "text": "Hey <@UM5ASQTED>! Do you mean add chart to dashboard feature of playground?",
        "user": "UC19HAUAK",
        "ts": "1565749513.145700",
        "team": "TC0C1HURK",
        "user_team": "TC0C1HURK",
        "source_team": "TC0C1HURK",
        "user_profile": {
            "avatar_hash": "066a042e018c",
            "image_72": "https:\/\/avatars.slack-edge.com\/2019-12-07\/866588520998_066a042e018ca831a195_72.png",
            "first_name": "Pavel",
            "real_name": "Pavel Tiunov",
            "display_name": "pavel",
            "team": "TC0C1HURK",
            "name": "pavel",
            "is_restricted": false,
            "is_ultra_restricted": false
        },
        "thread_ts": "1565749375.145600",
        "parent_user_id": "UM5ASQTED"
    },
    {
        "client_msg_id": "dc09b9bc-4fd0-495d-8115-33c2133b2a00",
        "type": "message",
        "text": "Hello! :slightly_smiling_face::+1: I converted the dashboard-app to typescript, and it's working fine, but when I want to access it from the cubejs server it is still looking for app.js when it's now app.tsx",
        "user": "UM5ASQTED",
        "ts": "1565749599.145900",
        "team": "TC0C1HURK",
        "user_team": "TC0C1HURK",
        "source_team": "TC0C1HURK",
        "user_profile": {
            "avatar_hash": "gc770819247e",
            "image_72": "https:\/\/secure.gravatar.com\/avatar\/9c770819247eaf0c4ff20e5b6b1b477c.jpg?s=72&d=https%3A%2F%2Fa.slack-edge.com%2Fdf10d%2Fimg%2Favatars%2Fava_0009-72.png",
            "first_name": "",
            "real_name": "Nick Steele",
            "display_name": "",
            "team": "TC0C1HURK",
            "name": "nick",
            "is_restricted": false,
            "is_ultra_restricted": false
        },
        "thread_ts": "1565749375.145600",
        "parent_user_id": "UM5ASQTED"
    },
    {
        "client_msg_id": "61772f26-97f6-4e14-812a-a7e81ea4e85f",
        "type": "message",
        "text": "So now I can't automatically use the explorer to create dashboard components and such",
        "user": "UM5ASQTED",
        "ts": "1565749632.146100",
        "team": "TC0C1HURK",
        "user_team": "TC0C1HURK",
        "source_team": "TC0C1HURK",
        "user_profile": {
            "avatar_hash": "gc770819247e",
            "image_72": "https:\/\/secure.gravatar.com\/avatar\/9c770819247eaf0c4ff20e5b6b1b477c.jpg?s=72&d=https%3A%2F%2Fa.slack-edge.com%2Fdf10d%2Fimg%2Favatars%2Fava_0009-72.png",
            "first_name": "",
            "real_name": "Nick Steele",
            "display_name": "",
            "team": "TC0C1HURK",
            "name": "nick",
            "is_restricted": false,
            "is_ultra_restricted": false
        },
        "thread_ts": "1565749375.145600",
        "parent_user_id": "UM5ASQTED"
    },
    {
        "client_msg_id": "59fcd717-08b2-4efe-871a-a765bcfb02da",
        "type": "message",
        "text": "<@UM5ASQTED> Gotcha. Yeah. I believe it isn't compatible with TypeScript as for now.",
        "user": "UC19HAUAK",
        "ts": "1565749662.146300",
        "team": "TC0C1HURK",
        "user_team": "TC0C1HURK",
        "source_team": "TC0C1HURK",
        "user_profile": {
            "avatar_hash": "066a042e018c",
            "image_72": "https:\/\/avatars.slack-edge.com\/2019-12-07\/866588520998_066a042e018ca831a195_72.png",
            "first_name": "Pavel",
            "real_name": "Pavel Tiunov",
            "display_name": "pavel",
            "team": "TC0C1HURK",
            "name": "pavel",
            "is_restricted": false,
            "is_ultra_restricted": false
        },
        "thread_ts": "1565749375.145600",
        "parent_user_id": "UM5ASQTED"
    },
    {
        "client_msg_id": "7fecbfd0-31c6-4982-bd02-61f5af51f441",
        "type": "message",
        "text": "I see cubejs is using express. How do I extend it to use app.tsx instead of app.js?",
        "user": "UM5ASQTED",
        "ts": "1565749666.146500",
        "team": "TC0C1HURK",
        "user_team": "TC0C1HURK",
        "source_team": "TC0C1HURK",
        "user_profile": {
            "avatar_hash": "gc770819247e",
            "image_72": "https:\/\/secure.gravatar.com\/avatar\/9c770819247eaf0c4ff20e5b6b1b477c.jpg?s=72&d=https%3A%2F%2Fa.slack-edge.com%2Fdf10d%2Fimg%2Favatars%2Fava_0009-72.png",
            "first_name": "",
            "real_name": "Nick Steele",
            "display_name": "",
            "team": "TC0C1HURK",
            "name": "nick",
            "is_restricted": false,
            "is_ultra_restricted": false
        },
        "thread_ts": "1565749375.145600",
        "parent_user_id": "UM5ASQTED"
    },
    {
        "client_msg_id": "d388c9c9-fd37-4a8f-a618-a142bea0c703",
        "type": "message",
        "text": "Oh no ok",
        "user": "UM5ASQTED",
        "ts": "1565749672.146700",
        "team": "TC0C1HURK",
        "user_team": "TC0C1HURK",
        "source_team": "TC0C1HURK",
        "user_profile": {
            "avatar_hash": "gc770819247e",
            "image_72": "https:\/\/secure.gravatar.com\/avatar\/9c770819247eaf0c4ff20e5b6b1b477c.jpg?s=72&d=https%3A%2F%2Fa.slack-edge.com%2Fdf10d%2Fimg%2Favatars%2Fava_0009-72.png",
            "first_name": "",
            "real_name": "Nick Steele",
            "display_name": "",
            "team": "TC0C1HURK",
            "name": "nick",
            "is_restricted": false,
            "is_ultra_restricted": false
        },
        "thread_ts": "1565749375.145600",
        "parent_user_id": "UM5ASQTED"
    },
    {
        "client_msg_id": "eb590ef5-80de-45e3-a127-3c3b34d0a2cb",
        "type": "message",
        "text": "<@UM5ASQTED> I believe App.js is just frontend code? If you're looking for backend code please see `index.js` in app root directory.",
        "user": "UC19HAUAK",
        "ts": "1565749864.146900",
        "team": "TC0C1HURK",
        "user_team": "TC0C1HURK",
        "source_team": "TC0C1HURK",
        "user_profile": {
            "avatar_hash": "066a042e018c",
            "image_72": "https:\/\/avatars.slack-edge.com\/2019-12-07\/866588520998_066a042e018ca831a195_72.png",
            "first_name": "Pavel",
            "real_name": "Pavel Tiunov",
            "display_name": "pavel",
            "team": "TC0C1HURK",
            "name": "pavel",
            "is_restricted": false,
            "is_ultra_restricted": false
        },
        "thread_ts": "1565749375.145600",
        "parent_user_id": "UM5ASQTED"
    },
    {
        "type": "message",
        "subtype": "channel_join",
        "ts": "1565763729.147200",
        "user": "UME1DNNQ6",
        "text": "<@UME1DNNQ6> has joined the channel"
    }
]