[
    {
        "client_msg_id": "aeeef9a7-094f-462f-8723-b9b03dad40c1",
        "type": "message",
        "text": "Hey <@UHTBRSSHF>! I see. It can be done using SQL window functions. What DB do you use? In Postgres something like this should work:\n```\ncube(`Inventory`, {\n  sql: `select *, last_value(inventory_count) over(partition by date_trunc('day', created_at) order by created_at)  as last_inventory_count from inventory`\n\n  measures: {\n    dayInventoryCount: {\n      sql: `last_inventory_count`,\n      type: `max`\n    }\n  }\n});\n```",
        "user": "UC19HAUAK",
        "ts": "1555596770.032000",
        "team": "TC0C1HURK",
        "user_team": "TC0C1HURK",
        "source_team": "TC0C1HURK",
        "user_profile": {
            "avatar_hash": "066a042e018c",
            "image_72": "https:\/\/avatars.slack-edge.com\/2019-12-07\/866588520998_066a042e018ca831a195_72.png",
            "first_name": "Pavel",
            "real_name": "Pavel Tiunov",
            "display_name": "pavel",
            "team": "TC0C1HURK",
            "name": "pavel",
            "is_restricted": false,
            "is_ultra_restricted": false
        },
        "edited": {
            "user": "UC19HAUAK",
            "ts": "1555596867.000000"
        },
        "thread_ts": "1555532089.030800",
        "parent_user_id": "UHTBRSSHF"
    },
    {
        "client_msg_id": "a58dbc17-c8d7-49c2-ac69-ff45c2359fac",
        "type": "message",
        "text": "I use MySQL - that helps a lot! Would this handle timezone conversions though? I believe that's something regular Cube queries handle quite well, so I'd love to maintain that",
        "user": "UHTBRSSHF",
        "ts": "1555602170.032400",
        "team": "TC0C1HURK",
        "user_team": "TC0C1HURK",
        "source_team": "TC0C1HURK",
        "user_profile": {
            "avatar_hash": "gf90f462755e",
            "image_72": "https:\/\/secure.gravatar.com\/avatar\/af90f462755eaf8aa43a3ae83ed8d4a2.jpg?s=72&d=https%3A%2F%2Fa.slack-edge.com%2Fdf10d%2Fimg%2Favatars%2Fava_0018-72.png",
            "first_name": "",
            "real_name": "Albert Kim",
            "display_name": "Albert Kim",
            "team": "TC0C1HURK",
            "name": "albertk",
            "is_restricted": false,
            "is_ultra_restricted": false
        },
        "thread_ts": "1555532089.030800",
        "parent_user_id": "UHTBRSSHF"
    },
    {
        "client_msg_id": "126cbf1c-a3b3-4f0f-b418-baff438bd287",
        "type": "message",
        "text": "<@UHTBRSSHF> This one won't. If you want to be timezone\/granularity independent for this kind of measure you can use `rollingWindow`: <https:\/\/cube.dev\/docs\/measures#parameters-rolling-window>. So it should be `sum` measure with `unbounded` trailing window that sums up inventory movement\/diff.",
        "user": "UC19HAUAK",
        "ts": "1555603539.032600",
        "team": "TC0C1HURK",
        "user_team": "TC0C1HURK",
        "source_team": "TC0C1HURK",
        "user_profile": {
            "avatar_hash": "066a042e018c",
            "image_72": "https:\/\/avatars.slack-edge.com\/2019-12-07\/866588520998_066a042e018ca831a195_72.png",
            "first_name": "Pavel",
            "real_name": "Pavel Tiunov",
            "display_name": "pavel",
            "team": "TC0C1HURK",
            "name": "pavel",
            "is_restricted": false,
            "is_ultra_restricted": false
        },
        "edited": {
            "user": "UC19HAUAK",
            "ts": "1555603570.000000"
        },
        "attachments": [
            {
                "title": "Measures",
                "title_link": "https:\/\/cube.dev\/docs\/measures#parameters-rolling-window",
                "text": "Cube.js Docs",
                "fallback": "Measures",
                "from_url": "https:\/\/cube.dev\/docs\/measures#parameters-rolling-window",
                "service_icon": "https:\/\/cube.dev\/docs\/icons-c79b6ee44cd5a2d74a48cb83170cce6f\/apple-touch-icon-57x57.png",
                "service_name": "docs",
                "id": 1,
                "original_url": "https:\/\/cube.dev\/docs\/measures#parameters-rolling-window"
            }
        ],
        "thread_ts": "1555532089.030800",
        "parent_user_id": "UHTBRSSHF"
    },
    {
        "client_msg_id": "cc496cfa-1177-4d8d-aa20-bb5de7a7516d",
        "type": "message",
        "text": "Inventory movement can be derived using `LAG` function:\n`select *, inventory_count - LAG(inventory_count) from inventory`",
        "user": "UC19HAUAK",
        "ts": "1555603776.033000",
        "team": "TC0C1HURK",
        "user_team": "TC0C1HURK",
        "source_team": "TC0C1HURK",
        "user_profile": {
            "avatar_hash": "066a042e018c",
            "image_72": "https:\/\/avatars.slack-edge.com\/2019-12-07\/866588520998_066a042e018ca831a195_72.png",
            "first_name": "Pavel",
            "real_name": "Pavel Tiunov",
            "display_name": "pavel",
            "team": "TC0C1HURK",
            "name": "pavel",
            "is_restricted": false,
            "is_ultra_restricted": false
        },
        "thread_ts": "1555532089.030800",
        "parent_user_id": "UHTBRSSHF"
    },
    {
        "client_msg_id": "488441ff-c40a-4c00-b85b-8e24cbd882a9",
        "type": "message",
        "text": "I believe you have transactions table though. So it's the best data source to use for such type of measures.",
        "user": "UC19HAUAK",
        "ts": "1555603846.033200",
        "team": "TC0C1HURK",
        "user_team": "TC0C1HURK",
        "source_team": "TC0C1HURK",
        "user_profile": {
            "avatar_hash": "066a042e018c",
            "image_72": "https:\/\/avatars.slack-edge.com\/2019-12-07\/866588520998_066a042e018ca831a195_72.png",
            "first_name": "Pavel",
            "real_name": "Pavel Tiunov",
            "display_name": "pavel",
            "team": "TC0C1HURK",
            "name": "pavel",
            "is_restricted": false,
            "is_ultra_restricted": false
        },
        "thread_ts": "1555532089.030800",
        "parent_user_id": "UHTBRSSHF"
    },
    {
        "type": "message",
        "subtype": "channel_join",
        "ts": "1555640738.033500",
        "user": "UHPMTHTV0",
        "text": "<@UHPMTHTV0> has joined the channel"
    }
]