[
    {
        "type": "message",
        "text": "<@UC19HAUAK> i am stuck with new issue. i created a schema at my local machine and when i tried to draw the chart by just clicking on measure \"count\" it does nothing.after that i took the mssql query for this operation an d run that into mssql editor than it gives me 30 record as a count. see image.",
        "files": [
            {
                "id": "FR3EQCLUE",
                "created": 1574857617,
                "timestamp": 1574857617,
                "name": "Screenshot (12).png",
                "title": "Screenshot (12).png",
                "mimetype": "image\/png",
                "filetype": "png",
                "pretty_type": "PNG",
                "user": "UNS4PKYAK",
                "editable": false,
                "size": 292486,
                "mode": "hosted",
                "is_external": false,
                "external_type": "",
                "is_public": true,
                "public_url_shared": false,
                "display_as_bot": false,
                "username": "",
                "url_private": "https:\/\/files.slack.com\/files-pri\/TC0C1HURK-FR3EQCLUE\/screenshot__12_.png?t=xoxe-408409606869-1267807410853-1293019902560-8c9dc5fc58d3a65e0fe0837e69de048d",
                "url_private_download": "https:\/\/files.slack.com\/files-pri\/TC0C1HURK-FR3EQCLUE\/download\/screenshot__12_.png?t=xoxe-408409606869-1267807410853-1293019902560-8c9dc5fc58d3a65e0fe0837e69de048d",
                "thumb_64": "https:\/\/files.slack.com\/files-tmb\/TC0C1HURK-FR3EQCLUE-de8602d4bc\/screenshot__12__64.png?t=xoxe-408409606869-1267807410853-1293019902560-8c9dc5fc58d3a65e0fe0837e69de048d",
                "thumb_80": "https:\/\/files.slack.com\/files-tmb\/TC0C1HURK-FR3EQCLUE-de8602d4bc\/screenshot__12__80.png?t=xoxe-408409606869-1267807410853-1293019902560-8c9dc5fc58d3a65e0fe0837e69de048d",
                "thumb_360": "https:\/\/files.slack.com\/files-tmb\/TC0C1HURK-FR3EQCLUE-de8602d4bc\/screenshot__12__360.png?t=xoxe-408409606869-1267807410853-1293019902560-8c9dc5fc58d3a65e0fe0837e69de048d",
                "thumb_360_w": 360,
                "thumb_360_h": 202,
                "thumb_480": "https:\/\/files.slack.com\/files-tmb\/TC0C1HURK-FR3EQCLUE-de8602d4bc\/screenshot__12__480.png?t=xoxe-408409606869-1267807410853-1293019902560-8c9dc5fc58d3a65e0fe0837e69de048d",
                "thumb_480_w": 480,
                "thumb_480_h": 270,
                "thumb_160": "https:\/\/files.slack.com\/files-tmb\/TC0C1HURK-FR3EQCLUE-de8602d4bc\/screenshot__12__160.png?t=xoxe-408409606869-1267807410853-1293019902560-8c9dc5fc58d3a65e0fe0837e69de048d",
                "thumb_720": "https:\/\/files.slack.com\/files-tmb\/TC0C1HURK-FR3EQCLUE-de8602d4bc\/screenshot__12__720.png?t=xoxe-408409606869-1267807410853-1293019902560-8c9dc5fc58d3a65e0fe0837e69de048d",
                "thumb_720_w": 720,
                "thumb_720_h": 405,
                "thumb_800": "https:\/\/files.slack.com\/files-tmb\/TC0C1HURK-FR3EQCLUE-de8602d4bc\/screenshot__12__800.png?t=xoxe-408409606869-1267807410853-1293019902560-8c9dc5fc58d3a65e0fe0837e69de048d",
                "thumb_800_w": 800,
                "thumb_800_h": 450,
                "thumb_960": "https:\/\/files.slack.com\/files-tmb\/TC0C1HURK-FR3EQCLUE-de8602d4bc\/screenshot__12__960.png?t=xoxe-408409606869-1267807410853-1293019902560-8c9dc5fc58d3a65e0fe0837e69de048d",
                "thumb_960_w": 960,
                "thumb_960_h": 540,
                "thumb_1024": "https:\/\/files.slack.com\/files-tmb\/TC0C1HURK-FR3EQCLUE-de8602d4bc\/screenshot__12__1024.png?t=xoxe-408409606869-1267807410853-1293019902560-8c9dc5fc58d3a65e0fe0837e69de048d",
                "thumb_1024_w": 1024,
                "thumb_1024_h": 576,
                "image_exif_rotation": 1,
                "original_w": 1366,
                "original_h": 768,
                "thumb_tiny": "AwAaADCK3YrMhOT82OmO1aeH9f1rKi4lQY\/jH8Wa2O\/WmwRH+99P\/HqP339z\/wAeqXn1paQEOZf7n\/j1Zd7uNwwI\/D8K2qyL\/wD4+W+lVElkUJHnx4Kn5h0GK2gfaq1oifZkO1c464pL8BbViAAcjpSKLefY0vPpWCrHaOTTQzYPzH86QG\/k+lZF+3+lOPTFV2Zth5PbvSLycnn601oJq5\/\/2Q==",
                "permalink": "https:\/\/cube-js.slack.com\/files\/UNS4PKYAK\/FR3EQCLUE\/screenshot__12_.png",
                "permalink_public": "https:\/\/slack-files.com\/TC0C1HURK-FR3EQCLUE-44cf9b26e2",
                "is_starred": false,
                "has_rich_preview": false
            }
        ],
        "upload": true,
        "blocks": [
            {
                "type": "rich_text",
                "block_id": "7\/myL",
                "elements": [
                    {
                        "type": "rich_text_section",
                        "elements": [
                            {
                                "type": "user",
                                "user_id": "UC19HAUAK"
                            },
                            {
                                "type": "text",
                                "text": " i am stuck with new issue. i created a schema at my local machine and when i tried to draw the chart by just clicking on measure \"count\" it does nothing.after that i took the mssql query for this operation an d run that into mssql editor than it gives me 30 record as a count. see image."
                            }
                        ]
                    }
                ]
            }
        ],
        "user": "UNS4PKYAK",
        "display_as_bot": false,
        "ts": "1574857621.444900",
        "client_msg_id": "4d4b073f-ddf7-4b0a-b8f1-ef3ecd708d28",
        "thread_ts": "1574224385.319100",
        "parent_user_id": "UNS4PKYAK"
    },
    {
        "type": "message",
        "text": "<@UC19HAUAK> below is the chart from playground for the same.",
        "files": [
            {
                "id": "FR0QL4JF6",
                "created": 1574857667,
                "timestamp": 1574857667,
                "name": "Screenshot from 2019-11-27 17-57-34.png",
                "title": "Screenshot from 2019-11-27 17-57-34.png",
                "mimetype": "image\/png",
                "filetype": "png",
                "pretty_type": "PNG",
                "user": "UNS4PKYAK",
                "editable": false,
                "size": 66314,
                "mode": "hosted",
                "is_external": false,
                "external_type": "",
                "is_public": true,
                "public_url_shared": false,
                "display_as_bot": false,
                "username": "",
                "url_private": "https:\/\/files.slack.com\/files-pri\/TC0C1HURK-FR0QL4JF6\/screenshot_from_2019-11-27_17-57-34.png?t=xoxe-408409606869-1267807410853-1293019902560-8c9dc5fc58d3a65e0fe0837e69de048d",
                "url_private_download": "https:\/\/files.slack.com\/files-pri\/TC0C1HURK-FR0QL4JF6\/download\/screenshot_from_2019-11-27_17-57-34.png?t=xoxe-408409606869-1267807410853-1293019902560-8c9dc5fc58d3a65e0fe0837e69de048d",
                "thumb_64": "https:\/\/files.slack.com\/files-tmb\/TC0C1HURK-FR0QL4JF6-63a90a0441\/screenshot_from_2019-11-27_17-57-34_64.png?t=xoxe-408409606869-1267807410853-1293019902560-8c9dc5fc58d3a65e0fe0837e69de048d",
                "thumb_80": "https:\/\/files.slack.com\/files-tmb\/TC0C1HURK-FR0QL4JF6-63a90a0441\/screenshot_from_2019-11-27_17-57-34_80.png?t=xoxe-408409606869-1267807410853-1293019902560-8c9dc5fc58d3a65e0fe0837e69de048d",
                "thumb_360": "https:\/\/files.slack.com\/files-tmb\/TC0C1HURK-FR0QL4JF6-63a90a0441\/screenshot_from_2019-11-27_17-57-34_360.png?t=xoxe-408409606869-1267807410853-1293019902560-8c9dc5fc58d3a65e0fe0837e69de048d",
                "thumb_360_w": 360,
                "thumb_360_h": 197,
                "thumb_480": "https:\/\/files.slack.com\/files-tmb\/TC0C1HURK-FR0QL4JF6-63a90a0441\/screenshot_from_2019-11-27_17-57-34_480.png?t=xoxe-408409606869-1267807410853-1293019902560-8c9dc5fc58d3a65e0fe0837e69de048d",
                "thumb_480_w": 480,
                "thumb_480_h": 263,
                "thumb_160": "https:\/\/files.slack.com\/files-tmb\/TC0C1HURK-FR0QL4JF6-63a90a0441\/screenshot_from_2019-11-27_17-57-34_160.png?t=xoxe-408409606869-1267807410853-1293019902560-8c9dc5fc58d3a65e0fe0837e69de048d",
                "thumb_720": "https:\/\/files.slack.com\/files-tmb\/TC0C1HURK-FR0QL4JF6-63a90a0441\/screenshot_from_2019-11-27_17-57-34_720.png?t=xoxe-408409606869-1267807410853-1293019902560-8c9dc5fc58d3a65e0fe0837e69de048d",
                "thumb_720_w": 720,
                "thumb_720_h": 394,
                "thumb_800": "https:\/\/files.slack.com\/files-tmb\/TC0C1HURK-FR0QL4JF6-63a90a0441\/screenshot_from_2019-11-27_17-57-34_800.png?t=xoxe-408409606869-1267807410853-1293019902560-8c9dc5fc58d3a65e0fe0837e69de048d",
                "thumb_800_w": 800,
                "thumb_800_h": 438,
                "thumb_960": "https:\/\/files.slack.com\/files-tmb\/TC0C1HURK-FR0QL4JF6-63a90a0441\/screenshot_from_2019-11-27_17-57-34_960.png?t=xoxe-408409606869-1267807410853-1293019902560-8c9dc5fc58d3a65e0fe0837e69de048d",
                "thumb_960_w": 960,
                "thumb_960_h": 525,
                "thumb_1024": "https:\/\/files.slack.com\/files-tmb\/TC0C1HURK-FR0QL4JF6-63a90a0441\/screenshot_from_2019-11-27_17-57-34_1024.png?t=xoxe-408409606869-1267807410853-1293019902560-8c9dc5fc58d3a65e0fe0837e69de048d",
                "thumb_1024_w": 1024,
                "thumb_1024_h": 560,
                "image_exif_rotation": 1,
                "original_w": 1521,
                "original_h": 832,
                "thumb_tiny": "AwAaADDQCnv+lN8lP7i\/lUtFAEfkp\/cX8qTyk\/uL\/wB81LRQBH5Kf3F\/KjyU\/uL+VSc0c0AFFFFABRRRQAUUUUAf\/9k=",
                "permalink": "https:\/\/cube-js.slack.com\/files\/UNS4PKYAK\/FR0QL4JF6\/screenshot_from_2019-11-27_17-57-34.png",
                "permalink_public": "https:\/\/slack-files.com\/TC0C1HURK-FR0QL4JF6-10ddd6bfb0",
                "is_starred": false,
                "has_rich_preview": false
            }
        ],
        "upload": true,
        "blocks": [
            {
                "type": "rich_text",
                "block_id": "MyA",
                "elements": [
                    {
                        "type": "rich_text_section",
                        "elements": [
                            {
                                "type": "user",
                                "user_id": "UC19HAUAK"
                            },
                            {
                                "type": "text",
                                "text": " below is the chart from playground for the same."
                            }
                        ]
                    }
                ]
            }
        ],
        "user": "UNS4PKYAK",
        "display_as_bot": false,
        "ts": "1574857672.445300",
        "client_msg_id": "ddce96d3-d9b9-4743-a508-3f2205b38ae5",
        "thread_ts": "1574224385.319100",
        "parent_user_id": "UNS4PKYAK"
    },
    {
        "type": "message",
        "subtype": "channel_join",
        "ts": "1574860157.445800",
        "user": "UR0RYDR8C",
        "text": "<@UR0RYDR8C> has joined the channel"
    },
    {
        "client_msg_id": "9b4b26e4-1e99-43a3-9790-88e4896cb255",
        "type": "message",
        "text": "Hi, we're trying out cubejs. Right now we have a kubernetes server with replicaset and one pod running the cubejs server with a redis cache. We are bulding cubes from our Redshift warehouse and we recently activated external rollups through another postgres server. I had initially limited the cubejs pod for 2GB RAM and the server hangs when building the aggregation and uploading it to postgres. Kube metrics tells me the pod is at 100% ram usage and is not responding requests anymore. Do you have any tips besides increasing the RAM por the pod? Will it help if we increse de replica set to 2+ pods?",
        "user": "UR0RYDR8C",
        "ts": "1574860661.450900",
        "team": "TC0C1HURK",
        "user_team": "TC0C1HURK",
        "source_team": "TC0C1HURK",
        "user_profile": {
            "avatar_hash": "gffe7f951d16",
            "image_72": "https:\/\/secure.gravatar.com\/avatar\/ffe7f951d16adc2547cf6958226e242e.jpg?s=72&d=https%3A%2F%2Fa.slack-edge.com%2Fdf10d%2Fimg%2Favatars%2Fava_0022-72.png",
            "first_name": "",
            "real_name": "Nicolás Risso",
            "display_name": "Nicolás Risso",
            "team": "TC0C1HURK",
            "name": "nicolas",
            "is_restricted": false,
            "is_ultra_restricted": false
        },
        "edited": {
            "user": "UR0RYDR8C",
            "ts": "1574860698.000000"
        },
        "blocks": [
            {
                "type": "rich_text",
                "block_id": "iGT0g",
                "elements": [
                    {
                        "type": "rich_text_section",
                        "elements": [
                            {
                                "type": "text",
                                "text": "Hi, we're trying out cubejs. Right now we have a kubernetes server with replicaset and one pod running the cubejs server with a redis cache. We are bulding cubes from our Redshift warehouse and we recently activated external rollups through another postgres server. I had initially limited the cubejs pod for 2GB RAM and the server hangs when building the aggregation and uploading it to postgres. Kube metrics tells me the pod is at 100% ram usage and is not responding requests anymore. Do you have any tips besides increasing the RAM por the pod? Will it help if we increse de replica set to 2+ pods?"
                            }
                        ]
                    }
                ]
            }
        ],
        "thread_ts": "1574860661.450900",
        "reply_count": 2,
        "reply_users_count": 2,
        "latest_reply": "1574875103.451700",
        "reply_users": [
            "UC19HAUAK",
            "UPGGHD4A3"
        ],
        "replies": [
            {
                "user": "UC19HAUAK",
                "ts": "1574874473.451200"
            },
            {
                "user": "UPGGHD4A3",
                "ts": "1574875103.451700"
            }
        ],
        "subscribed": false
    },
    {
        "client_msg_id": "b8889eb6-f49d-43ff-a3d8-59337c23b5a6",
        "type": "message",
        "text": "Hey <@UR0RYDR8C>! It's a great question! Here's an issue for it: <https:\/\/github.com\/cube-js\/cube.js\/issues\/266>. I believe you can coordinate implementation with <@UPGGHD4A3> as he works on it as well.",
        "user": "UC19HAUAK",
        "ts": "1574874473.451200",
        "team": "TC0C1HURK",
        "user_team": "TC0C1HURK",
        "source_team": "TC0C1HURK",
        "user_profile": {
            "avatar_hash": "066a042e018c",
            "image_72": "https:\/\/avatars.slack-edge.com\/2019-12-07\/866588520998_066a042e018ca831a195_72.png",
            "first_name": "Pavel",
            "real_name": "Pavel Tiunov",
            "display_name": "pavel",
            "team": "TC0C1HURK",
            "name": "pavel",
            "is_restricted": false,
            "is_ultra_restricted": false
        },
        "attachments": [
            {
                "service_name": "GitHub",
                "title": "External Preaggregations in RDS for Cubes querying Redshift should pass through S3 using UNLOAD and COPY command  · Issue #266 · cube-js\/cube.js",
                "title_link": "https:\/\/github.com\/cube-js\/cube.js\/issues\/266",
                "text": "Is your feature request related to a problem? Please describe. I am trying to persist sizable preaggregate tables in an RDS Database, sourced from a Redshift Database while using Cube.js Serverless...",
                "fallback": "GitHub: External Preaggregations in RDS for Cubes querying Redshift should pass through S3 using UNLOAD and COPY command  · Issue #266 · cube-js\/cube.js",
                "thumb_url": "https:\/\/avatars0.githubusercontent.com\/u\/52467369?s=400&v=4",
                "from_url": "https:\/\/github.com\/cube-js\/cube.js\/issues\/266",
                "thumb_width": 400,
                "thumb_height": 400,
                "service_icon": "https:\/\/a.slack-edge.com\/80588\/img\/unfurl_icons\/github.png",
                "id": 1,
                "original_url": "https:\/\/github.com\/cube-js\/cube.js\/issues\/266"
            }
        ],
        "blocks": [
            {
                "type": "rich_text",
                "block_id": "9Og",
                "elements": [
                    {
                        "type": "rich_text_section",
                        "elements": [
                            {
                                "type": "text",
                                "text": "Hey "
                            },
                            {
                                "type": "user",
                                "user_id": "UR0RYDR8C"
                            },
                            {
                                "type": "text",
                                "text": "! It's a great question! Here's an issue for it: "
                            },
                            {
                                "type": "link",
                                "url": "https:\/\/github.com\/cube-js\/cube.js\/issues\/266"
                            },
                            {
                                "type": "text",
                                "text": ". I believe you can coordinate implementation with "
                            },
                            {
                                "type": "user",
                                "user_id": "UPGGHD4A3"
                            },
                            {
                                "type": "text",
                                "text": " as he works on it as well."
                            }
                        ]
                    }
                ]
            }
        ],
        "thread_ts": "1574860661.450900",
        "parent_user_id": "UR0RYDR8C"
    },
    {
        "type": "message",
        "subtype": "channel_join",
        "ts": "1574874852.451600",
        "user": "UR1MPEEQG",
        "text": "<@UR1MPEEQG> has joined the channel"
    },
    {
        "client_msg_id": "8421aef9-ae29-43c3-9ed5-79ac75857506",
        "type": "message",
        "text": "Yes, I plan on working on this within the next week or so",
        "user": "UPGGHD4A3",
        "ts": "1574875103.451700",
        "team": "TC0C1HURK",
        "user_team": "TC0C1HURK",
        "source_team": "TC0C1HURK",
        "user_profile": {
            "avatar_hash": "g0d5c98e7390",
            "image_72": "https:\/\/secure.gravatar.com\/avatar\/0d5c98e73901202c4453bc202770b425.jpg?s=72&d=https%3A%2F%2Fa.slack-edge.com%2Fdf10d%2Fimg%2Favatars%2Fava_0006-72.png",
            "first_name": "",
            "real_name": "Matt Ferrante",
            "display_name": "Matt Ferrante",
            "team": "TC0C1HURK",
            "name": "matt",
            "is_restricted": false,
            "is_ultra_restricted": false
        },
        "blocks": [
            {
                "type": "rich_text",
                "block_id": "zte+",
                "elements": [
                    {
                        "type": "rich_text_section",
                        "elements": [
                            {
                                "type": "text",
                                "text": "Yes, I plan on working on this within the next week or so"
                            }
                        ]
                    }
                ]
            }
        ],
        "thread_ts": "1574860661.450900",
        "parent_user_id": "UR0RYDR8C"
    },
    {
        "client_msg_id": "afa5f857-6252-414b-8caa-da1d2a5744fb",
        "type": "message",
        "text": "Hi!\nI could not find anything about it in the docs. What do suggestFilterValues represent in availableDimensions?\nThanks!",
        "user": "UN90TGGR1",
        "ts": "1574876137.452900",
        "team": "TC0C1HURK",
        "user_team": "TC0C1HURK",
        "source_team": "TC0C1HURK",
        "user_profile": {
            "avatar_hash": "g0f0de63ba55",
            "image_72": "https:\/\/secure.gravatar.com\/avatar\/0f0de63ba556eb6861259bb3137092a9.jpg?s=72&d=https%3A%2F%2Fa.slack-edge.com%2Fdf10d%2Fimg%2Favatars%2Fava_0007-72.png",
            "first_name": "",
            "real_name": "mfulop",
            "display_name": "mfulop",
            "team": "TC0C1HURK",
            "name": "miklos.fulop",
            "is_restricted": false,
            "is_ultra_restricted": false
        },
        "blocks": [
            {
                "type": "rich_text",
                "block_id": "Jef",
                "elements": [
                    {
                        "type": "rich_text_section",
                        "elements": [
                            {
                                "type": "text",
                                "text": "Hi!\nI could not find anything about it in the docs. What do suggestFilterValues represent in availableDimensions?\nThanks!"
                            }
                        ]
                    }
                ]
            }
        ],
        "thread_ts": "1574876137.452900",
        "reply_count": 5,
        "reply_users_count": 2,
        "latest_reply": "1574888241.458800",
        "reply_users": [
            "UC19HAUAK",
            "UN90TGGR1"
        ],
        "replies": [
            {
                "user": "UC19HAUAK",
                "ts": "1574876234.453000"
            },
            {
                "user": "UN90TGGR1",
                "ts": "1574876257.453200"
            },
            {
                "user": "UN90TGGR1",
                "ts": "1574876273.453400"
            },
            {
                "user": "UN90TGGR1",
                "ts": "1574876697.453800"
            },
            {
                "user": "UC19HAUAK",
                "ts": "1574888241.458800"
            }
        ],
        "subscribed": false
    },
    {
        "client_msg_id": "1016d57a-6fb5-41dc-982f-92dd10459b55",
        "type": "message",
        "text": "Hey <@UN90TGGR1>! This one isn't used in open source version of cube.js.",
        "user": "UC19HAUAK",
        "ts": "1574876234.453000",
        "team": "TC0C1HURK",
        "user_team": "TC0C1HURK",
        "source_team": "TC0C1HURK",
        "user_profile": {
            "avatar_hash": "066a042e018c",
            "image_72": "https:\/\/avatars.slack-edge.com\/2019-12-07\/866588520998_066a042e018ca831a195_72.png",
            "first_name": "Pavel",
            "real_name": "Pavel Tiunov",
            "display_name": "pavel",
            "team": "TC0C1HURK",
            "name": "pavel",
            "is_restricted": false,
            "is_ultra_restricted": false
        },
        "blocks": [
            {
                "type": "rich_text",
                "block_id": "vEJO",
                "elements": [
                    {
                        "type": "rich_text_section",
                        "elements": [
                            {
                                "type": "text",
                                "text": "Hey "
                            },
                            {
                                "type": "user",
                                "user_id": "UN90TGGR1"
                            },
                            {
                                "type": "text",
                                "text": "! This one isn't used in open source version of cube.js."
                            }
                        ]
                    }
                ]
            }
        ],
        "thread_ts": "1574876137.452900",
        "parent_user_id": "UN90TGGR1"
    },
    {
        "client_msg_id": "80e41cb3-f898-46d5-aa32-1f90da58b0b5",
        "type": "message",
        "text": "hi",
        "user": "UN90TGGR1",
        "ts": "1574876257.453200",
        "team": "TC0C1HURK",
        "user_team": "TC0C1HURK",
        "source_team": "TC0C1HURK",
        "user_profile": {
            "avatar_hash": "g0f0de63ba55",
            "image_72": "https:\/\/secure.gravatar.com\/avatar\/0f0de63ba556eb6861259bb3137092a9.jpg?s=72&d=https%3A%2F%2Fa.slack-edge.com%2Fdf10d%2Fimg%2Favatars%2Fava_0007-72.png",
            "first_name": "",
            "real_name": "mfulop",
            "display_name": "mfulop",
            "team": "TC0C1HURK",
            "name": "miklos.fulop",
            "is_restricted": false,
            "is_ultra_restricted": false
        },
        "blocks": [
            {
                "type": "rich_text",
                "block_id": "7I6",
                "elements": [
                    {
                        "type": "rich_text_section",
                        "elements": [
                            {
                                "type": "text",
                                "text": "hi"
                            }
                        ]
                    }
                ]
            }
        ],
        "thread_ts": "1574876137.452900",
        "parent_user_id": "UN90TGGR1"
    },
    {
        "client_msg_id": "c955cd82-ccee-47b1-84e0-8ae140884ef6",
        "type": "message",
        "text": "ok :slightly_smiling_face: just building a query builder and run into them",
        "user": "UN90TGGR1",
        "ts": "1574876273.453400",
        "team": "TC0C1HURK",
        "user_team": "TC0C1HURK",
        "source_team": "TC0C1HURK",
        "user_profile": {
            "avatar_hash": "g0f0de63ba55",
            "image_72": "https:\/\/secure.gravatar.com\/avatar\/0f0de63ba556eb6861259bb3137092a9.jpg?s=72&d=https%3A%2F%2Fa.slack-edge.com%2Fdf10d%2Fimg%2Favatars%2Fava_0007-72.png",
            "first_name": "",
            "real_name": "mfulop",
            "display_name": "mfulop",
            "team": "TC0C1HURK",
            "name": "miklos.fulop",
            "is_restricted": false,
            "is_ultra_restricted": false
        },
        "blocks": [
            {
                "type": "rich_text",
                "block_id": "NcD1",
                "elements": [
                    {
                        "type": "rich_text_section",
                        "elements": [
                            {
                                "type": "text",
                                "text": "ok "
                            },
                            {
                                "type": "emoji",
                                "name": "slightly_smiling_face"
                            },
                            {
                                "type": "text",
                                "text": " just building a query builder and run into them"
                            }
                        ]
                    }
                ]
            }
        ],
        "thread_ts": "1574876137.452900",
        "parent_user_id": "UN90TGGR1"
    },
    {
        "client_msg_id": "2aa07878-4798-4692-b86b-6438d361f0a8",
        "type": "message",
        "text": "<@UNS4PKYAK> It means there's only one data point for this query.",
        "user": "UC19HAUAK",
        "ts": "1574876597.453600",
        "team": "TC0C1HURK",
        "user_team": "TC0C1HURK",
        "source_team": "TC0C1HURK",
        "user_profile": {
            "avatar_hash": "066a042e018c",
            "image_72": "https:\/\/avatars.slack-edge.com\/2019-12-07\/866588520998_066a042e018ca831a195_72.png",
            "first_name": "Pavel",
            "real_name": "Pavel Tiunov",
            "display_name": "pavel",
            "team": "TC0C1HURK",
            "name": "pavel",
            "is_restricted": false,
            "is_ultra_restricted": false
        },
        "blocks": [
            {
                "type": "rich_text",
                "block_id": "KCo7f",
                "elements": [
                    {
                        "type": "rich_text_section",
                        "elements": [
                            {
                                "type": "user",
                                "user_id": "UNS4PKYAK"
                            },
                            {
                                "type": "text",
                                "text": " It means there's only one data point for this query."
                            }
                        ]
                    }
                ]
            }
        ],
        "thread_ts": "1574224385.319100",
        "parent_user_id": "UNS4PKYAK"
    },
    {
        "client_msg_id": "6d81a6bb-ef70-4dd2-9ba1-37577250a918",
        "type": "message",
        "text": "I've seen the dataSource by cube, sweet! Thanks for those again",
        "user": "UN90TGGR1",
        "ts": "1574876697.453800",
        "team": "TC0C1HURK",
        "user_team": "TC0C1HURK",
        "source_team": "TC0C1HURK",
        "user_profile": {
            "avatar_hash": "g0f0de63ba55",
            "image_72": "https:\/\/secure.gravatar.com\/avatar\/0f0de63ba556eb6861259bb3137092a9.jpg?s=72&d=https%3A%2F%2Fa.slack-edge.com%2Fdf10d%2Fimg%2Favatars%2Fava_0007-72.png",
            "first_name": "",
            "real_name": "mfulop",
            "display_name": "mfulop",
            "team": "TC0C1HURK",
            "name": "miklos.fulop",
            "is_restricted": false,
            "is_ultra_restricted": false
        },
        "blocks": [
            {
                "type": "rich_text",
                "block_id": "8lh\/d",
                "elements": [
                    {
                        "type": "rich_text_section",
                        "elements": [
                            {
                                "type": "text",
                                "text": "I've seen the dataSource by cube, sweet! Thanks for those again"
                            }
                        ]
                    }
                ]
            }
        ],
        "thread_ts": "1574876137.452900",
        "parent_user_id": "UN90TGGR1",
        "reactions": [
            {
                "name": "raised_hands",
                "users": [
                    "UC19HAUAK"
                ],
                "count": 1
            }
        ]
    },
    {
        "client_msg_id": "0fd709e0-8fc6-4b27-a3ca-03f095e96f92",
        "type": "message",
        "text": "<@ULKS069JN> Cube.js is designed to work on top of SQL backend. We do plan support streaming SQL implementations like Kafka SQL or Kinesis Analytics. But those makes sense when you significantly over 100B+ data points and you want to get your analytics near real time. Did you have a chance to check logical replication: <https:\/\/www.postgresql.org\/docs\/10\/logical-replication.html> ?",
        "user": "UC19HAUAK",
        "ts": "1574876995.454000",
        "team": "TC0C1HURK",
        "user_team": "TC0C1HURK",
        "source_team": "TC0C1HURK",
        "user_profile": {
            "avatar_hash": "066a042e018c",
            "image_72": "https:\/\/avatars.slack-edge.com\/2019-12-07\/866588520998_066a042e018ca831a195_72.png",
            "first_name": "Pavel",
            "real_name": "Pavel Tiunov",
            "display_name": "pavel",
            "team": "TC0C1HURK",
            "name": "pavel",
            "is_restricted": false,
            "is_ultra_restricted": false
        },
        "blocks": [
            {
                "type": "rich_text",
                "block_id": "m=rsl",
                "elements": [
                    {
                        "type": "rich_text_section",
                        "elements": [
                            {
                                "type": "user",
                                "user_id": "ULKS069JN"
                            },
                            {
                                "type": "text",
                                "text": " Cube.js is designed to work on top of SQL backend. We do plan support streaming SQL implementations like Kafka SQL or Kinesis Analytics. But those makes sense when you significantly over 100B+ data points and you want to get your analytics near real time. Did you have a chance to check logical replication: "
                            },
                            {
                                "type": "link",
                                "url": "https:\/\/www.postgresql.org\/docs\/10\/logical-replication.html"
                            },
                            {
                                "type": "text",
                                "text": " ?"
                            }
                        ]
                    }
                ]
            }
        ],
        "thread_ts": "1574747288.425800",
        "parent_user_id": "ULKS069JN"
    },
    {
        "client_msg_id": "ba803f23-a5e6-453b-b16e-74d961a26e27",
        "type": "message",
        "text": "hi",
        "user": "ULKS069JN",
        "ts": "1574877043.454200",
        "team": "TC0C1HURK",
        "user_team": "TC0C1HURK",
        "source_team": "TC0C1HURK",
        "user_profile": {
            "avatar_hash": "b1fec10e8c15",
            "image_72": "https:\/\/avatars.slack-edge.com\/2019-11-13\/835478181030_b1fec10e8c15e04269cc_72.png",
            "first_name": "Norbert",
            "real_name": "Norbert Bede",
            "display_name": "Norbert Bede",
            "team": "TC0C1HURK",
            "name": "norbert.bede764",
            "is_restricted": false,
            "is_ultra_restricted": false
        },
        "blocks": [
            {
                "type": "rich_text",
                "block_id": "DoA",
                "elements": [
                    {
                        "type": "rich_text_section",
                        "elements": [
                            {
                                "type": "text",
                                "text": "hi"
                            }
                        ]
                    }
                ]
            }
        ],
        "thread_ts": "1574747288.425800",
        "parent_user_id": "ULKS069JN"
    },
    {
        "client_msg_id": "16d1cf36-e1e1-4660-ab2c-a6e1383c2369",
        "type": "message",
        "text": "i found this - motivate me to write you",
        "user": "ULKS069JN",
        "ts": "1574877062.454500",
        "team": "TC0C1HURK",
        "user_team": "TC0C1HURK",
        "source_team": "TC0C1HURK",
        "user_profile": {
            "avatar_hash": "b1fec10e8c15",
            "image_72": "https:\/\/avatars.slack-edge.com\/2019-11-13\/835478181030_b1fec10e8c15e04269cc_72.png",
            "first_name": "Norbert",
            "real_name": "Norbert Bede",
            "display_name": "Norbert Bede",
            "team": "TC0C1HURK",
            "name": "norbert.bede764",
            "is_restricted": false,
            "is_ultra_restricted": false
        },
        "blocks": [
            {
                "type": "rich_text",
                "block_id": "dMZr",
                "elements": [
                    {
                        "type": "rich_text_section",
                        "elements": [
                            {
                                "type": "text",
                                "text": "i found this - motivate me to write you"
                            }
                        ]
                    }
                ]
            }
        ],
        "thread_ts": "1574747288.425800",
        "parent_user_id": "ULKS069JN"
    },
    {
        "client_msg_id": "825f6060-59df-4496-ae97-fbbb510b4554",
        "type": "message",
        "text": "<https:\/\/aws.amazon.com\/blogs\/database\/stream-changes-from-amazon-rds-for-postgresql-using-amazon-kinesis-data-streams-and-aws-lambda\/>",
        "user": "ULKS069JN",
        "ts": "1574877063.454700",
        "team": "TC0C1HURK",
        "user_team": "TC0C1HURK",
        "source_team": "TC0C1HURK",
        "user_profile": {
            "avatar_hash": "b1fec10e8c15",
            "image_72": "https:\/\/avatars.slack-edge.com\/2019-11-13\/835478181030_b1fec10e8c15e04269cc_72.png",
            "first_name": "Norbert",
            "real_name": "Norbert Bede",
            "display_name": "Norbert Bede",
            "team": "TC0C1HURK",
            "name": "norbert.bede764",
            "is_restricted": false,
            "is_ultra_restricted": false
        },
        "attachments": [
            {
                "service_name": "Amazon Web Services",
                "title": "Stream changes from Amazon RDS for PostgreSQL using Amazon Kinesis Data Streams and AWS Lambda | Amazon Web Services",
                "title_link": "https:\/\/aws.amazon.com\/blogs\/database\/stream-changes-from-amazon-rds-for-postgresql-using-amazon-kinesis-data-streams-and-aws-lambda\/",
                "text": "In this post, I discuss how to integrate a central Amazon Relational Database Service (Amazon RDS) for PostgreSQL database with other systems by streaming its modifications into Amazon Kinesis Data Streams. An earlier post, Streaming Changes in a Database with Amazon Kinesis, described how to integrate a central RDS for MySQL database with other systems […]",
                "fallback": "Amazon Web Services: Stream changes from Amazon RDS for PostgreSQL using Amazon Kinesis Data Streams and AWS Lambda | Amazon Web Services",
                "image_url": "https:\/\/d2908q01vomqb2.cloudfront.net\/887309d048beef83ad3eabf2a79a64a389ab1c9f\/2018\/06\/25\/DB-Options2.jpg",
                "image_width": 397,
                "image_height": 250,
                "ts": 1531126642,
                "from_url": "https:\/\/aws.amazon.com\/blogs\/database\/stream-changes-from-amazon-rds-for-postgresql-using-amazon-kinesis-data-streams-and-aws-lambda\/",
                "image_bytes": 40458,
                "service_icon": "http:\/\/a0.awsstatic.com\/main\/images\/site\/touch-icon-iphone-114-smile.png",
                "id": 1,
                "original_url": "https:\/\/aws.amazon.com\/blogs\/database\/stream-changes-from-amazon-rds-for-postgresql-using-amazon-kinesis-data-streams-and-aws-lambda\/"
            }
        ],
        "blocks": [
            {
                "type": "rich_text",
                "block_id": "s8D",
                "elements": [
                    {
                        "type": "rich_text_section",
                        "elements": [
                            {
                                "type": "link",
                                "url": "https:\/\/aws.amazon.com\/blogs\/database\/stream-changes-from-amazon-rds-for-postgresql-using-amazon-kinesis-data-streams-and-aws-lambda\/"
                            }
                        ]
                    }
                ]
            }
        ],
        "thread_ts": "1574747288.425800",
        "parent_user_id": "ULKS069JN"
    },
    {
        "type": "message",
        "subtype": "channel_join",
        "ts": "1574877091.455000",
        "user": "UQZDYF0SC",
        "text": "<@UQZDYF0SC> has joined the channel"
    },
    {
        "client_msg_id": "af329560-224b-433e-9645-2e4b232b1c3a",
        "type": "message",
        "text": "so the answer  i know about logical replication",
        "user": "ULKS069JN",
        "ts": "1574877101.455100",
        "team": "TC0C1HURK",
        "user_team": "TC0C1HURK",
        "source_team": "TC0C1HURK",
        "user_profile": {
            "avatar_hash": "b1fec10e8c15",
            "image_72": "https:\/\/avatars.slack-edge.com\/2019-11-13\/835478181030_b1fec10e8c15e04269cc_72.png",
            "first_name": "Norbert",
            "real_name": "Norbert Bede",
            "display_name": "Norbert Bede",
            "team": "TC0C1HURK",
            "name": "norbert.bede764",
            "is_restricted": false,
            "is_ultra_restricted": false
        },
        "blocks": [
            {
                "type": "rich_text",
                "block_id": "N+kU",
                "elements": [
                    {
                        "type": "rich_text_section",
                        "elements": [
                            {
                                "type": "text",
                                "text": "so the answer  i know about logical replication"
                            }
                        ]
                    }
                ]
            }
        ],
        "thread_ts": "1574747288.425800",
        "parent_user_id": "ULKS069JN"
    },
    {
        "client_msg_id": "c1a119c4-3a98-4926-9281-eb0f676c16b0",
        "type": "message",
        "text": "<@UQGF0N4FM> You'd need to implement polymorphic cubes then: <https:\/\/cube.dev\/docs\/polymorphic-cubes#top>",
        "user": "UC19HAUAK",
        "ts": "1574877121.455300",
        "team": "TC0C1HURK",
        "user_team": "TC0C1HURK",
        "source_team": "TC0C1HURK",
        "user_profile": {
            "avatar_hash": "066a042e018c",
            "image_72": "https:\/\/avatars.slack-edge.com\/2019-12-07\/866588520998_066a042e018ca831a195_72.png",
            "first_name": "Pavel",
            "real_name": "Pavel Tiunov",
            "display_name": "pavel",
            "team": "TC0C1HURK",
            "name": "pavel",
            "is_restricted": false,
            "is_ultra_restricted": false
        },
        "blocks": [
            {
                "type": "rich_text",
                "block_id": "cq+DB",
                "elements": [
                    {
                        "type": "rich_text_section",
                        "elements": [
                            {
                                "type": "user",
                                "user_id": "UQGF0N4FM"
                            },
                            {
                                "type": "text",
                                "text": " You'd need to implement polymorphic cubes then: "
                            },
                            {
                                "type": "link",
                                "url": "https:\/\/cube.dev\/docs\/polymorphic-cubes#top"
                            }
                        ]
                    }
                ]
            }
        ],
        "thread_ts": "1574375047.348700",
        "parent_user_id": "UQGF0N4FM"
    },
    {
        "client_msg_id": "8b893c7e-b74c-457e-8b09-6dc89e06944e",
        "type": "message",
        "text": "also important is to have simple infrastructure, tu run systems like kubernetes, kafka, etc. are really complex. however if you have no billions of records then maybe not necessary",
        "user": "ULKS069JN",
        "ts": "1574877188.455500",
        "team": "TC0C1HURK",
        "user_team": "TC0C1HURK",
        "source_team": "TC0C1HURK",
        "user_profile": {
            "avatar_hash": "b1fec10e8c15",
            "image_72": "https:\/\/avatars.slack-edge.com\/2019-11-13\/835478181030_b1fec10e8c15e04269cc_72.png",
            "first_name": "Norbert",
            "real_name": "Norbert Bede",
            "display_name": "Norbert Bede",
            "team": "TC0C1HURK",
            "name": "norbert.bede764",
            "is_restricted": false,
            "is_ultra_restricted": false
        },
        "blocks": [
            {
                "type": "rich_text",
                "block_id": "aH=",
                "elements": [
                    {
                        "type": "rich_text_section",
                        "elements": [
                            {
                                "type": "text",
                                "text": "also important is to have simple infrastructure, tu run systems like kubernetes, kafka, etc. are really complex. however if you have no billions of records then maybe not necessary"
                            }
                        ]
                    }
                ]
            }
        ],
        "thread_ts": "1574747288.425800",
        "parent_user_id": "ULKS069JN"
    },
    {
        "client_msg_id": "63e878ed-750d-42f8-b2a2-990f84cd70c6",
        "type": "message",
        "text": "i mean hundred billions",
        "user": "ULKS069JN",
        "ts": "1574877199.455700",
        "team": "TC0C1HURK",
        "user_team": "TC0C1HURK",
        "source_team": "TC0C1HURK",
        "user_profile": {
            "avatar_hash": "b1fec10e8c15",
            "image_72": "https:\/\/avatars.slack-edge.com\/2019-11-13\/835478181030_b1fec10e8c15e04269cc_72.png",
            "first_name": "Norbert",
            "real_name": "Norbert Bede",
            "display_name": "Norbert Bede",
            "team": "TC0C1HURK",
            "name": "norbert.bede764",
            "is_restricted": false,
            "is_ultra_restricted": false
        },
        "edited": {
            "user": "ULKS069JN",
            "ts": "1574877206.000000"
        },
        "blocks": [
            {
                "type": "rich_text",
                "block_id": "h6ly",
                "elements": [
                    {
                        "type": "rich_text_section",
                        "elements": [
                            {
                                "type": "text",
                                "text": "i mean hundred billions"
                            }
                        ]
                    }
                ]
            }
        ],
        "thread_ts": "1574747288.425800",
        "parent_user_id": "ULKS069JN"
    },
    {
        "client_msg_id": "01c46d10-c72e-484b-8cb5-23539e938302",
        "type": "message",
        "text": "<@ULKS069JN> Cool! How many rows do you plan to replicate daily?",
        "user": "UC19HAUAK",
        "ts": "1574877209.456100",
        "team": "TC0C1HURK",
        "user_team": "TC0C1HURK",
        "source_team": "TC0C1HURK",
        "user_profile": {
            "avatar_hash": "066a042e018c",
            "image_72": "https:\/\/avatars.slack-edge.com\/2019-12-07\/866588520998_066a042e018ca831a195_72.png",
            "first_name": "Pavel",
            "real_name": "Pavel Tiunov",
            "display_name": "pavel",
            "team": "TC0C1HURK",
            "name": "pavel",
            "is_restricted": false,
            "is_ultra_restricted": false
        },
        "blocks": [
            {
                "type": "rich_text",
                "block_id": "h=Mq",
                "elements": [
                    {
                        "type": "rich_text_section",
                        "elements": [
                            {
                                "type": "user",
                                "user_id": "ULKS069JN"
                            },
                            {
                                "type": "text",
                                "text": " Cool! How many rows do you plan to replicate daily?"
                            }
                        ]
                    }
                ]
            }
        ],
        "thread_ts": "1574747288.425800",
        "parent_user_id": "ULKS069JN"
    },
    {
        "client_msg_id": "d5bfb631-954a-448f-b20e-86f1748f7564",
        "type": "message",
        "text": "for example we have warehouse transactions we want aggregate. daily can be 50 000 records",
        "user": "ULKS069JN",
        "ts": "1574877265.456300",
        "team": "TC0C1HURK",
        "user_team": "TC0C1HURK",
        "source_team": "TC0C1HURK",
        "user_profile": {
            "avatar_hash": "b1fec10e8c15",
            "image_72": "https:\/\/avatars.slack-edge.com\/2019-11-13\/835478181030_b1fec10e8c15e04269cc_72.png",
            "first_name": "Norbert",
            "real_name": "Norbert Bede",
            "display_name": "Norbert Bede",
            "team": "TC0C1HURK",
            "name": "norbert.bede764",
            "is_restricted": false,
            "is_ultra_restricted": false
        },
        "blocks": [
            {
                "type": "rich_text",
                "block_id": "U\/2Qm",
                "elements": [
                    {
                        "type": "rich_text_section",
                        "elements": [
                            {
                                "type": "text",
                                "text": "for example we have warehouse transactions we want aggregate. daily can be 50 000 records"
                            }
                        ]
                    }
                ]
            }
        ],
        "thread_ts": "1574747288.425800",
        "parent_user_id": "ULKS069JN"
    },
    {
        "client_msg_id": "f263f2b7-20a9-4604-bf2a-9f1cff58a907",
        "type": "message",
        "text": "but most important to me aggregate them  various ways - so the main point aggregation logic - can be done by cubejs instead triggers",
        "user": "ULKS069JN",
        "ts": "1574877315.456500",
        "team": "TC0C1HURK",
        "user_team": "TC0C1HURK",
        "source_team": "TC0C1HURK",
        "user_profile": {
            "avatar_hash": "b1fec10e8c15",
            "image_72": "https:\/\/avatars.slack-edge.com\/2019-11-13\/835478181030_b1fec10e8c15e04269cc_72.png",
            "first_name": "Norbert",
            "real_name": "Norbert Bede",
            "display_name": "Norbert Bede",
            "team": "TC0C1HURK",
            "name": "norbert.bede764",
            "is_restricted": false,
            "is_ultra_restricted": false
        },
        "blocks": [
            {
                "type": "rich_text",
                "block_id": "1EzNV",
                "elements": [
                    {
                        "type": "rich_text_section",
                        "elements": [
                            {
                                "type": "text",
                                "text": "but most important to me aggregate them  various ways - so the main point aggregation logic - can be done by cubejs instead triggers"
                            }
                        ]
                    }
                ]
            }
        ],
        "thread_ts": "1574747288.425800",
        "parent_user_id": "ULKS069JN"
    },
    {
        "client_msg_id": "561542bf-346c-49e8-a409-8b6006eb63a0",
        "type": "message",
        "text": "aggregation logic is complex i’m trying to setup last days. less more success :slightly_smiling_face:",
        "user": "ULKS069JN",
        "ts": "1574877346.456700",
        "team": "TC0C1HURK",
        "user_team": "TC0C1HURK",
        "source_team": "TC0C1HURK",
        "user_profile": {
            "avatar_hash": "b1fec10e8c15",
            "image_72": "https:\/\/avatars.slack-edge.com\/2019-11-13\/835478181030_b1fec10e8c15e04269cc_72.png",
            "first_name": "Norbert",
            "real_name": "Norbert Bede",
            "display_name": "Norbert Bede",
            "team": "TC0C1HURK",
            "name": "norbert.bede764",
            "is_restricted": false,
            "is_ultra_restricted": false
        },
        "blocks": [
            {
                "type": "rich_text",
                "block_id": "+9CM\/",
                "elements": [
                    {
                        "type": "rich_text_section",
                        "elements": [
                            {
                                "type": "text",
                                "text": "aggregation logic is complex i’m trying to setup last days. less more success "
                            },
                            {
                                "type": "emoji",
                                "name": "slightly_smiling_face"
                            }
                        ]
                    }
                ]
            }
        ],
        "thread_ts": "1574747288.425800",
        "parent_user_id": "ULKS069JN"
    },
    {
        "client_msg_id": "40de042d-3548-4e68-b928-a26f4c92e8e7",
        "type": "message",
        "text": "do you have consultant, or someone, who can setup our cubes ? sure payed service",
        "user": "ULKS069JN",
        "ts": "1574877444.456900",
        "team": "TC0C1HURK",
        "user_team": "TC0C1HURK",
        "source_team": "TC0C1HURK",
        "user_profile": {
            "avatar_hash": "b1fec10e8c15",
            "image_72": "https:\/\/avatars.slack-edge.com\/2019-11-13\/835478181030_b1fec10e8c15e04269cc_72.png",
            "first_name": "Norbert",
            "real_name": "Norbert Bede",
            "display_name": "Norbert Bede",
            "team": "TC0C1HURK",
            "name": "norbert.bede764",
            "is_restricted": false,
            "is_ultra_restricted": false
        },
        "blocks": [
            {
                "type": "rich_text",
                "block_id": "ur2j",
                "elements": [
                    {
                        "type": "rich_text_section",
                        "elements": [
                            {
                                "type": "text",
                                "text": "do you have consultant, or someone, who can setup our cubes ? sure payed service"
                            }
                        ]
                    }
                ]
            }
        ],
        "thread_ts": "1574747288.425800",
        "parent_user_id": "ULKS069JN"
    },
    {
        "client_msg_id": "9e93f703-364e-412e-a4a3-22fae2fb5fa6",
        "type": "message",
        "text": "<@ULKS069JN> Gotcha. It makes sense to use Kinesis if your target DB where you're going to do your analytics is different from Postgres. 18M records per year -- here Postgres with timestamp index will be faster than any big data backend.",
        "user": "UC19HAUAK",
        "ts": "1574877469.457100",
        "team": "TC0C1HURK",
        "user_team": "TC0C1HURK",
        "source_team": "TC0C1HURK",
        "user_profile": {
            "avatar_hash": "066a042e018c",
            "image_72": "https:\/\/avatars.slack-edge.com\/2019-12-07\/866588520998_066a042e018ca831a195_72.png",
            "first_name": "Pavel",
            "real_name": "Pavel Tiunov",
            "display_name": "pavel",
            "team": "TC0C1HURK",
            "name": "pavel",
            "is_restricted": false,
            "is_ultra_restricted": false
        },
        "blocks": [
            {
                "type": "rich_text",
                "block_id": "GVGc",
                "elements": [
                    {
                        "type": "rich_text_section",
                        "elements": [
                            {
                                "type": "user",
                                "user_id": "ULKS069JN"
                            },
                            {
                                "type": "text",
                                "text": " Gotcha. It makes sense to use Kinesis if your target DB where you're going to do your analytics is different from Postgres. 18M records per year -- here Postgres with timestamp index will be faster than any big data backend."
                            }
                        ]
                    }
                ]
            }
        ],
        "thread_ts": "1574747288.425800",
        "parent_user_id": "ULKS069JN"
    },
    {
        "type": "message",
        "subtype": "channel_join",
        "ts": "1574877564.457400",
        "user": "UR1A9AX0C",
        "text": "<@UR1A9AX0C> has joined the channel"
    },
    {
        "client_msg_id": "c25e1366-3992-4852-93ed-e31368d465ae",
        "type": "message",
        "text": "i would like use same aggregation levels for 2 scenarios\nA. erp(source-postgres)=>aggregation=>BI(dahboard)\nB. erp(source-postgres)=>aggregation=>erp(back-to-same-posgres-db)",
        "user": "ULKS069JN",
        "ts": "1574877582.457500",
        "team": "TC0C1HURK",
        "user_team": "TC0C1HURK",
        "source_team": "TC0C1HURK",
        "user_profile": {
            "avatar_hash": "b1fec10e8c15",
            "image_72": "https:\/\/avatars.slack-edge.com\/2019-11-13\/835478181030_b1fec10e8c15e04269cc_72.png",
            "first_name": "Norbert",
            "real_name": "Norbert Bede",
            "display_name": "Norbert Bede",
            "team": "TC0C1HURK",
            "name": "norbert.bede764",
            "is_restricted": false,
            "is_ultra_restricted": false
        },
        "edited": {
            "user": "ULKS069JN",
            "ts": "1574877631.000000"
        },
        "blocks": [
            {
                "type": "rich_text",
                "block_id": "ytJD",
                "elements": [
                    {
                        "type": "rich_text_section",
                        "elements": [
                            {
                                "type": "text",
                                "text": "i would like use same aggregation levels for 2 scenarios\nA. erp(source-postgres)=>aggregation=>BI(dahboard)\nB. erp(source-postgres)=>aggregation=>erp(back-to-same-posgres-db)"
                            }
                        ]
                    }
                ]
            }
        ],
        "thread_ts": "1574747288.425800",
        "parent_user_id": "ULKS069JN"
    },
    {
        "client_msg_id": "a8869984-990d-4e39-8c86-181336cf7e26",
        "type": "message",
        "text": "Yep. We do provide services. Will DM you.",
        "user": "UC19HAUAK",
        "ts": "1574877760.458100",
        "team": "TC0C1HURK",
        "user_team": "TC0C1HURK",
        "source_team": "TC0C1HURK",
        "user_profile": {
            "avatar_hash": "066a042e018c",
            "image_72": "https:\/\/avatars.slack-edge.com\/2019-12-07\/866588520998_066a042e018ca831a195_72.png",
            "first_name": "Pavel",
            "real_name": "Pavel Tiunov",
            "display_name": "pavel",
            "team": "TC0C1HURK",
            "name": "pavel",
            "is_restricted": false,
            "is_ultra_restricted": false
        },
        "blocks": [
            {
                "type": "rich_text",
                "block_id": "vqA",
                "elements": [
                    {
                        "type": "rich_text_section",
                        "elements": [
                            {
                                "type": "text",
                                "text": "Yep. We do provide services. Will DM you."
                            }
                        ]
                    }
                ]
            }
        ],
        "thread_ts": "1574747288.425800",
        "parent_user_id": "ULKS069JN"
    },
    {
        "client_msg_id": "0d851a68-6973-4d79-be2c-889e0b74daff",
        "type": "message",
        "text": "ok",
        "user": "ULKS069JN",
        "ts": "1574877774.458300",
        "team": "TC0C1HURK",
        "user_team": "TC0C1HURK",
        "source_team": "TC0C1HURK",
        "user_profile": {
            "avatar_hash": "b1fec10e8c15",
            "image_72": "https:\/\/avatars.slack-edge.com\/2019-11-13\/835478181030_b1fec10e8c15e04269cc_72.png",
            "first_name": "Norbert",
            "real_name": "Norbert Bede",
            "display_name": "Norbert Bede",
            "team": "TC0C1HURK",
            "name": "norbert.bede764",
            "is_restricted": false,
            "is_ultra_restricted": false
        },
        "blocks": [
            {
                "type": "rich_text",
                "block_id": "Gh8UK",
                "elements": [
                    {
                        "type": "rich_text_section",
                        "elements": [
                            {
                                "type": "text",
                                "text": "ok"
                            }
                        ]
                    }
                ]
            }
        ],
        "thread_ts": "1574747288.425800",
        "parent_user_id": "ULKS069JN"
    },
    {
        "type": "message",
        "subtype": "channel_join",
        "ts": "1574885069.458600",
        "user": "UR1SYKTEH",
        "text": "<@UR1SYKTEH> has joined the channel"
    },
    {
        "client_msg_id": "9040600a-e59f-4a09-b471-6dfdd99ede37",
        "type": "message",
        "text": "You're welcome!",
        "user": "UC19HAUAK",
        "ts": "1574888241.458800",
        "team": "TC0C1HURK",
        "user_team": "TC0C1HURK",
        "source_team": "TC0C1HURK",
        "user_profile": {
            "avatar_hash": "066a042e018c",
            "image_72": "https:\/\/avatars.slack-edge.com\/2019-12-07\/866588520998_066a042e018ca831a195_72.png",
            "first_name": "Pavel",
            "real_name": "Pavel Tiunov",
            "display_name": "pavel",
            "team": "TC0C1HURK",
            "name": "pavel",
            "is_restricted": false,
            "is_ultra_restricted": false
        },
        "blocks": [
            {
                "type": "rich_text",
                "block_id": "MWm",
                "elements": [
                    {
                        "type": "rich_text_section",
                        "elements": [
                            {
                                "type": "text",
                                "text": "You're welcome!"
                            }
                        ]
                    }
                ]
            }
        ],
        "thread_ts": "1574876137.452900",
        "parent_user_id": "UN90TGGR1"
    },
    {
        "type": "message",
        "subtype": "channel_join",
        "ts": "1574891175.459100",
        "user": "UQQJ4BZ5H",
        "text": "<@UQQJ4BZ5H> has joined the channel"
    },
    {
        "client_msg_id": "510780c1-6455-4a29-88ee-853a67988d72",
        "type": "message",
        "text": "hi all; im a bit confused; i have setup postgres db, downloaded the real-time example and ran it.. but i keep getting errors such as ; unable to find schema \"stast\"",
        "user": "UQQJ4BZ5H",
        "ts": "1574891230.460100",
        "team": "TC0C1HURK",
        "user_team": "TC0C1HURK",
        "source_team": "TC0C1HURK",
        "user_profile": {
            "avatar_hash": "gafdfe84a191",
            "image_72": "https:\/\/secure.gravatar.com\/avatar\/afdfe84a19162ef07823600990635eb8.jpg?s=72&d=https%3A%2F%2Fa.slack-edge.com%2Fdf10d%2Fimg%2Favatars%2Fava_0000-72.png",
            "first_name": "",
            "real_name": "leteak",
            "display_name": "leteak",
            "team": "TC0C1HURK",
            "name": "andreiv",
            "is_restricted": false,
            "is_ultra_restricted": false
        },
        "blocks": [
            {
                "type": "rich_text",
                "block_id": "CMBX",
                "elements": [
                    {
                        "type": "rich_text_section",
                        "elements": [
                            {
                                "type": "text",
                                "text": "hi all; im a bit confused; i have setup postgres db, downloaded the real-time example and ran it.. but i keep getting errors such as ; unable to find schema \"stast\""
                            }
                        ]
                    }
                ]
            }
        ],
        "thread_ts": "1574891230.460100",
        "reply_count": 18,
        "reply_users_count": 2,
        "latest_reply": "1574891818.464100",
        "reply_users": [
            "UC19HAUAK",
            "UQQJ4BZ5H"
        ],
        "replies": [
            {
                "user": "UC19HAUAK",
                "ts": "1574891360.460700"
            },
            {
                "user": "UQQJ4BZ5H",
                "ts": "1574891437.460900"
            },
            {
                "user": "UC19HAUAK",
                "ts": "1574891461.461100"
            },
            {
                "user": "UQQJ4BZ5H",
                "ts": "1574891463.461300"
            },
            {
                "user": "UQQJ4BZ5H",
                "ts": "1574891469.461500"
            },
            {
                "user": "UQQJ4BZ5H",
                "ts": "1574891491.461700"
            },
            {
                "user": "UQQJ4BZ5H",
                "ts": "1574891499.461900"
            },
            {
                "user": "UC19HAUAK",
                "ts": "1574891515.462100"
            },
            {
                "user": "UQQJ4BZ5H",
                "ts": "1574891520.462300"
            },
            {
                "user": "UQQJ4BZ5H",
                "ts": "1574891574.462500"
            },
            {
                "user": "UQQJ4BZ5H",
                "ts": "1574891586.462700"
            },
            {
                "user": "UQQJ4BZ5H",
                "ts": "1574891611.462900"
            },
            {
                "user": "UQQJ4BZ5H",
                "ts": "1574891650.463100"
            },
            {
                "user": "UC19HAUAK",
                "ts": "1574891653.463300"
            },
            {
                "user": "UQQJ4BZ5H",
                "ts": "1574891676.463500"
            },
            {
                "user": "UQQJ4BZ5H",
                "ts": "1574891724.463700"
            },
            {
                "user": "UC19HAUAK",
                "ts": "1574891745.463900"
            },
            {
                "user": "UQQJ4BZ5H",
                "ts": "1574891818.464100"
            }
        ],
        "subscribed": false
    },
    {
        "client_msg_id": "c052f68e-cfd1-4ac6-bba7-6936aaad2f84",
        "type": "message",
        "text": "\" Error: Error: schema \"stats\" does not exist \" .. what am i missing ?",
        "user": "UQQJ4BZ5H",
        "ts": "1574891292.460400",
        "team": "TC0C1HURK",
        "user_team": "TC0C1HURK",
        "source_team": "TC0C1HURK",
        "user_profile": {
            "avatar_hash": "gafdfe84a191",
            "image_72": "https:\/\/secure.gravatar.com\/avatar\/afdfe84a19162ef07823600990635eb8.jpg?s=72&d=https%3A%2F%2Fa.slack-edge.com%2Fdf10d%2Fimg%2Favatars%2Fava_0000-72.png",
            "first_name": "",
            "real_name": "leteak",
            "display_name": "leteak",
            "team": "TC0C1HURK",
            "name": "andreiv",
            "is_restricted": false,
            "is_ultra_restricted": false
        },
        "blocks": [
            {
                "type": "rich_text",
                "block_id": "z+k",
                "elements": [
                    {
                        "type": "rich_text_section",
                        "elements": [
                            {
                                "type": "text",
                                "text": "\" Error: Error: schema \"stats\" does not exist \" .. what am i missing ?"
                            }
                        ]
                    }
                ]
            }
        ]
    },
    {
        "client_msg_id": "1f3aa22a-64bd-41a2-83af-f42205a42bb2",
        "type": "message",
        "text": "do i need to create these tables manually?",
        "user": "UQQJ4BZ5H",
        "ts": "1574891349.460600",
        "team": "TC0C1HURK",
        "user_team": "TC0C1HURK",
        "source_team": "TC0C1HURK",
        "user_profile": {
            "avatar_hash": "gafdfe84a191",
            "image_72": "https:\/\/secure.gravatar.com\/avatar\/afdfe84a19162ef07823600990635eb8.jpg?s=72&d=https%3A%2F%2Fa.slack-edge.com%2Fdf10d%2Fimg%2Favatars%2Fava_0000-72.png",
            "first_name": "",
            "real_name": "leteak",
            "display_name": "leteak",
            "team": "TC0C1HURK",
            "name": "andreiv",
            "is_restricted": false,
            "is_ultra_restricted": false
        },
        "blocks": [
            {
                "type": "rich_text",
                "block_id": "wMH",
                "elements": [
                    {
                        "type": "rich_text_section",
                        "elements": [
                            {
                                "type": "text",
                                "text": "do i need to create these tables manually?"
                            }
                        ]
                    }
                ]
            }
        ]
    },
    {
        "client_msg_id": "d5fbaa6e-debb-4dfb-93e7-2490cf1686b1",
        "type": "message",
        "text": "Hey <@UQQJ4BZ5H>! What do you see in Playground? Have you generated cube.js schema successfully?",
        "user": "UC19HAUAK",
        "ts": "1574891360.460700",
        "team": "TC0C1HURK",
        "user_team": "TC0C1HURK",
        "source_team": "TC0C1HURK",
        "user_profile": {
            "avatar_hash": "066a042e018c",
            "image_72": "https:\/\/avatars.slack-edge.com\/2019-12-07\/866588520998_066a042e018ca831a195_72.png",
            "first_name": "Pavel",
            "real_name": "Pavel Tiunov",
            "display_name": "pavel",
            "team": "TC0C1HURK",
            "name": "pavel",
            "is_restricted": false,
            "is_ultra_restricted": false
        },
        "blocks": [
            {
                "type": "rich_text",
                "block_id": "GRWNp",
                "elements": [
                    {
                        "type": "rich_text_section",
                        "elements": [
                            {
                                "type": "text",
                                "text": "Hey "
                            },
                            {
                                "type": "user",
                                "user_id": "UQQJ4BZ5H"
                            },
                            {
                                "type": "text",
                                "text": "! What do you see in Playground? Have you generated cube.js schema successfully?"
                            }
                        ]
                    }
                ]
            }
        ],
        "thread_ts": "1574891230.460100",
        "parent_user_id": "UQQJ4BZ5H"
    },
    {
        "client_msg_id": "a9af5ab6-bb0e-4a0b-9b83-8439e6cd128d",
        "type": "message",
        "text": "<@UC19HAUAK> hi; I see -- Choose a measure or dimension to get started",
        "user": "UQQJ4BZ5H",
        "ts": "1574891437.460900",
        "team": "TC0C1HURK",
        "user_team": "TC0C1HURK",
        "source_team": "TC0C1HURK",
        "user_profile": {
            "avatar_hash": "gafdfe84a191",
            "image_72": "https:\/\/secure.gravatar.com\/avatar\/afdfe84a19162ef07823600990635eb8.jpg?s=72&d=https%3A%2F%2Fa.slack-edge.com%2Fdf10d%2Fimg%2Favatars%2Fava_0000-72.png",
            "first_name": "",
            "real_name": "leteak",
            "display_name": "leteak",
            "team": "TC0C1HURK",
            "name": "andreiv",
            "is_restricted": false,
            "is_ultra_restricted": false
        },
        "blocks": [
            {
                "type": "rich_text",
                "block_id": "ns6",
                "elements": [
                    {
                        "type": "rich_text_section",
                        "elements": [
                            {
                                "type": "user",
                                "user_id": "UC19HAUAK"
                            },
                            {
                                "type": "text",
                                "text": " hi; I see -- Choose a measure or dimension to get started"
                            }
                        ]
                    }
                ]
            }
        ],
        "thread_ts": "1574891230.460100",
        "parent_user_id": "UQQJ4BZ5H"
    },
    {
        "client_msg_id": "7ec47414-aa39-4c88-ade0-09093365de9b",
        "type": "message",
        "text": "<@UQQJ4BZ5H> Could you please select one?",
        "user": "UC19HAUAK",
        "ts": "1574891461.461100",
        "team": "TC0C1HURK",
        "user_team": "TC0C1HURK",
        "source_team": "TC0C1HURK",
        "user_profile": {
            "avatar_hash": "066a042e018c",
            "image_72": "https:\/\/avatars.slack-edge.com\/2019-12-07\/866588520998_066a042e018ca831a195_72.png",
            "first_name": "Pavel",
            "real_name": "Pavel Tiunov",
            "display_name": "pavel",
            "team": "TC0C1HURK",
            "name": "pavel",
            "is_restricted": false,
            "is_ultra_restricted": false
        },
        "blocks": [
            {
                "type": "rich_text",
                "block_id": "Nam5",
                "elements": [
                    {
                        "type": "rich_text_section",
                        "elements": [
                            {
                                "type": "user",
                                "user_id": "UQQJ4BZ5H"
                            },
                            {
                                "type": "text",
                                "text": " Could you please select one?"
                            }
                        ]
                    }
                ]
            }
        ],
        "thread_ts": "1574891230.460100",
        "parent_user_id": "UQQJ4BZ5H"
    },
    {
        "client_msg_id": "7f5affa9-f6cd-42eb-b2ed-28023bdae358",
        "type": "message",
        "text": "<@UKWV28073> also in Schema I see the Tables\/ Files",
        "user": "UQQJ4BZ5H",
        "ts": "1574891463.461300",
        "team": "TC0C1HURK",
        "user_team": "TC0C1HURK",
        "source_team": "TC0C1HURK",
        "user_profile": {
            "avatar_hash": "gafdfe84a191",
            "image_72": "https:\/\/secure.gravatar.com\/avatar\/afdfe84a19162ef07823600990635eb8.jpg?s=72&d=https%3A%2F%2Fa.slack-edge.com%2Fdf10d%2Fimg%2Favatars%2Fava_0000-72.png",
            "first_name": "",
            "real_name": "leteak",
            "display_name": "leteak",
            "team": "TC0C1HURK",
            "name": "andreiv",
            "is_restricted": false,
            "is_ultra_restricted": false
        },
        "blocks": [
            {
                "type": "rich_text",
                "block_id": "qxFjT",
                "elements": [
                    {
                        "type": "rich_text_section",
                        "elements": [
                            {
                                "type": "user",
                                "user_id": "UKWV28073"
                            },
                            {
                                "type": "text",
                                "text": " also in Schema I see the Tables\/ Files"
                            }
                        ]
                    }
                ]
            }
        ],
        "thread_ts": "1574891230.460100",
        "parent_user_id": "UQQJ4BZ5H"
    },
    {
        "client_msg_id": "58984572-3bb1-4b3c-8a58-787b9c559bd5",
        "type": "message",
        "text": "ok",
        "user": "UQQJ4BZ5H",
        "ts": "1574891469.461500",
        "team": "TC0C1HURK",
        "user_team": "TC0C1HURK",
        "source_team": "TC0C1HURK",
        "user_profile": {
            "avatar_hash": "gafdfe84a191",
            "image_72": "https:\/\/secure.gravatar.com\/avatar\/afdfe84a19162ef07823600990635eb8.jpg?s=72&d=https%3A%2F%2Fa.slack-edge.com%2Fdf10d%2Fimg%2Favatars%2Fava_0000-72.png",
            "first_name": "",
            "real_name": "leteak",
            "display_name": "leteak",
            "team": "TC0C1HURK",
            "name": "andreiv",
            "is_restricted": false,
            "is_ultra_restricted": false
        },
        "blocks": [
            {
                "type": "rich_text",
                "block_id": "rLAjd",
                "elements": [
                    {
                        "type": "rich_text_section",
                        "elements": [
                            {
                                "type": "text",
                                "text": "ok"
                            }
                        ]
                    }
                ]
            }
        ],
        "thread_ts": "1574891230.460100",
        "parent_user_id": "UQQJ4BZ5H"
    },
    {
        "client_msg_id": "4c4a1108-bc2c-4464-859d-829d186278d2",
        "type": "message",
        "text": "<@UKWV28073> i selected Measure -&gt; event count",
        "user": "UQQJ4BZ5H",
        "ts": "1574891491.461700",
        "team": "TC0C1HURK",
        "user_team": "TC0C1HURK",
        "source_team": "TC0C1HURK",
        "user_profile": {
            "avatar_hash": "gafdfe84a191",
            "image_72": "https:\/\/secure.gravatar.com\/avatar\/afdfe84a19162ef07823600990635eb8.jpg?s=72&d=https%3A%2F%2Fa.slack-edge.com%2Fdf10d%2Fimg%2Favatars%2Fava_0000-72.png",
            "first_name": "",
            "real_name": "leteak",
            "display_name": "leteak",
            "team": "TC0C1HURK",
            "name": "andreiv",
            "is_restricted": false,
            "is_ultra_restricted": false
        },
        "blocks": [
            {
                "type": "rich_text",
                "block_id": "Mbr6",
                "elements": [
                    {
                        "type": "rich_text_section",
                        "elements": [
                            {
                                "type": "user",
                                "user_id": "UKWV28073"
                            },
                            {
                                "type": "text",
                                "text": " i selected Measure -> event count"
                            }
                        ]
                    }
                ]
            }
        ],
        "thread_ts": "1574891230.460100",
        "parent_user_id": "UQQJ4BZ5H"
    },
    {
        "client_msg_id": "9dc54b35-d0db-4171-be6f-b7aa3a58b061",
        "type": "message",
        "text": "<@UKWV28073> and it returned\nError: Error: schema \"stats\" does not exist",
        "user": "UQQJ4BZ5H",
        "ts": "1574891499.461900",
        "team": "TC0C1HURK",
        "user_team": "TC0C1HURK",
        "source_team": "TC0C1HURK",
        "user_profile": {
            "avatar_hash": "gafdfe84a191",
            "image_72": "https:\/\/secure.gravatar.com\/avatar\/afdfe84a19162ef07823600990635eb8.jpg?s=72&d=https%3A%2F%2Fa.slack-edge.com%2Fdf10d%2Fimg%2Favatars%2Fava_0000-72.png",
            "first_name": "",
            "real_name": "leteak",
            "display_name": "leteak",
            "team": "TC0C1HURK",
            "name": "andreiv",
            "is_restricted": false,
            "is_ultra_restricted": false
        },
        "blocks": [
            {
                "type": "rich_text",
                "block_id": "aw+",
                "elements": [
                    {
                        "type": "rich_text_section",
                        "elements": [
                            {
                                "type": "user",
                                "user_id": "UKWV28073"
                            },
                            {
                                "type": "text",
                                "text": " and it returned\nError: Error: schema \"stats\" does not exist"
                            }
                        ]
                    }
                ]
            }
        ],
        "thread_ts": "1574891230.460100",
        "parent_user_id": "UQQJ4BZ5H"
    },
    {
        "client_msg_id": "1da4bf12-41e6-43fc-8743-663d7f69d885",
        "type": "message",
        "text": "<@UQQJ4BZ5H> What DB do you use?",
        "user": "UC19HAUAK",
        "ts": "1574891515.462100",
        "team": "TC0C1HURK",
        "user_team": "TC0C1HURK",
        "source_team": "TC0C1HURK",
        "user_profile": {
            "avatar_hash": "066a042e018c",
            "image_72": "https:\/\/avatars.slack-edge.com\/2019-12-07\/866588520998_066a042e018ca831a195_72.png",
            "first_name": "Pavel",
            "real_name": "Pavel Tiunov",
            "display_name": "pavel",
            "team": "TC0C1HURK",
            "name": "pavel",
            "is_restricted": false,
            "is_ultra_restricted": false
        },
        "blocks": [
            {
                "type": "rich_text",
                "block_id": "wht",
                "elements": [
                    {
                        "type": "rich_text_section",
                        "elements": [
                            {
                                "type": "user",
                                "user_id": "UQQJ4BZ5H"
                            },
                            {
                                "type": "text",
                                "text": " What DB do you use?"
                            }
                        ]
                    }
                ]
            }
        ],
        "thread_ts": "1574891230.460100",
        "parent_user_id": "UQQJ4BZ5H"
    },
    {
        "client_msg_id": "71c7c696-0520-45b2-baa7-d7c21ceb15b4",
        "type": "message",
        "text": "postgres",
        "user": "UQQJ4BZ5H",
        "ts": "1574891520.462300",
        "team": "TC0C1HURK",
        "user_team": "TC0C1HURK",
        "source_team": "TC0C1HURK",
        "user_profile": {
            "avatar_hash": "gafdfe84a191",
            "image_72": "https:\/\/secure.gravatar.com\/avatar\/afdfe84a19162ef07823600990635eb8.jpg?s=72&d=https%3A%2F%2Fa.slack-edge.com%2Fdf10d%2Fimg%2Favatars%2Fava_0000-72.png",
            "first_name": "",
            "real_name": "leteak",
            "display_name": "leteak",
            "team": "TC0C1HURK",
            "name": "andreiv",
            "is_restricted": false,
            "is_ultra_restricted": false
        },
        "blocks": [
            {
                "type": "rich_text",
                "block_id": "9JV6s",
                "elements": [
                    {
                        "type": "rich_text_section",
                        "elements": [
                            {
                                "type": "text",
                                "text": "postgres"
                            }
                        ]
                    }
                ]
            }
        ],
        "thread_ts": "1574891230.460100",
        "parent_user_id": "UQQJ4BZ5H"
    },
    {
        "client_msg_id": "0878230b-e21f-4620-a480-8c89203eafd5",
        "type": "message",
        "text": "under tables i have; pg_catalog [ ]",
        "user": "UQQJ4BZ5H",
        "ts": "1574891574.462500",
        "team": "TC0C1HURK",
        "user_team": "TC0C1HURK",
        "source_team": "TC0C1HURK",
        "user_profile": {
            "avatar_hash": "gafdfe84a191",
            "image_72": "https:\/\/secure.gravatar.com\/avatar\/afdfe84a19162ef07823600990635eb8.jpg?s=72&d=https%3A%2F%2Fa.slack-edge.com%2Fdf10d%2Fimg%2Favatars%2Fava_0000-72.png",
            "first_name": "",
            "real_name": "leteak",
            "display_name": "leteak",
            "team": "TC0C1HURK",
            "name": "andreiv",
            "is_restricted": false,
            "is_ultra_restricted": false
        },
        "blocks": [
            {
                "type": "rich_text",
                "block_id": "g0L",
                "elements": [
                    {
                        "type": "rich_text_section",
                        "elements": [
                            {
                                "type": "text",
                                "text": "under tables i have; pg_catalog [ ]"
                            }
                        ]
                    }
                ]
            }
        ],
        "thread_ts": "1574891230.460100",
        "parent_user_id": "UQQJ4BZ5H"
    },
    {
        "client_msg_id": "41a2dc98-bd49-47d9-8491-310bf937ac3b",
        "type": "message",
        "text": "and under files i have the Events.js file",
        "user": "UQQJ4BZ5H",
        "ts": "1574891586.462700",
        "team": "TC0C1HURK",
        "user_team": "TC0C1HURK",
        "source_team": "TC0C1HURK",
        "user_profile": {
            "avatar_hash": "gafdfe84a191",
            "image_72": "https:\/\/secure.gravatar.com\/avatar\/afdfe84a19162ef07823600990635eb8.jpg?s=72&d=https%3A%2F%2Fa.slack-edge.com%2Fdf10d%2Fimg%2Favatars%2Fava_0000-72.png",
            "first_name": "",
            "real_name": "leteak",
            "display_name": "leteak",
            "team": "TC0C1HURK",
            "name": "andreiv",
            "is_restricted": false,
            "is_ultra_restricted": false
        },
        "blocks": [
            {
                "type": "rich_text",
                "block_id": "DBJtK",
                "elements": [
                    {
                        "type": "rich_text_section",
                        "elements": [
                            {
                                "type": "text",
                                "text": "and under files i have the Events.js file"
                            }
                        ]
                    }
                ]
            }
        ],
        "thread_ts": "1574891230.460100",
        "parent_user_id": "UQQJ4BZ5H"
    },
    {
        "client_msg_id": "27833012-d4ed-42ec-9308-c42bf16ce4ba",
        "type": "message",
        "text": "pg_catalog is populated with a bunch of pg tables i imagine are not useful",
        "user": "UQQJ4BZ5H",
        "ts": "1574891611.462900",
        "team": "TC0C1HURK",
        "user_team": "TC0C1HURK",
        "source_team": "TC0C1HURK",
        "user_profile": {
            "avatar_hash": "gafdfe84a191",
            "image_72": "https:\/\/secure.gravatar.com\/avatar\/afdfe84a19162ef07823600990635eb8.jpg?s=72&d=https%3A%2F%2Fa.slack-edge.com%2Fdf10d%2Fimg%2Favatars%2Fava_0000-72.png",
            "first_name": "",
            "real_name": "leteak",
            "display_name": "leteak",
            "team": "TC0C1HURK",
            "name": "andreiv",
            "is_restricted": false,
            "is_ultra_restricted": false
        },
        "blocks": [
            {
                "type": "rich_text",
                "block_id": "Cb9F",
                "elements": [
                    {
                        "type": "rich_text_section",
                        "elements": [
                            {
                                "type": "text",
                                "text": "pg_catalog is populated with a bunch of pg tables i imagine are not useful"
                            }
                        ]
                    }
                ]
            }
        ],
        "thread_ts": "1574891230.460100",
        "parent_user_id": "UQQJ4BZ5H"
    },
    {
        "client_msg_id": "24106ede-424d-42b4-ab30-fec05859d207",
        "type": "message",
        "text": "the original example uses mongodb; could this be an issue?",
        "user": "UQQJ4BZ5H",
        "ts": "1574891650.463100",
        "team": "TC0C1HURK",
        "user_team": "TC0C1HURK",
        "source_team": "TC0C1HURK",
        "user_profile": {
            "avatar_hash": "gafdfe84a191",
            "image_72": "https:\/\/secure.gravatar.com\/avatar\/afdfe84a19162ef07823600990635eb8.jpg?s=72&d=https%3A%2F%2Fa.slack-edge.com%2Fdf10d%2Fimg%2Favatars%2Fava_0000-72.png",
            "first_name": "",
            "real_name": "leteak",
            "display_name": "leteak",
            "team": "TC0C1HURK",
            "name": "andreiv",
            "is_restricted": false,
            "is_ultra_restricted": false
        },
        "blocks": [
            {
                "type": "rich_text",
                "block_id": "AO10",
                "elements": [
                    {
                        "type": "rich_text_section",
                        "elements": [
                            {
                                "type": "text",
                                "text": "the original example uses mongodb; could this be an issue?"
                            }
                        ]
                    }
                ]
            }
        ],
        "thread_ts": "1574891230.460100",
        "parent_user_id": "UQQJ4BZ5H"
    },
    {
        "client_msg_id": "80c06e98-e749-4a4d-9dbb-f2059fecd306",
        "type": "message",
        "text": "<@UQQJ4BZ5H> I see. Real time dashboard is MongoDB based example.",
        "user": "UC19HAUAK",
        "ts": "1574891653.463300",
        "team": "TC0C1HURK",
        "user_team": "TC0C1HURK",
        "source_team": "TC0C1HURK",
        "user_profile": {
            "avatar_hash": "066a042e018c",
            "image_72": "https:\/\/avatars.slack-edge.com\/2019-12-07\/866588520998_066a042e018ca831a195_72.png",
            "first_name": "Pavel",
            "real_name": "Pavel Tiunov",
            "display_name": "pavel",
            "team": "TC0C1HURK",
            "name": "pavel",
            "is_restricted": false,
            "is_ultra_restricted": false
        },
        "blocks": [
            {
                "type": "rich_text",
                "block_id": "CMQG6",
                "elements": [
                    {
                        "type": "rich_text_section",
                        "elements": [
                            {
                                "type": "user",
                                "user_id": "UQQJ4BZ5H"
                            },
                            {
                                "type": "text",
                                "text": " I see. Real time dashboard is MongoDB based example."
                            }
                        ]
                    }
                ]
            }
        ],
        "thread_ts": "1574891230.460100",
        "parent_user_id": "UQQJ4BZ5H"
    },
    {
        "client_msg_id": "5f36cae7-7916-433b-90af-15922b0cdcf2",
        "type": "message",
        "text": "oh.. how come it is not agnostic?",
        "user": "UQQJ4BZ5H",
        "ts": "1574891676.463500",
        "team": "TC0C1HURK",
        "user_team": "TC0C1HURK",
        "source_team": "TC0C1HURK",
        "user_profile": {
            "avatar_hash": "gafdfe84a191",
            "image_72": "https:\/\/secure.gravatar.com\/avatar\/afdfe84a19162ef07823600990635eb8.jpg?s=72&d=https%3A%2F%2Fa.slack-edge.com%2Fdf10d%2Fimg%2Favatars%2Fava_0000-72.png",
            "first_name": "",
            "real_name": "leteak",
            "display_name": "leteak",
            "team": "TC0C1HURK",
            "name": "andreiv",
            "is_restricted": false,
            "is_ultra_restricted": false
        },
        "blocks": [
            {
                "type": "rich_text",
                "block_id": "tiPm",
                "elements": [
                    {
                        "type": "rich_text_section",
                        "elements": [
                            {
                                "type": "text",
                                "text": "oh.. how come it is not agnostic?"
                            }
                        ]
                    }
                ]
            }
        ],
        "thread_ts": "1574891230.460100",
        "parent_user_id": "UQQJ4BZ5H"
    },
    {
        "client_msg_id": "592eb595-7b3a-48f8-be3f-0a57c2ddc43e",
        "type": "message",
        "text": "do i need to modify the file \"Events.js\" to work with postgres?",
        "user": "UQQJ4BZ5H",
        "ts": "1574891724.463700",
        "team": "TC0C1HURK",
        "user_team": "TC0C1HURK",
        "source_team": "TC0C1HURK",
        "user_profile": {
            "avatar_hash": "gafdfe84a191",
            "image_72": "https:\/\/secure.gravatar.com\/avatar\/afdfe84a19162ef07823600990635eb8.jpg?s=72&d=https%3A%2F%2Fa.slack-edge.com%2Fdf10d%2Fimg%2Favatars%2Fava_0000-72.png",
            "first_name": "",
            "real_name": "leteak",
            "display_name": "leteak",
            "team": "TC0C1HURK",
            "name": "andreiv",
            "is_restricted": false,
            "is_ultra_restricted": false
        },
        "blocks": [
            {
                "type": "rich_text",
                "block_id": "P4GJ+",
                "elements": [
                    {
                        "type": "rich_text_section",
                        "elements": [
                            {
                                "type": "text",
                                "text": "do i need to modify the file \"Events.js\" to work with postgres?"
                            }
                        ]
                    }
                ]
            }
        ],
        "thread_ts": "1574891230.460100",
        "parent_user_id": "UQQJ4BZ5H"
    },
    {
        "client_msg_id": "dfc8c2d6-d913-4d43-a92e-fa4f21ccc3c6",
        "type": "message",
        "text": "<@UQQJ4BZ5H> Cube.js itself supports Postgres. You'd need to modify example to work with Postgres though.",
        "user": "UC19HAUAK",
        "ts": "1574891745.463900",
        "team": "TC0C1HURK",
        "user_team": "TC0C1HURK",
        "source_team": "TC0C1HURK",
        "user_profile": {
            "avatar_hash": "066a042e018c",
            "image_72": "https:\/\/avatars.slack-edge.com\/2019-12-07\/866588520998_066a042e018ca831a195_72.png",
            "first_name": "Pavel",
            "real_name": "Pavel Tiunov",
            "display_name": "pavel",
            "team": "TC0C1HURK",
            "name": "pavel",
            "is_restricted": false,
            "is_ultra_restricted": false
        },
        "blocks": [
            {
                "type": "rich_text",
                "block_id": "ytI",
                "elements": [
                    {
                        "type": "rich_text_section",
                        "elements": [
                            {
                                "type": "user",
                                "user_id": "UQQJ4BZ5H"
                            },
                            {
                                "type": "text",
                                "text": " Cube.js itself supports Postgres. You'd need to modify example to work with Postgres though."
                            }
                        ]
                    }
                ]
            }
        ],
        "thread_ts": "1574891230.460100",
        "parent_user_id": "UQQJ4BZ5H"
    },
    {
        "client_msg_id": "48fb9208-be8f-4139-b9c5-69f6d82611d5",
        "type": "message",
        "text": "ah ok; спасибо)",
        "user": "UQQJ4BZ5H",
        "ts": "1574891818.464100",
        "team": "TC0C1HURK",
        "user_team": "TC0C1HURK",
        "source_team": "TC0C1HURK",
        "user_profile": {
            "avatar_hash": "gafdfe84a191",
            "image_72": "https:\/\/secure.gravatar.com\/avatar\/afdfe84a19162ef07823600990635eb8.jpg?s=72&d=https%3A%2F%2Fa.slack-edge.com%2Fdf10d%2Fimg%2Favatars%2Fava_0000-72.png",
            "first_name": "",
            "real_name": "leteak",
            "display_name": "leteak",
            "team": "TC0C1HURK",
            "name": "andreiv",
            "is_restricted": false,
            "is_ultra_restricted": false
        },
        "blocks": [
            {
                "type": "rich_text",
                "block_id": "I5n",
                "elements": [
                    {
                        "type": "rich_text_section",
                        "elements": [
                            {
                                "type": "text",
                                "text": "ah ok; спасибо)"
                            }
                        ]
                    }
                ]
            }
        ],
        "thread_ts": "1574891230.460100",
        "parent_user_id": "UQQJ4BZ5H",
        "reactions": [
            {
                "name": "raised_hands",
                "users": [
                    "UC19HAUAK"
                ],
                "count": 1
            }
        ]
    },
    {
        "client_msg_id": "84f7c17c-2fb5-4354-abe5-6a9f1e6b3171",
        "type": "message",
        "text": "<@UC19HAUAK> can you please explain it ? i didn't get you.",
        "user": "UNS4PKYAK",
        "ts": "1574915549.464500",
        "team": "TC0C1HURK",
        "user_team": "TC0C1HURK",
        "source_team": "TC0C1HURK",
        "user_profile": {
            "avatar_hash": "664213ef9cf5",
            "image_72": "https:\/\/avatars.slack-edge.com\/2019-10-17\/800974914790_664213ef9cf5f85d3637_72.jpg",
            "first_name": "chintesh",
            "real_name": "chintesh kumar",
            "display_name": "chintesh kumar",
            "team": "TC0C1HURK",
            "name": "chintesh_kumar",
            "is_restricted": false,
            "is_ultra_restricted": false
        },
        "blocks": [
            {
                "type": "rich_text",
                "block_id": "rAE8a",
                "elements": [
                    {
                        "type": "rich_text_section",
                        "elements": [
                            {
                                "type": "user",
                                "user_id": "UC19HAUAK"
                            },
                            {
                                "type": "text",
                                "text": " can you please explain it ? i didn't get you."
                            }
                        ]
                    }
                ]
            }
        ],
        "thread_ts": "1574224385.319100",
        "parent_user_id": "UNS4PKYAK"
    }
]