[
    {
        "client_msg_id": "00b701ac-5e4e-494c-83e8-c6dd55eb1c22",
        "type": "message",
        "text": "<@UPGGHD4A3> Great question! So here's similar discussion: <https:\/\/stackoverflow.com\/questions\/58557803\/how-to-add-or-condition-in-cube-js-filter-query>. I think it makes sense to create an issue for supporting *OR* in API to start collecting cases which can't be covered right now.",
        "user": "UC19HAUAK",
        "ts": "1573326688.195900",
        "team": "TC0C1HURK",
        "user_team": "TC0C1HURK",
        "source_team": "TC0C1HURK",
        "user_profile": {
            "avatar_hash": "066a042e018c",
            "image_72": "https:\/\/avatars.slack-edge.com\/2019-12-07\/866588520998_066a042e018ca831a195_72.png",
            "first_name": "Pavel",
            "real_name": "Pavel Tiunov",
            "display_name": "pavel",
            "team": "TC0C1HURK",
            "name": "pavel",
            "is_restricted": false,
            "is_ultra_restricted": false
        },
        "attachments": [
            {
                "service_name": "Stack Overflow",
                "title": "How to add OR condition in Cube.js filter query",
                "title_link": "https:\/\/stackoverflow.com\/questions\/58557803\/how-to-add-or-condition-in-cube-js-filter-query",
                "text": "I'm want to add OR condition in the JSON query of Cube.js. But once I added one more condition in the filter it always adds AND condition in SQL query. Below is the JSON query that I'm trying. { \"",
                "fallback": "Stack Overflow: How to add OR condition in Cube.js filter query",
                "thumb_url": "https:\/\/cdn.sstatic.net\/Sites\/stackoverflow\/img\/apple-touch-icon@2.png?v=73d79a89bded",
                "from_url": "https:\/\/stackoverflow.com\/questions\/58557803\/how-to-add-or-condition-in-cube-js-filter-query",
                "thumb_width": 316,
                "thumb_height": 316,
                "service_icon": "https:\/\/cdn.sstatic.net\/Sites\/stackoverflow\/img\/favicon.ico?v=4f32ecc8f43d",
                "id": 1,
                "original_url": "https:\/\/stackoverflow.com\/questions\/58557803\/how-to-add-or-condition-in-cube-js-filter-query"
            }
        ],
        "blocks": [
            {
                "type": "rich_text",
                "block_id": "xYG",
                "elements": [
                    {
                        "type": "rich_text_section",
                        "elements": [
                            {
                                "type": "user",
                                "user_id": "UPGGHD4A3"
                            },
                            {
                                "type": "text",
                                "text": " Great question! So here's similar discussion: "
                            },
                            {
                                "type": "link",
                                "url": "https:\/\/stackoverflow.com\/questions\/58557803\/how-to-add-or-condition-in-cube-js-filter-query"
                            },
                            {
                                "type": "text",
                                "text": ". I think it makes sense to create an issue for supporting "
                            },
                            {
                                "type": "text",
                                "text": "OR",
                                "style": {
                                    "bold": true
                                }
                            },
                            {
                                "type": "text",
                                "text": " in API to start collecting cases which can't be covered right now."
                            }
                        ]
                    }
                ]
            }
        ],
        "thread_ts": "1573156886.176900",
        "parent_user_id": "UPGGHD4A3",
        "reactions": [
            {
                "name": "+1",
                "users": [
                    "UPGGHD4A3"
                ],
                "count": 1
            }
        ]
    }
]