[
    {
        "client_msg_id": "37065847-d65e-40da-a5f2-c50e3fff9f39",
        "type": "message",
        "text": "thanks for article :smiley:",
        "user": "UMHUQ1KGF",
        "ts": "1566730670.010000",
        "team": "TC0C1HURK",
        "user_team": "TC0C1HURK",
        "source_team": "TC0C1HURK",
        "user_profile": {
            "avatar_hash": "g0d0a1fe2e42",
            "image_72": "https:\/\/secure.gravatar.com\/avatar\/30d0a1fe2e4244966e5e9ea3677fc444.jpg?s=72&d=https%3A%2F%2Fa.slack-edge.com%2Fdf10d%2Fimg%2Favatars%2Fava_0018-72.png",
            "first_name": "",
            "real_name": "Unum",
            "display_name": "Unum",
            "team": "TC0C1HURK",
            "name": "b4313528",
            "is_restricted": false,
            "is_ultra_restricted": false
        },
        "thread_ts": "1566233730.177300",
        "parent_user_id": "UMHUQ1KGF",
        "reactions": [
            {
                "name": "raised_hands",
                "users": [
                    "UC19HAUAK"
                ],
                "count": 1
            }
        ]
    },
    {
        "client_msg_id": "63efd7c3-f39e-4bed-8c30-02b0330b4425",
        "type": "message",
        "text": "Hello :slightly_smiling_face: I have few questions 1) which charts allow cube.js is there are any limitations? Can can i make visualisation which allow do incubator-superset? 2) What is under the hood of cube.js ?",
        "user": "UMHUQ1KGF",
        "ts": "1566731570.012600",
        "team": "TC0C1HURK",
        "user_team": "TC0C1HURK",
        "source_team": "TC0C1HURK",
        "user_profile": {
            "avatar_hash": "g0d0a1fe2e42",
            "image_72": "https:\/\/secure.gravatar.com\/avatar\/30d0a1fe2e4244966e5e9ea3677fc444.jpg?s=72&d=https%3A%2F%2Fa.slack-edge.com%2Fdf10d%2Fimg%2Favatars%2Fava_0018-72.png",
            "first_name": "",
            "real_name": "Unum",
            "display_name": "Unum",
            "team": "TC0C1HURK",
            "name": "b4313528",
            "is_restricted": false,
            "is_ultra_restricted": false
        },
        "thread_ts": "1566731570.012600",
        "reply_count": 8,
        "reply_users_count": 3,
        "latest_reply": "1566965112.003200",
        "reply_users": [
            "UC19HAUAK",
            "UMHUQ1KGF",
            "UML2Y5ACC"
        ],
        "replies": [
            {
                "user": "UC19HAUAK",
                "ts": "1566757129.013100"
            },
            {
                "user": "UMHUQ1KGF",
                "ts": "1566827317.013900"
            },
            {
                "user": "UC19HAUAK",
                "ts": "1566830521.014100"
            },
            {
                "user": "UML2Y5ACC",
                "ts": "1566890432.000400"
            },
            {
                "user": "UML2Y5ACC",
                "ts": "1566890660.000600"
            },
            {
                "user": "UC19HAUAK",
                "ts": "1566926752.002600"
            },
            {
                "user": "UC19HAUAK",
                "ts": "1566926776.002800"
            },
            {
                "user": "UML2Y5ACC",
                "ts": "1566965112.003200"
            }
        ],
        "subscribed": false
    },
    {
        "type": "message",
        "subtype": "channel_join",
        "ts": "1566735597.012800",
        "user": "UMRC45GGP",
        "text": "<@UMRC45GGP> has joined the channel"
    },
    {
        "type": "message",
        "subtype": "channel_join",
        "ts": "1566742438.013000",
        "user": "UMPH2AMPA",
        "text": "<@UMPH2AMPA> has joined the channel"
    },
    {
        "client_msg_id": "889f124a-a52e-49e5-9265-2f5f3670af0f",
        "type": "message",
        "text": "Hey <@UMHUQ1KGF>! These are great questions.\n1. Cube.js is visualization agnostic. While there're some visualizations provided in playground these are just examples. Cube.js provides data bindings and users are responsible for implementing visualizations. So there're no restrictions on type or complexity of visualizaitons.\n2. Cube.js backend is a Node.js application. Frontend is in JavaScript.",
        "user": "UC19HAUAK",
        "ts": "1566757129.013100",
        "team": "TC0C1HURK",
        "user_team": "TC0C1HURK",
        "source_team": "TC0C1HURK",
        "user_profile": {
            "avatar_hash": "066a042e018c",
            "image_72": "https:\/\/avatars.slack-edge.com\/2019-12-07\/866588520998_066a042e018ca831a195_72.png",
            "first_name": "Pavel",
            "real_name": "Pavel Tiunov",
            "display_name": "pavel",
            "team": "TC0C1HURK",
            "name": "pavel",
            "is_restricted": false,
            "is_ultra_restricted": false
        },
        "thread_ts": "1566731570.012600",
        "parent_user_id": "UMHUQ1KGF",
        "reactions": [
            {
                "name": "heart",
                "users": [
                    "UNAQ4G7T6"
                ],
                "count": 1
            }
        ]
    }
]