[
    {
        "type": "message",
        "text": "<@UC19HAUAK>, i just updated cubejs backend server(npm i @cubejs-backend\/server) and server has been started however i am unable to run playground on browser. when i hit <https:\/\/foresighly.flexsin.org:4433\/> than i am getting the error \"cannot Get \/\".Please see image.\n\n<https:\/\/foresighly.flexsin.org:4433\/playground\/context>\n[Response]: Cannot GET \/playground\/context (from postman)",
        "files": [
            {
                "id": "FP57MR8HZ",
                "created": 1571301982,
                "timestamp": 1571301982,
                "name": "Screenshot from 2019-10-17 14-15-25.png",
                "title": "Screenshot from 2019-10-17 14-15-25.png",
                "mimetype": "image\/png",
                "filetype": "png",
                "pretty_type": "PNG",
                "user": "UNS4PKYAK",
                "editable": false,
                "size": 22335,
                "mode": "hosted",
                "is_external": false,
                "external_type": "",
                "is_public": true,
                "public_url_shared": false,
                "display_as_bot": false,
                "username": "",
                "url_private": "https:\/\/files.slack.com\/files-pri\/TC0C1HURK-FP57MR8HZ\/screenshot_from_2019-10-17_14-15-25.png?t=xoxe-408409606869-1267807410853-1293019902560-8c9dc5fc58d3a65e0fe0837e69de048d",
                "url_private_download": "https:\/\/files.slack.com\/files-pri\/TC0C1HURK-FP57MR8HZ\/download\/screenshot_from_2019-10-17_14-15-25.png?t=xoxe-408409606869-1267807410853-1293019902560-8c9dc5fc58d3a65e0fe0837e69de048d",
                "thumb_64": "https:\/\/files.slack.com\/files-tmb\/TC0C1HURK-FP57MR8HZ-bf999aad89\/screenshot_from_2019-10-17_14-15-25_64.png?t=xoxe-408409606869-1267807410853-1293019902560-8c9dc5fc58d3a65e0fe0837e69de048d",
                "thumb_80": "https:\/\/files.slack.com\/files-tmb\/TC0C1HURK-FP57MR8HZ-bf999aad89\/screenshot_from_2019-10-17_14-15-25_80.png?t=xoxe-408409606869-1267807410853-1293019902560-8c9dc5fc58d3a65e0fe0837e69de048d",
                "thumb_360": "https:\/\/files.slack.com\/files-tmb\/TC0C1HURK-FP57MR8HZ-bf999aad89\/screenshot_from_2019-10-17_14-15-25_360.png?t=xoxe-408409606869-1267807410853-1293019902560-8c9dc5fc58d3a65e0fe0837e69de048d",
                "thumb_360_w": 360,
                "thumb_360_h": 50,
                "thumb_480": "https:\/\/files.slack.com\/files-tmb\/TC0C1HURK-FP57MR8HZ-bf999aad89\/screenshot_from_2019-10-17_14-15-25_480.png?t=xoxe-408409606869-1267807410853-1293019902560-8c9dc5fc58d3a65e0fe0837e69de048d",
                "thumb_480_w": 480,
                "thumb_480_h": 66,
                "thumb_160": "https:\/\/files.slack.com\/files-tmb\/TC0C1HURK-FP57MR8HZ-bf999aad89\/screenshot_from_2019-10-17_14-15-25_160.png?t=xoxe-408409606869-1267807410853-1293019902560-8c9dc5fc58d3a65e0fe0837e69de048d",
                "thumb_720": "https:\/\/files.slack.com\/files-tmb\/TC0C1HURK-FP57MR8HZ-bf999aad89\/screenshot_from_2019-10-17_14-15-25_720.png?t=xoxe-408409606869-1267807410853-1293019902560-8c9dc5fc58d3a65e0fe0837e69de048d",
                "thumb_720_w": 720,
                "thumb_720_h": 99,
                "thumb_800": "https:\/\/files.slack.com\/files-tmb\/TC0C1HURK-FP57MR8HZ-bf999aad89\/screenshot_from_2019-10-17_14-15-25_800.png?t=xoxe-408409606869-1267807410853-1293019902560-8c9dc5fc58d3a65e0fe0837e69de048d",
                "thumb_800_w": 800,
                "thumb_800_h": 111,
                "thumb_960": "https:\/\/files.slack.com\/files-tmb\/TC0C1HURK-FP57MR8HZ-bf999aad89\/screenshot_from_2019-10-17_14-15-25_960.png?t=xoxe-408409606869-1267807410853-1293019902560-8c9dc5fc58d3a65e0fe0837e69de048d",
                "thumb_960_w": 960,
                "thumb_960_h": 133,
                "thumb_1024": "https:\/\/files.slack.com\/files-tmb\/TC0C1HURK-FP57MR8HZ-bf999aad89\/screenshot_from_2019-10-17_14-15-25_1024.png?t=xoxe-408409606869-1267807410853-1293019902560-8c9dc5fc58d3a65e0fe0837e69de048d",
                "thumb_1024_w": 1024,
                "thumb_1024_h": 141,
                "image_exif_rotation": 1,
                "original_w": 1520,
                "original_h": 210,
                "thumb_tiny": "AwAGADDS2j0o2j0paKAE2ijaKWigBNopshCIWxnFPqOf\/Ut9KAP\/2Q==",
                "permalink": "https:\/\/cube-js.slack.com\/files\/UNS4PKYAK\/FP57MR8HZ\/screenshot_from_2019-10-17_14-15-25.png",
                "permalink_public": "https:\/\/slack-files.com\/TC0C1HURK-FP57MR8HZ-509f6ab4c3",
                "is_starred": false,
                "has_rich_preview": false
            }
        ],
        "upload": true,
        "user": "UNS4PKYAK",
        "display_as_bot": false,
        "ts": "1571301984.037000",
        "edited": {
            "user": "UNS4PKYAK",
            "ts": "1571315421.000000"
        },
        "client_msg_id": "0f6e4855-f0ff-4eed-939c-420f0216ace8",
        "thread_ts": "1569839757.151900",
        "parent_user_id": "UNS4PKYAK"
    },
    {
        "type": "message",
        "text": "See server is running at TLS Port(4433) specified in .env file",
        "files": [
            {
                "id": "FPGMSADRT",
                "created": 1571302088,
                "timestamp": 1571302088,
                "name": "Screenshot from 2019-10-17 14-17-03.png",
                "title": "Screenshot from 2019-10-17 14-17-03.png",
                "mimetype": "image\/png",
                "filetype": "png",
                "pretty_type": "PNG",
                "user": "UNS4PKYAK",
                "editable": false,
                "size": 19596,
                "mode": "hosted",
                "is_external": false,
                "external_type": "",
                "is_public": true,
                "public_url_shared": false,
                "display_as_bot": false,
                "username": "",
                "url_private": "https:\/\/files.slack.com\/files-pri\/TC0C1HURK-FPGMSADRT\/screenshot_from_2019-10-17_14-17-03.png?t=xoxe-408409606869-1267807410853-1293019902560-8c9dc5fc58d3a65e0fe0837e69de048d",
                "url_private_download": "https:\/\/files.slack.com\/files-pri\/TC0C1HURK-FPGMSADRT\/download\/screenshot_from_2019-10-17_14-17-03.png?t=xoxe-408409606869-1267807410853-1293019902560-8c9dc5fc58d3a65e0fe0837e69de048d",
                "thumb_64": "https:\/\/files.slack.com\/files-tmb\/TC0C1HURK-FPGMSADRT-5603064c7b\/screenshot_from_2019-10-17_14-17-03_64.png?t=xoxe-408409606869-1267807410853-1293019902560-8c9dc5fc58d3a65e0fe0837e69de048d",
                "thumb_80": "https:\/\/files.slack.com\/files-tmb\/TC0C1HURK-FPGMSADRT-5603064c7b\/screenshot_from_2019-10-17_14-17-03_80.png?t=xoxe-408409606869-1267807410853-1293019902560-8c9dc5fc58d3a65e0fe0837e69de048d",
                "thumb_360": "https:\/\/files.slack.com\/files-tmb\/TC0C1HURK-FPGMSADRT-5603064c7b\/screenshot_from_2019-10-17_14-17-03_360.png?t=xoxe-408409606869-1267807410853-1293019902560-8c9dc5fc58d3a65e0fe0837e69de048d",
                "thumb_360_w": 360,
                "thumb_360_h": 35,
                "thumb_480": "https:\/\/files.slack.com\/files-tmb\/TC0C1HURK-FPGMSADRT-5603064c7b\/screenshot_from_2019-10-17_14-17-03_480.png?t=xoxe-408409606869-1267807410853-1293019902560-8c9dc5fc58d3a65e0fe0837e69de048d",
                "thumb_480_w": 480,
                "thumb_480_h": 46,
                "thumb_160": "https:\/\/files.slack.com\/files-tmb\/TC0C1HURK-FPGMSADRT-5603064c7b\/screenshot_from_2019-10-17_14-17-03_160.png?t=xoxe-408409606869-1267807410853-1293019902560-8c9dc5fc58d3a65e0fe0837e69de048d",
                "thumb_720": "https:\/\/files.slack.com\/files-tmb\/TC0C1HURK-FPGMSADRT-5603064c7b\/screenshot_from_2019-10-17_14-17-03_720.png?t=xoxe-408409606869-1267807410853-1293019902560-8c9dc5fc58d3a65e0fe0837e69de048d",
                "thumb_720_w": 720,
                "thumb_720_h": 69,
                "thumb_800": "https:\/\/files.slack.com\/files-tmb\/TC0C1HURK-FPGMSADRT-5603064c7b\/screenshot_from_2019-10-17_14-17-03_800.png?t=xoxe-408409606869-1267807410853-1293019902560-8c9dc5fc58d3a65e0fe0837e69de048d",
                "thumb_800_w": 800,
                "thumb_800_h": 77,
                "thumb_960": "https:\/\/files.slack.com\/files-tmb\/TC0C1HURK-FPGMSADRT-5603064c7b\/screenshot_from_2019-10-17_14-17-03_960.png?t=xoxe-408409606869-1267807410853-1293019902560-8c9dc5fc58d3a65e0fe0837e69de048d",
                "thumb_960_w": 960,
                "thumb_960_h": 93,
                "thumb_1024": "https:\/\/files.slack.com\/files-tmb\/TC0C1HURK-FPGMSADRT-5603064c7b\/screenshot_from_2019-10-17_14-17-03_1024.png?t=xoxe-408409606869-1267807410853-1293019902560-8c9dc5fc58d3a65e0fe0837e69de048d",
                "thumb_1024_w": 1024,
                "thumb_1024_h": 99,
                "image_exif_rotation": 1,
                "original_w": 1492,
                "original_h": 144,
                "thumb_tiny": "AwAEADCl5j\/3j+dJ5j\/3j+dNoplDt7\/3m\/Oje394\/nTaKAHeY\/8Afb86N7f3j+dNooA\/\/9k=",
                "permalink": "https:\/\/cube-js.slack.com\/files\/UNS4PKYAK\/FPGMSADRT\/screenshot_from_2019-10-17_14-17-03.png",
                "permalink_public": "https:\/\/slack-files.com\/TC0C1HURK-FPGMSADRT-a53ce567db",
                "is_starred": false,
                "has_rich_preview": false
            }
        ],
        "upload": true,
        "user": "UNS4PKYAK",
        "display_as_bot": false,
        "ts": "1571302091.037500",
        "client_msg_id": "d4d41f0c-25c8-49a8-8cf9-7ee88196ffbe",
        "thread_ts": "1569839757.151900",
        "parent_user_id": "UNS4PKYAK"
    },
    {
        "client_msg_id": "e198ff9c-f308-496f-aa83-f360518f060f",
        "type": "message",
        "text": "Have a look on my .env file\n\nCUBEJS_DB_HOST=businessautoma\nPORT=4079\nNODE_ENV=production\nCUBEJS_DB_PORT=1433\nTLS_PORT=4433\nCUBEJS_ENABLE_TLS=true\nCUBEJS_DB_USER=jeanesh@busine.net\nCUBEJS_DB_PASS=flexsin\nCUBEJS_DB_SSL =true\nCUBEJS_DB_TYPE=mssql\nCUBEJS_API_URL=<https:\/\/foresighly.flexsin.org:4433>\nCUBEJS_API_SECRET=7a3e4d9c6fe3db97587749c0b54cfd903be33c1917b72b032082ed4da081b42c4895239777ba926eb5a839236d3a10b713d99",
        "user": "UNS4PKYAK",
        "ts": "1571302173.037900",
        "team": "TC0C1HURK",
        "user_team": "TC0C1HURK",
        "source_team": "TC0C1HURK",
        "user_profile": {
            "avatar_hash": "664213ef9cf5",
            "image_72": "https:\/\/avatars.slack-edge.com\/2019-10-17\/800974914790_664213ef9cf5f85d3637_72.jpg",
            "first_name": "chintesh",
            "real_name": "chintesh kumar",
            "display_name": "chintesh kumar",
            "team": "TC0C1HURK",
            "name": "chintesh_kumar",
            "is_restricted": false,
            "is_ultra_restricted": false
        },
        "thread_ts": "1569839757.151900",
        "parent_user_id": "UNS4PKYAK"
    },
    {
        "client_msg_id": "3f18512f-3346-4138-b6aa-4455a356a73b",
        "type": "message",
        "text": "<@UC19HAUAK> Here is \"index.js\" file code:\n\nconst CubejsServer                      = require('@cubejs-backend\/server');\nconst MsSqlDriver                       = require('@cubejs-backend\/mssql-driver');\nconst fs                                         = require(\"fs-extra\");\n\n\nvar tlsOptions = {\n        key:  fs.readFileSync(\"\/home\/foresighlyflexsi\/public_html\/ssl\/foresightly.key\"),\n        cert: fs.readFileSync(\"\/home\/foresighlyflexsi\/public_html\/ssl\/foresightly.crt\")\n};\n\nconst server = new CubejsServer({\n        driverFactory: ({ authInfo } = {}) =&gt;   new MsSqlDriver({\n                                                                              database: `TenantDb_${authInfo &amp;&amp; authInfo.userId || '121'}`\n                                                                                })\n});\n\n\nserver.listen(tlsOptions).then(({ tlsPort }) =&gt; {\n  console.log(`🚀 Cube.js server is listening securely on ${tlsPort}`);\n});",
        "user": "UNS4PKYAK",
        "ts": "1571302243.038100",
        "team": "TC0C1HURK",
        "user_team": "TC0C1HURK",
        "source_team": "TC0C1HURK",
        "user_profile": {
            "avatar_hash": "664213ef9cf5",
            "image_72": "https:\/\/avatars.slack-edge.com\/2019-10-17\/800974914790_664213ef9cf5f85d3637_72.jpg",
            "first_name": "chintesh",
            "real_name": "chintesh kumar",
            "display_name": "chintesh kumar",
            "team": "TC0C1HURK",
            "name": "chintesh_kumar",
            "is_restricted": false,
            "is_ultra_restricted": false
        },
        "thread_ts": "1569839757.151900",
        "parent_user_id": "UNS4PKYAK"
    },
    {
        "client_msg_id": "5957f014-bf5c-4ecf-b857-5f6523884146",
        "type": "message",
        "text": "How to get a list of dimension values into variable. Any idea pls",
        "user": "UN5B03DNV",
        "ts": "1571323515.038900",
        "team": "TC0C1HURK",
        "user_team": "TC0C1HURK",
        "source_team": "TC0C1HURK",
        "user_profile": {
            "avatar_hash": "ga97bf3467ae",
            "image_72": "https:\/\/secure.gravatar.com\/avatar\/9a97bf3467aeea1aea22e27a7868916c.jpg?s=72&d=https%3A%2F%2Fa.slack-edge.com%2Fdf10d%2Fimg%2Favatars%2Fava_0001-72.png",
            "first_name": "",
            "real_name": "Ramprakash",
            "display_name": "Ramprakash",
            "team": "TC0C1HURK",
            "name": "ramprakashjagadeesan",
            "is_restricted": false,
            "is_ultra_restricted": false
        },
        "thread_ts": "1571323515.038900",
        "reply_count": 1,
        "reply_users_count": 1,
        "latest_reply": "1571328903.039600",
        "reply_users": [
            "UC19HAUAK"
        ],
        "replies": [
            {
                "user": "UC19HAUAK",
                "ts": "1571328903.039600"
            }
        ],
        "subscribed": false
    },
    {
        "client_msg_id": "fa829483-9b08-4e9e-bde2-3e4f8bce9ef7",
        "type": "message",
        "text": "<@UNS4PKYAK> It's because dev server doesn't run in production.",
        "user": "UC19HAUAK",
        "ts": "1571328380.039000",
        "team": "TC0C1HURK",
        "user_team": "TC0C1HURK",
        "source_team": "TC0C1HURK",
        "user_profile": {
            "avatar_hash": "066a042e018c",
            "image_72": "https:\/\/avatars.slack-edge.com\/2019-12-07\/866588520998_066a042e018ca831a195_72.png",
            "first_name": "Pavel",
            "real_name": "Pavel Tiunov",
            "display_name": "pavel",
            "team": "TC0C1HURK",
            "name": "pavel",
            "is_restricted": false,
            "is_ultra_restricted": false
        },
        "thread_ts": "1569839757.151900",
        "parent_user_id": "UNS4PKYAK"
    },
    {
        "client_msg_id": "c79face1-1dab-4240-b907-170eef6109a6",
        "type": "message",
        "text": "Hey <@UPGGHD4A3>! Great question! There're two approaches in order to handle this:\n1. Do separate queries with different time dimension filters. Performance optimization is done using pre-aggregations then. While there's significant boost in querying raw data using single query, it's usually no benefit if pre-aggregations are used.\n2. Use data blending with time shift if it's known beforehand: <https:\/\/cube.dev\/docs\/data-blending>",
        "user": "UC19HAUAK",
        "ts": "1571328737.039200",
        "team": "TC0C1HURK",
        "user_team": "TC0C1HURK",
        "source_team": "TC0C1HURK",
        "user_profile": {
            "avatar_hash": "066a042e018c",
            "image_72": "https:\/\/avatars.slack-edge.com\/2019-12-07\/866588520998_066a042e018ca831a195_72.png",
            "first_name": "Pavel",
            "real_name": "Pavel Tiunov",
            "display_name": "pavel",
            "team": "TC0C1HURK",
            "name": "pavel",
            "is_restricted": false,
            "is_ultra_restricted": false
        },
        "thread_ts": "1571268550.035800",
        "parent_user_id": "UPGGHD4A3",
        "reactions": [
            {
                "name": "+1",
                "users": [
                    "UNW9K3AF9"
                ],
                "count": 1
            }
        ]
    },
    {
        "client_msg_id": "4efdab63-7380-463c-96c4-affe12219cb5",
        "type": "message",
        "text": "Hey <@UNE1YNPDW>! Did you have a chance to check this doc: <https:\/\/cube.dev\/docs\/deployment#docker> ?",
        "user": "UC19HAUAK",
        "ts": "1571328765.039400",
        "team": "TC0C1HURK",
        "user_team": "TC0C1HURK",
        "source_team": "TC0C1HURK",
        "user_profile": {
            "avatar_hash": "066a042e018c",
            "image_72": "https:\/\/avatars.slack-edge.com\/2019-12-07\/866588520998_066a042e018ca831a195_72.png",
            "first_name": "Pavel",
            "real_name": "Pavel Tiunov",
            "display_name": "pavel",
            "team": "TC0C1HURK",
            "name": "pavel",
            "is_restricted": false,
            "is_ultra_restricted": false
        },
        "thread_ts": "1571239923.033500",
        "parent_user_id": "UNE1YNPDW"
    },
    {
        "client_msg_id": "a70403f1-d951-42a3-9930-d0031ca661a5",
        "type": "message",
        "text": "Hey <@UN5B03DNV>! It's something like:\n```\nconst dimensionValues = (await cubejsApi.load({ dimensions: ['Cube.dimension'] })).tablePivot()\n```",
        "user": "UC19HAUAK",
        "ts": "1571328903.039600",
        "team": "TC0C1HURK",
        "user_team": "TC0C1HURK",
        "source_team": "TC0C1HURK",
        "user_profile": {
            "avatar_hash": "066a042e018c",
            "image_72": "https:\/\/avatars.slack-edge.com\/2019-12-07\/866588520998_066a042e018ca831a195_72.png",
            "first_name": "Pavel",
            "real_name": "Pavel Tiunov",
            "display_name": "pavel",
            "team": "TC0C1HURK",
            "name": "pavel",
            "is_restricted": false,
            "is_ultra_restricted": false
        },
        "thread_ts": "1571323515.038900",
        "parent_user_id": "UN5B03DNV"
    },
    {
        "client_msg_id": "bc809a43-3233-4b44-9a51-8c633a7e1c57",
        "type": "message",
        "text": "Thanks for the response <@UC19HAUAK>! Yeah, my concern with the dynamic measures was that it wouldn’t work with the preaggregations. One of the other use cases I’m trying to support with this is sorting by the difference so I can see the records that changed the most or least.\n```\nselect\n  segment,\n  COUNT(CASE WHEN \"my_table\".\"report_date\" &gt;= '2019-01-01 00:00:00+00:00'\n                THEN NULL ELSE 1 END) -\n  COUNT(CASE WHEN \"my_table\".\"report_date\" &lt; '2019-01-01 00:00:00+00:00'\n                THEN NULL ELSE 1 END) as count_diff\nfrom my_table where report_date &gt;= '2018-01-01' and report_date &lt; '2020-01-01'\ngroup by segment\norder by count_diff desc\n```\nFor suggestion #1, I’d need to join and sort in-memory after the request, which isn’t ideal because I’d need to have each query return all records, which is a lot of data. For #2, the time-shift isn’t known beforehand, trying to do arbitrary time-ranges.\n\nI might be able to use the rolling window to do this, calculate two rolling windows - one for this period and one for both periods, then subtract this period from both periods to get last period. It looks like I might want this this PR to do more arbitrary rolling windows though\n<https:\/\/github.com\/cube-js\/cube.js\/pull\/223>",
        "user": "UPGGHD4A3",
        "ts": "1571330131.039800",
        "team": "TC0C1HURK",
        "user_team": "TC0C1HURK",
        "source_team": "TC0C1HURK",
        "user_profile": {
            "avatar_hash": "g0d5c98e7390",
            "image_72": "https:\/\/secure.gravatar.com\/avatar\/0d5c98e73901202c4453bc202770b425.jpg?s=72&d=https%3A%2F%2Fa.slack-edge.com%2Fdf10d%2Fimg%2Favatars%2Fava_0006-72.png",
            "first_name": "",
            "real_name": "Matt Ferrante",
            "display_name": "Matt Ferrante",
            "team": "TC0C1HURK",
            "name": "matt",
            "is_restricted": false,
            "is_ultra_restricted": false
        },
        "attachments": [
            {
                "service_name": "GitHub",
                "title": "Add context variables START_DATE &amp; END_DATE to rollingWindow by bentesha · Pull Request #223 · cube-js\/cube.js",
                "title_link": "https:\/\/github.com\/cube-js\/cube.js\/pull\/223",
                "text": "This PR allows users to define arbitrary date ranges using START_DATE and END_DATE context variables in the leading and trailing properties of rollingWindow. See issue #209 for more details Example...",
                "fallback": "GitHub: Add context variables START_DATE &amp; END_DATE to rollingWindow by bentesha · Pull Request #223 · cube-js\/cube.js",
                "thumb_url": "https:\/\/avatars0.githubusercontent.com\/u\/52467369?s=400&v=4",
                "from_url": "https:\/\/github.com\/cube-js\/cube.js\/pull\/223",
                "thumb_width": 400,
                "thumb_height": 400,
                "service_icon": "https:\/\/a.slack-edge.com\/80588\/img\/unfurl_icons\/github.png",
                "id": 1,
                "original_url": "https:\/\/github.com\/cube-js\/cube.js\/pull\/223"
            }
        ],
        "thread_ts": "1571268550.035800",
        "parent_user_id": "UPGGHD4A3"
    },
    {
        "client_msg_id": "0fe44b04-9213-42d6-8e2f-58a2823c6675",
        "type": "message",
        "text": "But, it sounds like the dynamic measures aren’t supported. I’ll look into rolling windows or multiple queries for this. Thanks!",
        "user": "UPGGHD4A3",
        "ts": "1571330313.040100",
        "team": "TC0C1HURK",
        "user_team": "TC0C1HURK",
        "source_team": "TC0C1HURK",
        "user_profile": {
            "avatar_hash": "g0d5c98e7390",
            "image_72": "https:\/\/secure.gravatar.com\/avatar\/0d5c98e73901202c4453bc202770b425.jpg?s=72&d=https%3A%2F%2Fa.slack-edge.com%2Fdf10d%2Fimg%2Favatars%2Fava_0006-72.png",
            "first_name": "",
            "real_name": "Matt Ferrante",
            "display_name": "Matt Ferrante",
            "team": "TC0C1HURK",
            "name": "matt",
            "is_restricted": false,
            "is_ultra_restricted": false
        },
        "thread_ts": "1571268550.035800",
        "parent_user_id": "UPGGHD4A3"
    },
    {
        "client_msg_id": "a2c08236-9709-4378-8d9e-6d9be36a62ae",
        "type": "message",
        "text": "<@UPGGHD4A3> I see. Do you need to compare only two periods as a whole or day by day? Are these two comparison intervals are always consecutive? You may look also at `FILTER_PARAMS`: <https:\/\/cube.dev\/docs\/cube#context-variables-filter-params> it would work if you always have consecutive intervals.",
        "user": "UC19HAUAK",
        "ts": "1571336392.040400",
        "team": "TC0C1HURK",
        "user_team": "TC0C1HURK",
        "source_team": "TC0C1HURK",
        "user_profile": {
            "avatar_hash": "066a042e018c",
            "image_72": "https:\/\/avatars.slack-edge.com\/2019-12-07\/866588520998_066a042e018ca831a195_72.png",
            "first_name": "Pavel",
            "real_name": "Pavel Tiunov",
            "display_name": "pavel",
            "team": "TC0C1HURK",
            "name": "pavel",
            "is_restricted": false,
            "is_ultra_restricted": false
        },
        "thread_ts": "1571268550.035800",
        "parent_user_id": "UPGGHD4A3",
        "reactions": [
            {
                "name": "+1",
                "users": [
                    "UPGGHD4A3"
                ],
                "count": 1
            }
        ]
    },
    {
        "client_msg_id": "d0de1884-1dfc-439e-8602-7c788f9bbe32",
        "type": "message",
        "text": "I want to compare the two periods as a whole and they’re always consecutive. For example, if I’m returning data for the past 3 days, I want to compare those numbers against the previous 3 days. If I were looking at 10 days, I’d want to compare against the previous 10.\n\nThanks for the `FILTER_PARAMS` suggestion. In this example:\n```\ncube(`OrderFacts`, {\n  sql: `SELECT * FROM orders WHERE ${FILTER_PARAMS.OrderFacts.date.filter('date')}`,\n\n  dimensions: {\n    date: {\n      sql: `date`,\n      type: `time`\n    }\n  }\n});\n```\nThe `FILTER_PARAMS.OrderFacts.date.filter('date')` auto-populates the `date &gt;= '2018-01-01 00:00:00' and date &lt;= '2018-12-31 23:59:59'` in the resulting query instead of the filter being auto-generated? In the next example, it shows that this behavior can be overridden by using a function (`(from, to) =&gt; ...`) that returns instead of a string (`date`). The `from, to` parameters for that function, those would only be provided when an array is sent in, like for a date range (`inDateRange` operator). If I were using only the `beforeDate` operator, this function would only have one parameter? If a 3rd element was in that list, would a third parameter be available for that function? How does `FILTER_PARAMS` differentiate between operators used?\n`FILTER_PARAMS.&lt;CUBE_NAME&gt;.&lt;FILTER_NAME&gt;.filter(expression)` doesn’t have an indication of the operator.",
        "user": "UPGGHD4A3",
        "ts": "1571337671.040700",
        "team": "TC0C1HURK",
        "user_team": "TC0C1HURK",
        "source_team": "TC0C1HURK",
        "user_profile": {
            "avatar_hash": "g0d5c98e7390",
            "image_72": "https:\/\/secure.gravatar.com\/avatar\/0d5c98e73901202c4453bc202770b425.jpg?s=72&d=https%3A%2F%2Fa.slack-edge.com%2Fdf10d%2Fimg%2Favatars%2Fava_0006-72.png",
            "first_name": "",
            "real_name": "Matt Ferrante",
            "display_name": "Matt Ferrante",
            "team": "TC0C1HURK",
            "name": "matt",
            "is_restricted": false,
            "is_ultra_restricted": false
        },
        "thread_ts": "1571268550.035800",
        "parent_user_id": "UPGGHD4A3"
    },
    {
        "client_msg_id": "199cee38-28ef-436c-b413-60c190803dfe",
        "type": "message",
        "text": "<@UPGGHD4A3> Yep. Right. `FILTER_PARAMS` don't differentiate if you use function for `filter` method. It's up to you. You can get the middle of date range which will be the split point by using something like `from + (to - from) \/ 2`.",
        "user": "UC19HAUAK",
        "ts": "1571339300.040900",
        "team": "TC0C1HURK",
        "user_team": "TC0C1HURK",
        "source_team": "TC0C1HURK",
        "user_profile": {
            "avatar_hash": "066a042e018c",
            "image_72": "https:\/\/avatars.slack-edge.com\/2019-12-07\/866588520998_066a042e018ca831a195_72.png",
            "first_name": "Pavel",
            "real_name": "Pavel Tiunov",
            "display_name": "pavel",
            "team": "TC0C1HURK",
            "name": "pavel",
            "is_restricted": false,
            "is_ultra_restricted": false
        },
        "thread_ts": "1571268550.035800",
        "parent_user_id": "UPGGHD4A3"
    },
    {
        "client_msg_id": "72206778-c757-4744-b4c5-179cbe8d9215",
        "type": "message",
        "text": "Cool, I think i’ll be able to make that work. Thank you!",
        "user": "UPGGHD4A3",
        "ts": "1571339547.041100",
        "team": "TC0C1HURK",
        "user_team": "TC0C1HURK",
        "source_team": "TC0C1HURK",
        "user_profile": {
            "avatar_hash": "g0d5c98e7390",
            "image_72": "https:\/\/secure.gravatar.com\/avatar\/0d5c98e73901202c4453bc202770b425.jpg?s=72&d=https%3A%2F%2Fa.slack-edge.com%2Fdf10d%2Fimg%2Favatars%2Fava_0006-72.png",
            "first_name": "",
            "real_name": "Matt Ferrante",
            "display_name": "Matt Ferrante",
            "team": "TC0C1HURK",
            "name": "matt",
            "is_restricted": false,
            "is_ultra_restricted": false
        },
        "thread_ts": "1571268550.035800",
        "parent_user_id": "UPGGHD4A3",
        "reactions": [
            {
                "name": "raised_hands",
                "users": [
                    "UC19HAUAK"
                ],
                "count": 1
            }
        ]
    },
    {
        "client_msg_id": "fa8dfe60-c621-4f20-9773-9d365036276b",
        "type": "message",
        "text": "<@UPDLD3V6U> Yeah. The thing is lambda can't serve statics over 5 MiB. We need either split resources or serve from external resource in case of serverless. In either way it isn't very good idea run unsecured dev server in serverless environment.",
        "user": "UC19HAUAK",
        "ts": "1571340411.041400",
        "team": "TC0C1HURK",
        "user_team": "TC0C1HURK",
        "source_team": "TC0C1HURK",
        "user_profile": {
            "avatar_hash": "066a042e018c",
            "image_72": "https:\/\/avatars.slack-edge.com\/2019-12-07\/866588520998_066a042e018ca831a195_72.png",
            "first_name": "Pavel",
            "real_name": "Pavel Tiunov",
            "display_name": "pavel",
            "team": "TC0C1HURK",
            "name": "pavel",
            "is_restricted": false,
            "is_ultra_restricted": false
        },
        "thread_ts": "1571136725.023400",
        "parent_user_id": "UPDLD3V6U"
    },
    {
        "client_msg_id": "492253ff-ef39-4a75-9ed8-fa7f4610138d",
        "type": "message",
        "text": "That worked. Thanks!",
        "user": "UPGGHD4A3",
        "ts": "1571346446.041700",
        "team": "TC0C1HURK",
        "user_team": "TC0C1HURK",
        "source_team": "TC0C1HURK",
        "user_profile": {
            "avatar_hash": "g0d5c98e7390",
            "image_72": "https:\/\/secure.gravatar.com\/avatar\/0d5c98e73901202c4453bc202770b425.jpg?s=72&d=https%3A%2F%2Fa.slack-edge.com%2Fdf10d%2Fimg%2Favatars%2Fava_0006-72.png",
            "first_name": "",
            "real_name": "Matt Ferrante",
            "display_name": "Matt Ferrante",
            "team": "TC0C1HURK",
            "name": "matt",
            "is_restricted": false,
            "is_ultra_restricted": false
        },
        "thread_ts": "1571268550.035800",
        "parent_user_id": "UPGGHD4A3"
    },
    {
        "client_msg_id": "52ff4cae-f027-4116-9c68-5543033e7213",
        "type": "message",
        "text": "Hi again, I’m trying to do a different type of dynamic metric, one based on counting matches to a value. Something like this sql query, where the `'foobar'` is dynamic:\n\n```\nselect\n    segment,\n    count(*) as total_count,\n    COUNT(CASE WHEN subsegment = 'foobar' THEN 1 ELSE NULL END) as subsegment_count\nfrom my_table\ngroup by segment\n```\n\nIt needs to be dynamic because I want to be able to sort by the ratio of `subsegmented_count` to `count`.\n\nI was thinking I’d be able to reuse the `FILTER_PARAMS` pattern from the time periods comparison and do join back on the same my_table, with a filter applied, but the filter applied in the where clause ends up filtering out all the non-matching values. I’ve tried doing a subquery with a dimension and measure:\n```\ncube(`MyTable`, {\n    sql: `SELECT * FROM my_table`,\n    joins: {\n        SubsegmentMyTable: {\n            relationship: `hasOne`,\n            sql: `${CUBE}.id = ${SubsegmentMyTable}.id`,\n        },\n    },\n    measures: {\n        count: {\n            sql: 'id',\n            type: 'sum',\n        },\n    },\n    dimensions: {\n        id: {\n            sql: `id`,\n            type: `string`,\n            primaryKey: true,\n        },\n        segment: {\n            sql: `segment`,\n            type: `string`,\n        },\n        subsegment: {\n            sql: `segment`,\n            type: `string`,\n        },\n    }\n})\n\ncube(`SubsegmentMyTable`, {\n    extends: MyTable,\n    measures: {\n        subsegmented_count: {\n            sql: `${CUBE.count}`,\n            type: 'sum',\n            filters: [\n                {\n                    sql: `${CUBE.subsegment} = ${FILTER_PARAMS.SubsegmentMyTable.subsegment.filter(\n                        (val) =&gt; `${val}`\n                    )}`,\n                },\n            ],\n        },\n    },\n})\n```\nAnd passing:\n```\n{\n  \"measures\": [\n    \"MyTable.count\",\n    \"SubsegmentMyTable.count\",\n    \"SubsegmentMyTable.subsegmented_count\"\n  ],\n  \"timeDimensions\": [],\n  \"filters\": [\n    {\n      \"dimension\": \"SubsegmentMyTable.subsegment\",\n      \"operator\": \"equals\",\n      \"values\": [\n        \"foobar\"\n      ]\n    },\n    {\n      \"dimension\": \"SubsegmentMyTable.subsegment\",\n      \"operator\": \"notSet\"\n    }\n  ]\n}\n```\nAnd this results in:\n```\nSELECT\n  sum(\"my_table\".id) \"my_table__count\",\n  sum(\"subsegment_my_table\".id) \"subsegment_my_table__count\",\n  sum(\n    CASE\n      WHEN (\"subsegment_my_table\".segment = $ 1) THEN sum(\"subsegment_my_table\".id)\n    END\n  ) \"subsegment_my_table__subsegmented_count\"\nFROM\n  my_table AS \"my_table\"\n  LEFT JOIN my_table AS \"subsegment_my_table\" ON \"my_table\".id = \"subsegment_my_table\".id\nWHERE\n  (\"subsegment_my_table\".segment = $ 2)\n  AND (\"subsegment_my_table\".segment IS NULL)\nLIMIT\n  10000\n```\nI passed the IS NULL in a hope that it would do an `OR` because that last `WHERE (\"subsegment_my_table\".segment = $ 2)` is the issue. Is there a way to not include this or to `OR` filter clauses together?\n\nOr, is there a simpler way to achieve this? The join back on itself seems excessive and would impact performance.\n\nThanks in advance!",
        "user": "UPGGHD4A3",
        "ts": "1571356217.043900",
        "team": "TC0C1HURK",
        "user_team": "TC0C1HURK",
        "source_team": "TC0C1HURK",
        "user_profile": {
            "avatar_hash": "g0d5c98e7390",
            "image_72": "https:\/\/secure.gravatar.com\/avatar\/0d5c98e73901202c4453bc202770b425.jpg?s=72&d=https%3A%2F%2Fa.slack-edge.com%2Fdf10d%2Fimg%2Favatars%2Fava_0006-72.png",
            "first_name": "",
            "real_name": "Matt Ferrante",
            "display_name": "Matt Ferrante",
            "team": "TC0C1HURK",
            "name": "matt",
            "is_restricted": false,
            "is_ultra_restricted": false
        },
        "edited": {
            "user": "UPGGHD4A3",
            "ts": "1571356238.000000"
        },
        "thread_ts": "1571356217.043900",
        "reply_count": 31,
        "reply_users_count": 2,
        "latest_reply": "1571771477.109100",
        "reply_users": [
            "UC19HAUAK",
            "UPGGHD4A3"
        ],
        "replies": [
            {
                "user": "UC19HAUAK",
                "ts": "1571365412.044200"
            },
            {
                "user": "UPGGHD4A3",
                "ts": "1571434459.052600"
            },
            {
                "user": "UC19HAUAK",
                "ts": "1571438572.052900"
            },
            {
                "user": "UPGGHD4A3",
                "ts": "1571442063.053300"
            },
            {
                "user": "UPGGHD4A3",
                "ts": "1571442897.053600"
            },
            {
                "user": "UC19HAUAK",
                "ts": "1571511228.053900"
            },
            {
                "user": "UPGGHD4A3",
                "ts": "1571525710.054100"
            },
            {
                "user": "UC19HAUAK",
                "ts": "1571605480.061000"
            },
            {
                "user": "UPGGHD4A3",
                "ts": "1571622909.061200"
            },
            {
                "user": "UC19HAUAK",
                "ts": "1571630001.062200"
            },
            {
                "user": "UPGGHD4A3",
                "ts": "1571684607.093400"
            },
            {
                "user": "UC19HAUAK",
                "ts": "1571687449.093600"
            },
            {
                "user": "UC19HAUAK",
                "ts": "1571690689.093800"
            },
            {
                "user": "UPGGHD4A3",
                "ts": "1571691364.094000"
            },
            {
                "user": "UPGGHD4A3",
                "ts": "1571691412.094200"
            },
            {
                "user": "UC19HAUAK",
                "ts": "1571691845.094500"
            },
            {
                "user": "UPGGHD4A3",
                "ts": "1571693632.094700"
            },
            {
                "user": "UPGGHD4A3",
                "ts": "1571693694.094900"
            },
            {
                "user": "UC19HAUAK",
                "ts": "1571695665.095200"
            },
            {
                "user": "UPGGHD4A3",
                "ts": "1571696152.095400"
            },
            {
                "user": "UC19HAUAK",
                "ts": "1571700311.095600"
            },
            {
                "user": "UPGGHD4A3",
                "ts": "1571700852.095800"
            },
            {
                "user": "UPGGHD4A3",
                "ts": "1571707528.096000"
            },
            {
                "user": "UC19HAUAK",
                "ts": "1571708959.096300"
            },
            {
                "user": "UPGGHD4A3",
                "ts": "1571708991.096500"
            },
            {
                "user": "UPGGHD4A3",
                "ts": "1571768292.107400"
            },
            {
                "user": "UC19HAUAK",
                "ts": "1571768774.107800"
            },
            {
                "user": "UPGGHD4A3",
                "ts": "1571769248.108300"
            },
            {
                "user": "UC19HAUAK",
                "ts": "1571770653.108700"
            },
            {
                "user": "UPGGHD4A3",
                "ts": "1571770985.108900"
            },
            {
                "user": "UC19HAUAK",
                "ts": "1571771477.109100"
            }
        ],
        "subscribed": false
    },
    {
        "client_msg_id": "0021b6ff-cd85-47dc-828a-d84a36443112",
        "type": "message",
        "text": "<@UPGGHD4A3> Here's similar conversation: <https:\/\/github.com\/cube-js\/cube.js\/issues\/180>.",
        "user": "UC19HAUAK",
        "ts": "1571365412.044200",
        "team": "TC0C1HURK",
        "user_team": "TC0C1HURK",
        "source_team": "TC0C1HURK",
        "user_profile": {
            "avatar_hash": "066a042e018c",
            "image_72": "https:\/\/avatars.slack-edge.com\/2019-12-07\/866588520998_066a042e018ca831a195_72.png",
            "first_name": "Pavel",
            "real_name": "Pavel Tiunov",
            "display_name": "pavel",
            "team": "TC0C1HURK",
            "name": "pavel",
            "is_restricted": false,
            "is_ultra_restricted": false
        },
        "attachments": [
            {
                "service_name": "GitHub",
                "title": "[question] How to obtain percentage of total? · Issue #180 · cube-js\/cube.js",
                "title_link": "https:\/\/github.com\/cube-js\/cube.js\/issues\/180",
                "text": "Given the following table and data: CREATE TABLE IF NOT EXISTS Orders ( id INT, status VARCHAR(10) NOT NULL, amount INT NOT NULL ) SELECT * FROM ( SELECT 1 as id, 100 as amount, &amp;#39;new&amp;#39; statu...",
                "fallback": "GitHub: [question] How to obtain percentage of total? · Issue #180 · cube-js\/cube.js",
                "thumb_url": "https:\/\/avatars0.githubusercontent.com\/u\/52467369?s=400&v=4",
                "from_url": "https:\/\/github.com\/cube-js\/cube.js\/issues\/180",
                "thumb_width": 400,
                "thumb_height": 400,
                "service_icon": "https:\/\/a.slack-edge.com\/80588\/img\/unfurl_icons\/github.png",
                "id": 1,
                "original_url": "https:\/\/github.com\/cube-js\/cube.js\/issues\/180"
            }
        ],
        "thread_ts": "1571356217.043900",
        "parent_user_id": "UPGGHD4A3",
        "reactions": [
            {
                "name": "+1",
                "users": [
                    "UPGGHD4A3"
                ],
                "count": 1
            }
        ]
    },
    {
        "client_msg_id": "f01e4c4c-1d6c-4fb9-8d74-15b4cc4fca8c",
        "type": "message",
        "text": "<@UC19HAUAK> can you please suggest me how to proceed from here. i share everything with you.its very urgent and i am not getting any hint. stuck very badly.:relieved:",
        "user": "UNS4PKYAK",
        "ts": "1571373682.049600",
        "team": "TC0C1HURK",
        "user_team": "TC0C1HURK",
        "source_team": "TC0C1HURK",
        "user_profile": {
            "avatar_hash": "664213ef9cf5",
            "image_72": "https:\/\/avatars.slack-edge.com\/2019-10-17\/800974914790_664213ef9cf5f85d3637_72.jpg",
            "first_name": "chintesh",
            "real_name": "chintesh kumar",
            "display_name": "chintesh kumar",
            "team": "TC0C1HURK",
            "name": "chintesh_kumar",
            "is_restricted": false,
            "is_ultra_restricted": false
        },
        "thread_ts": "1569839757.151900",
        "parent_user_id": "UNS4PKYAK"
    },
    {
        "client_msg_id": "c3ff8734-b15b-4ccf-b7df-40d39a4c685d",
        "type": "message",
        "text": "<@UC19HAUAK> Please point out the error. where am i doing mistake? Please it will be really appreciate.",
        "user": "UNS4PKYAK",
        "ts": "1571374068.049800",
        "team": "TC0C1HURK",
        "user_team": "TC0C1HURK",
        "source_team": "TC0C1HURK",
        "user_profile": {
            "avatar_hash": "664213ef9cf5",
            "image_72": "https:\/\/avatars.slack-edge.com\/2019-10-17\/800974914790_664213ef9cf5f85d3637_72.jpg",
            "first_name": "chintesh",
            "real_name": "chintesh kumar",
            "display_name": "chintesh kumar",
            "team": "TC0C1HURK",
            "name": "chintesh_kumar",
            "is_restricted": false,
            "is_ultra_restricted": false
        },
        "thread_ts": "1569839757.151900",
        "parent_user_id": "UNS4PKYAK"
    },
    {
        "client_msg_id": "73627bc9-2e60-4d4d-be4d-e4bd805b7d25",
        "type": "message",
        "text": "ok",
        "user": "UPDLD3V6U",
        "ts": "1571377414.050200",
        "team": "TC0C1HURK",
        "user_team": "TC0C1HURK",
        "source_team": "TC0C1HURK",
        "user_profile": {
            "avatar_hash": "437407fa7760",
            "image_72": "https:\/\/avatars.slack-edge.com\/2019-10-15\/795702974496_437407fa7760c3697214_72.jpg",
            "first_name": "",
            "real_name": "chirag",
            "display_name": "chirag",
            "team": "TC0C1HURK",
            "name": "chirag.shah",
            "is_restricted": false,
            "is_ultra_restricted": false
        },
        "thread_ts": "1571136725.023400",
        "parent_user_id": "UPDLD3V6U"
    },
    {
        "client_msg_id": "e9094261-3a4b-4fec-96d7-c6549b441468",
        "type": "message",
        "text": "thanks!",
        "user": "UPDLD3V6U",
        "ts": "1571377417.050400",
        "team": "TC0C1HURK",
        "user_team": "TC0C1HURK",
        "source_team": "TC0C1HURK",
        "user_profile": {
            "avatar_hash": "437407fa7760",
            "image_72": "https:\/\/avatars.slack-edge.com\/2019-10-15\/795702974496_437407fa7760c3697214_72.jpg",
            "first_name": "",
            "real_name": "chirag",
            "display_name": "chirag",
            "team": "TC0C1HURK",
            "name": "chirag.shah",
            "is_restricted": false,
            "is_ultra_restricted": false
        },
        "thread_ts": "1571136725.023400",
        "parent_user_id": "UPDLD3V6U",
        "reactions": [
            {
                "name": "raised_hands",
                "users": [
                    "UC19HAUAK"
                ],
                "count": 1
            }
        ]
    }
]