[
    {
        "type": "message",
        "text": "I have the directory structure as shown.How can we add it ?",
        "files": [
            {
                "id": "FKB4JQGLB",
                "created": 1560864605,
                "timestamp": 1560864605,
                "name": "str.png",
                "title": "str.png",
                "mimetype": "image\/png",
                "filetype": "png",
                "pretty_type": "PNG",
                "user": "UKK1AAZMK",
                "editable": false,
                "size": 15383,
                "mode": "hosted",
                "is_external": false,
                "external_type": "",
                "is_public": true,
                "public_url_shared": false,
                "display_as_bot": false,
                "username": "",
                "url_private": "https:\/\/files.slack.com\/files-pri\/TC0C1HURK-FKB4JQGLB\/str.png?t=xoxe-408409606869-1267807410853-1293019902560-8c9dc5fc58d3a65e0fe0837e69de048d",
                "url_private_download": "https:\/\/files.slack.com\/files-pri\/TC0C1HURK-FKB4JQGLB\/download\/str.png?t=xoxe-408409606869-1267807410853-1293019902560-8c9dc5fc58d3a65e0fe0837e69de048d",
                "thumb_64": "https:\/\/files.slack.com\/files-tmb\/TC0C1HURK-FKB4JQGLB-c57fac1e2c\/str_64.png?t=xoxe-408409606869-1267807410853-1293019902560-8c9dc5fc58d3a65e0fe0837e69de048d",
                "thumb_80": "https:\/\/files.slack.com\/files-tmb\/TC0C1HURK-FKB4JQGLB-c57fac1e2c\/str_80.png?t=xoxe-408409606869-1267807410853-1293019902560-8c9dc5fc58d3a65e0fe0837e69de048d",
                "thumb_360": "https:\/\/files.slack.com\/files-tmb\/TC0C1HURK-FKB4JQGLB-c57fac1e2c\/str_360.png?t=xoxe-408409606869-1267807410853-1293019902560-8c9dc5fc58d3a65e0fe0837e69de048d",
                "thumb_360_w": 319,
                "thumb_360_h": 213,
                "thumb_160": "https:\/\/files.slack.com\/files-tmb\/TC0C1HURK-FKB4JQGLB-c57fac1e2c\/str_160.png?t=xoxe-408409606869-1267807410853-1293019902560-8c9dc5fc58d3a65e0fe0837e69de048d",
                "image_exif_rotation": 1,
                "original_w": 319,
                "original_h": 213,
                "permalink": "https:\/\/cube-js.slack.com\/files\/UKK1AAZMK\/FKB4JQGLB\/str.png",
                "permalink_public": "https:\/\/slack-files.com\/TC0C1HURK-FKB4JQGLB-91d0350f29",
                "is_starred": false,
                "has_rich_preview": false
            }
        ],
        "upload": true,
        "user": "UKK1AAZMK",
        "display_as_bot": false,
        "ts": "1560864606.105700",
        "client_msg_id": "bac4465d-4ce8-49d4-ace2-2378a019cbaa",
        "thread_ts": "1560491765.089600",
        "parent_user_id": "UKK1AAZMK"
    },
    {
        "client_msg_id": "cff5f8e4-10cb-483e-87e6-48b8e666f127",
        "type": "message",
        "text": "Hey <@UKK1AAZMK>, you can create a Cube.js application (in a separate folder or within any folder in your existing project) by using Cube.js CLI `create` command. Here the documentation reference for it - <https:\/\/cube.dev\/docs\/reference#create>",
        "user": "UC1HAFW4E",
        "ts": "1560864770.106100",
        "team": "TC0C1HURK",
        "user_team": "TC0C1HURK",
        "source_team": "TC0C1HURK",
        "user_profile": {
            "avatar_hash": "ee7b69830a11",
            "image_72": "https:\/\/avatars.slack-edge.com\/2018-08-13\/414857329600_ee7b69830a119331e10e_72.jpg",
            "first_name": "Artyom",
            "real_name": "Artyom Keydunov",
            "display_name": "Artyom Keydunov",
            "team": "TC0C1HURK",
            "name": "artyom",
            "is_restricted": false,
            "is_ultra_restricted": false
        },
        "thread_ts": "1560491765.089600",
        "parent_user_id": "UKK1AAZMK"
    },
    {
        "client_msg_id": "bf9f8521-f947-4fdb-b665-e2e07ce0c13b",
        "type": "message",
        "text": "Did the same and moved it to js folder",
        "user": "UKK1AAZMK",
        "ts": "1560864909.106300",
        "team": "TC0C1HURK",
        "user_team": "TC0C1HURK",
        "source_team": "TC0C1HURK",
        "user_profile": {
            "avatar_hash": "g17f2e89fd58",
            "image_72": "https:\/\/secure.gravatar.com\/avatar\/217f2e89fd5899e1b68ccfe51202e95a.jpg?s=72&d=https%3A%2F%2Fa.slack-edge.com%2Fdf10d%2Fimg%2Favatars%2Fava_0026-72.png",
            "first_name": "",
            "real_name": "Vinay",
            "display_name": "Vinay",
            "team": "TC0C1HURK",
            "name": "pvinay2k737",
            "is_restricted": false,
            "is_ultra_restricted": false
        },
        "thread_ts": "1560491765.089600",
        "parent_user_id": "UKK1AAZMK"
    },
    {
        "client_msg_id": "a5c65cce-9c08-4bc1-aac4-3d7dc055c0c4",
        "type": "message",
        "text": "Have you started the Cube.js server?",
        "user": "UC1HAFW4E",
        "ts": "1560865061.106500",
        "team": "TC0C1HURK",
        "user_team": "TC0C1HURK",
        "source_team": "TC0C1HURK",
        "user_profile": {
            "avatar_hash": "ee7b69830a11",
            "image_72": "https:\/\/avatars.slack-edge.com\/2018-08-13\/414857329600_ee7b69830a119331e10e_72.jpg",
            "first_name": "Artyom",
            "real_name": "Artyom Keydunov",
            "display_name": "Artyom Keydunov",
            "team": "TC0C1HURK",
            "name": "artyom",
            "is_restricted": false,
            "is_ultra_restricted": false
        },
        "thread_ts": "1560491765.089600",
        "parent_user_id": "UKK1AAZMK"
    },
    {
        "client_msg_id": "03f3ff87-f41c-4c03-949f-7c7f22059ab1",
        "type": "message",
        "text": "python server.py  or something else?",
        "user": "UKK1AAZMK",
        "ts": "1560865687.106700",
        "team": "TC0C1HURK",
        "user_team": "TC0C1HURK",
        "source_team": "TC0C1HURK",
        "user_profile": {
            "avatar_hash": "g17f2e89fd58",
            "image_72": "https:\/\/secure.gravatar.com\/avatar\/217f2e89fd5899e1b68ccfe51202e95a.jpg?s=72&d=https%3A%2F%2Fa.slack-edge.com%2Fdf10d%2Fimg%2Favatars%2Fava_0026-72.png",
            "first_name": "",
            "real_name": "Vinay",
            "display_name": "Vinay",
            "team": "TC0C1HURK",
            "name": "pvinay2k737",
            "is_restricted": false,
            "is_ultra_restricted": false
        },
        "edited": {
            "user": "UKK1AAZMK",
            "ts": "1560866191.000000"
        },
        "thread_ts": "1560491765.089600",
        "parent_user_id": "UKK1AAZMK"
    },
    {
        "client_msg_id": "3e9a4d45-59e0-4df1-ba79-1e5f0541005a",
        "type": "message",
        "text": "The Cube.js server - inside the static\/js folder run `npm run dev` to start the Cube.js server.",
        "user": "UC1HAFW4E",
        "ts": "1560866665.107000",
        "team": "TC0C1HURK",
        "user_team": "TC0C1HURK",
        "source_team": "TC0C1HURK",
        "user_profile": {
            "avatar_hash": "ee7b69830a11",
            "image_72": "https:\/\/avatars.slack-edge.com\/2018-08-13\/414857329600_ee7b69830a119331e10e_72.jpg",
            "first_name": "Artyom",
            "real_name": "Artyom Keydunov",
            "display_name": "Artyom Keydunov",
            "team": "TC0C1HURK",
            "name": "artyom",
            "is_restricted": false,
            "is_ultra_restricted": false
        },
        "thread_ts": "1560491765.089600",
        "parent_user_id": "UKK1AAZMK"
    },
    {
        "client_msg_id": "eba4b5bb-a1b1-40bb-91fa-f7d3593b1c64",
        "type": "message",
        "text": "started",
        "user": "UKK1AAZMK",
        "ts": "1560866959.107200",
        "team": "TC0C1HURK",
        "user_team": "TC0C1HURK",
        "source_team": "TC0C1HURK",
        "user_profile": {
            "avatar_hash": "g17f2e89fd58",
            "image_72": "https:\/\/secure.gravatar.com\/avatar\/217f2e89fd5899e1b68ccfe51202e95a.jpg?s=72&d=https%3A%2F%2Fa.slack-edge.com%2Fdf10d%2Fimg%2Favatars%2Fava_0026-72.png",
            "first_name": "",
            "real_name": "Vinay",
            "display_name": "Vinay",
            "team": "TC0C1HURK",
            "name": "pvinay2k737",
            "is_restricted": false,
            "is_ultra_restricted": false
        },
        "thread_ts": "1560491765.089600",
        "parent_user_id": "UKK1AAZMK"
    },
    {
        "client_msg_id": "fac2ce8c-fd11-4fac-b7d4-822fc779f3a1",
        "type": "message",
        "text": ":unlock: Authentication checks are disabled in developer mode. Please use NODE_ENV=production to enable it.\n:eagle: Dev environment available at <http:\/\/localhost:4000>\n:rocket: Cube.js server is listening on 4000",
        "user": "UKK1AAZMK",
        "ts": "1560866965.107400",
        "team": "TC0C1HURK",
        "user_team": "TC0C1HURK",
        "source_team": "TC0C1HURK",
        "user_profile": {
            "avatar_hash": "g17f2e89fd58",
            "image_72": "https:\/\/secure.gravatar.com\/avatar\/217f2e89fd5899e1b68ccfe51202e95a.jpg?s=72&d=https%3A%2F%2Fa.slack-edge.com%2Fdf10d%2Fimg%2Favatars%2Fava_0026-72.png",
            "first_name": "",
            "real_name": "Vinay",
            "display_name": "Vinay",
            "team": "TC0C1HURK",
            "name": "pvinay2k737",
            "is_restricted": false,
            "is_ultra_restricted": false
        },
        "thread_ts": "1560491765.089600",
        "parent_user_id": "UKK1AAZMK"
    },
    {
        "client_msg_id": "717f6d09-da4b-4392-9e20-cc8b79eacf62",
        "type": "message",
        "text": "Great! Now you have a development playground available at <http:\/\/localhost:4000>",
        "user": "UC1HAFW4E",
        "ts": "1560867114.107600",
        "team": "TC0C1HURK",
        "user_team": "TC0C1HURK",
        "source_team": "TC0C1HURK",
        "user_profile": {
            "avatar_hash": "ee7b69830a11",
            "image_72": "https:\/\/avatars.slack-edge.com\/2018-08-13\/414857329600_ee7b69830a119331e10e_72.jpg",
            "first_name": "Artyom",
            "real_name": "Artyom Keydunov",
            "display_name": "Artyom Keydunov",
            "team": "TC0C1HURK",
            "name": "artyom",
            "is_restricted": false,
            "is_ultra_restricted": false
        },
        "thread_ts": "1560491765.089600",
        "parent_user_id": "UKK1AAZMK"
    },
    {
        "client_msg_id": "f40a085c-cfd4-4974-b5a2-ba30b1618b3b",
        "type": "message",
        "text": "Is it possible to visualize the results as some endpoint in flask ?",
        "user": "UKK1AAZMK",
        "ts": "1560867135.107800",
        "team": "TC0C1HURK",
        "user_team": "TC0C1HURK",
        "source_team": "TC0C1HURK",
        "user_profile": {
            "avatar_hash": "g17f2e89fd58",
            "image_72": "https:\/\/secure.gravatar.com\/avatar\/217f2e89fd5899e1b68ccfe51202e95a.jpg?s=72&d=https%3A%2F%2Fa.slack-edge.com%2Fdf10d%2Fimg%2Favatars%2Fava_0026-72.png",
            "first_name": "",
            "real_name": "Vinay",
            "display_name": "Vinay",
            "team": "TC0C1HURK",
            "name": "pvinay2k737",
            "is_restricted": false,
            "is_ultra_restricted": false
        },
        "thread_ts": "1560491765.089600",
        "parent_user_id": "UKK1AAZMK"
    },
    {
        "client_msg_id": "029c0c1c-57da-4f1a-870a-1969d143efe6",
        "type": "message",
        "text": "You can request data over http from flask. And then serve this data from flask.",
        "user": "UC1HAFW4E",
        "ts": "1560867246.108000",
        "team": "TC0C1HURK",
        "user_team": "TC0C1HURK",
        "source_team": "TC0C1HURK",
        "user_profile": {
            "avatar_hash": "ee7b69830a11",
            "image_72": "https:\/\/avatars.slack-edge.com\/2018-08-13\/414857329600_ee7b69830a119331e10e_72.jpg",
            "first_name": "Artyom",
            "real_name": "Artyom Keydunov",
            "display_name": "Artyom Keydunov",
            "team": "TC0C1HURK",
            "name": "artyom",
            "is_restricted": false,
            "is_ultra_restricted": false
        },
        "edited": {
            "user": "UC1HAFW4E",
            "ts": "1560867278.000000"
        },
        "thread_ts": "1560491765.089600",
        "parent_user_id": "UKK1AAZMK"
    },
    {
        "client_msg_id": "cb52ef7c-da9b-4870-a9a5-07db565a2d5e",
        "type": "message",
        "text": "Cool ! Will check it out with some data",
        "user": "UKK1AAZMK",
        "ts": "1560867543.108400",
        "team": "TC0C1HURK",
        "user_team": "TC0C1HURK",
        "source_team": "TC0C1HURK",
        "user_profile": {
            "avatar_hash": "g17f2e89fd58",
            "image_72": "https:\/\/secure.gravatar.com\/avatar\/217f2e89fd5899e1b68ccfe51202e95a.jpg?s=72&d=https%3A%2F%2Fa.slack-edge.com%2Fdf10d%2Fimg%2Favatars%2Fava_0026-72.png",
            "first_name": "",
            "real_name": "Vinay",
            "display_name": "Vinay",
            "team": "TC0C1HURK",
            "name": "pvinay2k737",
            "is_restricted": false,
            "is_ultra_restricted": false
        },
        "thread_ts": "1560491765.089600",
        "parent_user_id": "UKK1AAZMK"
    },
    {
        "client_msg_id": "d61f183b-1459-4780-a935-39d3eb4d828c",
        "type": "message",
        "text": "Thanks Pavel.  Some background info.  We already have our OLTP (SQLServers) on VPCs.  Prior to me starting this job and product research, the company has also started a datamart PoC with some denormalized tables on mssql\/ec2 (which simplifies the data model intended for self-service reporting - though yes, cubejs could potentially replace that).\n\nSo I am looking solely at adding cubejs for multi-tenancy self-service reporting support - in optimal\/low-TCO fashion that management can swallow.\n\nWe are in the spa management software business.   Typical reporting use cases are in the tens of reports per spa per month.  With our datamart, cubejs availability seems not critical at least initially.  Looking at the pricing of elasticache, we could probably map out something that uses on-demand resource for this use case, until we get into live dashboards in the future.\n\nThink I should just give it a try and find out ourselves,  Nonetheless, if you can recall the memory footprint or the size of elasticache specifically that would be interesting.  Thx.",
        "user": "UK8EJNUKD",
        "ts": "1560870254.108600",
        "team": "TC0C1HURK",
        "user_team": "TC0C1HURK",
        "source_team": "TC0C1HURK",
        "user_profile": {
            "avatar_hash": "g9f54ba0eb21",
            "image_72": "https:\/\/secure.gravatar.com\/avatar\/f9f54ba0eb21a1926be3372194e55164.jpg?s=72&d=https%3A%2F%2Fa.slack-edge.com%2Fdf10d%2Fimg%2Favatars%2Fava_0004-72.png",
            "first_name": "",
            "real_name": "Tim Lee",
            "display_name": "Tim Lee",
            "team": "TC0C1HURK",
            "name": "tlee",
            "is_restricted": false,
            "is_ultra_restricted": false
        },
        "thread_ts": "1560804428.104600",
        "parent_user_id": "UK8EJNUKD"
    },
    {
        "client_msg_id": "E5692A08-6058-4914-A9E1-B39054D30A13",
        "type": "message",
        "text": "Hey <@UK8EJNUKD> ! Actually size of redis is proportional to number of queries\/reports cached not actual data size as it stores only aggregated data. So the ratio is about 100k cached queries per GiB. How many rows you have in your DB?",
        "user": "UC19HAUAK",
        "ts": "1560875750.112300",
        "team": "TC0C1HURK",
        "user_team": "TC0C1HURK",
        "source_team": "TC0C1HURK",
        "user_profile": {
            "avatar_hash": "066a042e018c",
            "image_72": "https:\/\/avatars.slack-edge.com\/2019-12-07\/866588520998_066a042e018ca831a195_72.png",
            "first_name": "Pavel",
            "real_name": "Pavel Tiunov",
            "display_name": "pavel",
            "team": "TC0C1HURK",
            "name": "pavel",
            "is_restricted": false,
            "is_ultra_restricted": false
        },
        "thread_ts": "1560804428.104600",
        "parent_user_id": "UK8EJNUKD"
    },
    {
        "client_msg_id": "b3bfa83d-e8fa-4ac4-bad1-14b89ae0b428",
        "type": "message",
        "text": "For transactions table (about 40 attributes, like a typical retail transaction table), no more than 500K a year per tenant per year.  Typical report use cases are within 12 months of data.  Appointment is the next primary fact table - about half the size of transactions row and column wise.",
        "user": "UK8EJNUKD",
        "ts": "1560876588.112500",
        "team": "TC0C1HURK",
        "user_team": "TC0C1HURK",
        "source_team": "TC0C1HURK",
        "user_profile": {
            "avatar_hash": "g9f54ba0eb21",
            "image_72": "https:\/\/secure.gravatar.com\/avatar\/f9f54ba0eb21a1926be3372194e55164.jpg?s=72&d=https%3A%2F%2Fa.slack-edge.com%2Fdf10d%2Fimg%2Favatars%2Fava_0004-72.png",
            "first_name": "",
            "real_name": "Tim Lee",
            "display_name": "Tim Lee",
            "team": "TC0C1HURK",
            "name": "tlee",
            "is_restricted": false,
            "is_ultra_restricted": false
        },
        "thread_ts": "1560804428.104600",
        "parent_user_id": "UK8EJNUKD"
    },
    {
        "type": "message",
        "subtype": "channel_join",
        "ts": "1560876904.112800",
        "user": "UKBDPAAKD",
        "text": "<@UKBDPAAKD> has joined the channel"
    },
    {
        "client_msg_id": "34b4b893-6ef0-4853-a482-d6c34af27ff9",
        "type": "message",
        "text": "Hello Everyone! I'm trying to deploy my CubeJS project on Heroku and I've done all the steps indicated on CubeJS Documentation and i'm facing allways the same problem ... the project was successfully deployed but i always get the message \"cannot get\". Someone have the same problem? How to resolve it? Thank you!",
        "user": "UKBDPAAKD",
        "ts": "1560877195.113000",
        "team": "TC0C1HURK",
        "user_team": "TC0C1HURK",
        "source_team": "TC0C1HURK",
        "user_profile": {
            "avatar_hash": "g5654ed2329e",
            "image_72": "https:\/\/secure.gravatar.com\/avatar\/b5654ed2329e49246bdf5ef252a8f4af.jpg?s=72&d=https%3A%2F%2Fa.slack-edge.com%2Fdf10d%2Fimg%2Favatars%2Fava_0010-72.png",
            "first_name": "",
            "real_name": "João Ferreira",
            "display_name": "João Ferreira",
            "team": "TC0C1HURK",
            "name": "joaoadrianoferreira",
            "is_restricted": false,
            "is_ultra_restricted": false
        },
        "thread_ts": "1560877195.113000",
        "reply_count": 7,
        "reply_users_count": 2,
        "latest_reply": "1560883959.124800",
        "reply_users": [
            "UC19HAUAK",
            "UKBDPAAKD"
        ],
        "replies": [
            {
                "user": "UC19HAUAK",
                "ts": "1560878322.114400"
            },
            {
                "user": "UC19HAUAK",
                "ts": "1560878494.116200"
            },
            {
                "user": "UKBDPAAKD",
                "ts": "1560881756.121800"
            },
            {
                "user": "UKBDPAAKD",
                "ts": "1560881764.122000"
            },
            {
                "user": "UC19HAUAK",
                "ts": "1560883057.122300"
            },
            {
                "user": "UC19HAUAK",
                "ts": "1560883146.122500"
            },
            {
                "user": "UKBDPAAKD",
                "ts": "1560883959.124800"
            }
        ],
        "subscribed": false
    },
    {
        "client_msg_id": "A4272588-2C5E-4249-B3B2-1CC78C3FD2FE",
        "type": "message",
        "text": "Hey <@UKBDPAAKD> ! Could you please share logs from Heroku?",
        "user": "UC19HAUAK",
        "ts": "1560878322.114400",
        "team": "TC0C1HURK",
        "user_team": "TC0C1HURK",
        "source_team": "TC0C1HURK",
        "user_profile": {
            "avatar_hash": "066a042e018c",
            "image_72": "https:\/\/avatars.slack-edge.com\/2019-12-07\/866588520998_066a042e018ca831a195_72.png",
            "first_name": "Pavel",
            "real_name": "Pavel Tiunov",
            "display_name": "pavel",
            "team": "TC0C1HURK",
            "name": "pavel",
            "is_restricted": false,
            "is_ultra_restricted": false
        },
        "thread_ts": "1560877195.113000",
        "parent_user_id": "UKBDPAAKD"
    },
    {
        "client_msg_id": "27DDCF8B-FC52-4838-BC72-207AD2FA241B",
        "type": "message",
        "text": "Also please note that if you’re trying to access playground it’s not enabled by default in production mode. So root url will get you 404",
        "user": "UC19HAUAK",
        "ts": "1560878494.116200",
        "team": "TC0C1HURK",
        "user_team": "TC0C1HURK",
        "source_team": "TC0C1HURK",
        "user_profile": {
            "avatar_hash": "066a042e018c",
            "image_72": "https:\/\/avatars.slack-edge.com\/2019-12-07\/866588520998_066a042e018ca831a195_72.png",
            "first_name": "Pavel",
            "real_name": "Pavel Tiunov",
            "display_name": "pavel",
            "team": "TC0C1HURK",
            "name": "pavel",
            "is_restricted": false,
            "is_ultra_restricted": false
        },
        "thread_ts": "1560877195.113000",
        "parent_user_id": "UKBDPAAKD"
    },
    {
        "client_msg_id": "08380AC1-06D9-475A-B3BD-9FBFBB22CF9E",
        "type": "message",
        "text": "<@UK8EJNUKD> it’s not a lot. You can stick with mssql for that with proper indexes. If there’re a lot of concurrent users you can add pre-aggregations to achieve subsecond query response time on any scale. We can guide you on how to setup those.",
        "user": "UC19HAUAK",
        "ts": "1560879019.119600",
        "team": "TC0C1HURK",
        "user_team": "TC0C1HURK",
        "source_team": "TC0C1HURK",
        "user_profile": {
            "avatar_hash": "066a042e018c",
            "image_72": "https:\/\/avatars.slack-edge.com\/2019-12-07\/866588520998_066a042e018ca831a195_72.png",
            "first_name": "Pavel",
            "real_name": "Pavel Tiunov",
            "display_name": "pavel",
            "team": "TC0C1HURK",
            "name": "pavel",
            "is_restricted": false,
            "is_ultra_restricted": false
        },
        "thread_ts": "1560804428.104600",
        "parent_user_id": "UK8EJNUKD"
    },
    {
        "client_msg_id": "1d3ab234-66f7-4949-afee-c66070962e30",
        "type": "message",
        "text": "Thanks in advance!",
        "user": "UK8EJNUKD",
        "ts": "1560879320.119800",
        "team": "TC0C1HURK",
        "user_team": "TC0C1HURK",
        "source_team": "TC0C1HURK",
        "user_profile": {
            "avatar_hash": "g9f54ba0eb21",
            "image_72": "https:\/\/secure.gravatar.com\/avatar\/f9f54ba0eb21a1926be3372194e55164.jpg?s=72&d=https%3A%2F%2Fa.slack-edge.com%2Fdf10d%2Fimg%2Favatars%2Fava_0004-72.png",
            "first_name": "",
            "real_name": "Tim Lee",
            "display_name": "Tim Lee",
            "team": "TC0C1HURK",
            "name": "tlee",
            "is_restricted": false,
            "is_ultra_restricted": false
        },
        "thread_ts": "1560804428.104600",
        "parent_user_id": "UK8EJNUKD",
        "reactions": [
            {
                "name": "raised_hands",
                "users": [
                    "UC19HAUAK"
                ],
                "count": 1
            }
        ]
    },
    {
        "client_msg_id": "72164466-a48c-4dbc-86d3-1619fde72ea3",
        "type": "message",
        "text": "Typo in example?  <https:\/\/cube.dev\/docs\/direction-of-joins> . From Orders to Customers I believe the relationship should be 'belongsTo'?",
        "user": "UK8EJNUKD",
        "ts": "1560879394.121200",
        "team": "TC0C1HURK",
        "user_team": "TC0C1HURK",
        "source_team": "TC0C1HURK",
        "user_profile": {
            "avatar_hash": "g9f54ba0eb21",
            "image_72": "https:\/\/secure.gravatar.com\/avatar\/f9f54ba0eb21a1926be3372194e55164.jpg?s=72&d=https%3A%2F%2Fa.slack-edge.com%2Fdf10d%2Fimg%2Favatars%2Fava_0004-72.png",
            "first_name": "",
            "real_name": "Tim Lee",
            "display_name": "Tim Lee",
            "team": "TC0C1HURK",
            "name": "tlee",
            "is_restricted": false,
            "is_ultra_restricted": false
        },
        "thread_ts": "1560879394.121200",
        "reply_count": 2,
        "reply_users_count": 2,
        "latest_reply": "1560880537.121600",
        "reply_users": [
            "UC19HAUAK",
            "UK8EJNUKD"
        ],
        "replies": [
            {
                "user": "UC19HAUAK",
                "ts": "1560880432.121300"
            },
            {
                "user": "UK8EJNUKD",
                "ts": "1560880537.121600"
            }
        ],
        "subscribed": false
    },
    {
        "client_msg_id": "08125feb-8375-40b4-8a80-4afb04baae71",
        "type": "message",
        "text": "<@UK8EJNUKD> Yep. Seems to be a type. Nice catch! Could you please create either an issue or pull request for it?",
        "user": "UC19HAUAK",
        "ts": "1560880432.121300",
        "team": "TC0C1HURK",
        "user_team": "TC0C1HURK",
        "source_team": "TC0C1HURK",
        "user_profile": {
            "avatar_hash": "066a042e018c",
            "image_72": "https:\/\/avatars.slack-edge.com\/2019-12-07\/866588520998_066a042e018ca831a195_72.png",
            "first_name": "Pavel",
            "real_name": "Pavel Tiunov",
            "display_name": "pavel",
            "team": "TC0C1HURK",
            "name": "pavel",
            "is_restricted": false,
            "is_ultra_restricted": false
        },
        "thread_ts": "1560879394.121200",
        "parent_user_id": "UK8EJNUKD"
    },
    {
        "client_msg_id": "b8596018-3a18-4403-9093-604b2438fae4",
        "type": "message",
        "text": "ok,  will do that going forward.",
        "user": "UK8EJNUKD",
        "ts": "1560880537.121600",
        "team": "TC0C1HURK",
        "user_team": "TC0C1HURK",
        "source_team": "TC0C1HURK",
        "user_profile": {
            "avatar_hash": "g9f54ba0eb21",
            "image_72": "https:\/\/secure.gravatar.com\/avatar\/f9f54ba0eb21a1926be3372194e55164.jpg?s=72&d=https%3A%2F%2Fa.slack-edge.com%2Fdf10d%2Fimg%2Favatars%2Fava_0004-72.png",
            "first_name": "",
            "real_name": "Tim Lee",
            "display_name": "Tim Lee",
            "team": "TC0C1HURK",
            "name": "tlee",
            "is_restricted": false,
            "is_ultra_restricted": false
        },
        "thread_ts": "1560879394.121200",
        "parent_user_id": "UK8EJNUKD"
    },
    {
        "client_msg_id": "97569419-8eb0-47bb-a27b-41f0145cc43a",
        "type": "message",
        "text": "That's exactly the problem. Its possible to enable it in production mode?",
        "user": "UKBDPAAKD",
        "ts": "1560881756.121800",
        "team": "TC0C1HURK",
        "user_team": "TC0C1HURK",
        "source_team": "TC0C1HURK",
        "user_profile": {
            "avatar_hash": "g5654ed2329e",
            "image_72": "https:\/\/secure.gravatar.com\/avatar\/b5654ed2329e49246bdf5ef252a8f4af.jpg?s=72&d=https%3A%2F%2Fa.slack-edge.com%2Fdf10d%2Fimg%2Favatars%2Fava_0010-72.png",
            "first_name": "",
            "real_name": "João Ferreira",
            "display_name": "João Ferreira",
            "team": "TC0C1HURK",
            "name": "joaoadrianoferreira",
            "is_restricted": false,
            "is_ultra_restricted": false
        },
        "thread_ts": "1560877195.113000",
        "parent_user_id": "UKBDPAAKD"
    },
    {
        "client_msg_id": "80971b01-807f-4eda-b5c8-91a8a2a90319",
        "type": "message",
        "text": "Thank you <@UC19HAUAK>",
        "user": "UKBDPAAKD",
        "ts": "1560881764.122000",
        "team": "TC0C1HURK",
        "user_team": "TC0C1HURK",
        "source_team": "TC0C1HURK",
        "user_profile": {
            "avatar_hash": "g5654ed2329e",
            "image_72": "https:\/\/secure.gravatar.com\/avatar\/b5654ed2329e49246bdf5ef252a8f4af.jpg?s=72&d=https%3A%2F%2Fa.slack-edge.com%2Fdf10d%2Fimg%2Favatars%2Fava_0010-72.png",
            "first_name": "",
            "real_name": "João Ferreira",
            "display_name": "João Ferreira",
            "team": "TC0C1HURK",
            "name": "joaoadrianoferreira",
            "is_restricted": false,
            "is_ultra_restricted": false
        },
        "edited": {
            "user": "UKBDPAAKD",
            "ts": "1560881917.000000"
        },
        "thread_ts": "1560877195.113000",
        "parent_user_id": "UKBDPAAKD"
    },
    {
        "client_msg_id": "551f452a-8e68-4ac6-892c-c42c50279ed6",
        "type": "message",
        "text": "<@UKBDPAAKD> Yep. Here it's: <https:\/\/cube.dev\/docs\/@cubejs-backend-server-core#options-reference-dev-server>",
        "user": "UC19HAUAK",
        "ts": "1560883057.122300",
        "team": "TC0C1HURK",
        "user_team": "TC0C1HURK",
        "source_team": "TC0C1HURK",
        "user_profile": {
            "avatar_hash": "066a042e018c",
            "image_72": "https:\/\/avatars.slack-edge.com\/2019-12-07\/866588520998_066a042e018ca831a195_72.png",
            "first_name": "Pavel",
            "real_name": "Pavel Tiunov",
            "display_name": "pavel",
            "team": "TC0C1HURK",
            "name": "pavel",
            "is_restricted": false,
            "is_ultra_restricted": false
        },
        "thread_ts": "1560877195.113000",
        "parent_user_id": "UKBDPAAKD"
    },
    {
        "client_msg_id": "b171877b-a5e1-43b3-861d-f0aba0380fed",
        "type": "message",
        "text": "<@UKBDPAAKD> You should use it with caution in production as it gives non-restricted access to your data for all who can access your server.",
        "user": "UC19HAUAK",
        "ts": "1560883146.122500",
        "team": "TC0C1HURK",
        "user_team": "TC0C1HURK",
        "source_team": "TC0C1HURK",
        "user_profile": {
            "avatar_hash": "066a042e018c",
            "image_72": "https:\/\/avatars.slack-edge.com\/2019-12-07\/866588520998_066a042e018ca831a195_72.png",
            "first_name": "Pavel",
            "real_name": "Pavel Tiunov",
            "display_name": "pavel",
            "team": "TC0C1HURK",
            "name": "pavel",
            "is_restricted": false,
            "is_ultra_restricted": false
        },
        "thread_ts": "1560877195.113000",
        "parent_user_id": "UKBDPAAKD"
    },
    {
        "client_msg_id": "5dbd8201-9754-40a1-956a-1c8cfe652fa5",
        "type": "message",
        "text": "We have created a blog post of how we integrated _Cube.js_ into a :syringe: medical software platform and :passenger_ship: deployed it to production. Check it out here:\n<https:\/\/sublimd.com\/en\/blog\/2019\/06\/sublimd-analytics-meets-cube.js>",
        "user": "UG8FM1Z8C",
        "ts": "1560883349.124200",
        "team": "TC0C1HURK",
        "user_team": "TC0C1HURK",
        "source_team": "TC0C1HURK",
        "user_profile": {
            "avatar_hash": "gd1bddeeede5",
            "image_72": "https:\/\/secure.gravatar.com\/avatar\/ad1bddeeede5ff1c9fe85dc8c0607b4e.jpg?s=72&d=https%3A%2F%2Fa.slack-edge.com%2Fdf10d%2Fimg%2Favatars%2Fava_0000-72.png",
            "first_name": "",
            "real_name": "Thomas",
            "display_name": "",
            "team": "TC0C1HURK",
            "name": "dotsilver",
            "is_restricted": false,
            "is_ultra_restricted": false
        },
        "attachments": [
            {
                "service_name": "sublimd Blog",
                "title": "sublimd Analytics meets Cube.js",
                "title_link": "https:\/\/sublimd.com\/en\/blog\/2019\/06\/sublimd-analytics-meets-cube.js",
                "text": "In the beginning of 2019, we have received the first request for our new module sublimd Analytics from a client.",
                "fallback": "sublimd Blog: sublimd Analytics meets Cube.js",
                "image_url": "https:\/\/sublimd.com\/en\/blog\/images\/blog\/cubejs.png",
                "ts": 1560816000,
                "from_url": "https:\/\/sublimd.com\/en\/blog\/2019\/06\/sublimd-analytics-meets-cube.js",
                "image_width": 637,
                "image_height": 250,
                "image_bytes": 32148,
                "id": 1,
                "original_url": "https:\/\/sublimd.com\/en\/blog\/2019\/06\/sublimd-analytics-meets-cube.js"
            }
        ],
        "reactions": [
            {
                "name": "tada",
                "users": [
                    "UG8FM1Z8C",
                    "UC1HAFW4E",
                    "UC19HAUAK"
                ],
                "count": 3
            },
            {
                "name": "+1",
                "users": [
                    "UC1HAFW4E",
                    "UC19HAUAK"
                ],
                "count": 2
            },
            {
                "name": "fire",
                "users": [
                    "UC1HAFW4E",
                    "UC19HAUAK",
                    "UJ5RZ4ZSS"
                ],
                "count": 3
            }
        ]
    },
    {
        "client_msg_id": "d1caa85f-e158-45a3-8065-1638576c5341",
        "type": "message",
        "text": "Thank you very much for your help <@UC19HAUAK>",
        "user": "UKBDPAAKD",
        "ts": "1560883959.124800",
        "team": "TC0C1HURK",
        "user_team": "TC0C1HURK",
        "source_team": "TC0C1HURK",
        "user_profile": {
            "avatar_hash": "g5654ed2329e",
            "image_72": "https:\/\/secure.gravatar.com\/avatar\/b5654ed2329e49246bdf5ef252a8f4af.jpg?s=72&d=https%3A%2F%2Fa.slack-edge.com%2Fdf10d%2Fimg%2Favatars%2Fava_0010-72.png",
            "first_name": "",
            "real_name": "João Ferreira",
            "display_name": "João Ferreira",
            "team": "TC0C1HURK",
            "name": "joaoadrianoferreira",
            "is_restricted": false,
            "is_ultra_restricted": false
        },
        "thread_ts": "1560877195.113000",
        "parent_user_id": "UKBDPAAKD",
        "reactions": [
            {
                "name": "raised_hands",
                "users": [
                    "UC19HAUAK"
                ],
                "count": 1
            }
        ]
    },
    {
        "client_msg_id": "b4afafb9-c31a-40fc-bea5-730b29dab338",
        "type": "message",
        "text": "Does the stacked bar chart supposed to work?  I can see it working from the example animation.  But currently it is not working for me.  Every time I pick a dimension in addition to the time horizon, it switch to table.  And if I delete the time horizon and add a second dimension instead, the the chart will flatten the two dimensions into one by concatenating the two values as a combination.  I am looking into the Ant Design documentation... but thought I should ask here as well.",
        "user": "UK8EJNUKD",
        "ts": "1560890548.131000",
        "team": "TC0C1HURK",
        "user_team": "TC0C1HURK",
        "source_team": "TC0C1HURK",
        "user_profile": {
            "avatar_hash": "g9f54ba0eb21",
            "image_72": "https:\/\/secure.gravatar.com\/avatar\/f9f54ba0eb21a1926be3372194e55164.jpg?s=72&d=https%3A%2F%2Fa.slack-edge.com%2Fdf10d%2Fimg%2Favatars%2Fava_0004-72.png",
            "first_name": "",
            "real_name": "Tim Lee",
            "display_name": "Tim Lee",
            "team": "TC0C1HURK",
            "name": "tlee",
            "is_restricted": false,
            "is_ultra_restricted": false
        },
        "thread_ts": "1560890548.131000",
        "reply_count": 16,
        "reply_users_count": 2,
        "latest_reply": "1560894823.134700",
        "reply_users": [
            "UC19HAUAK",
            "UK8EJNUKD"
        ],
        "replies": [
            {
                "user": "UC19HAUAK",
                "ts": "1560890601.131100"
            },
            {
                "user": "UK8EJNUKD",
                "ts": "1560890728.131300"
            },
            {
                "user": "UK8EJNUKD",
                "ts": "1560890767.131500"
            },
            {
                "user": "UK8EJNUKD",
                "ts": "1560891144.131700"
            },
            {
                "user": "UK8EJNUKD",
                "ts": "1560891249.132100"
            },
            {
                "user": "UK8EJNUKD",
                "ts": "1560891506.132300"
            },
            {
                "user": "UK8EJNUKD",
                "ts": "1560891635.132500"
            },
            {
                "user": "UC19HAUAK",
                "ts": "1560891669.132700"
            },
            {
                "user": "UC19HAUAK",
                "ts": "1560891751.132900"
            },
            {
                "user": "UK8EJNUKD",
                "ts": "1560893859.133100"
            },
            {
                "user": "UK8EJNUKD",
                "ts": "1560893928.133300"
            },
            {
                "user": "UC19HAUAK",
                "ts": "1560894111.133700"
            },
            {
                "user": "UC19HAUAK",
                "ts": "1560894145.133900"
            },
            {
                "user": "UK8EJNUKD",
                "ts": "1560894206.134100"
            },
            {
                "user": "UK8EJNUKD",
                "ts": "1560894483.134400"
            },
            {
                "user": "UC19HAUAK",
                "ts": "1560894823.134700"
            }
        ],
        "subscribed": false
    },
    {
        "client_msg_id": "a76afc9a-dd52-4987-b0c3-edecce67f872",
        "type": "message",
        "text": "Hey <@UK8EJNUKD>! Have you tried to change visualization type back to bar chart from table?",
        "user": "UC19HAUAK",
        "ts": "1560890601.131100",
        "team": "TC0C1HURK",
        "user_team": "TC0C1HURK",
        "source_team": "TC0C1HURK",
        "user_profile": {
            "avatar_hash": "066a042e018c",
            "image_72": "https:\/\/avatars.slack-edge.com\/2019-12-07\/866588520998_066a042e018ca831a195_72.png",
            "first_name": "Pavel",
            "real_name": "Pavel Tiunov",
            "display_name": "pavel",
            "team": "TC0C1HURK",
            "name": "pavel",
            "is_restricted": false,
            "is_ultra_restricted": false
        },
        "thread_ts": "1560890548.131000",
        "parent_user_id": "UK8EJNUKD"
    },
    {
        "client_msg_id": "93ed29f9-d393-4afe-a433-3f2ce845e66b",
        "type": "message",
        "text": "oh yes, and in that case it will only show the dimension I added and forgot the timeline altogether.",
        "user": "UK8EJNUKD",
        "ts": "1560890728.131300",
        "team": "TC0C1HURK",
        "user_team": "TC0C1HURK",
        "source_team": "TC0C1HURK",
        "user_profile": {
            "avatar_hash": "g9f54ba0eb21",
            "image_72": "https:\/\/secure.gravatar.com\/avatar\/f9f54ba0eb21a1926be3372194e55164.jpg?s=72&d=https%3A%2F%2Fa.slack-edge.com%2Fdf10d%2Fimg%2Favatars%2Fava_0004-72.png",
            "first_name": "",
            "real_name": "Tim Lee",
            "display_name": "Tim Lee",
            "team": "TC0C1HURK",
            "name": "tlee",
            "is_restricted": false,
            "is_ultra_restricted": false
        },
        "thread_ts": "1560890548.131000",
        "parent_user_id": "UK8EJNUKD"
    },
    {
        "client_msg_id": "0604f100-19c2-453e-8fc4-09a0bb4ec494",
        "type": "message",
        "text": "let me see if I can capture some video",
        "user": "UK8EJNUKD",
        "ts": "1560890767.131500",
        "team": "TC0C1HURK",
        "user_team": "TC0C1HURK",
        "source_team": "TC0C1HURK",
        "user_profile": {
            "avatar_hash": "g9f54ba0eb21",
            "image_72": "https:\/\/secure.gravatar.com\/avatar\/f9f54ba0eb21a1926be3372194e55164.jpg?s=72&d=https%3A%2F%2Fa.slack-edge.com%2Fdf10d%2Fimg%2Favatars%2Fava_0004-72.png",
            "first_name": "",
            "real_name": "Tim Lee",
            "display_name": "Tim Lee",
            "team": "TC0C1HURK",
            "name": "tlee",
            "is_restricted": false,
            "is_ultra_restricted": false
        },
        "thread_ts": "1560890548.131000",
        "parent_user_id": "UK8EJNUKD"
    },
    {
        "type": "message",
        "text": "",
        "files": [
            {
                "id": "FKR92BR46",
                "created": 1560891143,
                "timestamp": 1560891143,
                "name": "Screen Recording 2019-06-18 at 4.48.00 PM.mov",
                "title": "Screen Recording 2019-06-18 at 4.48.00 PM.mov",
                "mimetype": "video\/quicktime",
                "filetype": "mov",
                "pretty_type": "QuickTime Movie",
                "user": "UK8EJNUKD",
                "editable": false,
                "size": 8516143,
                "mode": "hosted",
                "is_external": false,
                "external_type": "",
                "is_public": true,
                "public_url_shared": false,
                "display_as_bot": false,
                "username": "",
                "url_private": "https:\/\/files.slack.com\/files-pri\/TC0C1HURK-FKR92BR46\/screen_recording_2019-06-18_at_4.48.00_pm.mov?t=xoxe-408409606869-1267807410853-1293019902560-8c9dc5fc58d3a65e0fe0837e69de048d",
                "url_private_download": "https:\/\/files.slack.com\/files-pri\/TC0C1HURK-FKR92BR46\/download\/screen_recording_2019-06-18_at_4.48.00_pm.mov?t=xoxe-408409606869-1267807410853-1293019902560-8c9dc5fc58d3a65e0fe0837e69de048d",
                "thumb_video": "https:\/\/files.slack.com\/files-tmb\/TC0C1HURK-FKR92BR46-b6eda07ea8\/screen_recording_2019-06-18_at_4.48.00_pm_thumb_video.jpeg?t=xoxe-408409606869-1267807410853-1293019902560-8c9dc5fc58d3a65e0fe0837e69de048d",
                "permalink": "https:\/\/cube-js.slack.com\/files\/UK8EJNUKD\/FKR92BR46\/screen_recording_2019-06-18_at_4.48.00_pm.mov",
                "permalink_public": "https:\/\/slack-files.com\/TC0C1HURK-FKR92BR46-11ae173670",
                "is_starred": false,
                "has_rich_preview": false
            }
        ],
        "upload": true,
        "user": "UK8EJNUKD",
        "display_as_bot": false,
        "ts": "1560891144.131700",
        "client_msg_id": "fc3d11c3-e3ac-401d-81af-5763f8606323",
        "thread_ts": "1560890548.131000",
        "parent_user_id": "UK8EJNUKD"
    },
    {
        "client_msg_id": "a41255c1-65fe-481b-95ff-f94ffe16182b",
        "type": "message",
        "text": "switching back to line chart seems to work",
        "user": "UK8EJNUKD",
        "ts": "1560891249.132100",
        "team": "TC0C1HURK",
        "user_team": "TC0C1HURK",
        "source_team": "TC0C1HURK",
        "user_profile": {
            "avatar_hash": "g9f54ba0eb21",
            "image_72": "https:\/\/secure.gravatar.com\/avatar\/f9f54ba0eb21a1926be3372194e55164.jpg?s=72&d=https%3A%2F%2Fa.slack-edge.com%2Fdf10d%2Fimg%2Favatars%2Fava_0004-72.png",
            "first_name": "",
            "real_name": "Tim Lee",
            "display_name": "Tim Lee",
            "team": "TC0C1HURK",
            "name": "tlee",
            "is_restricted": false,
            "is_ultra_restricted": false
        },
        "thread_ts": "1560890548.131000",
        "parent_user_id": "UK8EJNUKD"
    },
    {
        "client_msg_id": "fb9e8b9f-762d-4086-b209-47fe0b745eec",
        "type": "message",
        "text": "but then subsequent attempt to manipulate the explore would knock my Mac into coma as resource usage seems to shoot way up.  Thats when I give up looking further.",
        "user": "UK8EJNUKD",
        "ts": "1560891506.132300",
        "team": "TC0C1HURK",
        "user_team": "TC0C1HURK",
        "source_team": "TC0C1HURK",
        "user_profile": {
            "avatar_hash": "g9f54ba0eb21",
            "image_72": "https:\/\/secure.gravatar.com\/avatar\/f9f54ba0eb21a1926be3372194e55164.jpg?s=72&d=https%3A%2F%2Fa.slack-edge.com%2Fdf10d%2Fimg%2Favatars%2Fava_0004-72.png",
            "first_name": "",
            "real_name": "Tim Lee",
            "display_name": "Tim Lee",
            "team": "TC0C1HURK",
            "name": "tlee",
            "is_restricted": false,
            "is_ultra_restricted": false
        },
        "thread_ts": "1560890548.131000",
        "parent_user_id": "UK8EJNUKD"
    },
    {
        "client_msg_id": "4ecc9307-b1f2-424b-85c3-f6e9e80debef",
        "type": "message",
        "text": "In any case, my critical use case is actually pivot table not stacked chart - if you can point me in the direction of alternative react components, please do.  thx",
        "user": "UK8EJNUKD",
        "ts": "1560891635.132500",
        "team": "TC0C1HURK",
        "user_team": "TC0C1HURK",
        "source_team": "TC0C1HURK",
        "user_profile": {
            "avatar_hash": "g9f54ba0eb21",
            "image_72": "https:\/\/secure.gravatar.com\/avatar\/f9f54ba0eb21a1926be3372194e55164.jpg?s=72&d=https%3A%2F%2Fa.slack-edge.com%2Fdf10d%2Fimg%2Favatars%2Fava_0004-72.png",
            "first_name": "",
            "real_name": "Tim Lee",
            "display_name": "Tim Lee",
            "team": "TC0C1HURK",
            "name": "tlee",
            "is_restricted": false,
            "is_ultra_restricted": false
        },
        "thread_ts": "1560890548.131000",
        "parent_user_id": "UK8EJNUKD"
    },
    {
        "client_msg_id": "6650d326-5797-491c-8526-c6968cd847e0",
        "type": "message",
        "text": "<@UK8EJNUKD> When you switched back to bar chart view please note that time dimension isn't set: it reads as `BY w\/o grouping`. You should select appropriate time dimension there.",
        "user": "UC19HAUAK",
        "ts": "1560891669.132700",
        "team": "TC0C1HURK",
        "user_team": "TC0C1HURK",
        "source_team": "TC0C1HURK",
        "user_profile": {
            "avatar_hash": "066a042e018c",
            "image_72": "https:\/\/avatars.slack-edge.com\/2019-12-07\/866588520998_066a042e018ca831a195_72.png",
            "first_name": "Pavel",
            "real_name": "Pavel Tiunov",
            "display_name": "pavel",
            "team": "TC0C1HURK",
            "name": "pavel",
            "is_restricted": false,
            "is_ultra_restricted": false
        },
        "thread_ts": "1560890548.131000",
        "parent_user_id": "UK8EJNUKD"
    },
    {
        "client_msg_id": "3739bc68-162b-4c3c-bf09-8a3a384baf92",
        "type": "message",
        "text": "You also probably want to reduce analyzed date range to make sure your browser can consume output produced by server with confidence.",
        "user": "UC19HAUAK",
        "ts": "1560891751.132900",
        "team": "TC0C1HURK",
        "user_team": "TC0C1HURK",
        "source_team": "TC0C1HURK",
        "user_profile": {
            "avatar_hash": "066a042e018c",
            "image_72": "https:\/\/avatars.slack-edge.com\/2019-12-07\/866588520998_066a042e018ca831a195_72.png",
            "first_name": "Pavel",
            "real_name": "Pavel Tiunov",
            "display_name": "pavel",
            "team": "TC0C1HURK",
            "name": "pavel",
            "is_restricted": false,
            "is_ultra_restricted": false
        },
        "thread_ts": "1560890548.131000",
        "parent_user_id": "UK8EJNUKD"
    },
    {
        "client_msg_id": "144664e1-9550-44d4-be80-6eebe8c4b9ef",
        "type": "message",
        "text": "Thx.  The charts seems to work fine now.  But the table is still problematic - best explain with vid cap.",
        "user": "UK8EJNUKD",
        "ts": "1560893859.133100",
        "team": "TC0C1HURK",
        "user_team": "TC0C1HURK",
        "source_team": "TC0C1HURK",
        "user_profile": {
            "avatar_hash": "g9f54ba0eb21",
            "image_72": "https:\/\/secure.gravatar.com\/avatar\/f9f54ba0eb21a1926be3372194e55164.jpg?s=72&d=https%3A%2F%2Fa.slack-edge.com%2Fdf10d%2Fimg%2Favatars%2Fava_0004-72.png",
            "first_name": "",
            "real_name": "Tim Lee",
            "display_name": "Tim Lee",
            "team": "TC0C1HURK",
            "name": "tlee",
            "is_restricted": false,
            "is_ultra_restricted": false
        },
        "thread_ts": "1560890548.131000",
        "parent_user_id": "UK8EJNUKD"
    },
    {
        "type": "message",
        "text": "",
        "files": [
            {
                "id": "FKGR9UTND",
                "created": 1560893927,
                "timestamp": 1560893927,
                "name": "Screen Recording 2019-06-18 at 5.34.40 PM.mov",
                "title": "Screen Recording 2019-06-18 at 5.34.40 PM.mov",
                "mimetype": "video\/quicktime",
                "filetype": "mov",
                "pretty_type": "QuickTime Movie",
                "user": "UK8EJNUKD",
                "editable": false,
                "size": 6364497,
                "mode": "hosted",
                "is_external": false,
                "external_type": "",
                "is_public": true,
                "public_url_shared": false,
                "display_as_bot": false,
                "username": "",
                "url_private": "https:\/\/files.slack.com\/files-pri\/TC0C1HURK-FKGR9UTND\/screen_recording_2019-06-18_at_5.34.40_pm.mov?t=xoxe-408409606869-1267807410853-1293019902560-8c9dc5fc58d3a65e0fe0837e69de048d",
                "url_private_download": "https:\/\/files.slack.com\/files-pri\/TC0C1HURK-FKGR9UTND\/download\/screen_recording_2019-06-18_at_5.34.40_pm.mov?t=xoxe-408409606869-1267807410853-1293019902560-8c9dc5fc58d3a65e0fe0837e69de048d",
                "thumb_video": "https:\/\/files.slack.com\/files-tmb\/TC0C1HURK-FKGR9UTND-05c77da831\/screen_recording_2019-06-18_at_5.34.40_pm_thumb_video.jpeg?t=xoxe-408409606869-1267807410853-1293019902560-8c9dc5fc58d3a65e0fe0837e69de048d",
                "permalink": "https:\/\/cube-js.slack.com\/files\/UK8EJNUKD\/FKGR9UTND\/screen_recording_2019-06-18_at_5.34.40_pm.mov",
                "permalink_public": "https:\/\/slack-files.com\/TC0C1HURK-FKGR9UTND-2014dcfd5c",
                "is_starred": false,
                "has_rich_preview": false
            }
        ],
        "upload": true,
        "user": "UK8EJNUKD",
        "display_as_bot": false,
        "ts": "1560893928.133300",
        "client_msg_id": "d303deb5-6bdb-4e98-ac2a-5f90c92dc110",
        "thread_ts": "1560890548.131000",
        "parent_user_id": "UK8EJNUKD"
    },
    {
        "client_msg_id": "a54a49ab-855c-46ec-8d6f-985a3ea122a4",
        "type": "message",
        "text": "<@UK8EJNUKD> Yep. It's know issue. Table right now doesn't support horizontal pivoting which is enabled by default. Would love if you can post this issue on Github.",
        "user": "UC19HAUAK",
        "ts": "1560894111.133700",
        "team": "TC0C1HURK",
        "user_team": "TC0C1HURK",
        "source_team": "TC0C1HURK",
        "user_profile": {
            "avatar_hash": "066a042e018c",
            "image_72": "https:\/\/avatars.slack-edge.com\/2019-12-07\/866588520998_066a042e018ca831a195_72.png",
            "first_name": "Pavel",
            "real_name": "Pavel Tiunov",
            "display_name": "pavel",
            "team": "TC0C1HURK",
            "name": "pavel",
            "is_restricted": false,
            "is_ultra_restricted": false
        },
        "thread_ts": "1560890548.131000",
        "parent_user_id": "UK8EJNUKD"
    },
    {
        "client_msg_id": "f1c651ec-393e-44bb-8a03-31b161d8507f",
        "type": "message",
        "text": "We'll fix it soon.",
        "user": "UC19HAUAK",
        "ts": "1560894145.133900",
        "team": "TC0C1HURK",
        "user_team": "TC0C1HURK",
        "source_team": "TC0C1HURK",
        "user_profile": {
            "avatar_hash": "066a042e018c",
            "image_72": "https:\/\/avatars.slack-edge.com\/2019-12-07\/866588520998_066a042e018ca831a195_72.png",
            "first_name": "Pavel",
            "real_name": "Pavel Tiunov",
            "display_name": "pavel",
            "team": "TC0C1HURK",
            "name": "pavel",
            "is_restricted": false,
            "is_ultra_restricted": false
        },
        "thread_ts": "1560890548.131000",
        "parent_user_id": "UK8EJNUKD"
    },
    {
        "client_msg_id": "2ebed53b-8dac-45eb-a83a-fa91af8ee0b9",
        "type": "message",
        "text": "ok.  will do.  also the two dimensions w\/o time case.  Will file that tomorrow.",
        "user": "UK8EJNUKD",
        "ts": "1560894206.134100",
        "team": "TC0C1HURK",
        "user_team": "TC0C1HURK",
        "source_team": "TC0C1HURK",
        "user_profile": {
            "avatar_hash": "g9f54ba0eb21",
            "image_72": "https:\/\/secure.gravatar.com\/avatar\/f9f54ba0eb21a1926be3372194e55164.jpg?s=72&d=https%3A%2F%2Fa.slack-edge.com%2Fdf10d%2Fimg%2Favatars%2Fava_0004-72.png",
            "first_name": "",
            "real_name": "Tim Lee",
            "display_name": "Tim Lee",
            "team": "TC0C1HURK",
            "name": "tlee",
            "is_restricted": false,
            "is_ultra_restricted": false
        },
        "thread_ts": "1560890548.131000",
        "parent_user_id": "UK8EJNUKD",
        "reactions": [
            {
                "name": "+1",
                "users": [
                    "UC19HAUAK"
                ],
                "count": 1
            }
        ]
    },
    {
        "client_msg_id": "d26c0fbf-029e-4811-839a-13e1caf0a056",
        "type": "message",
        "text": "I believe this is just a client code issue correct?  My goal is to demo user drag-n-drop dynamic pivoting.  I think I can explore an alternative charting component while waiting for your fix.  Correct?",
        "user": "UK8EJNUKD",
        "ts": "1560894483.134400",
        "team": "TC0C1HURK",
        "user_team": "TC0C1HURK",
        "source_team": "TC0C1HURK",
        "user_profile": {
            "avatar_hash": "g9f54ba0eb21",
            "image_72": "https:\/\/secure.gravatar.com\/avatar\/f9f54ba0eb21a1926be3372194e55164.jpg?s=72&d=https%3A%2F%2Fa.slack-edge.com%2Fdf10d%2Fimg%2Favatars%2Fava_0004-72.png",
            "first_name": "",
            "real_name": "Tim Lee",
            "display_name": "Tim Lee",
            "team": "TC0C1HURK",
            "name": "tlee",
            "is_restricted": false,
            "is_ultra_restricted": false
        },
        "thread_ts": "1560890548.131000",
        "parent_user_id": "UK8EJNUKD"
    },
    {
        "client_msg_id": "43b4889e-75e9-40bc-af1c-8745b720d73e",
        "type": "message",
        "text": "<@UK8EJNUKD> Yep. It's actually lack of implementation in playground. In fact there're pivoting functions which do that. And yes you can do it yourself on your client side.",
        "user": "UC19HAUAK",
        "ts": "1560894823.134700",
        "team": "TC0C1HURK",
        "user_team": "TC0C1HURK",
        "source_team": "TC0C1HURK",
        "user_profile": {
            "avatar_hash": "066a042e018c",
            "image_72": "https:\/\/avatars.slack-edge.com\/2019-12-07\/866588520998_066a042e018ca831a195_72.png",
            "first_name": "Pavel",
            "real_name": "Pavel Tiunov",
            "display_name": "pavel",
            "team": "TC0C1HURK",
            "name": "pavel",
            "is_restricted": false,
            "is_ultra_restricted": false
        },
        "thread_ts": "1560890548.131000",
        "parent_user_id": "UK8EJNUKD"
    }
]