[
    {
        "type": "message",
        "subtype": "channel_join",
        "ts": "1561392062.164000",
        "user": "UKU24LXL4",
        "text": "<@UKU24LXL4> has joined the channel"
    },
    {
        "client_msg_id": "5F5A8616-85BA-4CDB-870C-A80AF3276015",
        "type": "message",
        "text": "<@UK83Z2H1A> which driver version you use? It was recently fixed.",
        "user": "UC19HAUAK",
        "ts": "1561392274.165100",
        "team": "TC0C1HURK",
        "user_team": "TC0C1HURK",
        "source_team": "TC0C1HURK",
        "user_profile": {
            "avatar_hash": "066a042e018c",
            "image_72": "https:\/\/avatars.slack-edge.com\/2019-12-07\/866588520998_066a042e018ca831a195_72.png",
            "first_name": "Pavel",
            "real_name": "Pavel Tiunov",
            "display_name": "pavel",
            "team": "TC0C1HURK",
            "name": "pavel",
            "is_restricted": false,
            "is_ultra_restricted": false
        },
        "thread_ts": "1561100111.152900",
        "parent_user_id": "UK83Z2H1A"
    },
    {
        "type": "message",
        "subtype": "channel_join",
        "ts": "1561444787.165400",
        "user": "UKXBC6TE2",
        "text": "<@UKXBC6TE2> has joined the channel"
    }
]