[
    {
        "type": "message",
        "subtype": "channel_join",
        "ts": "1564996059.109100",
        "user": "ULVNXR6SV",
        "text": "<@ULVNXR6SV> has joined the channel"
    },
    {
        "type": "message",
        "subtype": "channel_join",
        "ts": "1565004158.109300",
        "user": "ULVS51LJD",
        "text": "<@ULVS51LJD> has joined the channel"
    },
    {
        "type": "message",
        "subtype": "channel_join",
        "ts": "1565014360.110400",
        "user": "UM4GGJFJA",
        "text": "<@UM4GGJFJA> has joined the channel"
    },
    {
        "type": "message",
        "text": "<@UC19HAUAK> Here is a scrubbed log that shows the timeout. I can see records trickle in hundreds in seconds, but in this case the aggregate needs 25,000 records, which it does not complete within 10 (or 20) minutes.",
        "files": [
            {
                "id": "FLR0UH4DQ",
                "created": 1565015720,
                "timestamp": 1565015720,
                "name": "cubejs-external-rollup-timeout.txt",
                "title": "cubejs-external-rollup-timeout.txt",
                "mimetype": "text\/plain",
                "filetype": "text",
                "pretty_type": "Plain Text",
                "user": "ULD1RCPFF",
                "editable": true,
                "size": 14948,
                "mode": "snippet",
                "is_external": false,
                "external_type": "",
                "is_public": true,
                "public_url_shared": false,
                "display_as_bot": false,
                "username": "",
                "url_private": "https:\/\/files.slack.com\/files-pri\/TC0C1HURK-FLR0UH4DQ\/cubejs-external-rollup-timeout.txt?t=xoxe-408409606869-1267807410853-1293019902560-8c9dc5fc58d3a65e0fe0837e69de048d",
                "url_private_download": "https:\/\/files.slack.com\/files-pri\/TC0C1HURK-FLR0UH4DQ\/download\/cubejs-external-rollup-timeout.txt?t=xoxe-408409606869-1267807410853-1293019902560-8c9dc5fc58d3a65e0fe0837e69de048d",
                "permalink": "https:\/\/cube-js.slack.com\/files\/ULD1RCPFF\/FLR0UH4DQ\/cubejs-external-rollup-timeout.txt",
                "permalink_public": "https:\/\/slack-files.com\/TC0C1HURK-FLR0UH4DQ-7b657b8173",
                "edit_link": "https:\/\/cube-js.slack.com\/files\/ULD1RCPFF\/FLR0UH4DQ\/cubejs-external-rollup-timeout.txt\/edit",
                "is_starred": false,
                "has_rich_preview": false
            }
        ],
        "upload": true,
        "user": "ULD1RCPFF",
        "display_as_bot": false,
        "ts": "1565015721.111200",
        "client_msg_id": "4e86e169-78bd-4dab-ab20-f16717b3a611",
        "thread_ts": "1564668709.090400",
        "parent_user_id": "ULSPWBW9X"
    },
    {
        "type": "message",
        "subtype": "channel_join",
        "ts": "1565021765.111700",
        "user": "ULR560R26",
        "text": "<@ULR560R26> has joined the channel"
    },
    {
        "client_msg_id": "F90DEEF5-D8A5-4E4C-A64C-D5E96FBC67D1",
        "type": "message",
        "text": "Hey Sandeep! Could you please share stacktrace for this error?",
        "user": "UC19HAUAK",
        "ts": "1565032869.112500",
        "team": "TC0C1HURK",
        "user_team": "TC0C1HURK",
        "source_team": "TC0C1HURK",
        "user_profile": {
            "avatar_hash": "066a042e018c",
            "image_72": "https:\/\/avatars.slack-edge.com\/2019-12-07\/866588520998_066a042e018ca831a195_72.png",
            "first_name": "Pavel",
            "real_name": "Pavel Tiunov",
            "display_name": "pavel",
            "team": "TC0C1HURK",
            "name": "pavel",
            "is_restricted": false,
            "is_ultra_restricted": false
        },
        "thread_ts": "1564984616.108900",
        "parent_user_id": "UM3QHLT71"
    },
    {
        "type": "message",
        "subtype": "channel_join",
        "ts": "1565033339.112800",
        "user": "UM2QXLJ4D",
        "text": "<@UM2QXLJ4D> has joined the channel"
    },
    {
        "client_msg_id": "eb9b2a5a-45c1-4029-8668-a50d3a2458a3",
        "type": "message",
        "text": "<@ULD1RCPFF> Gotcha. So it unable to finish uploading of rollup. How many records you expect in the rollup table?",
        "user": "UC19HAUAK",
        "ts": "1565042128.112900",
        "team": "TC0C1HURK",
        "user_team": "TC0C1HURK",
        "source_team": "TC0C1HURK",
        "user_profile": {
            "avatar_hash": "066a042e018c",
            "image_72": "https:\/\/avatars.slack-edge.com\/2019-12-07\/866588520998_066a042e018ca831a195_72.png",
            "first_name": "Pavel",
            "real_name": "Pavel Tiunov",
            "display_name": "pavel",
            "team": "TC0C1HURK",
            "name": "pavel",
            "is_restricted": false,
            "is_ultra_restricted": false
        },
        "edited": {
            "user": "UC19HAUAK",
            "ts": "1565042441.000000"
        },
        "thread_ts": "1564668709.090400",
        "parent_user_id": "ULSPWBW9X"
    },
    {
        "client_msg_id": "8739b735-d914-4bdf-baef-814a9b7786b9",
        "type": "message",
        "text": "Currently `BaseDriver` has default one row at a time upload implementation which is obviously very inefficient. We need to support COPY operations for different drivers in order to implement efficient uploading\/downloading.",
        "user": "UC19HAUAK",
        "ts": "1565042420.113100",
        "team": "TC0C1HURK",
        "user_team": "TC0C1HURK",
        "source_team": "TC0C1HURK",
        "user_profile": {
            "avatar_hash": "066a042e018c",
            "image_72": "https:\/\/avatars.slack-edge.com\/2019-12-07\/866588520998_066a042e018ca831a195_72.png",
            "first_name": "Pavel",
            "real_name": "Pavel Tiunov",
            "display_name": "pavel",
            "team": "TC0C1HURK",
            "name": "pavel",
            "is_restricted": false,
            "is_ultra_restricted": false
        },
        "edited": {
            "user": "UC19HAUAK",
            "ts": "1565042431.000000"
        },
        "thread_ts": "1564668709.090400",
        "parent_user_id": "ULSPWBW9X",
        "reactions": [
            {
                "name": "+1",
                "users": [
                    "ULD1RCPFF"
                ],
                "count": 1
            }
        ]
    },
    {
        "client_msg_id": "fe01bab1-68e8-49a8-ad00-166318315341",
        "type": "message",
        "text": "<@ULKS069JN> It's very interesting issue. I see there can be some sort of race condition in this place. Do you have this one reproducing all the time or intermittent? Could you please provide steps to reproduce?",
        "user": "UC19HAUAK",
        "ts": "1565048006.113500",
        "team": "TC0C1HURK",
        "user_team": "TC0C1HURK",
        "source_team": "TC0C1HURK",
        "user_profile": {
            "avatar_hash": "066a042e018c",
            "image_72": "https:\/\/avatars.slack-edge.com\/2019-12-07\/866588520998_066a042e018ca831a195_72.png",
            "first_name": "Pavel",
            "real_name": "Pavel Tiunov",
            "display_name": "pavel",
            "team": "TC0C1HURK",
            "name": "pavel",
            "is_restricted": false,
            "is_ultra_restricted": false
        },
        "thread_ts": "1564552076.060600",
        "parent_user_id": "ULKS069JN"
    },
    {
        "client_msg_id": "adce3305-a161-42ba-9b42-1ffda1cb34e6",
        "type": "message",
        "text": "I'll share the stacktrace but I didn't mention that I'm in a private network so I'm behind a proxy and I added a proxy to the cube-backend\/athena-driver\/driver\/AthenaDriver.js:19",
        "user": "UM3QHLT71",
        "ts": "1565067326.113700",
        "team": "TC0C1HURK",
        "user_team": "TC0C1HURK",
        "source_team": "TC0C1HURK",
        "user_profile": {
            "avatar_hash": "gf0c4e31ad2a",
            "image_72": "https:\/\/secure.gravatar.com\/avatar\/cf0c4e31ad2ab024bacd079c7dca3b4b.jpg?s=72&d=https%3A%2F%2Fa.slack-edge.com%2Fdf10d%2Fimg%2Favatars%2Fava_0001-72.png",
            "first_name": "",
            "real_name": "Sandeep",
            "display_name": "Sandeep",
            "team": "TC0C1HURK",
            "name": "sandeepravi.bits",
            "is_restricted": false,
            "is_ultra_restricted": false
        },
        "thread_ts": "1564984616.108900",
        "parent_user_id": "UM3QHLT71"
    },
    {
        "client_msg_id": "ecb1ba21-71eb-4963-96d9-b1fbd9bbd614",
        "type": "message",
        "text": "Will there be any issues accessing it behind a prox?",
        "user": "UM3QHLT71",
        "ts": "1565067345.113900",
        "team": "TC0C1HURK",
        "user_team": "TC0C1HURK",
        "source_team": "TC0C1HURK",
        "user_profile": {
            "avatar_hash": "gf0c4e31ad2a",
            "image_72": "https:\/\/secure.gravatar.com\/avatar\/cf0c4e31ad2ab024bacd079c7dca3b4b.jpg?s=72&d=https%3A%2F%2Fa.slack-edge.com%2Fdf10d%2Fimg%2Favatars%2Fava_0001-72.png",
            "first_name": "",
            "real_name": "Sandeep",
            "display_name": "Sandeep",
            "team": "TC0C1HURK",
            "name": "sandeepravi.bits",
            "is_restricted": false,
            "is_ultra_restricted": false
        },
        "thread_ts": "1564984616.108900",
        "parent_user_id": "UM3QHLT71"
    }
]