[
    {
        "client_msg_id": "5f860422-a5f4-46b4-8a1c-5767edbf0780",
        "type": "message",
        "text": "Thanks! Here is the example of `.env` for Athena JDBC setup. Hope, it would help.\n\n```\nCUBEJS_API_SECRET=secret\nCUBEJS_DB_TYPE=athena\nCUBEJS_JDBC_DRIVER=athena\nCUBEJS_AWS_REGION=us-west-2\nCUBEJS_AWS_KEY=YOUR_AWS_KEY\nCUBEJS_AWS_SECRET=YOUR_AWS_SECRET\nCUBEJS_AWS_S3_OUTPUT_LOCATION=<s3:\/\/s3-output-location>\n```",
        "user": "UC1HAFW4E",
        "ts": "1550309051.028600",
        "team": "TC0C1HURK",
        "user_team": "TC0C1HURK",
        "source_team": "TC0C1HURK",
        "user_profile": {
            "avatar_hash": "ee7b69830a11",
            "image_72": "https:\/\/avatars.slack-edge.com\/2018-08-13\/414857329600_ee7b69830a119331e10e_72.jpg",
            "first_name": "Artyom",
            "real_name": "Artyom Keydunov",
            "display_name": "Artyom Keydunov",
            "team": "TC0C1HURK",
            "name": "artyom",
            "is_restricted": false,
            "is_ultra_restricted": false
        },
        "edited": {
            "user": "UC1HAFW4E",
            "ts": "1550309076.000000"
        },
        "thread_ts": "1550300262.026300",
        "parent_user_id": "UE61M8543",
        "reactions": [
            {
                "name": "+1",
                "users": [
                    "UE61M8543"
                ],
                "count": 1
            }
        ]
    },
    {
        "type": "message",
        "subtype": "thread_broadcast",
        "text": "Okay, I'm a step further now. Just a general question: what's the idea of `toChartJsData.js`: should I implement my custom adapter when I use _Chart.js_ or do you provide one from _cubejs_?",
        "user": "UG8FM1Z8C",
        "ts": "1550312044.028900",
        "thread_ts": "1550265101.021000",
        "root": {
            "client_msg_id": "681baaaf-b3d3-480d-ab9a-56bec78e2c0d",
            "type": "message",
            "text": "I have another question regarding `toChartjsData.js`. I have set up the dev server with the default data set _Orders_ and I'd like to have a pie chart (same as in codesandbox). The example here fails <https:\/\/github.com\/statsbotco\/cube.js\/blob\/0ec1b3b712051ec9cb253a54ffafaca6d05576ae\/examples\/examples-gallery\/toChartjsData.js#L16>\nIt seems that I do not have `categories` in my dataset (only `annotation`, `data` and `query`). Can you give a hint how to fix it?",
            "user": "UG8FM1Z8C",
            "ts": "1550265101.021000",
            "team": "TC0C1HURK",
            "edited": {
                "user": "UG8FM1Z8C",
                "ts": "1550265140.000000"
            },
            "thread_ts": "1550265101.021000",
            "reply_count": 7,
            "reply_users_count": 2,
            "latest_reply": "1550312821.029800",
            "reply_users": [
                "UC19HAUAK",
                "UG8FM1Z8C"
            ],
            "subscribed": false
        },
        "client_msg_id": "73c23c68-c837-4816-b908-a6e5a32b699a"
    },
    {
        "client_msg_id": "d72199f1-81c8-48cc-9402-e8282d2e1764",
        "type": "message",
        "text": "<@UG8FM1Z8C> Good to hear that! What was the issue?",
        "user": "UC19HAUAK",
        "ts": "1550312310.029200",
        "team": "TC0C1HURK",
        "user_team": "TC0C1HURK",
        "source_team": "TC0C1HURK",
        "user_profile": {
            "avatar_hash": "066a042e018c",
            "image_72": "https:\/\/avatars.slack-edge.com\/2019-12-07\/866588520998_066a042e018ca831a195_72.png",
            "first_name": "Pavel",
            "real_name": "Pavel Tiunov",
            "display_name": "pavel",
            "team": "TC0C1HURK",
            "name": "pavel",
            "is_restricted": false,
            "is_ultra_restricted": false
        },
        "thread_ts": "1550265101.021000",
        "parent_user_id": "UG8FM1Z8C"
    },
    {
        "client_msg_id": "b79ce29b-da27-4530-a90e-bca80a7f8cef",
        "type": "message",
        "text": "I didn't get the concept of `cubejsApi.load()`, now I understand it returns an object with functions. I'm currently using a simple custom _ChartJs_ adapter",
        "user": "UG8FM1Z8C",
        "ts": "1550312430.029400",
        "team": "TC0C1HURK",
        "user_team": "TC0C1HURK",
        "source_team": "TC0C1HURK",
        "user_profile": {
            "avatar_hash": "gd1bddeeede5",
            "image_72": "https:\/\/secure.gravatar.com\/avatar\/ad1bddeeede5ff1c9fe85dc8c0607b4e.jpg?s=72&d=https%3A%2F%2Fa.slack-edge.com%2Fdf10d%2Fimg%2Favatars%2Fava_0000-72.png",
            "first_name": "",
            "real_name": "Thomas",
            "display_name": "",
            "team": "TC0C1HURK",
            "name": "dotsilver",
            "is_restricted": false,
            "is_ultra_restricted": false
        },
        "thread_ts": "1550265101.021000",
        "parent_user_id": "UG8FM1Z8C"
    },
    {
        "client_msg_id": "a4e6b674-d87b-4b4f-a3e0-43a875bbff3c",
        "type": "message",
        "text": "Regarding adapter: it's actually just an example. Idea is adapter dependent on project settings and styles so it should be implemented per project.",
        "user": "UC19HAUAK",
        "ts": "1550312457.029600",
        "team": "TC0C1HURK",
        "user_team": "TC0C1HURK",
        "source_team": "TC0C1HURK",
        "user_profile": {
            "avatar_hash": "066a042e018c",
            "image_72": "https:\/\/avatars.slack-edge.com\/2019-12-07\/866588520998_066a042e018ca831a195_72.png",
            "first_name": "Pavel",
            "real_name": "Pavel Tiunov",
            "display_name": "pavel",
            "team": "TC0C1HURK",
            "name": "pavel",
            "is_restricted": false,
            "is_ultra_restricted": false
        },
        "thread_ts": "1550265101.021000",
        "parent_user_id": "UG8FM1Z8C",
        "reactions": [
            {
                "name": "+1",
                "users": [
                    "UG8FM1Z8C"
                ],
                "count": 1
            }
        ]
    },
    {
        "client_msg_id": "41da7a36-996b-49ca-a32f-fb16143053cb",
        "type": "message",
        "text": "Yes, I think it's quite specific. Thanks for the information!",
        "user": "UG8FM1Z8C",
        "ts": "1550312821.029800",
        "team": "TC0C1HURK",
        "user_team": "TC0C1HURK",
        "source_team": "TC0C1HURK",
        "user_profile": {
            "avatar_hash": "gd1bddeeede5",
            "image_72": "https:\/\/secure.gravatar.com\/avatar\/ad1bddeeede5ff1c9fe85dc8c0607b4e.jpg?s=72&d=https%3A%2F%2Fa.slack-edge.com%2Fdf10d%2Fimg%2Favatars%2Fava_0000-72.png",
            "first_name": "",
            "real_name": "Thomas",
            "display_name": "",
            "team": "TC0C1HURK",
            "name": "dotsilver",
            "is_restricted": false,
            "is_ultra_restricted": false
        },
        "thread_ts": "1550265101.021000",
        "parent_user_id": "UG8FM1Z8C",
        "reactions": [
            {
                "name": "raised_hands",
                "users": [
                    "UC19HAUAK"
                ],
                "count": 1
            }
        ]
    }
]