[
    {
        "type": "message",
        "subtype": "channel_join",
        "ts": "1554708602.045400",
        "user": "UHR3ZFQCU",
        "text": "<@UHR3ZFQCU> has joined the channel"
    },
    {
        "client_msg_id": "26ff0808-57d6-462e-aa2a-b5fe6f721472",
        "type": "message",
        "text": "Hey <@UHSA7MJ1L>! Makes sense. Could you please also add that Dockerfile should be in build directory and provide source of Dockerfile you used?",
        "user": "UC19HAUAK",
        "ts": "1554717113.045500",
        "team": "TC0C1HURK",
        "user_team": "TC0C1HURK",
        "source_team": "TC0C1HURK",
        "user_profile": {
            "avatar_hash": "066a042e018c",
            "image_72": "https:\/\/avatars.slack-edge.com\/2019-12-07\/866588520998_066a042e018ca831a195_72.png",
            "first_name": "Pavel",
            "real_name": "Pavel Tiunov",
            "display_name": "pavel",
            "team": "TC0C1HURK",
            "name": "pavel",
            "is_restricted": false,
            "is_ultra_restricted": false
        },
        "thread_ts": "1550505996.033800",
        "parent_user_id": "UE61M8543"
    },
    {
        "client_msg_id": "02e0c6a1-1f88-4145-88ae-f85994d98d06",
        "type": "message",
        "text": "Sure ill do it later today",
        "user": "UHSA7MJ1L",
        "ts": "1554723579.045700",
        "team": "TC0C1HURK",
        "user_team": "TC0C1HURK",
        "source_team": "TC0C1HURK",
        "user_profile": {
            "avatar_hash": "g7ab702d707d",
            "image_72": "https:\/\/secure.gravatar.com\/avatar\/e7ab702d707d7e48d82210d15421b02b.jpg?s=72&d=https%3A%2F%2Fa.slack-edge.com%2Fdf10d%2Fimg%2Favatars%2Fava_0003-72.png",
            "first_name": "",
            "real_name": "Alejandro Villanueva",
            "display_name": "Alejandro Villanueva",
            "team": "TC0C1HURK",
            "name": "alejandro",
            "is_restricted": false,
            "is_ultra_restricted": false
        },
        "thread_ts": "1550505996.033800",
        "parent_user_id": "UE61M8543"
    },
    {
        "client_msg_id": "ea786b9f-1d1c-429b-b5d2-f9cc78ff961a",
        "type": "message",
        "text": "you meant to add it here or in the docs repo?",
        "user": "UHSA7MJ1L",
        "ts": "1554726090.045900",
        "team": "TC0C1HURK",
        "user_team": "TC0C1HURK",
        "source_team": "TC0C1HURK",
        "user_profile": {
            "avatar_hash": "g7ab702d707d",
            "image_72": "https:\/\/secure.gravatar.com\/avatar\/e7ab702d707d7e48d82210d15421b02b.jpg?s=72&d=https%3A%2F%2Fa.slack-edge.com%2Fdf10d%2Fimg%2Favatars%2Fava_0003-72.png",
            "first_name": "",
            "real_name": "Alejandro Villanueva",
            "display_name": "Alejandro Villanueva",
            "team": "TC0C1HURK",
            "name": "alejandro",
            "is_restricted": false,
            "is_ultra_restricted": false
        },
        "thread_ts": "1550505996.033800",
        "parent_user_id": "UE61M8543"
    },
    {
        "client_msg_id": "558b7a6f-00a0-4f17-ab9c-f0c86781ca04",
        "type": "message",
        "text": "```\nFROM node:10-alpine\n\nWORKDIR \/usr\/src\/app\n\nCOPY package*.json .\/\n\nRUN npm install\n\nCOPY . .```",
        "user": "UHSA7MJ1L",
        "ts": "1554726102.046100",
        "team": "TC0C1HURK",
        "user_team": "TC0C1HURK",
        "source_team": "TC0C1HURK",
        "user_profile": {
            "avatar_hash": "g7ab702d707d",
            "image_72": "https:\/\/secure.gravatar.com\/avatar\/e7ab702d707d7e48d82210d15421b02b.jpg?s=72&d=https%3A%2F%2Fa.slack-edge.com%2Fdf10d%2Fimg%2Favatars%2Fava_0003-72.png",
            "first_name": "",
            "real_name": "Alejandro Villanueva",
            "display_name": "Alejandro Villanueva",
            "team": "TC0C1HURK",
            "name": "alejandro",
            "is_restricted": false,
            "is_ultra_restricted": false
        },
        "edited": {
            "user": "UHSA7MJ1L",
            "ts": "1554726118.000000"
        },
        "thread_ts": "1550505996.033800",
        "parent_user_id": "UE61M8543"
    },
    {
        "client_msg_id": "9803DB50-833E-4F06-9662-177D7F96F8A9",
        "type": "message",
        "text": "<@UHSA7MJ1L> Yeah. I meant as a pull request.",
        "user": "UC19HAUAK",
        "ts": "1554728517.047200",
        "team": "TC0C1HURK",
        "user_team": "TC0C1HURK",
        "source_team": "TC0C1HURK",
        "user_profile": {
            "avatar_hash": "066a042e018c",
            "image_72": "https:\/\/avatars.slack-edge.com\/2019-12-07\/866588520998_066a042e018ca831a195_72.png",
            "first_name": "Pavel",
            "real_name": "Pavel Tiunov",
            "display_name": "pavel",
            "team": "TC0C1HURK",
            "name": "pavel",
            "is_restricted": false,
            "is_ultra_restricted": false
        },
        "thread_ts": "1550505996.033800",
        "parent_user_id": "UE61M8543"
    },
    {
        "client_msg_id": "91cb4654-07d6-4a55-b4a6-cc9c5370c20d",
        "type": "message",
        "text": "its already above in the page it may be repetitive?",
        "user": "UHSA7MJ1L",
        "ts": "1554728982.047400",
        "team": "TC0C1HURK",
        "user_team": "TC0C1HURK",
        "source_team": "TC0C1HURK",
        "user_profile": {
            "avatar_hash": "g7ab702d707d",
            "image_72": "https:\/\/secure.gravatar.com\/avatar\/e7ab702d707d7e48d82210d15421b02b.jpg?s=72&d=https%3A%2F%2Fa.slack-edge.com%2Fdf10d%2Fimg%2Favatars%2Fava_0003-72.png",
            "first_name": "",
            "real_name": "Alejandro Villanueva",
            "display_name": "Alejandro Villanueva",
            "team": "TC0C1HURK",
            "name": "alejandro",
            "is_restricted": false,
            "is_ultra_restricted": false
        },
        "thread_ts": "1550505996.033800",
        "parent_user_id": "UE61M8543"
    },
    {
        "client_msg_id": "51df99cd-ed37-4db4-9889-a0cddb49f880",
        "type": "message",
        "text": "<@UHSA7MJ1L> Yeah. I think it worth to mention Dockerfile you used because it's different from original. Or just fix docker-compose config so it can work with original one? Not sure if it's possible.",
        "user": "UC19HAUAK",
        "ts": "1554732493.047600",
        "team": "TC0C1HURK",
        "user_team": "TC0C1HURK",
        "source_team": "TC0C1HURK",
        "user_profile": {
            "avatar_hash": "066a042e018c",
            "image_72": "https:\/\/avatars.slack-edge.com\/2019-12-07\/866588520998_066a042e018ca831a195_72.png",
            "first_name": "Pavel",
            "real_name": "Pavel Tiunov",
            "display_name": "pavel",
            "team": "TC0C1HURK",
            "name": "pavel",
            "is_restricted": false,
            "is_ultra_restricted": false
        },
        "thread_ts": "1550505996.033800",
        "parent_user_id": "UE61M8543"
    },
    {
        "client_msg_id": "5fe71239-e22f-4e0f-b8dd-ad1397f1876c",
        "type": "message",
        "text": "ok ill add it later",
        "user": "UHSA7MJ1L",
        "ts": "1554751486.047800",
        "team": "TC0C1HURK",
        "user_team": "TC0C1HURK",
        "source_team": "TC0C1HURK",
        "user_profile": {
            "avatar_hash": "g7ab702d707d",
            "image_72": "https:\/\/secure.gravatar.com\/avatar\/e7ab702d707d7e48d82210d15421b02b.jpg?s=72&d=https%3A%2F%2Fa.slack-edge.com%2Fdf10d%2Fimg%2Favatars%2Fava_0003-72.png",
            "first_name": "",
            "real_name": "Alejandro Villanueva",
            "display_name": "Alejandro Villanueva",
            "team": "TC0C1HURK",
            "name": "alejandro",
            "is_restricted": false,
            "is_ultra_restricted": false
        },
        "thread_ts": "1550505996.033800",
        "parent_user_id": "UE61M8543",
        "reactions": [
            {
                "name": "+1",
                "users": [
                    "UC19HAUAK"
                ],
                "count": 1
            }
        ]
    }
]