[
    {
        "type": "message",
        "subtype": "channel_join",
        "ts": "1576320058.025300",
        "user": "URPMR2FLM",
        "text": "<@URPMR2FLM> has joined the channel"
    },
    {
        "client_msg_id": "59122766-ef3c-45a5-b531-08b5f8ec8dd0",
        "type": "message",
        "text": "Yep! CRA was the culprit. I tried creating a simple app with it and had the same issue. Though, I still removed everything, node, npm, yarn, nvm, npx, and other global packages, and reinstalled everything to the latest version without any side effects. All systems live :white_check_mark:\nThanks for all your support <@UC19HAUAK>",
        "user": "URMU200HE",
        "ts": "1576320426.025400",
        "team": "TC0C1HURK",
        "user_team": "TC0C1HURK",
        "source_team": "TC0C1HURK",
        "user_profile": {
            "avatar_hash": "gab79875a00c",
            "image_72": "https:\/\/secure.gravatar.com\/avatar\/ab79875a00c36a89d09b46081fb24e8e.jpg?s=72&d=https%3A%2F%2Fa.slack-edge.com%2Fdf10d%2Fimg%2Favatars%2Fava_0025-72.png",
            "first_name": "",
            "real_name": "Dipesh Bhardwaj",
            "display_name": "Dipesh Bhardwaj",
            "team": "TC0C1HURK",
            "name": "dipesh",
            "is_restricted": false,
            "is_ultra_restricted": false
        },
        "blocks": [
            {
                "type": "rich_text",
                "block_id": "b\/UGq",
                "elements": [
                    {
                        "type": "rich_text_section",
                        "elements": [
                            {
                                "type": "text",
                                "text": "Yep! CRA was the culprit. I tried creating a simple app with it and had the same issue. Though, I still removed everything, node, npm, yarn, nvm, npx, and other global packages, and reinstalled everything to the latest version without any side effects. All systems live "
                            },
                            {
                                "type": "emoji",
                                "name": "white_check_mark"
                            },
                            {
                                "type": "text",
                                "text": "\nThanks for all your support "
                            },
                            {
                                "type": "user",
                                "user_id": "UC19HAUAK"
                            }
                        ]
                    }
                ]
            }
        ],
        "thread_ts": "1576197926.163600",
        "parent_user_id": "URMU200HE",
        "reactions": [
            {
                "name": "raised_hands",
                "users": [
                    "UC19HAUAK"
                ],
                "count": 1
            }
        ]
    },
    {
        "type": "message",
        "subtype": "channel_join",
        "ts": "1576332137.025700",
        "user": "URC8H0F6X",
        "text": "<@URC8H0F6X> has joined the channel"
    }
]