[
    {
        "type": "message",
        "subtype": "channel_join",
        "ts": "1565427873.133800",
        "user": "UM242SM41",
        "text": "<@UM242SM41> has joined the channel"
    },
    {
        "client_msg_id": "18bb068e-0411-49ab-8401-2cebc1c5d549",
        "type": "message",
        "text": "Hi all, I just posted a question on stackoverflow.\n\n<https:\/\/stackoverflow.com\/questions\/57440860\/querybuilder-does-not-rerender-when-new-timedimensions-provided>\n\nWould appreciate any help. Thanks!",
        "user": "UM242SM41",
        "ts": "1565428719.135000",
        "team": "TC0C1HURK",
        "user_team": "TC0C1HURK",
        "source_team": "TC0C1HURK",
        "user_profile": {
            "avatar_hash": "g0589932f70b",
            "image_72": "https:\/\/secure.gravatar.com\/avatar\/90589932f70b491b2be3fdda149a2d5b.jpg?s=72&d=https%3A%2F%2Fa.slack-edge.com%2Fdf10d%2Fimg%2Favatars%2Fava_0016-72.png",
            "first_name": "",
            "real_name": "Hiep Le",
            "display_name": "Hiep Le",
            "team": "TC0C1HURK",
            "name": "hieptuanle",
            "is_restricted": false,
            "is_ultra_restricted": false
        },
        "attachments": [
            {
                "service_name": "Stack Overflow",
                "title": "QueryBuilder does not rerender when new timeDimensions provided",
                "title_link": "https:\/\/stackoverflow.com\/questions\/57440860\/querybuilder-does-not-rerender-when-new-timedimensions-provided",
                "text": "I'm trying to get cube.js client showing data filtered with data provided in timeDimensions props. I'm trying this on codesandbox. All latest version. I have tried QueryBuilder render props method",
                "fallback": "Stack Overflow: QueryBuilder does not rerender when new timeDimensions provided",
                "thumb_url": "https:\/\/cdn.sstatic.net\/Sites\/stackoverflow\/img\/apple-touch-icon@2.png?v=73d79a89bded",
                "from_url": "https:\/\/stackoverflow.com\/questions\/57440860\/querybuilder-does-not-rerender-when-new-timedimensions-provided",
                "thumb_width": 316,
                "thumb_height": 316,
                "service_icon": "https:\/\/cdn.sstatic.net\/Sites\/stackoverflow\/img\/favicon.ico?v=4f32ecc8f43d",
                "id": 1,
                "original_url": "https:\/\/stackoverflow.com\/questions\/57440860\/querybuilder-does-not-rerender-when-new-timedimensions-provided"
            }
        ],
        "thread_ts": "1565428719.135000",
        "reply_count": 4,
        "reply_users_count": 2,
        "latest_reply": "1566438628.202100",
        "reply_users": [
            "UC19HAUAK",
            "UM242SM41"
        ],
        "replies": [
            {
                "user": "UC19HAUAK",
                "ts": "1565483866.139300"
            },
            {
                "user": "UC19HAUAK",
                "ts": "1565486691.139500"
            },
            {
                "user": "UM242SM41",
                "ts": "1565508237.140800"
            },
            {
                "user": "UC19HAUAK",
                "ts": "1566438628.202100"
            }
        ],
        "subscribed": false
    },
    {
        "type": "message",
        "subtype": "channel_join",
        "ts": "1565461217.135300",
        "user": "UM28YB5NV",
        "text": "<@UM28YB5NV> has joined the channel"
    },
    {
        "client_msg_id": "afb4bce1-f95c-4734-bc88-0ed4e946bc6c",
        "type": "message",
        "text": "hello everyone.  I am working to build analytics into a multi-tenant saas product that uses row level security.  are there any docs in how to set this up?",
        "user": "UM28YB5NV",
        "ts": "1565461356.136000",
        "team": "TC0C1HURK",
        "user_team": "TC0C1HURK",
        "source_team": "TC0C1HURK",
        "user_profile": {
            "avatar_hash": "g9ef1ce9e528",
            "image_72": "https:\/\/secure.gravatar.com\/avatar\/09ef1ce9e528e2660cfed943136cdd08.jpg?s=72&d=https%3A%2F%2Fa.slack-edge.com%2Fdf10d%2Fimg%2Favatars%2Fava_0022-72.png",
            "first_name": "",
            "real_name": "Harrison Spain",
            "display_name": "Harrison Spain",
            "team": "TC0C1HURK",
            "name": "hspain",
            "is_restricted": false,
            "is_ultra_restricted": false
        }
    },
    {
        "client_msg_id": "4ab75168-3c95-4458-b12c-cc17040901db",
        "type": "message",
        "text": "I see that I can create a separate schema for each tenant, but that seems excessive.  I just need to add an automated where clause to each query",
        "user": "UM28YB5NV",
        "ts": "1565461573.136600",
        "team": "TC0C1HURK",
        "user_team": "TC0C1HURK",
        "source_team": "TC0C1HURK",
        "user_profile": {
            "avatar_hash": "g9ef1ce9e528",
            "image_72": "https:\/\/secure.gravatar.com\/avatar\/09ef1ce9e528e2660cfed943136cdd08.jpg?s=72&d=https%3A%2F%2Fa.slack-edge.com%2Fdf10d%2Fimg%2Favatars%2Fava_0022-72.png",
            "first_name": "",
            "real_name": "Harrison Spain",
            "display_name": "Harrison Spain",
            "team": "TC0C1HURK",
            "name": "hspain",
            "is_restricted": false,
            "is_ultra_restricted": false
        },
        "thread_ts": "1565461573.136600",
        "reply_count": 10,
        "reply_users_count": 4,
        "latest_reply": "1565490009.140300",
        "reply_users": [
            "UC1HAFW4E",
            "UM28YB5NV",
            "ULX9JD70T",
            "UC19HAUAK"
        ],
        "replies": [
            {
                "user": "UC1HAFW4E",
                "ts": "1565461862.137600"
            },
            {
                "user": "UM28YB5NV",
                "ts": "1565461931.137800"
            },
            {
                "user": "UM28YB5NV",
                "ts": "1565461942.138000"
            },
            {
                "user": "UC1HAFW4E",
                "ts": "1565461959.138500"
            },
            {
                "user": "ULX9JD70T",
                "ts": "1565482853.138900"
            },
            {
                "user": "ULX9JD70T",
                "ts": "1565482959.139100"
            },
            {
                "user": "UC19HAUAK",
                "ts": "1565487977.139700"
            },
            {
                "user": "ULX9JD70T",
                "ts": "1565488517.139900"
            },
            {
                "user": "UC19HAUAK",
                "ts": "1565488665.140100"
            },
            {
                "user": "ULX9JD70T",
                "ts": "1565490009.140300"
            }
        ],
        "subscribed": true,
        "last_read": "1565490009.140300"
    },
    {
        "client_msg_id": "debb90f8-f4bd-4ad7-919f-6614d62b7225",
        "type": "message",
        "text": "based on appId",
        "user": "UM28YB5NV",
        "ts": "1565461579.136800",
        "team": "TC0C1HURK",
        "user_team": "TC0C1HURK",
        "source_team": "TC0C1HURK",
        "user_profile": {
            "avatar_hash": "g9ef1ce9e528",
            "image_72": "https:\/\/secure.gravatar.com\/avatar\/09ef1ce9e528e2660cfed943136cdd08.jpg?s=72&d=https%3A%2F%2Fa.slack-edge.com%2Fdf10d%2Fimg%2Favatars%2Fava_0022-72.png",
            "first_name": "",
            "real_name": "Harrison Spain",
            "display_name": "Harrison Spain",
            "team": "TC0C1HURK",
            "name": "hspain",
            "is_restricted": false,
            "is_ultra_restricted": false
        }
    },
    {
        "client_msg_id": "284B62BA-EB03-4ACE-B590-F2F8EF73C69D",
        "type": "message",
        "text": "Hey <@UM28YB5NV>, you can leverage USER_CONTEXT for this <http:\/\/cube.dev\/docs\/cube#context-variables-user-context>",
        "user": "UC1HAFW4E",
        "ts": "1565461862.137600",
        "team": "TC0C1HURK",
        "user_team": "TC0C1HURK",
        "source_team": "TC0C1HURK",
        "user_profile": {
            "avatar_hash": "ee7b69830a11",
            "image_72": "https:\/\/avatars.slack-edge.com\/2018-08-13\/414857329600_ee7b69830a119331e10e_72.jpg",
            "first_name": "Artyom",
            "real_name": "Artyom Keydunov",
            "display_name": "Artyom Keydunov",
            "team": "TC0C1HURK",
            "name": "artyom",
            "is_restricted": false,
            "is_ultra_restricted": false
        },
        "thread_ts": "1565461573.136600",
        "parent_user_id": "UM28YB5NV"
    },
    {
        "client_msg_id": "29f11c31-3365-4686-98a4-7d03f0051034",
        "type": "message",
        "text": "That's it!",
        "user": "UM28YB5NV",
        "ts": "1565461931.137800",
        "team": "TC0C1HURK",
        "user_team": "TC0C1HURK",
        "source_team": "TC0C1HURK",
        "user_profile": {
            "avatar_hash": "g9ef1ce9e528",
            "image_72": "https:\/\/secure.gravatar.com\/avatar\/09ef1ce9e528e2660cfed943136cdd08.jpg?s=72&d=https%3A%2F%2Fa.slack-edge.com%2Fdf10d%2Fimg%2Favatars%2Fava_0022-72.png",
            "first_name": "",
            "real_name": "Harrison Spain",
            "display_name": "Harrison Spain",
            "team": "TC0C1HURK",
            "name": "hspain",
            "is_restricted": false,
            "is_ultra_restricted": false
        },
        "thread_ts": "1565461573.136600",
        "parent_user_id": "UM28YB5NV"
    },
    {
        "client_msg_id": "8e3b3ae5-9a22-4730-9e1d-8107fe364a47",
        "type": "message",
        "text": "saved me a ton of time, thank you Artyom!",
        "user": "UM28YB5NV",
        "ts": "1565461942.138000",
        "team": "TC0C1HURK",
        "user_team": "TC0C1HURK",
        "source_team": "TC0C1HURK",
        "user_profile": {
            "avatar_hash": "g9ef1ce9e528",
            "image_72": "https:\/\/secure.gravatar.com\/avatar\/09ef1ce9e528e2660cfed943136cdd08.jpg?s=72&d=https%3A%2F%2Fa.slack-edge.com%2Fdf10d%2Fimg%2Favatars%2Fava_0022-72.png",
            "first_name": "",
            "real_name": "Harrison Spain",
            "display_name": "Harrison Spain",
            "team": "TC0C1HURK",
            "name": "hspain",
            "is_restricted": false,
            "is_ultra_restricted": false
        },
        "thread_ts": "1565461573.136600",
        "parent_user_id": "UM28YB5NV"
    },
    {
        "client_msg_id": "1E3DFAD4-B693-4E28-B498-2BC8CC2423D0",
        "type": "message",
        "text": "Sure! Happy to help :blush:",
        "user": "UC1HAFW4E",
        "ts": "1565461959.138500",
        "team": "TC0C1HURK",
        "user_team": "TC0C1HURK",
        "source_team": "TC0C1HURK",
        "user_profile": {
            "avatar_hash": "ee7b69830a11",
            "image_72": "https:\/\/avatars.slack-edge.com\/2018-08-13\/414857329600_ee7b69830a119331e10e_72.jpg",
            "first_name": "Artyom",
            "real_name": "Artyom Keydunov",
            "display_name": "Artyom Keydunov",
            "team": "TC0C1HURK",
            "name": "artyom",
            "is_restricted": false,
            "is_ultra_restricted": false
        },
        "thread_ts": "1565461573.136600",
        "parent_user_id": "UM28YB5NV"
    },
    {
        "type": "message",
        "subtype": "channel_join",
        "ts": "1565482463.138800",
        "user": "ULX9JD70T",
        "text": "<@ULX9JD70T> has joined the channel"
    },
    {
        "client_msg_id": "f22d84ff-647a-49a8-8c93-c993d6655e2f",
        "type": "message",
        "text": "I have the same requirement. I have a single table design with a tenantId column. I want to use pre-aggregations, but I think it would be very expensive to roll up aggregations per tenant and therefore, I'm thinking that the easiest solution is just to have the pre-aggs include a tenantId dimension in the group by clause and; have the js client always provide a tenantId filter?",
        "user": "ULX9JD70T",
        "ts": "1565482853.138900",
        "team": "TC0C1HURK",
        "user_team": "TC0C1HURK",
        "source_team": "TC0C1HURK",
        "user_profile": {
            "avatar_hash": "9b028b93dda5",
            "image_72": "https:\/\/avatars.slack-edge.com\/2019-08-12\/723125267605_9b028b93dda584118a96_72.png",
            "first_name": "",
            "real_name": "Danielle",
            "display_name": "Danielle",
            "team": "TC0C1HURK",
            "name": "dan.baternik",
            "is_restricted": false,
            "is_ultra_restricted": false
        },
        "thread_ts": "1565461573.136600",
        "parent_user_id": "UM28YB5NV"
    },
    {
        "client_msg_id": "9ff24e2c-b069-48b9-901d-1797b6c4808b",
        "type": "message",
        "text": "User context looks good to me. I hope i'm designing my cube\/pre-aggs correctly",
        "user": "ULX9JD70T",
        "ts": "1565482959.139100",
        "team": "TC0C1HURK",
        "user_team": "TC0C1HURK",
        "source_team": "TC0C1HURK",
        "user_profile": {
            "avatar_hash": "9b028b93dda5",
            "image_72": "https:\/\/avatars.slack-edge.com\/2019-08-12\/723125267605_9b028b93dda584118a96_72.png",
            "first_name": "",
            "real_name": "Danielle",
            "display_name": "Danielle",
            "team": "TC0C1HURK",
            "name": "dan.baternik",
            "is_restricted": false,
            "is_ultra_restricted": false
        },
        "thread_ts": "1565461573.136600",
        "parent_user_id": "UM28YB5NV"
    },
    {
        "client_msg_id": "5438c492-f566-4320-be2b-435a7334cb6e",
        "type": "message",
        "text": "Hey <@UM242SM41>! Thanks for posting this! Could you please add cube.js tag to it?",
        "user": "UC19HAUAK",
        "ts": "1565483866.139300",
        "team": "TC0C1HURK",
        "user_team": "TC0C1HURK",
        "source_team": "TC0C1HURK",
        "user_profile": {
            "avatar_hash": "066a042e018c",
            "image_72": "https:\/\/avatars.slack-edge.com\/2019-12-07\/866588520998_066a042e018ca831a195_72.png",
            "first_name": "Pavel",
            "real_name": "Pavel Tiunov",
            "display_name": "pavel",
            "team": "TC0C1HURK",
            "name": "pavel",
            "is_restricted": false,
            "is_ultra_restricted": false
        },
        "thread_ts": "1565428719.135000",
        "parent_user_id": "UM242SM41"
    },
    {
        "client_msg_id": "0ad20ce0-f6be-4c67-8cce-add054bc550b",
        "type": "message",
        "text": "<@UM242SM41> Just answered and updated docs.",
        "user": "UC19HAUAK",
        "ts": "1565486691.139500",
        "team": "TC0C1HURK",
        "user_team": "TC0C1HURK",
        "source_team": "TC0C1HURK",
        "user_profile": {
            "avatar_hash": "066a042e018c",
            "image_72": "https:\/\/avatars.slack-edge.com\/2019-12-07\/866588520998_066a042e018ca831a195_72.png",
            "first_name": "Pavel",
            "real_name": "Pavel Tiunov",
            "display_name": "pavel",
            "team": "TC0C1HURK",
            "name": "pavel",
            "is_restricted": false,
            "is_ultra_restricted": false
        },
        "thread_ts": "1565428719.135000",
        "parent_user_id": "UM242SM41"
    },
    {
        "client_msg_id": "d7b5705f-444a-41cd-847c-25bd2c8847de",
        "type": "message",
        "text": "Hey <@ULX9JD70T>! Great question. If you want to combine row level security together with pre-aggregations `queryTransformer` is a better fit for you then: <https:\/\/cube.dev\/docs\/@cubejs-backend-server-core#options-reference-query-transformer>",
        "user": "UC19HAUAK",
        "ts": "1565487977.139700",
        "team": "TC0C1HURK",
        "user_team": "TC0C1HURK",
        "source_team": "TC0C1HURK",
        "user_profile": {
            "avatar_hash": "066a042e018c",
            "image_72": "https:\/\/avatars.slack-edge.com\/2019-12-07\/866588520998_066a042e018ca831a195_72.png",
            "first_name": "Pavel",
            "real_name": "Pavel Tiunov",
            "display_name": "pavel",
            "team": "TC0C1HURK",
            "name": "pavel",
            "is_restricted": false,
            "is_ultra_restricted": false
        },
        "thread_ts": "1565461573.136600",
        "parent_user_id": "UM28YB5NV"
    },
    {
        "client_msg_id": "aab03f49-8569-4b4c-b2cf-ee4d77a7f583",
        "type": "message",
        "text": "Cool! With `queryTransformer: (query, { authInfo }) ` is authInfo something passed by the client per http request? I.e. a jwt token with the user's tenant Ids?",
        "user": "ULX9JD70T",
        "ts": "1565488517.139900",
        "team": "TC0C1HURK",
        "user_team": "TC0C1HURK",
        "source_team": "TC0C1HURK",
        "user_profile": {
            "avatar_hash": "9b028b93dda5",
            "image_72": "https:\/\/avatars.slack-edge.com\/2019-08-12\/723125267605_9b028b93dda584118a96_72.png",
            "first_name": "",
            "real_name": "Danielle",
            "display_name": "Danielle",
            "team": "TC0C1HURK",
            "name": "dan.baternik",
            "is_restricted": false,
            "is_ultra_restricted": false
        },
        "thread_ts": "1565461573.136600",
        "parent_user_id": "UM28YB5NV"
    },
    {
        "client_msg_id": "808232f3-c430-4509-83ab-aa89485f0321",
        "type": "message",
        "text": "<@ULX9JD70T> Yep. Correct. You can also check <https:\/\/cube.dev\/docs\/@cubejs-backend-server-core#options-reference-check-auth-middleware> on how to customize it.",
        "user": "UC19HAUAK",
        "ts": "1565488665.140100",
        "team": "TC0C1HURK",
        "user_team": "TC0C1HURK",
        "source_team": "TC0C1HURK",
        "user_profile": {
            "avatar_hash": "066a042e018c",
            "image_72": "https:\/\/avatars.slack-edge.com\/2019-12-07\/866588520998_066a042e018ca831a195_72.png",
            "first_name": "Pavel",
            "real_name": "Pavel Tiunov",
            "display_name": "pavel",
            "team": "TC0C1HURK",
            "name": "pavel",
            "is_restricted": false,
            "is_ultra_restricted": false
        },
        "thread_ts": "1565461573.136600",
        "parent_user_id": "UM28YB5NV"
    },
    {
        "client_msg_id": "f90f2d59-35ae-453a-a8db-baafd363fa71",
        "type": "message",
        "text": ":grinning: thanks!",
        "user": "ULX9JD70T",
        "ts": "1565490009.140300",
        "team": "TC0C1HURK",
        "user_team": "TC0C1HURK",
        "source_team": "TC0C1HURK",
        "user_profile": {
            "avatar_hash": "9b028b93dda5",
            "image_72": "https:\/\/avatars.slack-edge.com\/2019-08-12\/723125267605_9b028b93dda584118a96_72.png",
            "first_name": "",
            "real_name": "Danielle",
            "display_name": "Danielle",
            "team": "TC0C1HURK",
            "name": "dan.baternik",
            "is_restricted": false,
            "is_ultra_restricted": false
        },
        "thread_ts": "1565461573.136600",
        "parent_user_id": "UM28YB5NV",
        "reactions": [
            {
                "name": "raised_hands",
                "users": [
                    "UC19HAUAK"
                ],
                "count": 1
            }
        ]
    },
    {
        "type": "message",
        "subtype": "channel_join",
        "ts": "1565506167.140700",
        "user": "UM8QWTK61",
        "text": "<@UM8QWTK61> has joined the channel"
    }
]