[
    {
        "client_msg_id": "b67a8854-31ed-4f61-b2f1-ea9a3425daea",
        "type": "message",
        "text": "What is the difference between {cube} and {table}?",
        "user": "UJRG0GMDF",
        "ts": "1559550400.017100",
        "team": "TC0C1HURK",
        "user_team": "TC0C1HURK",
        "source_team": "TC0C1HURK",
        "user_profile": {
            "avatar_hash": "g856a149f116",
            "image_72": "https:\/\/secure.gravatar.com\/avatar\/3856a149f116763f9c90925da83180a9.jpg?s=72&d=https%3A%2F%2Fa.slack-edge.com%2Fdf10d%2Fimg%2Favatars%2Fava_0023-72.png",
            "first_name": "Nikol-Jovany",
            "real_name": "Nikol-Jovany",
            "display_name": "Nikol-Jovany",
            "team": "TC0C1HURK",
            "name": "metziot2000",
            "is_restricted": false,
            "is_ultra_restricted": false
        },
        "thread_ts": "1559550400.017100",
        "reply_count": 3,
        "reply_users_count": 2,
        "latest_reply": "1559552317.017600",
        "reply_users": [
            "UC1HAFW4E",
            "UJRG0GMDF"
        ],
        "replies": [
            {
                "user": "UC1HAFW4E",
                "ts": "1559550528.017200"
            },
            {
                "user": "UJRG0GMDF",
                "ts": "1559552241.017400"
            },
            {
                "user": "UC1HAFW4E",
                "ts": "1559552317.017600"
            }
        ],
        "subscribed": true,
        "last_read": "1559552317.017600"
    },
    {
        "client_msg_id": "2249DDE9-AADB-494D-A94F-E070E4DCCFCB",
        "type": "message",
        "text": "No difference. We initially had TABLE constant, but then decided to change it to CUBE since it is more correct naming.",
        "user": "UC1HAFW4E",
        "ts": "1559550528.017200",
        "team": "TC0C1HURK",
        "user_team": "TC0C1HURK",
        "source_team": "TC0C1HURK",
        "user_profile": {
            "avatar_hash": "ee7b69830a11",
            "image_72": "https:\/\/avatars.slack-edge.com\/2018-08-13\/414857329600_ee7b69830a119331e10e_72.jpg",
            "first_name": "Artyom",
            "real_name": "Artyom Keydunov",
            "display_name": "Artyom Keydunov",
            "team": "TC0C1HURK",
            "name": "artyom",
            "is_restricted": false,
            "is_ultra_restricted": false
        },
        "thread_ts": "1559550400.017100",
        "parent_user_id": "UJRG0GMDF"
    },
    {
        "client_msg_id": "109b3ca2-d72d-49a6-a702-ed9aebb2e802",
        "type": "message",
        "text": "ok.thanks. And if I want to access the attribute from a table, what do I write? The table name or {cube}?",
        "user": "UJRG0GMDF",
        "ts": "1559552241.017400",
        "team": "TC0C1HURK",
        "user_team": "TC0C1HURK",
        "source_team": "TC0C1HURK",
        "user_profile": {
            "avatar_hash": "g856a149f116",
            "image_72": "https:\/\/secure.gravatar.com\/avatar\/3856a149f116763f9c90925da83180a9.jpg?s=72&d=https%3A%2F%2Fa.slack-edge.com%2Fdf10d%2Fimg%2Favatars%2Fava_0023-72.png",
            "first_name": "Nikol-Jovany",
            "real_name": "Nikol-Jovany",
            "display_name": "Nikol-Jovany",
            "team": "TC0C1HURK",
            "name": "metziot2000",
            "is_restricted": false,
            "is_ultra_restricted": false
        },
        "thread_ts": "1559550400.017100",
        "parent_user_id": "UJRG0GMDF"
    },
    {
        "client_msg_id": "E2C8004A-B153-477F-B428-C9AA7A78EC16",
        "type": "message",
        "text": "${CUBE}.column_name should work fine for this case.",
        "user": "UC1HAFW4E",
        "ts": "1559552317.017600",
        "team": "TC0C1HURK",
        "user_team": "TC0C1HURK",
        "source_team": "TC0C1HURK",
        "user_profile": {
            "avatar_hash": "ee7b69830a11",
            "image_72": "https:\/\/avatars.slack-edge.com\/2018-08-13\/414857329600_ee7b69830a119331e10e_72.jpg",
            "first_name": "Artyom",
            "real_name": "Artyom Keydunov",
            "display_name": "Artyom Keydunov",
            "team": "TC0C1HURK",
            "name": "artyom",
            "is_restricted": false,
            "is_ultra_restricted": false
        },
        "thread_ts": "1559550400.017100",
        "parent_user_id": "UJRG0GMDF"
    },
    {
        "client_msg_id": "2c7c751b-be46-4051-96aa-8ff62885b992",
        "type": "message",
        "text": "How to connect information between 2 tables",
        "user": "UJRG0GMDF",
        "ts": "1559552475.017900",
        "team": "TC0C1HURK",
        "user_team": "TC0C1HURK",
        "source_team": "TC0C1HURK",
        "user_profile": {
            "avatar_hash": "g856a149f116",
            "image_72": "https:\/\/secure.gravatar.com\/avatar\/3856a149f116763f9c90925da83180a9.jpg?s=72&d=https%3A%2F%2Fa.slack-edge.com%2Fdf10d%2Fimg%2Favatars%2Fava_0023-72.png",
            "first_name": "Nikol-Jovany",
            "real_name": "Nikol-Jovany",
            "display_name": "Nikol-Jovany",
            "team": "TC0C1HURK",
            "name": "metziot2000",
            "is_restricted": false,
            "is_ultra_restricted": false
        }
    },
    {
        "client_msg_id": "662eaef1-f016-47e6-967d-b744ccb0e56a",
        "type": "message",
        "text": "?",
        "user": "UJRG0GMDF",
        "ts": "1559552479.018100",
        "team": "TC0C1HURK",
        "user_team": "TC0C1HURK",
        "source_team": "TC0C1HURK",
        "user_profile": {
            "avatar_hash": "g856a149f116",
            "image_72": "https:\/\/secure.gravatar.com\/avatar\/3856a149f116763f9c90925da83180a9.jpg?s=72&d=https%3A%2F%2Fa.slack-edge.com%2Fdf10d%2Fimg%2Favatars%2Fava_0023-72.png",
            "first_name": "Nikol-Jovany",
            "real_name": "Nikol-Jovany",
            "display_name": "Nikol-Jovany",
            "team": "TC0C1HURK",
            "name": "metziot2000",
            "is_restricted": false,
            "is_ultra_restricted": false
        }
    },
    {
        "client_msg_id": "cb50405c-29fd-4633-8a48-32ce055024ca",
        "type": "message",
        "text": "like SELECT id,\nFROM table1\nJOIN table2\nON tabl1.id = table2.id\nwhere something...",
        "user": "UJRG0GMDF",
        "ts": "1559552916.019400",
        "team": "TC0C1HURK",
        "user_team": "TC0C1HURK",
        "source_team": "TC0C1HURK",
        "user_profile": {
            "avatar_hash": "g856a149f116",
            "image_72": "https:\/\/secure.gravatar.com\/avatar\/3856a149f116763f9c90925da83180a9.jpg?s=72&d=https%3A%2F%2Fa.slack-edge.com%2Fdf10d%2Fimg%2Favatars%2Fava_0023-72.png",
            "first_name": "Nikol-Jovany",
            "real_name": "Nikol-Jovany",
            "display_name": "Nikol-Jovany",
            "team": "TC0C1HURK",
            "name": "metziot2000",
            "is_restricted": false,
            "is_ultra_restricted": false
        },
        "thread_ts": "1559552916.019400",
        "reply_count": 1,
        "reply_users_count": 1,
        "latest_reply": "1559557768.019800",
        "reply_users": [
            "UJSSJC97D"
        ],
        "replies": [
            {
                "user": "UJSSJC97D",
                "ts": "1559557768.019800"
            }
        ],
        "subscribed": false
    },
    {
        "client_msg_id": "770ce5ae-957b-430e-9d83-9e204c2d8122",
        "type": "message",
        "text": "in cube?",
        "user": "UJRG0GMDF",
        "ts": "1559552926.019700",
        "team": "TC0C1HURK",
        "user_team": "TC0C1HURK",
        "source_team": "TC0C1HURK",
        "user_profile": {
            "avatar_hash": "g856a149f116",
            "image_72": "https:\/\/secure.gravatar.com\/avatar\/3856a149f116763f9c90925da83180a9.jpg?s=72&d=https%3A%2F%2Fa.slack-edge.com%2Fdf10d%2Fimg%2Favatars%2Fava_0023-72.png",
            "first_name": "Nikol-Jovany",
            "real_name": "Nikol-Jovany",
            "display_name": "Nikol-Jovany",
            "team": "TC0C1HURK",
            "name": "metziot2000",
            "is_restricted": false,
            "is_ultra_restricted": false
        }
    },
    {
        "client_msg_id": "abadac3b-c5c0-4bb4-96b6-0c1a48fd82e4",
        "type": "message",
        "text": "<https:\/\/cube.dev\/docs\/joins>",
        "user": "UJSSJC97D",
        "ts": "1559557768.019800",
        "team": "TC0C1HURK",
        "user_team": "TC0C1HURK",
        "source_team": "TC0C1HURK",
        "user_profile": {
            "avatar_hash": "gbd765be0b3d",
            "image_72": "https:\/\/secure.gravatar.com\/avatar\/cbd765be0b3dc4eb83eb7edb519a3601.jpg?s=72&d=https%3A%2F%2Fa.slack-edge.com%2Fdf10d%2Fimg%2Favatars%2Fava_0020-72.png",
            "first_name": "",
            "real_name": "Avinesh",
            "display_name": "Avinesh",
            "team": "TC0C1HURK",
            "name": "avin3sh",
            "is_restricted": false,
            "is_ultra_restricted": false
        },
        "thread_ts": "1559552916.019400",
        "parent_user_id": "UJRG0GMDF"
    },
    {
        "client_msg_id": "9b41bb2a-c233-468a-82ad-79336caf0381",
        "type": "message",
        "text": "How can I enable filtering by name in the JSON object?",
        "user": "UJRG0GMDF",
        "ts": "1559559646.020400",
        "team": "TC0C1HURK",
        "user_team": "TC0C1HURK",
        "source_team": "TC0C1HURK",
        "user_profile": {
            "avatar_hash": "g856a149f116",
            "image_72": "https:\/\/secure.gravatar.com\/avatar\/3856a149f116763f9c90925da83180a9.jpg?s=72&d=https%3A%2F%2Fa.slack-edge.com%2Fdf10d%2Fimg%2Favatars%2Fava_0023-72.png",
            "first_name": "Nikol-Jovany",
            "real_name": "Nikol-Jovany",
            "display_name": "Nikol-Jovany",
            "team": "TC0C1HURK",
            "name": "metziot2000",
            "is_restricted": false,
            "is_ultra_restricted": false
        },
        "thread_ts": "1559559646.020400",
        "reply_count": 1,
        "reply_users_count": 1,
        "latest_reply": "1559564899.020500",
        "reply_users": [
            "UJSSJC97D"
        ],
        "replies": [
            {
                "user": "UJSSJC97D",
                "ts": "1559564899.020500"
            }
        ],
        "subscribed": false
    },
    {
        "client_msg_id": "34cb8219-deb4-475f-9116-4d885dd0be0f",
        "type": "message",
        "text": "<https:\/\/cube.dev\/docs\/segments>",
        "user": "UJSSJC97D",
        "ts": "1559564899.020500",
        "team": "TC0C1HURK",
        "user_team": "TC0C1HURK",
        "source_team": "TC0C1HURK",
        "user_profile": {
            "avatar_hash": "gbd765be0b3d",
            "image_72": "https:\/\/secure.gravatar.com\/avatar\/cbd765be0b3dc4eb83eb7edb519a3601.jpg?s=72&d=https%3A%2F%2Fa.slack-edge.com%2Fdf10d%2Fimg%2Favatars%2Fava_0020-72.png",
            "first_name": "",
            "real_name": "Avinesh",
            "display_name": "Avinesh",
            "team": "TC0C1HURK",
            "name": "avin3sh",
            "is_restricted": false,
            "is_ultra_restricted": false
        },
        "thread_ts": "1559559646.020400",
        "parent_user_id": "UJRG0GMDF"
    },
    {
        "type": "message",
        "subtype": "channel_join",
        "ts": "1559602120.020800",
        "user": "UK84KD7G8",
        "text": "<@UK84KD7G8> has joined the channel"
    }
]