[
    {
        "client_msg_id": "9d416bde-95c4-47a3-8203-7487c9b7070c",
        "type": "message",
        "text": "very cool, look forward to jumping in!",
        "user": "UCJBGE8TZ",
        "ts": "1551880715.015700",
        "team": "TC0C1HURK",
        "user_team": "TC0C1HURK",
        "source_team": "TC0C1HURK",
        "user_profile": {
            "avatar_hash": "ga222ee3858c",
            "image_72": "https:\/\/secure.gravatar.com\/avatar\/9a222ee3858c49641a7b166679308f63.jpg?s=72&d=https%3A%2F%2Fa.slack-edge.com%2Fdf10d%2Fimg%2Favatars%2Fava_0004-72.png",
            "first_name": "",
            "real_name": "William",
            "display_name": "",
            "team": "TC0C1HURK",
            "name": "william.devar",
            "is_restricted": false,
            "is_ultra_restricted": false
        },
        "thread_ts": "1551803747.013500",
        "parent_user_id": "UC1HAFW4E",
        "reactions": [
            {
                "name": "slightly_smiling_face",
                "users": [
                    "UG8FM1Z8C"
                ],
                "count": 1
            },
            {
                "name": "+1",
                "users": [
                    "UC19HAUAK"
                ],
                "count": 1
            }
        ]
    }
]