[
    {
        "client_msg_id": "408e0283-a565-4cc2-94c6-25916d773ab9",
        "type": "message",
        "text": "<@UC19HAUAK> can you please look here.",
        "user": "UNS4PKYAK",
        "ts": "1571903452.123600",
        "team": "TC0C1HURK",
        "user_team": "TC0C1HURK",
        "source_team": "TC0C1HURK",
        "user_profile": {
            "avatar_hash": "664213ef9cf5",
            "image_72": "https:\/\/avatars.slack-edge.com\/2019-10-17\/800974914790_664213ef9cf5f85d3637_72.jpg",
            "first_name": "chintesh",
            "real_name": "chintesh kumar",
            "display_name": "chintesh kumar",
            "team": "TC0C1HURK",
            "name": "chintesh_kumar",
            "is_restricted": false,
            "is_ultra_restricted": false
        },
        "thread_ts": "1571739479.100900",
        "parent_user_id": "UNS4PKYAK"
    },
    {
        "client_msg_id": "413fc487-3428-45a3-9af7-b5c0bdc062bc",
        "type": "message",
        "text": ":wave: FYI we've started a project to use Cube.js with Metabase. As we :heart: Cube.js but we needed flexibility on the visualization and the presentation layer we thought this would be a good direction internally. Anyway it's available since yesterday on Github. Feedback is welcome! <https:\/\/github.com\/lili-data\/metabase-cubejs-driver>",
        "user": "UJ5RZ4ZSS",
        "ts": "1571904592.126200",
        "team": "TC0C1HURK",
        "user_team": "TC0C1HURK",
        "source_team": "TC0C1HURK",
        "user_profile": {
            "avatar_hash": "g9c801ae9dd2",
            "image_72": "https:\/\/secure.gravatar.com\/avatar\/29c801ae9dd2351175b738b334557ec8.jpg?s=72&d=https%3A%2F%2Fa.slack-edge.com%2Fdf10d%2Fimg%2Favatars%2Fava_0026-72.png",
            "first_name": "",
            "real_name": "Tamas",
            "display_name": "Tamas",
            "team": "TC0C1HURK",
            "name": "tamas",
            "is_restricted": false,
            "is_ultra_restricted": false
        },
        "attachments": [
            {
                "service_name": "GitHub",
                "title": "lili-data\/metabase-cubejs-driver",
                "title_link": "https:\/\/github.com\/lili-data\/metabase-cubejs-driver",
                "text": "Use Metabase as a frontend for Cube.js. Contribute to lili-data\/metabase-cubejs-driver development by creating an account on GitHub.",
                "fallback": "GitHub: lili-data\/metabase-cubejs-driver",
                "thumb_url": "https:\/\/avatars3.githubusercontent.com\/u\/20811250?s=400&v=4",
                "from_url": "https:\/\/github.com\/lili-data\/metabase-cubejs-driver",
                "thumb_width": 400,
                "thumb_height": 400,
                "service_icon": "https:\/\/a.slack-edge.com\/80588\/img\/unfurl_icons\/github.png",
                "id": 1,
                "original_url": "https:\/\/github.com\/lili-data\/metabase-cubejs-driver"
            }
        ],
        "thread_ts": "1571904592.126200",
        "reply_count": 7,
        "reply_users_count": 2,
        "latest_reply": "1571946852.133700",
        "reply_users": [
            "UC19HAUAK",
            "UJ5RZ4ZSS"
        ],
        "replies": [
            {
                "user": "UC19HAUAK",
                "ts": "1571933309.127600"
            },
            {
                "user": "UJ5RZ4ZSS",
                "ts": "1571944720.132500"
            },
            {
                "user": "UC19HAUAK",
                "ts": "1571944793.132700"
            },
            {
                "user": "UJ5RZ4ZSS",
                "ts": "1571945854.132900"
            },
            {
                "user": "UC19HAUAK",
                "ts": "1571946460.133100"
            },
            {
                "user": "UJ5RZ4ZSS",
                "ts": "1571946589.133500"
            },
            {
                "user": "UC19HAUAK",
                "ts": "1571946852.133700"
            }
        ],
        "subscribed": false,
        "reactions": [
            {
                "name": "heart",
                "users": [
                    "UC1HAFW4E",
                    "UC19HAUAK",
                    "UL55T8A72"
                ],
                "count": 3
            },
            {
                "name": "+1",
                "users": [
                    "UC1HAFW4E",
                    "UC19HAUAK",
                    "UM7PN9074",
                    "UPM8FP68Y",
                    "UL55T8A72"
                ],
                "count": 5
            },
            {
                "name": "clap",
                "users": [
                    "UL55T8A72",
                    "UC19HAUAK",
                    "UC1HAFW4E"
                ],
                "count": 3
            }
        ]
    },
    {
        "client_msg_id": "20d29649-e5af-437c-aac9-141457a63b48",
        "type": "message",
        "text": "Hey <@UJ5RZ4ZSS>! Did you have a chance to support long polling already? AFAIK It's something which is missing in Redash. Curious if it can be solved in Metabase.",
        "user": "UC19HAUAK",
        "ts": "1571933309.127600",
        "team": "TC0C1HURK",
        "user_team": "TC0C1HURK",
        "source_team": "TC0C1HURK",
        "user_profile": {
            "avatar_hash": "066a042e018c",
            "image_72": "https:\/\/avatars.slack-edge.com\/2019-12-07\/866588520998_066a042e018ca831a195_72.png",
            "first_name": "Pavel",
            "real_name": "Pavel Tiunov",
            "display_name": "pavel",
            "team": "TC0C1HURK",
            "name": "pavel",
            "is_restricted": false,
            "is_ultra_restricted": false
        },
        "thread_ts": "1571904592.126200",
        "parent_user_id": "UJ5RZ4ZSS"
    },
    {
        "client_msg_id": "27eda5f3-21d6-4d7c-b5e6-ac9161edc35f",
        "type": "message",
        "text": "<@UNS4PKYAK> You can put some `console.log` there I believe to debug it.",
        "user": "UC19HAUAK",
        "ts": "1571933448.127800",
        "team": "TC0C1HURK",
        "user_team": "TC0C1HURK",
        "source_team": "TC0C1HURK",
        "user_profile": {
            "avatar_hash": "066a042e018c",
            "image_72": "https:\/\/avatars.slack-edge.com\/2019-12-07\/866588520998_066a042e018ca831a195_72.png",
            "first_name": "Pavel",
            "real_name": "Pavel Tiunov",
            "display_name": "pavel",
            "team": "TC0C1HURK",
            "name": "pavel",
            "is_restricted": false,
            "is_ultra_restricted": false
        },
        "thread_ts": "1571739479.100900",
        "parent_user_id": "UNS4PKYAK"
    },
    {
        "client_msg_id": "46199965-af77-4f64-a981-11073edb1fe5",
        "type": "message",
        "text": "<!channel> We’ve published a detailed guide on how to build a dynamic analytics application with React and Cube.js. It shows how to go from the generated dashboard app in the playground to a live customized app.\n\nWe made this guide open-sourced and community contributions are very welcome. We want to make it a solid source of knowledge, a set of best practices, and ready-to-go templates for everyone learning how to build either customer-facing or internal analytics dashboards and applications.\n\nThere are a lot more use cases and technology stacks to cover. If you can share what technology stack you are using with Cube.js—it would help a lot, so we can start covering it in the guide updates.\n\n<https:\/\/react-dashboard.cube.dev>",
        "user": "UC19HAUAK",
        "ts": "1571934873.128400",
        "team": "TC0C1HURK",
        "user_team": "TC0C1HURK",
        "source_team": "TC0C1HURK",
        "user_profile": {
            "avatar_hash": "066a042e018c",
            "image_72": "https:\/\/avatars.slack-edge.com\/2019-12-07\/866588520998_066a042e018ca831a195_72.png",
            "first_name": "Pavel",
            "real_name": "Pavel Tiunov",
            "display_name": "pavel",
            "team": "TC0C1HURK",
            "name": "pavel",
            "is_restricted": false,
            "is_ultra_restricted": false
        },
        "attachments": [
            {
                "title": "React Dashboard: an Ultimate Guide",
                "title_link": "https:\/\/react-dashboard.cube.dev\/",
                "text": "Learn how to build a dynamic dashboard with React, GraphQL, and Cube.js.",
                "fallback": "React Dashboard: an Ultimate Guide",
                "image_url": "https:\/\/react-dashboard.cube.dev\/logos\/icon.png",
                "from_url": "https:\/\/react-dashboard.cube.dev\/",
                "image_width": 250,
                "image_height": 250,
                "image_bytes": 48874,
                "service_icon": "https:\/\/react-dashboard.cube.dev\/icons\/icon-48x48.png?v=16380c9963f943e0a0053ad8cfd0e8f2",
                "service_name": "react-dashboard.cube.dev",
                "id": 1,
                "original_url": "https:\/\/react-dashboard.cube.dev"
            }
        ],
        "thread_ts": "1571934873.128400",
        "reply_count": 1,
        "reply_users_count": 1,
        "latest_reply": "1571943194.132100",
        "reply_users": [
            "UP29ZFHT9"
        ],
        "replies": [
            {
                "user": "UP29ZFHT9",
                "ts": "1571943194.132100"
            }
        ],
        "subscribed": false,
        "reactions": [
            {
                "name": "heart",
                "users": [
                    "UP8DG377D",
                    "UJK8Y0340",
                    "UKXB016SW",
                    "ULYDMPK6F",
                    "UNCSGGWAJ",
                    "UJR7GK49H",
                    "UNW9K3AF9",
                    "UC1HAFW4E",
                    "UK21MCXBL",
                    "UKYTM0KR7",
                    "UE61M8543",
                    "UEASA3CUR",
                    "UL55T8A72",
                    "UM6S412UF",
                    "UJ0P225EY",
                    "UP29ZFHT9",
                    "UJ5RZ4ZSS",
                    "UMR8AV7UH",
                    "UPM8FP68Y",
                    "UPFTFG350",
                    "UG8FM1Z8C"
                ],
                "count": 21
            },
            {
                "name": "tada",
                "users": [
                    "UHETZ5RS4",
                    "UJR7GK49H",
                    "UC1HAFW4E",
                    "UL55T8A72",
                    "UPGGHD4A3",
                    "UP29ZFHT9",
                    "UJ0TZSN6M",
                    "UG8FM1Z8C"
                ],
                "count": 8
            },
            {
                "name": "rocket",
                "users": [
                    "UNCSGGWAJ",
                    "UHEMDJPRS",
                    "UC1HAFW4E",
                    "UL55T8A72",
                    "UP29ZFHT9",
                    "UPRBHJE7R",
                    "UG8FM1Z8C"
                ],
                "count": 7
            },
            {
                "name": "+1",
                "users": [
                    "UJ85DC00N",
                    "UNXNHGG2K",
                    "UC1HAFW4E",
                    "UL55T8A72",
                    "UP29ZFHT9",
                    "UG8FM1Z8C"
                ],
                "count": 6
            },
            {
                "name": "clap",
                "users": [
                    "UL55T8A72",
                    "UP29ZFHT9",
                    "UC1HAFW4E"
                ],
                "count": 3
            },
            {
                "name": "the_horns",
                "users": [
                    "UPSP5H9S4"
                ],
                "count": 1
            }
        ]
    },
    {
        "client_msg_id": "c3241e3b-d303-4b70-9880-80e76e020cb0",
        "type": "message",
        "text": "Really nice :clap:  thanks for sharing. Well timed for us",
        "user": "UP29ZFHT9",
        "ts": "1571943194.132100",
        "team": "TC0C1HURK",
        "user_team": "TC0C1HURK",
        "source_team": "TC0C1HURK",
        "user_profile": {
            "avatar_hash": "g20a5f0585ea",
            "image_72": "https:\/\/secure.gravatar.com\/avatar\/20a5f0585ea76b440beb9f95664aaee9.jpg?s=72&d=https%3A%2F%2Fa.slack-edge.com%2Fdf10d%2Fimg%2Favatars%2Fava_0023-72.png",
            "first_name": "",
            "real_name": "jsloat",
            "display_name": "jsloat",
            "team": "TC0C1HURK",
            "name": "john503",
            "is_restricted": false,
            "is_ultra_restricted": false
        },
        "thread_ts": "1571934873.128400",
        "parent_user_id": "UC19HAUAK",
        "reactions": [
            {
                "name": "raised_hands",
                "users": [
                    "UC19HAUAK",
                    "UPM8FP68Y"
                ],
                "count": 2
            }
        ]
    },
    {
        "client_msg_id": "1bf1801f-c38f-4ad4-a31d-cd75fa66b2d4",
        "type": "message",
        "text": "<@UC19HAUAK> we'll look into this. Hopefully it can as this would boost user experience.",
        "user": "UJ5RZ4ZSS",
        "ts": "1571944720.132500",
        "team": "TC0C1HURK",
        "user_team": "TC0C1HURK",
        "source_team": "TC0C1HURK",
        "user_profile": {
            "avatar_hash": "g9c801ae9dd2",
            "image_72": "https:\/\/secure.gravatar.com\/avatar\/29c801ae9dd2351175b738b334557ec8.jpg?s=72&d=https%3A%2F%2Fa.slack-edge.com%2Fdf10d%2Fimg%2Favatars%2Fava_0026-72.png",
            "first_name": "",
            "real_name": "Tamas",
            "display_name": "Tamas",
            "team": "TC0C1HURK",
            "name": "tamas",
            "is_restricted": false,
            "is_ultra_restricted": false
        },
        "thread_ts": "1571904592.126200",
        "parent_user_id": "UJ5RZ4ZSS"
    },
    {
        "client_msg_id": "f73c0c9d-c26d-40c0-9d31-9100a576be71",
        "type": "message",
        "text": "Cool!",
        "user": "UC19HAUAK",
        "ts": "1571944793.132700",
        "team": "TC0C1HURK",
        "user_team": "TC0C1HURK",
        "source_team": "TC0C1HURK",
        "user_profile": {
            "avatar_hash": "066a042e018c",
            "image_72": "https:\/\/avatars.slack-edge.com\/2019-12-07\/866588520998_066a042e018ca831a195_72.png",
            "first_name": "Pavel",
            "real_name": "Pavel Tiunov",
            "display_name": "pavel",
            "team": "TC0C1HURK",
            "name": "pavel",
            "is_restricted": false,
            "is_ultra_restricted": false
        },
        "thread_ts": "1571904592.126200",
        "parent_user_id": "UJ5RZ4ZSS"
    },
    {
        "client_msg_id": "807bdebd-a4df-4fd7-b8f7-1989d9181b71",
        "type": "message",
        "text": "I'm thinking about introducing a retry number param for this and if cube.js returns a <https:\/\/cube.dev\/docs\/rest-api#prerequisites-continue-wait> then re-send the same request until we get back something or the number of retries are reached. what do you think?",
        "user": "UJ5RZ4ZSS",
        "ts": "1571945854.132900",
        "team": "TC0C1HURK",
        "user_team": "TC0C1HURK",
        "source_team": "TC0C1HURK",
        "user_profile": {
            "avatar_hash": "g9c801ae9dd2",
            "image_72": "https:\/\/secure.gravatar.com\/avatar\/29c801ae9dd2351175b738b334557ec8.jpg?s=72&d=https%3A%2F%2Fa.slack-edge.com%2Fdf10d%2Fimg%2Favatars%2Fava_0026-72.png",
            "first_name": "",
            "real_name": "Tamas",
            "display_name": "Tamas",
            "team": "TC0C1HURK",
            "name": "tamas",
            "is_restricted": false,
            "is_ultra_restricted": false
        },
        "thread_ts": "1571904592.126200",
        "parent_user_id": "UJ5RZ4ZSS"
    },
    {
        "client_msg_id": "5f07c5a5-915d-4ba9-8551-cf8ff1a1aeaf",
        "type": "message",
        "text": "<@UJ5RZ4ZSS> Yeah. Right. In general you don't even need retries number as it's guaranteed that at the end of the day cube.js returns either result or timeout error.",
        "user": "UC19HAUAK",
        "ts": "1571946460.133100",
        "team": "TC0C1HURK",
        "user_team": "TC0C1HURK",
        "source_team": "TC0C1HURK",
        "user_profile": {
            "avatar_hash": "066a042e018c",
            "image_72": "https:\/\/avatars.slack-edge.com\/2019-12-07\/866588520998_066a042e018ca831a195_72.png",
            "first_name": "Pavel",
            "real_name": "Pavel Tiunov",
            "display_name": "pavel",
            "team": "TC0C1HURK",
            "name": "pavel",
            "is_restricted": false,
            "is_ultra_restricted": false
        },
        "edited": {
            "user": "UC19HAUAK",
            "ts": "1571946477.000000"
        },
        "thread_ts": "1571904592.126200",
        "parent_user_id": "UJ5RZ4ZSS"
    },
    {
        "client_msg_id": "09542758-7247-4dca-978f-511354ec24a5",
        "type": "message",
        "text": "<@UC19HAUAK> good to know what happens at the end if it goes wrong :slightly_smiling_face: personally I never seen a timeout error",
        "user": "UJ5RZ4ZSS",
        "ts": "1571946589.133500",
        "team": "TC0C1HURK",
        "user_team": "TC0C1HURK",
        "source_team": "TC0C1HURK",
        "user_profile": {
            "avatar_hash": "g9c801ae9dd2",
            "image_72": "https:\/\/secure.gravatar.com\/avatar\/29c801ae9dd2351175b738b334557ec8.jpg?s=72&d=https%3A%2F%2Fa.slack-edge.com%2Fdf10d%2Fimg%2Favatars%2Fava_0026-72.png",
            "first_name": "",
            "real_name": "Tamas",
            "display_name": "Tamas",
            "team": "TC0C1HURK",
            "name": "tamas",
            "is_restricted": false,
            "is_ultra_restricted": false
        },
        "thread_ts": "1571904592.126200",
        "parent_user_id": "UJ5RZ4ZSS"
    },
    {
        "client_msg_id": "6bdbe80d-c405-4406-a513-2c30269e7ce8",
        "type": "message",
        "text": "<@UJ5RZ4ZSS> It's 10 minute default timeout for query execution.",
        "user": "UC19HAUAK",
        "ts": "1571946852.133700",
        "team": "TC0C1HURK",
        "user_team": "TC0C1HURK",
        "source_team": "TC0C1HURK",
        "user_profile": {
            "avatar_hash": "066a042e018c",
            "image_72": "https:\/\/avatars.slack-edge.com\/2019-12-07\/866588520998_066a042e018ca831a195_72.png",
            "first_name": "Pavel",
            "real_name": "Pavel Tiunov",
            "display_name": "pavel",
            "team": "TC0C1HURK",
            "name": "pavel",
            "is_restricted": false,
            "is_ultra_restricted": false
        },
        "thread_ts": "1571904592.126200",
        "parent_user_id": "UJ5RZ4ZSS"
    },
    {
        "type": "message",
        "subtype": "channel_join",
        "ts": "1571967823.134200",
        "user": "UPF3UV0MR",
        "text": "<@UPF3UV0MR> has joined the channel"
    },
    {
        "type": "message",
        "subtype": "channel_join",
        "ts": "1571984488.134600",
        "user": "UPSP5H9S4",
        "text": "<@UPSP5H9S4> has joined the channel"
    },
    {
        "client_msg_id": "de1981c2-5270-401d-86e8-bf87e6246e16",
        "type": "message",
        "text": "Hi,  I see there exist `multipliedMeasures` and `cumulativeMeasures` in the BaseQuery, can anyone give me a sample schema for both?",
        "user": "UPF3UV0MR",
        "ts": "1571984930.136100",
        "team": "TC0C1HURK",
        "user_team": "TC0C1HURK",
        "source_team": "TC0C1HURK",
        "user_profile": {
            "avatar_hash": "ge37db03b9cc",
            "image_72": "https:\/\/secure.gravatar.com\/avatar\/e37db03b9ccc1daf3ba6edc1c4eb4154.jpg?s=72&d=https%3A%2F%2Fa.slack-edge.com%2Fdf10d%2Fimg%2Favatars%2Fava_0024-72.png",
            "first_name": "Justin",
            "real_name": "Justin Jin",
            "display_name": "Jin",
            "team": "TC0C1HURK",
            "name": "jzstxdy",
            "is_restricted": false,
            "is_ultra_restricted": false
        },
        "thread_ts": "1571984930.136100",
        "reply_count": 1,
        "reply_users_count": 1,
        "latest_reply": "1572018791.137000",
        "reply_users": [
            "UC19HAUAK"
        ],
        "replies": [
            {
                "user": "UC19HAUAK",
                "ts": "1572018791.137000"
            }
        ],
        "subscribed": false
    }
]