[
    {
        "client_msg_id": "4b0a4107-e1b1-4535-b68e-95d606422b60",
        "type": "message",
        "text": "Hey <@UKT09QM7X>, the schema can be created dynamically - this guide covers some parts of this <https:\/\/cube.dev\/docs\/schema-generation>",
        "user": "UC1HAFW4E",
        "ts": "1561191167.162600",
        "team": "TC0C1HURK",
        "user_team": "TC0C1HURK",
        "source_team": "TC0C1HURK",
        "user_profile": {
            "avatar_hash": "ee7b69830a11",
            "image_72": "https:\/\/avatars.slack-edge.com\/2018-08-13\/414857329600_ee7b69830a119331e10e_72.jpg",
            "first_name": "Artyom",
            "real_name": "Artyom Keydunov",
            "display_name": "Artyom Keydunov",
            "team": "TC0C1HURK",
            "name": "artyom",
            "is_restricted": false,
            "is_ultra_restricted": false
        },
        "thread_ts": "1561155574.162300",
        "parent_user_id": "UKT09QM7X"
    },
    {
        "client_msg_id": "84aca64b-f5cb-4fdc-8b77-f73376238250",
        "type": "message",
        "text": "You also can use `asyncModule` <https:\/\/github.com\/statsbotco\/cube.js\/issues\/141#issuecomment-504274669>, it has just been added and not yet documented, but it is a way to dynamically load config (from API or database) during the schema generation.",
        "user": "UC1HAFW4E",
        "ts": "1561191293.162800",
        "team": "TC0C1HURK",
        "user_team": "TC0C1HURK",
        "source_team": "TC0C1HURK",
        "user_profile": {
            "avatar_hash": "ee7b69830a11",
            "image_72": "https:\/\/avatars.slack-edge.com\/2018-08-13\/414857329600_ee7b69830a119331e10e_72.jpg",
            "first_name": "Artyom",
            "real_name": "Artyom Keydunov",
            "display_name": "Artyom Keydunov",
            "team": "TC0C1HURK",
            "name": "artyom",
            "is_restricted": false,
            "is_ultra_restricted": false
        },
        "attachments": [
            {
                "service_name": "GitHub",
                "title": "Generating cube () from configuration data of database · Issue #141 · statsbotco\/cube.js",
                "title_link": "https:\/\/github.com\/statsbotco\/cube.js\/issues\/141#issuecomment-504274669",
                "text": "Funnel query I want to write the parameters needed for query in the database, and then generate cube () based on these parameters.Thanks.",
                "fallback": "GitHub: Generating cube () from configuration data of database · Issue #141 · statsbotco\/cube.js",
                "thumb_url": "https:\/\/avatars3.githubusercontent.com\/u\/23642077?s=400&v=4",
                "from_url": "https:\/\/github.com\/statsbotco\/cube.js\/issues\/141#issuecomment-504274669",
                "thumb_width": 400,
                "thumb_height": 400,
                "service_icon": "https:\/\/a.slack-edge.com\/bfaba\/img\/unfurl_icons\/github.png",
                "id": 1,
                "original_url": "https:\/\/github.com\/statsbotco\/cube.js\/issues\/141#issuecomment-504274669"
            }
        ],
        "thread_ts": "1561155574.162300",
        "parent_user_id": "UKT09QM7X"
    },
    {
        "client_msg_id": "6ac17b8b-ed7b-4aaa-aa73-a44d0b80dbe1",
        "type": "message",
        "text": "That's awesome, thanks",
        "user": "UKT09QM7X",
        "ts": "1561214232.163100",
        "team": "TC0C1HURK",
        "user_team": "TC0C1HURK",
        "source_team": "TC0C1HURK",
        "user_profile": {
            "avatar_hash": "g1f7351455fe",
            "image_72": "https:\/\/secure.gravatar.com\/avatar\/91f7351455fe6827e3b7b8425dcae236.jpg?s=72&d=https%3A%2F%2Fa.slack-edge.com%2Fdf10d%2Fimg%2Favatars%2Fava_0026-72.png",
            "first_name": "",
            "real_name": "rleon",
            "display_name": "rleon",
            "team": "TC0C1HURK",
            "name": "rleon",
            "is_restricted": false,
            "is_ultra_restricted": false
        },
        "thread_ts": "1561155574.162300",
        "parent_user_id": "UKT09QM7X"
    },
    {
        "type": "message",
        "subtype": "channel_join",
        "ts": "1561220793.163400",
        "user": "UKT9PB596",
        "text": "<@UKT9PB596> has joined the channel"
    }
]