[
    {
        "client_msg_id": "33444f3a-1ab5-4036-b034-61a9b00e081b",
        "type": "message",
        "text": "any idea ?",
        "user": "UMZGSKQCU",
        "ts": "1569656256.122400",
        "team": "TC0C1HURK",
        "user_team": "TC0C1HURK",
        "source_team": "TC0C1HURK",
        "user_profile": {
            "avatar_hash": "gae94c75bf42",
            "image_72": "https:\/\/secure.gravatar.com\/avatar\/2ae94c75bf4244e39897bec0d7e5056e.jpg?s=72&d=https%3A%2F%2Fa.slack-edge.com%2Fdf10d%2Fimg%2Favatars%2Fava_0026-72.png",
            "first_name": "",
            "real_name": "Nibin John",
            "display_name": "Nibin John",
            "team": "TC0C1HURK",
            "name": "rockingnibin",
            "is_restricted": false,
            "is_ultra_restricted": false
        },
        "thread_ts": "1569065303.070500",
        "parent_user_id": "UMZGSKQCU"
    },
    {
        "client_msg_id": "26d71388-0265-4f5f-bc05-8d593a9e6af4",
        "type": "message",
        "text": "Is there any way to refresh the data manually ??",
        "user": "UN5B03DNV",
        "ts": "1569658656.123000",
        "team": "TC0C1HURK",
        "user_team": "TC0C1HURK",
        "source_team": "TC0C1HURK",
        "user_profile": {
            "avatar_hash": "ga97bf3467ae",
            "image_72": "https:\/\/secure.gravatar.com\/avatar\/9a97bf3467aeea1aea22e27a7868916c.jpg?s=72&d=https%3A%2F%2Fa.slack-edge.com%2Fdf10d%2Fimg%2Favatars%2Fava_0001-72.png",
            "first_name": "",
            "real_name": "Ramprakash",
            "display_name": "Ramprakash",
            "team": "TC0C1HURK",
            "name": "ramprakashjagadeesan",
            "is_restricted": false,
            "is_ultra_restricted": false
        }
    },
    {
        "client_msg_id": "bf2ed56d-e541-48e4-8796-06efbf374899",
        "type": "message",
        "text": "<@UN5B03DNV> Just add `key` props to `&lt;QueryRenderer key={keyVal} ... \/&gt;`\n\nchange `keyVal` whenever you want to refresh",
        "user": "UMZGSKQCU",
        "ts": "1569659910.123900",
        "team": "TC0C1HURK",
        "user_team": "TC0C1HURK",
        "source_team": "TC0C1HURK",
        "user_profile": {
            "avatar_hash": "gae94c75bf42",
            "image_72": "https:\/\/secure.gravatar.com\/avatar\/2ae94c75bf4244e39897bec0d7e5056e.jpg?s=72&d=https%3A%2F%2Fa.slack-edge.com%2Fdf10d%2Fimg%2Favatars%2Fava_0026-72.png",
            "first_name": "",
            "real_name": "Nibin John",
            "display_name": "Nibin John",
            "team": "TC0C1HURK",
            "name": "rockingnibin",
            "is_restricted": false,
            "is_ultra_restricted": false
        },
        "edited": {
            "user": "UMZGSKQCU",
            "ts": "1569659989.000000"
        },
        "thread_ts": "1569659910.123900",
        "reply_count": 1,
        "reply_users_count": 1,
        "latest_reply": "1569694498.124700",
        "reply_users": [
            "UN5B03DNV"
        ],
        "replies": [
            {
                "user": "UN5B03DNV",
                "ts": "1569694498.124700"
            }
        ],
        "subscribed": false
    },
    {
        "client_msg_id": "b56c8247-4517-41a8-9592-6d17cf4f09d8",
        "type": "message",
        "text": "Nice. Its worked for me",
        "user": "UN5B03DNV",
        "ts": "1569694498.124700",
        "team": "TC0C1HURK",
        "user_team": "TC0C1HURK",
        "source_team": "TC0C1HURK",
        "user_profile": {
            "avatar_hash": "ga97bf3467ae",
            "image_72": "https:\/\/secure.gravatar.com\/avatar\/9a97bf3467aeea1aea22e27a7868916c.jpg?s=72&d=https%3A%2F%2Fa.slack-edge.com%2Fdf10d%2Fimg%2Favatars%2Fava_0001-72.png",
            "first_name": "",
            "real_name": "Ramprakash",
            "display_name": "Ramprakash",
            "team": "TC0C1HURK",
            "name": "ramprakashjagadeesan",
            "is_restricted": false,
            "is_ultra_restricted": false
        },
        "thread_ts": "1569659910.123900",
        "parent_user_id": "UMZGSKQCU",
        "reactions": [
            {
                "name": "+1",
                "users": [
                    "UMZGSKQCU"
                ],
                "count": 1
            }
        ]
    },
    {
        "client_msg_id": "48df2aad-ee79-44fb-a9e0-cea48dfb8b48",
        "type": "message",
        "text": "<@UMZGSKQCU> Sounds like you're trying to trigger filtering on join condition. You can replace all of these dimensions with `set` filters on corresponding cubes:\n```\n{\n                 measures: [\"A.count\"],\n                 timeDimensions: [\n                   {\n                     dimension: \"A.createdAt\"\n                   }\n                 ],\n                 dimensions: [],\n                 filters: [...filters, {\n                   dimension: 'B.id',\n                   operator: 'set\n                 }, {\n                   dimension: 'C.id',\n                   operator: 'set\n                 }],\n                 order: {}\n}\n```\n<https:\/\/cube.dev\/docs\/query-format#filters-operators-set>",
        "user": "UC19HAUAK",
        "ts": "1569694976.124900",
        "team": "TC0C1HURK",
        "user_team": "TC0C1HURK",
        "source_team": "TC0C1HURK",
        "user_profile": {
            "avatar_hash": "066a042e018c",
            "image_72": "https:\/\/avatars.slack-edge.com\/2019-12-07\/866588520998_066a042e018ca831a195_72.png",
            "first_name": "Pavel",
            "real_name": "Pavel Tiunov",
            "display_name": "pavel",
            "team": "TC0C1HURK",
            "name": "pavel",
            "is_restricted": false,
            "is_ultra_restricted": false
        },
        "edited": {
            "user": "UC19HAUAK",
            "ts": "1569695008.000000"
        },
        "thread_ts": "1569065303.070500",
        "parent_user_id": "UMZGSKQCU"
    },
    {
        "client_msg_id": "A39241AA-2B70-4867-856B-2253E521AABC",
        "type": "message",
        "text": "Hi guys! I’m I’m thinking why there is a need to introduce “cube” concept for querying analytics results? How about replacing the “cube” with standard sql? Is it because “cube” defines reusable “building blocks” such as joined table, measures, filters and its easier to use than sql for building analysis? Or is it because the sql results don’t specify type info for later visualization usage? But for me, defining cube is harder than writing sql. Thoughts?",
        "user": "UNWK0JSFQ",
        "ts": "1569695838.131600",
        "team": "TC0C1HURK",
        "user_team": "TC0C1HURK",
        "source_team": "TC0C1HURK",
        "user_profile": {
            "avatar_hash": "gc71fbfe2655",
            "image_72": "https:\/\/secure.gravatar.com\/avatar\/c71fbfe265594fda26a9048b6bddb203.jpg?s=72&d=https%3A%2F%2Fa.slack-edge.com%2Fdf10d%2Fimg%2Favatars%2Fava_0011-72.png",
            "first_name": "",
            "real_name": "Tony Che",
            "display_name": "Tony Che",
            "team": "TC0C1HURK",
            "name": "stonnyaiqi",
            "is_restricted": false,
            "is_ultra_restricted": false
        },
        "thread_ts": "1569695838.131600",
        "reply_count": 2,
        "reply_users_count": 2,
        "latest_reply": "1569700635.138500",
        "reply_users": [
            "UC19HAUAK",
            "UNWK0JSFQ"
        ],
        "replies": [
            {
                "user": "UC19HAUAK",
                "ts": "1569696472.131700"
            },
            {
                "user": "UNWK0JSFQ",
                "ts": "1569700635.138500"
            }
        ],
        "subscribed": false
    },
    {
        "client_msg_id": "a8a354e9-2ddb-4a8c-9df1-3170ffaf11eb",
        "type": "message",
        "text": "Hey <@UNWK0JSFQ>! It's really great question with pretty decent history. In fact Cube.js is Relational OLAP implementation. <https:\/\/en.wikipedia.org\/wiki\/Online_analytical_processing#Relational_OLAP_(ROLAP)>\n\nSo it's all about SQL code organization. If you have just couple of queries ROLAP is definitely an overhead. If you have 100+ it's usually where it pays out. Real production use cases usually end up with this amount of queries to be maintained.",
        "user": "UC19HAUAK",
        "ts": "1569696472.131700",
        "team": "TC0C1HURK",
        "user_team": "TC0C1HURK",
        "source_team": "TC0C1HURK",
        "user_profile": {
            "avatar_hash": "066a042e018c",
            "image_72": "https:\/\/avatars.slack-edge.com\/2019-12-07\/866588520998_066a042e018ca831a195_72.png",
            "first_name": "Pavel",
            "real_name": "Pavel Tiunov",
            "display_name": "pavel",
            "team": "TC0C1HURK",
            "name": "pavel",
            "is_restricted": false,
            "is_ultra_restricted": false
        },
        "attachments": [
            {
                "title": "Online analytical processing",
                "title_link": "https:\/\/en.wikipedia.org\/wiki\/Online_analytical_processing#Relational_OLAP_(ROLAP)",
                "from_url": "https:\/\/en.wikipedia.org\/wiki\/Online_analytical_processing#Relational_OLAP_(ROLAP)",
                "author_name": "Wikipedia",
                "author_link": "https:\/\/en.wikipedia.org\/",
                "text": "Online analytical processing, or OLAP (), is an approach to answer multi-dimensional analytical (MDA) queries swiftly in computing. OLAP is part of the broader category of business intelligence, which also encompasses relational databases, report writing and data mining.  Typical applications of OLAP include business reporting for sales, marketing, management reporting, business process management (BPM), budgeting and forecasting, financial reporting and similar areas, with new applications emerging, such as agriculture.The term OLAP was created as a slight modification of the traditional database term online transaction processing (OLTP).OLAP tools enable users to analyze multidimensional data interactively from multiple perspectives. OLAP consists of three basic analytical operations: consolidation (roll-up), drill-down, and slicing and dicing. Consolidation involves the aggregation of data that can be accumulated and computed in one or more dimensions. For example, all sales offices are rolled up to the sales department or sales division to anticipate sales trends. By contrast, the drill-down is a technique that allows users to navigate through the details. For instance, users can view the sales by individual products that make up a region's sales. Slicing and dicing is a feature whereby users can take out (slicing) a specific set of data of the OLAP cube and view (dicing) the slices from different viewpoints.  These viewpoints are sometimes called dimensions (such as looking at the same sales by salesperson, or by date, or by customer, or by product, or by region, etc.)\nDatabases configured for OLAP use a multidimensional data model, allowing for complex analytical and ad hoc queries with a rapid execution time.  They borrow aspects of navigational databases, hierarchical databases and relational databases.\nOLAP is typically contrasted to OLTP (online transaction processing), which is generally characterized by much less complex queries, in a larger volume, to process transactions rather than for the purpose of business intelligence or reporting. Whereas OLAP systems are mostly optimized for read, OLTP has to process all kinds of queries (read, insert, update and delete).",
                "fallback": "wikipedia: Online analytical processing",
                "service_icon": "https:\/\/a.slack-edge.com\/80588\/img\/unfurl_icons\/wikipedia.png",
                "id": 1,
                "original_url": "https:\/\/en.wikipedia.org\/wiki\/Online_analytical_processing#Relational_OLAP_(ROLAP)"
            }
        ],
        "thread_ts": "1569695838.131600",
        "parent_user_id": "UNWK0JSFQ"
    },
    {
        "client_msg_id": "07c0cf77-6eab-43b0-b3dc-2c658bbaaec4",
        "type": "message",
        "text": "`Error: Data source must be a URL for refresh`\n`Error in mounted hook: \"Error: Data source must be a URL for refresh\"`\n\nHi received error like this in console.",
        "user": "UN5B03DNV",
        "ts": "1569697897.132300",
        "team": "TC0C1HURK",
        "user_team": "TC0C1HURK",
        "source_team": "TC0C1HURK",
        "user_profile": {
            "avatar_hash": "ga97bf3467ae",
            "image_72": "https:\/\/secure.gravatar.com\/avatar\/9a97bf3467aeea1aea22e27a7868916c.jpg?s=72&d=https%3A%2F%2Fa.slack-edge.com%2Fdf10d%2Fimg%2Favatars%2Fava_0001-72.png",
            "first_name": "",
            "real_name": "Ramprakash",
            "display_name": "Ramprakash",
            "team": "TC0C1HURK",
            "name": "ramprakashjagadeesan",
            "is_restricted": false,
            "is_ultra_restricted": false
        },
        "edited": {
            "user": "UN5B03DNV",
            "ts": "1569697999.000000"
        },
        "thread_ts": "1569697897.132300",
        "reply_count": 4,
        "reply_users_count": 2,
        "latest_reply": "1569908975.157400",
        "reply_users": [
            "UC19HAUAK",
            "UN5B03DNV"
        ],
        "replies": [
            {
                "user": "UC19HAUAK",
                "ts": "1569704798.138900"
            },
            {
                "user": "UN5B03DNV",
                "ts": "1569843730.152000"
            },
            {
                "user": "UC19HAUAK",
                "ts": "1569875104.156700"
            },
            {
                "user": "UN5B03DNV",
                "ts": "1569908975.157400"
            }
        ],
        "subscribed": false
    },
    {
        "client_msg_id": "E724840E-A206-42B7-9F42-39CA41A012F4",
        "type": "message",
        "text": "Hi <@UC19HAUAK> , thanks a lot for the explanation! I understand the use case of cubejs is for olap, just like what Looker is for. When I used looker, LookML seemed to introduce many overheads to me. It may because our analysis was not complex enough for the overhead to be paid of. And I had this question back then. \n\nThe production complexity is really helpful insight for me to understand the need for “cube”. ",
        "user": "UNWK0JSFQ",
        "ts": "1569700635.138500",
        "team": "TC0C1HURK",
        "user_team": "TC0C1HURK",
        "source_team": "TC0C1HURK",
        "user_profile": {
            "avatar_hash": "gc71fbfe2655",
            "image_72": "https:\/\/secure.gravatar.com\/avatar\/c71fbfe265594fda26a9048b6bddb203.jpg?s=72&d=https%3A%2F%2Fa.slack-edge.com%2Fdf10d%2Fimg%2Favatars%2Fava_0011-72.png",
            "first_name": "",
            "real_name": "Tony Che",
            "display_name": "Tony Che",
            "team": "TC0C1HURK",
            "name": "stonnyaiqi",
            "is_restricted": false,
            "is_ultra_restricted": false
        },
        "thread_ts": "1569695838.131600",
        "parent_user_id": "UNWK0JSFQ",
        "reactions": [
            {
                "name": "raised_hands",
                "users": [
                    "UC19HAUAK"
                ],
                "count": 1
            }
        ]
    },
    {
        "type": "message",
        "subtype": "channel_join",
        "ts": "1569703258.138800",
        "user": "UNG4HTP42",
        "text": "<@UNG4HTP42> has joined the channel"
    },
    {
        "client_msg_id": "189b2aeb-d709-4ada-a1ee-bd9e90f13800",
        "type": "message",
        "text": "Hey <@UN5B03DNV>! Do you see any stack trace for this error?",
        "user": "UC19HAUAK",
        "ts": "1569704798.138900",
        "team": "TC0C1HURK",
        "user_team": "TC0C1HURK",
        "source_team": "TC0C1HURK",
        "user_profile": {
            "avatar_hash": "066a042e018c",
            "image_72": "https:\/\/avatars.slack-edge.com\/2019-12-07\/866588520998_066a042e018ca831a195_72.png",
            "first_name": "Pavel",
            "real_name": "Pavel Tiunov",
            "display_name": "pavel",
            "team": "TC0C1HURK",
            "name": "pavel",
            "is_restricted": false,
            "is_ultra_restricted": false
        },
        "thread_ts": "1569697897.132300",
        "parent_user_id": "UN5B03DNV"
    }
]