[
    {
        "type": "message",
        "subtype": "channel_join",
        "ts": "1556523200.022700",
        "user": "UJ90AE34G",
        "text": "<@UJ90AE34G> has joined the channel"
    },
    {
        "type": "message",
        "subtype": "channel_join",
        "ts": "1556577968.022900",
        "user": "UJ9QV8CQ5",
        "text": "<@UJ9QV8CQ5> has joined the channel"
    },
    {
        "client_msg_id": "eb16543e-889a-4444-acbd-a4aab86b75a9",
        "type": "message",
        "text": "How can we define composite primary keys in Cube? In order to do joins, we need to define a primary key in the Cube, but the documentation doesn't quite explain how.",
        "user": "UHTBRSSHF",
        "ts": "1556585794.023600",
        "team": "TC0C1HURK",
        "user_team": "TC0C1HURK",
        "source_team": "TC0C1HURK",
        "user_profile": {
            "avatar_hash": "gf90f462755e",
            "image_72": "https:\/\/secure.gravatar.com\/avatar\/af90f462755eaf8aa43a3ae83ed8d4a2.jpg?s=72&d=https%3A%2F%2Fa.slack-edge.com%2Fdf10d%2Fimg%2Favatars%2Fava_0018-72.png",
            "first_name": "",
            "real_name": "Albert Kim",
            "display_name": "Albert Kim",
            "team": "TC0C1HURK",
            "name": "albertk",
            "is_restricted": false,
            "is_ultra_restricted": false
        },
        "thread_ts": "1556585794.023600",
        "reply_count": 4,
        "reply_users_count": 2,
        "latest_reply": "1556638861.029100",
        "reply_users": [
            "UC1HAFW4E",
            "UHTBRSSHF"
        ],
        "replies": [
            {
                "user": "UC1HAFW4E",
                "ts": "1556604843.024100"
            },
            {
                "user": "UC1HAFW4E",
                "ts": "1556604880.024300"
            },
            {
                "user": "UC1HAFW4E",
                "ts": "1556605016.024700"
            },
            {
                "user": "UHTBRSSHF",
                "ts": "1556638861.029100"
            }
        ],
        "subscribed": true,
        "last_read": "1556638861.029100"
    },
    {
        "client_msg_id": "e757e2a9-04d5-4d27-adff-ce1cb83f3d13",
        "type": "message",
        "text": "I resolved this by simply using the PaymentLines table using sql-based filters. There wasn't a need to move up to the Payment table. Is the error cube still something you'd like to see? I could perhaps break it down into the minimal cube with the `invalid use` error",
        "user": "UHTBRSSHF",
        "ts": "1556585885.023700",
        "team": "TC0C1HURK",
        "user_team": "TC0C1HURK",
        "source_team": "TC0C1HURK",
        "user_profile": {
            "avatar_hash": "gf90f462755e",
            "image_72": "https:\/\/secure.gravatar.com\/avatar\/af90f462755eaf8aa43a3ae83ed8d4a2.jpg?s=72&d=https%3A%2F%2Fa.slack-edge.com%2Fdf10d%2Fimg%2Favatars%2Fava_0018-72.png",
            "first_name": "",
            "real_name": "Albert Kim",
            "display_name": "Albert Kim",
            "team": "TC0C1HURK",
            "name": "albertk",
            "is_restricted": false,
            "is_ultra_restricted": false
        },
        "thread_ts": "1556315962.019000",
        "parent_user_id": "UHTBRSSHF"
    },
    {
        "client_msg_id": "c110da19-a17d-4b36-a339-1c6699b6f03f",
        "type": "message",
        "text": "As for subqueries, I analyzed the generated sql statements, and found that the generated subqueries didn't have where clauses that apply to the outer query, resulting in massive full table scans. It was too slow for me to use.\n\nPerhaps if I configure the where clauses better, it can get it to be performant?",
        "user": "UHTBRSSHF",
        "ts": "1556586200.023900",
        "team": "TC0C1HURK",
        "user_team": "TC0C1HURK",
        "source_team": "TC0C1HURK",
        "user_profile": {
            "avatar_hash": "gf90f462755e",
            "image_72": "https:\/\/secure.gravatar.com\/avatar\/af90f462755eaf8aa43a3ae83ed8d4a2.jpg?s=72&d=https%3A%2F%2Fa.slack-edge.com%2Fdf10d%2Fimg%2Favatars%2Fava_0018-72.png",
            "first_name": "",
            "real_name": "Albert Kim",
            "display_name": "Albert Kim",
            "team": "TC0C1HURK",
            "name": "albertk",
            "is_restricted": false,
            "is_ultra_restricted": false
        },
        "thread_ts": "1556315962.019000",
        "parent_user_id": "UHTBRSSHF"
    },
    {
        "client_msg_id": "be1c28d5-fe85-493b-af4f-b8301c9fdd92",
        "type": "message",
        "text": "Hi <@UJA6FGGMD>, you can set a composite primary key by concatenating all required columns in the dimension.",
        "user": "UC1HAFW4E",
        "ts": "1556604843.024100",
        "team": "TC0C1HURK",
        "user_team": "TC0C1HURK",
        "source_team": "TC0C1HURK",
        "user_profile": {
            "avatar_hash": "ee7b69830a11",
            "image_72": "https:\/\/avatars.slack-edge.com\/2018-08-13\/414857329600_ee7b69830a119331e10e_72.jpg",
            "first_name": "Artyom",
            "real_name": "Artyom Keydunov",
            "display_name": "Artyom Keydunov",
            "team": "TC0C1HURK",
            "name": "artyom",
            "is_restricted": false,
            "is_ultra_restricted": false
        },
        "thread_ts": "1556585794.023600",
        "parent_user_id": "UHTBRSSHF"
    },
    {
        "client_msg_id": "110e0577-a4a7-4477-8f52-2a2b625728d6",
        "type": "message",
        "text": "```\n id: {\n   sql: `${CUBE}.user_id || '-' || ${CUBE}.signup_week || '-' || ${CUBE}.activity_week`,\n   type: `number`,\n   primaryKey: true\n}\n```\n\nPlease note that SQL in your case may be different, depending on your database. The above example is for Postgres\/Redshift.",
        "user": "UC1HAFW4E",
        "ts": "1556604880.024300",
        "team": "TC0C1HURK",
        "user_team": "TC0C1HURK",
        "source_team": "TC0C1HURK",
        "user_profile": {
            "avatar_hash": "ee7b69830a11",
            "image_72": "https:\/\/avatars.slack-edge.com\/2018-08-13\/414857329600_ee7b69830a119331e10e_72.jpg",
            "first_name": "Artyom",
            "real_name": "Artyom Keydunov",
            "display_name": "Artyom Keydunov",
            "team": "TC0C1HURK",
            "name": "artyom",
            "is_restricted": false,
            "is_ultra_restricted": false
        },
        "edited": {
            "user": "UC1HAFW4E",
            "ts": "1556604913.000000"
        },
        "thread_ts": "1556585794.023600",
        "parent_user_id": "UHTBRSSHF"
    },
    {
        "client_msg_id": "7c0fb12d-093a-4bb7-b3ac-50ca611fbdfd",
        "type": "message",
        "text": "Thank you for pointing out that doc lacks the example for composite primary key - I've just added it.",
        "user": "UC1HAFW4E",
        "ts": "1556605016.024700",
        "team": "TC0C1HURK",
        "user_team": "TC0C1HURK",
        "source_team": "TC0C1HURK",
        "user_profile": {
            "avatar_hash": "ee7b69830a11",
            "image_72": "https:\/\/avatars.slack-edge.com\/2018-08-13\/414857329600_ee7b69830a119331e10e_72.jpg",
            "first_name": "Artyom",
            "real_name": "Artyom Keydunov",
            "display_name": "Artyom Keydunov",
            "team": "TC0C1HURK",
            "name": "artyom",
            "is_restricted": false,
            "is_ultra_restricted": false
        },
        "edited": {
            "user": "UC1HAFW4E",
            "ts": "1556605022.000000"
        },
        "thread_ts": "1556585794.023600",
        "parent_user_id": "UHTBRSSHF",
        "reactions": [
            {
                "name": "+1",
                "users": [
                    "UHKB88WF2"
                ],
                "count": 1
            }
        ]
    }
]