[
    {
        "type": "message",
        "subtype": "channel_join",
        "ts": "1566286718.184600",
        "user": "UM69ZG4AE",
        "text": "<@UM69ZG4AE> has joined the channel"
    },
    {
        "type": "message",
        "subtype": "channel_join",
        "ts": "1566288897.184800",
        "user": "UML085DNJ",
        "text": "<@UML085DNJ> has joined the channel"
    },
    {
        "client_msg_id": "f06d98e0-5d25-4a37-8e28-3d82737cc18a",
        "type": "message",
        "text": "i cant sync latest db data in charts and am running below command in terminal also.\n\nsudo cubejs generate -t users\n- Fetching DB schema\n- Generating schema files\n- Schema for users was successfully generated :tada:",
        "user": "UMKG504KH",
        "ts": "1566294523.186600",
        "team": "TC0C1HURK",
        "user_team": "TC0C1HURK",
        "source_team": "TC0C1HURK",
        "user_profile": {
            "avatar_hash": "gedb766622c7",
            "image_72": "https:\/\/secure.gravatar.com\/avatar\/aedb766622c70209f122a9d38d9d1f68.jpg?s=72&d=https%3A%2F%2Fa.slack-edge.com%2Fdf10d%2Fimg%2Favatars%2Fava_0019-72.png",
            "first_name": "",
            "real_name": "Mansoor",
            "display_name": "Mansoor",
            "team": "TC0C1HURK",
            "name": "shajacse92",
            "is_restricted": false,
            "is_ultra_restricted": false
        },
        "thread_ts": "1566294523.186600",
        "reply_count": 11,
        "reply_users_count": 2,
        "latest_reply": "1566363427.201200",
        "reply_users": [
            "UC19HAUAK",
            "UMKG504KH"
        ],
        "replies": [
            {
                "user": "UC19HAUAK",
                "ts": "1566312863.191500"
            },
            {
                "user": "UMKG504KH",
                "ts": "1566356670.195900"
            },
            {
                "user": "UC19HAUAK",
                "ts": "1566356958.196600"
            },
            {
                "user": "UMKG504KH",
                "ts": "1566357639.199300"
            },
            {
                "user": "UC19HAUAK",
                "ts": "1566358322.199700"
            },
            {
                "user": "UMKG504KH",
                "ts": "1566358841.199900"
            },
            {
                "user": "UC19HAUAK",
                "ts": "1566362151.200100"
            },
            {
                "user": "UMKG504KH",
                "ts": "1566362237.200400"
            },
            {
                "user": "UC19HAUAK",
                "ts": "1566363150.200700"
            },
            {
                "user": "UMKG504KH",
                "ts": "1566363308.201000"
            },
            {
                "user": "UC19HAUAK",
                "ts": "1566363427.201200"
            }
        ],
        "subscribed": false
    },
    {
        "client_msg_id": "7cd592cf-6f9b-4b3b-8cc6-5d1d61831f52",
        "type": "message",
        "text": "mh wonderful build a hack to make it work and guess what the stagingserver is in a diffrent timezone.",
        "user": "UJXANJSSF",
        "ts": "1566301959.186700",
        "team": "TC0C1HURK",
        "user_team": "TC0C1HURK",
        "source_team": "TC0C1HURK",
        "user_profile": {
            "avatar_hash": "g3f3bd6705da",
            "image_72": "https:\/\/secure.gravatar.com\/avatar\/d3f3bd6705da3e80e9f3a4204dcd4d9a.jpg?s=72&d=https%3A%2F%2Fa.slack-edge.com%2Fdf10d%2Fimg%2Favatars%2Fava_0025-72.png",
            "first_name": "",
            "real_name": "Ferenc Mohos",
            "display_name": "Ferenc Mohos",
            "team": "TC0C1HURK",
            "name": "ferenc.mohos",
            "is_restricted": false,
            "is_ultra_restricted": false
        },
        "thread_ts": "1566219743.174500",
        "parent_user_id": "UJXANJSSF"
    },
    {
        "client_msg_id": "e94a4eea-ca86-43ea-9cf6-d6a0161cd3c9",
        "type": "message",
        "text": "<@UJXANJSSF> Makes sense. What query do you send to server? Do you provide `timezone` property?",
        "user": "UC19HAUAK",
        "ts": "1566311418.187000",
        "team": "TC0C1HURK",
        "user_team": "TC0C1HURK",
        "source_team": "TC0C1HURK",
        "user_profile": {
            "avatar_hash": "066a042e018c",
            "image_72": "https:\/\/avatars.slack-edge.com\/2019-12-07\/866588520998_066a042e018ca831a195_72.png",
            "first_name": "Pavel",
            "real_name": "Pavel Tiunov",
            "display_name": "pavel",
            "team": "TC0C1HURK",
            "name": "pavel",
            "is_restricted": false,
            "is_ultra_restricted": false
        },
        "thread_ts": "1566219743.174500",
        "parent_user_id": "UJXANJSSF"
    },
    {
        "client_msg_id": "34312c0f-f10d-419b-9e40-f09481641de2",
        "type": "message",
        "text": "utc currently",
        "user": "UJXANJSSF",
        "ts": "1566311433.187200",
        "team": "TC0C1HURK",
        "user_team": "TC0C1HURK",
        "source_team": "TC0C1HURK",
        "user_profile": {
            "avatar_hash": "g3f3bd6705da",
            "image_72": "https:\/\/secure.gravatar.com\/avatar\/d3f3bd6705da3e80e9f3a4204dcd4d9a.jpg?s=72&d=https%3A%2F%2Fa.slack-edge.com%2Fdf10d%2Fimg%2Favatars%2Fava_0025-72.png",
            "first_name": "",
            "real_name": "Ferenc Mohos",
            "display_name": "Ferenc Mohos",
            "team": "TC0C1HURK",
            "name": "ferenc.mohos",
            "is_restricted": false,
            "is_ultra_restricted": false
        },
        "thread_ts": "1566219743.174500",
        "parent_user_id": "UJXANJSSF"
    },
    {
        "client_msg_id": "84f6da14-911a-4fc8-a9b1-746938cdb1de",
        "type": "message",
        "text": "i will update my dependencies and try again",
        "user": "UJXANJSSF",
        "ts": "1566311639.187400",
        "team": "TC0C1HURK",
        "user_team": "TC0C1HURK",
        "source_team": "TC0C1HURK",
        "user_profile": {
            "avatar_hash": "g3f3bd6705da",
            "image_72": "https:\/\/secure.gravatar.com\/avatar\/d3f3bd6705da3e80e9f3a4204dcd4d9a.jpg?s=72&d=https%3A%2F%2Fa.slack-edge.com%2Fdf10d%2Fimg%2Favatars%2Fava_0025-72.png",
            "first_name": "",
            "real_name": "Ferenc Mohos",
            "display_name": "Ferenc Mohos",
            "team": "TC0C1HURK",
            "name": "ferenc.mohos",
            "is_restricted": false,
            "is_ultra_restricted": false
        },
        "thread_ts": "1566219743.174500",
        "parent_user_id": "UJXANJSSF"
    },
    {
        "client_msg_id": "17af55e2-2276-4507-a22b-e6d03876f780",
        "type": "message",
        "text": "using 0.9.6",
        "user": "UJXANJSSF",
        "ts": "1566311644.187600",
        "team": "TC0C1HURK",
        "user_team": "TC0C1HURK",
        "source_team": "TC0C1HURK",
        "user_profile": {
            "avatar_hash": "g3f3bd6705da",
            "image_72": "https:\/\/secure.gravatar.com\/avatar\/d3f3bd6705da3e80e9f3a4204dcd4d9a.jpg?s=72&d=https%3A%2F%2Fa.slack-edge.com%2Fdf10d%2Fimg%2Favatars%2Fava_0025-72.png",
            "first_name": "",
            "real_name": "Ferenc Mohos",
            "display_name": "Ferenc Mohos",
            "team": "TC0C1HURK",
            "name": "ferenc.mohos",
            "is_restricted": false,
            "is_ultra_restricted": false
        },
        "thread_ts": "1566219743.174500",
        "parent_user_id": "UJXANJSSF"
    },
    {
        "client_msg_id": "8b99d9a8-09df-443b-a1fc-b6a505e38ef3",
        "type": "message",
        "text": "is a timezone property available since ever ? becasue it feels as if it is ignored",
        "user": "UJXANJSSF",
        "ts": "1566312006.187800",
        "team": "TC0C1HURK",
        "user_team": "TC0C1HURK",
        "source_team": "TC0C1HURK",
        "user_profile": {
            "avatar_hash": "g3f3bd6705da",
            "image_72": "https:\/\/secure.gravatar.com\/avatar\/d3f3bd6705da3e80e9f3a4204dcd4d9a.jpg?s=72&d=https%3A%2F%2Fa.slack-edge.com%2Fdf10d%2Fimg%2Favatars%2Fava_0025-72.png",
            "first_name": "",
            "real_name": "Ferenc Mohos",
            "display_name": "Ferenc Mohos",
            "team": "TC0C1HURK",
            "name": "ferenc.mohos",
            "is_restricted": false,
            "is_ultra_restricted": false
        },
        "thread_ts": "1566219743.174500",
        "parent_user_id": "UJXANJSSF"
    },
    {
        "client_msg_id": "05331a67-2513-4ef5-ba0e-e1014389200d",
        "type": "message",
        "text": "tried before with some +-10hour offset timezones and didnt see any changes in the reuslts",
        "user": "UJXANJSSF",
        "ts": "1566312029.188000",
        "team": "TC0C1HURK",
        "user_team": "TC0C1HURK",
        "source_team": "TC0C1HURK",
        "user_profile": {
            "avatar_hash": "g3f3bd6705da",
            "image_72": "https:\/\/secure.gravatar.com\/avatar\/d3f3bd6705da3e80e9f3a4204dcd4d9a.jpg?s=72&d=https%3A%2F%2Fa.slack-edge.com%2Fdf10d%2Fimg%2Favatars%2Fava_0025-72.png",
            "first_name": "",
            "real_name": "Ferenc Mohos",
            "display_name": "Ferenc Mohos",
            "team": "TC0C1HURK",
            "name": "ferenc.mohos",
            "is_restricted": false,
            "is_ultra_restricted": false
        },
        "edited": {
            "user": "UJXANJSSF",
            "ts": "1566312044.000000"
        },
        "thread_ts": "1566219743.174500",
        "parent_user_id": "UJXANJSSF"
    },
    {
        "client_msg_id": "61e057ed-6fcc-44bc-9f46-39811e92e8c0",
        "type": "message",
        "text": "Yep. Should be available and affect resulting SQL as it goes to TODATETIMEOFFSET.",
        "user": "UC19HAUAK",
        "ts": "1566312059.188300",
        "team": "TC0C1HURK",
        "user_team": "TC0C1HURK",
        "source_team": "TC0C1HURK",
        "user_profile": {
            "avatar_hash": "066a042e018c",
            "image_72": "https:\/\/avatars.slack-edge.com\/2019-12-07\/866588520998_066a042e018ca831a195_72.png",
            "first_name": "Pavel",
            "real_name": "Pavel Tiunov",
            "display_name": "pavel",
            "team": "TC0C1HURK",
            "name": "pavel",
            "is_restricted": false,
            "is_ultra_restricted": false
        },
        "thread_ts": "1566219743.174500",
        "parent_user_id": "UJXANJSSF"
    },
    {
        "client_msg_id": "e9e20812-9f1c-482e-b8cc-1ea8eef3e4e2",
        "type": "message",
        "text": "i will check the raw sql then",
        "user": "UJXANJSSF",
        "ts": "1566312087.188500",
        "team": "TC0C1HURK",
        "user_team": "TC0C1HURK",
        "source_team": "TC0C1HURK",
        "user_profile": {
            "avatar_hash": "g3f3bd6705da",
            "image_72": "https:\/\/secure.gravatar.com\/avatar\/d3f3bd6705da3e80e9f3a4204dcd4d9a.jpg?s=72&d=https%3A%2F%2Fa.slack-edge.com%2Fdf10d%2Fimg%2Favatars%2Fava_0025-72.png",
            "first_name": "",
            "real_name": "Ferenc Mohos",
            "display_name": "Ferenc Mohos",
            "team": "TC0C1HURK",
            "name": "ferenc.mohos",
            "is_restricted": false,
            "is_ultra_restricted": false
        },
        "thread_ts": "1566219743.174500",
        "parent_user_id": "UJXANJSSF"
    },
    {
        "client_msg_id": "373e0f00-2d1e-405a-817f-e9b7f37f8a10",
        "type": "message",
        "text": "<@UJXANJSSF> We have one timezone TODO in MS SQL driver so it's probably what causing it. Need to understand now what exactly makes this offset. What column type do you use for this date?",
        "user": "UC19HAUAK",
        "ts": "1566312162.188700",
        "team": "TC0C1HURK",
        "user_team": "TC0C1HURK",
        "source_team": "TC0C1HURK",
        "user_profile": {
            "avatar_hash": "066a042e018c",
            "image_72": "https:\/\/avatars.slack-edge.com\/2019-12-07\/866588520998_066a042e018ca831a195_72.png",
            "first_name": "Pavel",
            "real_name": "Pavel Tiunov",
            "display_name": "pavel",
            "team": "TC0C1HURK",
            "name": "pavel",
            "is_restricted": false,
            "is_ultra_restricted": false
        },
        "edited": {
            "user": "UC19HAUAK",
            "ts": "1566312172.000000"
        },
        "thread_ts": "1566219743.174500",
        "parent_user_id": "UJXANJSSF"
    },
    {
        "client_msg_id": "5e5e2179-492e-4265-aab2-260564df47f2",
        "type": "message",
        "text": "datetime2",
        "user": "UJXANJSSF",
        "ts": "1566312186.189000",
        "team": "TC0C1HURK",
        "user_team": "TC0C1HURK",
        "source_team": "TC0C1HURK",
        "user_profile": {
            "avatar_hash": "g3f3bd6705da",
            "image_72": "https:\/\/secure.gravatar.com\/avatar\/d3f3bd6705da3e80e9f3a4204dcd4d9a.jpg?s=72&d=https%3A%2F%2Fa.slack-edge.com%2Fdf10d%2Fimg%2Favatars%2Fava_0025-72.png",
            "first_name": "",
            "real_name": "Ferenc Mohos",
            "display_name": "Ferenc Mohos",
            "team": "TC0C1HURK",
            "name": "ferenc.mohos",
            "is_restricted": false,
            "is_ultra_restricted": false
        },
        "thread_ts": "1566219743.174500",
        "parent_user_id": "UJXANJSSF"
    },
    {
        "client_msg_id": "ee9b7ddd-2466-41f4-96ae-b9c4b90975c6",
        "type": "message",
        "text": "it feels like its working corretly internally but returns the json result with local formatting",
        "user": "UJXANJSSF",
        "ts": "1566312216.189200",
        "team": "TC0C1HURK",
        "user_team": "TC0C1HURK",
        "source_team": "TC0C1HURK",
        "user_profile": {
            "avatar_hash": "g3f3bd6705da",
            "image_72": "https:\/\/secure.gravatar.com\/avatar\/d3f3bd6705da3e80e9f3a4204dcd4d9a.jpg?s=72&d=https%3A%2F%2Fa.slack-edge.com%2Fdf10d%2Fimg%2Favatars%2Fava_0025-72.png",
            "first_name": "",
            "real_name": "Ferenc Mohos",
            "display_name": "Ferenc Mohos",
            "team": "TC0C1HURK",
            "name": "ferenc.mohos",
            "is_restricted": false,
            "is_ultra_restricted": false
        },
        "edited": {
            "user": "UJXANJSSF",
            "ts": "1566312224.000000"
        },
        "thread_ts": "1566219743.174500",
        "parent_user_id": "UJXANJSSF"
    },
    {
        "client_msg_id": "f7e6189a-4f50-4654-b7eb-5874b42e9044",
        "type": "message",
        "text": "the printed raw sql does not contain any timezone related date casting as far as i can see",
        "user": "UJXANJSSF",
        "ts": "1566312318.189500",
        "team": "TC0C1HURK",
        "user_team": "TC0C1HURK",
        "source_team": "TC0C1HURK",
        "user_profile": {
            "avatar_hash": "g3f3bd6705da",
            "image_72": "https:\/\/secure.gravatar.com\/avatar\/d3f3bd6705da3e80e9f3a4204dcd4d9a.jpg?s=72&d=https%3A%2F%2Fa.slack-edge.com%2Fdf10d%2Fimg%2Favatars%2Fava_0025-72.png",
            "first_name": "",
            "real_name": "Ferenc Mohos",
            "display_name": "Ferenc Mohos",
            "team": "TC0C1HURK",
            "name": "ferenc.mohos",
            "is_restricted": false,
            "is_ultra_restricted": false
        },
        "thread_ts": "1566219743.174500",
        "parent_user_id": "UJXANJSSF"
    },
    {
        "client_msg_id": "c165187a-1d74-4f6a-b3e1-32bbf3f18680",
        "type": "message",
        "text": "<@UJXANJSSF> Do you use time dimension?",
        "user": "UC19HAUAK",
        "ts": "1566312345.189700",
        "team": "TC0C1HURK",
        "user_team": "TC0C1HURK",
        "source_team": "TC0C1HURK",
        "user_profile": {
            "avatar_hash": "066a042e018c",
            "image_72": "https:\/\/avatars.slack-edge.com\/2019-12-07\/866588520998_066a042e018ca831a195_72.png",
            "first_name": "Pavel",
            "real_name": "Pavel Tiunov",
            "display_name": "pavel",
            "team": "TC0C1HURK",
            "name": "pavel",
            "is_restricted": false,
            "is_ultra_restricted": false
        },
        "thread_ts": "1566219743.174500",
        "parent_user_id": "UJXANJSSF"
    },
    {
        "client_msg_id": "015ee897-d8c0-430b-8555-72fca4d6e1aa",
        "type": "message",
        "text": "<@UJXANJSSF> Could you please provide Cube.js query which you send to server and SQL for it?",
        "user": "UC19HAUAK",
        "ts": "1566312413.189900",
        "team": "TC0C1HURK",
        "user_team": "TC0C1HURK",
        "source_team": "TC0C1HURK",
        "user_profile": {
            "avatar_hash": "066a042e018c",
            "image_72": "https:\/\/avatars.slack-edge.com\/2019-12-07\/866588520998_066a042e018ca831a195_72.png",
            "first_name": "Pavel",
            "real_name": "Pavel Tiunov",
            "display_name": "pavel",
            "team": "TC0C1HURK",
            "name": "pavel",
            "is_restricted": false,
            "is_ultra_restricted": false
        },
        "thread_ts": "1566219743.174500",
        "parent_user_id": "UJXANJSSF"
    },
    {
        "client_msg_id": "4a41aaa4-90d6-430f-bd43-2e8e83dc8b6d",
        "type": "message",
        "text": "```<http:\/\/localhost:4000\/cubejs-api\/v1\/load?query={%22measures%22:[%22GoogleAnalyticsDatas.users%22],%22timeDimensions%22:[],%22dimensions%22:[%22Date.Date%22],%22filters%22:[{%22member%22:%22Date.Date%22,%22operator%22:%22beforeDate%22,%22values%22:[%222017-01-02%22]}],%22order%22:{%22Date.Date%22:%22asc%22},%22timezone%22:%22UTC%22}|http:\/\/localhost:4000\/cubejs-api\/v1\/load?query={\"measures\":[\"GoogleAnalyticsDatas.users\"],\"timeDimensions\":[],\"dimensions\":[\"Date.Date\"],\"filters\":[{\"member\":\"Date.Date\",\"operator\":\"beforeDate\",\"values\":[\"2017-01-02\"]}],\"order\":{\"Date.Date\":\"asc\"},\"timezone\":\"UTC\"}>```",
        "user": "UJXANJSSF",
        "ts": "1566312450.190100",
        "team": "TC0C1HURK",
        "user_team": "TC0C1HURK",
        "source_team": "TC0C1HURK",
        "user_profile": {
            "avatar_hash": "g3f3bd6705da",
            "image_72": "https:\/\/secure.gravatar.com\/avatar\/d3f3bd6705da3e80e9f3a4204dcd4d9a.jpg?s=72&d=https%3A%2F%2Fa.slack-edge.com%2Fdf10d%2Fimg%2Favatars%2Fava_0025-72.png",
            "first_name": "",
            "real_name": "Ferenc Mohos",
            "display_name": "Ferenc Mohos",
            "team": "TC0C1HURK",
            "name": "ferenc.mohos",
            "is_restricted": false,
            "is_ultra_restricted": false
        },
        "thread_ts": "1566219743.174500",
        "parent_user_id": "UJXANJSSF"
    },
    {
        "type": "message",
        "text": "",
        "files": [
            {
                "id": "FMLCSR0QN",
                "created": 1566312558,
                "timestamp": 1566312558,
                "name": "cubejsSql.txt",
                "title": "cubejsSql.txt",
                "mimetype": "text\/plain",
                "filetype": "text",
                "pretty_type": "Plain Text",
                "user": "UJXANJSSF",
                "editable": true,
                "size": 7643,
                "mode": "snippet",
                "is_external": false,
                "external_type": "",
                "is_public": true,
                "public_url_shared": false,
                "display_as_bot": false,
                "username": "",
                "url_private": "https:\/\/files.slack.com\/files-pri\/TC0C1HURK-FMLCSR0QN\/cubejssql.txt?t=xoxe-408409606869-1267807410853-1293019902560-8c9dc5fc58d3a65e0fe0837e69de048d",
                "url_private_download": "https:\/\/files.slack.com\/files-pri\/TC0C1HURK-FMLCSR0QN\/download\/cubejssql.txt?t=xoxe-408409606869-1267807410853-1293019902560-8c9dc5fc58d3a65e0fe0837e69de048d",
                "permalink": "https:\/\/cube-js.slack.com\/files\/UJXANJSSF\/FMLCSR0QN\/cubejssql.txt",
                "permalink_public": "https:\/\/slack-files.com\/TC0C1HURK-FMLCSR0QN-eb67db7a19",
                "edit_link": "https:\/\/cube-js.slack.com\/files\/UJXANJSSF\/FMLCSR0QN\/cubejssql.txt\/edit",
                "is_starred": false,
                "has_rich_preview": false
            }
        ],
        "upload": true,
        "user": "UJXANJSSF",
        "display_as_bot": false,
        "ts": "1566312558.190300",
        "client_msg_id": "ff907a07-b011-48ed-88f6-c8ae681829ef",
        "thread_ts": "1566219743.174500",
        "parent_user_id": "UJXANJSSF"
    },
    {
        "client_msg_id": "9e30d6b3-fc61-4358-840f-ea7c8745bb7d",
        "type": "message",
        "text": "sry i have to leave",
        "user": "UJXANJSSF",
        "ts": "1566312604.190700",
        "team": "TC0C1HURK",
        "user_team": "TC0C1HURK",
        "source_team": "TC0C1HURK",
        "user_profile": {
            "avatar_hash": "g3f3bd6705da",
            "image_72": "https:\/\/secure.gravatar.com\/avatar\/d3f3bd6705da3e80e9f3a4204dcd4d9a.jpg?s=72&d=https%3A%2F%2Fa.slack-edge.com%2Fdf10d%2Fimg%2Favatars%2Fava_0025-72.png",
            "first_name": "",
            "real_name": "Ferenc Mohos",
            "display_name": "Ferenc Mohos",
            "team": "TC0C1HURK",
            "name": "ferenc.mohos",
            "is_restricted": false,
            "is_ultra_restricted": false
        },
        "thread_ts": "1566219743.174500",
        "parent_user_id": "UJXANJSSF"
    },
    {
        "client_msg_id": "fe2dec3c-3846-4946-89fd-eee523dee88b",
        "type": "message",
        "text": "will answer more questions tomorrow",
        "user": "UJXANJSSF",
        "ts": "1566312614.190900",
        "team": "TC0C1HURK",
        "user_team": "TC0C1HURK",
        "source_team": "TC0C1HURK",
        "user_profile": {
            "avatar_hash": "g3f3bd6705da",
            "image_72": "https:\/\/secure.gravatar.com\/avatar\/d3f3bd6705da3e80e9f3a4204dcd4d9a.jpg?s=72&d=https%3A%2F%2Fa.slack-edge.com%2Fdf10d%2Fimg%2Favatars%2Fava_0025-72.png",
            "first_name": "",
            "real_name": "Ferenc Mohos",
            "display_name": "Ferenc Mohos",
            "team": "TC0C1HURK",
            "name": "ferenc.mohos",
            "is_restricted": false,
            "is_ultra_restricted": false
        },
        "thread_ts": "1566219743.174500",
        "parent_user_id": "UJXANJSSF"
    },
    {
        "client_msg_id": "15ceee35-98b6-4fac-a8a7-7e2c2a7a4987",
        "type": "message",
        "text": "<@UJXANJSSF> Gotcha. So you should send `Date.Date` as time dimension if you want all conversions to apply. Otherwise it's just an ordinary column from Cube.js perspective.",
        "user": "UC19HAUAK",
        "ts": "1566312770.191100",
        "team": "TC0C1HURK",
        "user_team": "TC0C1HURK",
        "source_team": "TC0C1HURK",
        "user_profile": {
            "avatar_hash": "066a042e018c",
            "image_72": "https:\/\/avatars.slack-edge.com\/2019-12-07\/866588520998_066a042e018ca831a195_72.png",
            "first_name": "Pavel",
            "real_name": "Pavel Tiunov",
            "display_name": "pavel",
            "team": "TC0C1HURK",
            "name": "pavel",
            "is_restricted": false,
            "is_ultra_restricted": false
        },
        "edited": {
            "user": "UC19HAUAK",
            "ts": "1566312799.000000"
        },
        "thread_ts": "1566219743.174500",
        "parent_user_id": "UJXANJSSF"
    },
    {
        "client_msg_id": "24f2b80b-17af-4ce2-833c-2dc3d037fb83",
        "type": "message",
        "text": "Hey <@UMKG504KH>! Could you please provide some more info on that? What do you mean by sync? You don't see any schema or you see data and it just doesn't refresh?",
        "user": "UC19HAUAK",
        "ts": "1566312863.191500",
        "team": "TC0C1HURK",
        "user_team": "TC0C1HURK",
        "source_team": "TC0C1HURK",
        "user_profile": {
            "avatar_hash": "066a042e018c",
            "image_72": "https:\/\/avatars.slack-edge.com\/2019-12-07\/866588520998_066a042e018ca831a195_72.png",
            "first_name": "Pavel",
            "real_name": "Pavel Tiunov",
            "display_name": "pavel",
            "team": "TC0C1HURK",
            "name": "pavel",
            "is_restricted": false,
            "is_ultra_restricted": false
        },
        "thread_ts": "1566294523.186600",
        "parent_user_id": "UMKG504KH"
    },
    {
        "client_msg_id": "d20046f8-49dc-4aec-ae82-f633ea941b4a",
        "type": "message",
        "text": "Ok, taking a look at my auth again. I know the credentials are right but it might be ACLs thing...Anyhow, thanks for taking a look!",
        "user": "UM2EZ85K4",
        "ts": "1566315390.191700",
        "team": "TC0C1HURK",
        "user_team": "TC0C1HURK",
        "source_team": "TC0C1HURK",
        "user_profile": {
            "avatar_hash": "g9806075f633",
            "image_72": "https:\/\/secure.gravatar.com\/avatar\/99806075f6338de015afd0454d1ae700.jpg?s=72&d=https%3A%2F%2Fa.slack-edge.com%2Fdf10d%2Fimg%2Favatars%2Fava_0009-72.png",
            "first_name": "",
            "real_name": "Bryce Vonilten",
            "display_name": "Bryce Vonilten",
            "team": "TC0C1HURK",
            "name": "bryce.vonilten",
            "is_restricted": false,
            "is_ultra_restricted": false
        },
        "thread_ts": "1565907787.161700",
        "parent_user_id": "UM2EZ85K4"
    },
    {
        "client_msg_id": "602A4B68-972B-4985-92DB-CCE207B37BA2",
        "type": "message",
        "text": "<@UM2EZ85K4> what type of auth do you use? This timeout is likely to be from HTTP connection so it’s more likely to be network type issue like firewall, incorrect address, port, etc. Could you please check that machine running cube.js has access to presto instance with same credentials?",
        "user": "UC19HAUAK",
        "ts": "1566315800.195700",
        "team": "TC0C1HURK",
        "user_team": "TC0C1HURK",
        "source_team": "TC0C1HURK",
        "user_profile": {
            "avatar_hash": "066a042e018c",
            "image_72": "https:\/\/avatars.slack-edge.com\/2019-12-07\/866588520998_066a042e018ca831a195_72.png",
            "first_name": "Pavel",
            "real_name": "Pavel Tiunov",
            "display_name": "pavel",
            "team": "TC0C1HURK",
            "name": "pavel",
            "is_restricted": false,
            "is_ultra_restricted": false
        },
        "thread_ts": "1565907787.161700",
        "parent_user_id": "UM2EZ85K4"
    },
    {
        "client_msg_id": "47cb24e9-c5c8-439d-9a82-5f875c82996d",
        "type": "message",
        "text": "yes. my latest data doesn't refresh in the graph",
        "user": "UMKG504KH",
        "ts": "1566356670.195900",
        "team": "TC0C1HURK",
        "user_team": "TC0C1HURK",
        "source_team": "TC0C1HURK",
        "user_profile": {
            "avatar_hash": "gedb766622c7",
            "image_72": "https:\/\/secure.gravatar.com\/avatar\/aedb766622c70209f122a9d38d9d1f68.jpg?s=72&d=https%3A%2F%2Fa.slack-edge.com%2Fdf10d%2Fimg%2Favatars%2Fava_0019-72.png",
            "first_name": "",
            "real_name": "Mansoor",
            "display_name": "Mansoor",
            "team": "TC0C1HURK",
            "name": "shajacse92",
            "is_restricted": false,
            "is_ultra_restricted": false
        },
        "thread_ts": "1566294523.186600",
        "parent_user_id": "UMKG504KH"
    },
    {
        "type": "message",
        "subtype": "channel_join",
        "ts": "1566356859.196200",
        "user": "UMK0L8D8V",
        "text": "<@UMK0L8D8V> has joined the channel"
    },
    {
        "client_msg_id": "f881b99f-9195-4416-9bc0-e41675c87fab",
        "type": "message",
        "text": "<@UMKG504KH> I see. Could you please provide schema file for this cube?",
        "user": "UC19HAUAK",
        "ts": "1566356958.196600",
        "team": "TC0C1HURK",
        "user_team": "TC0C1HURK",
        "source_team": "TC0C1HURK",
        "user_profile": {
            "avatar_hash": "066a042e018c",
            "image_72": "https:\/\/avatars.slack-edge.com\/2019-12-07\/866588520998_066a042e018ca831a195_72.png",
            "first_name": "Pavel",
            "real_name": "Pavel Tiunov",
            "display_name": "pavel",
            "team": "TC0C1HURK",
            "name": "pavel",
            "is_restricted": false,
            "is_ultra_restricted": false
        },
        "thread_ts": "1566294523.186600",
        "parent_user_id": "UMKG504KH"
    },
    {
        "client_msg_id": "4ee2aa18-e69f-4ae5-99af-3514599e507e",
        "type": "message",
        "text": "Hello, I would want to know if there is a way to export report to CSV instead of JSON returned?",
        "user": "UMK0L8D8V",
        "ts": "1566357081.198700",
        "team": "TC0C1HURK",
        "user_team": "TC0C1HURK",
        "source_team": "TC0C1HURK",
        "user_profile": {
            "avatar_hash": "g18dcf31efca",
            "image_72": "https:\/\/secure.gravatar.com\/avatar\/a18dcf31efcaba0eb44ab4734887055f.jpg?s=72&d=https%3A%2F%2Fa.slack-edge.com%2Fdf10d%2Fimg%2Favatars%2Fava_0019-72.png",
            "first_name": "",
            "real_name": "Phuc PNT",
            "display_name": "Phuc PNT",
            "team": "TC0C1HURK",
            "name": "pn.truongphuc",
            "is_restricted": false,
            "is_ultra_restricted": false
        },
        "thread_ts": "1566357081.198700",
        "reply_count": 2,
        "reply_users_count": 2,
        "latest_reply": "1566357497.199100",
        "reply_users": [
            "UC19HAUAK",
            "UMK0L8D8V"
        ],
        "replies": [
            {
                "user": "UC19HAUAK",
                "ts": "1566357262.198900"
            },
            {
                "user": "UMK0L8D8V",
                "ts": "1566357497.199100"
            }
        ],
        "subscribed": false
    },
    {
        "client_msg_id": "548373a3-9575-4034-b236-e69d19bc35f5",
        "type": "message",
        "text": "Hey <@UMK0L8D8V>! Thanks for asking! Actually there's no CSV export which is part of open source Cube.js. But there're some bindings for it that should be made public in order to provide support for this. I think it makes sense to create an issue for it on GitHub.",
        "user": "UC19HAUAK",
        "ts": "1566357262.198900",
        "team": "TC0C1HURK",
        "user_team": "TC0C1HURK",
        "source_team": "TC0C1HURK",
        "user_profile": {
            "avatar_hash": "066a042e018c",
            "image_72": "https:\/\/avatars.slack-edge.com\/2019-12-07\/866588520998_066a042e018ca831a195_72.png",
            "first_name": "Pavel",
            "real_name": "Pavel Tiunov",
            "display_name": "pavel",
            "team": "TC0C1HURK",
            "name": "pavel",
            "is_restricted": false,
            "is_ultra_restricted": false
        },
        "thread_ts": "1566357081.198700",
        "parent_user_id": "UMK0L8D8V"
    },
    {
        "client_msg_id": "21a680fc-fab1-4fed-adda-20846dd1adbe",
        "type": "message",
        "text": "Cool, thanks for let me know",
        "user": "UMK0L8D8V",
        "ts": "1566357497.199100",
        "team": "TC0C1HURK",
        "user_team": "TC0C1HURK",
        "source_team": "TC0C1HURK",
        "user_profile": {
            "avatar_hash": "g18dcf31efca",
            "image_72": "https:\/\/secure.gravatar.com\/avatar\/a18dcf31efcaba0eb44ab4734887055f.jpg?s=72&d=https%3A%2F%2Fa.slack-edge.com%2Fdf10d%2Fimg%2Favatars%2Fava_0019-72.png",
            "first_name": "",
            "real_name": "Phuc PNT",
            "display_name": "Phuc PNT",
            "team": "TC0C1HURK",
            "name": "pn.truongphuc",
            "is_restricted": false,
            "is_ultra_restricted": false
        },
        "thread_ts": "1566357081.198700",
        "parent_user_id": "UMK0L8D8V",
        "reactions": [
            {
                "name": "raised_hands",
                "users": [
                    "UC19HAUAK",
                    "UPFTFG350"
                ],
                "count": 2
            }
        ]
    },
    {
        "type": "message",
        "text": "",
        "files": [
            {
                "id": "FMJGALFSQ",
                "created": 1566357639,
                "timestamp": 1566357639,
                "name": "Untitled",
                "title": "Untitled",
                "mimetype": "text\/plain",
                "filetype": "text",
                "pretty_type": "Plain Text",
                "user": "UMKG504KH",
                "editable": true,
                "size": 514,
                "mode": "snippet",
                "is_external": false,
                "external_type": "",
                "is_public": true,
                "public_url_shared": false,
                "display_as_bot": false,
                "username": "",
                "url_private": "https:\/\/files.slack.com\/files-pri\/TC0C1HURK-FMJGALFSQ\/untitled?t=xoxe-408409606869-1267807410853-1293019902560-8c9dc5fc58d3a65e0fe0837e69de048d",
                "url_private_download": "https:\/\/files.slack.com\/files-pri\/TC0C1HURK-FMJGALFSQ\/download\/untitled?t=xoxe-408409606869-1267807410853-1293019902560-8c9dc5fc58d3a65e0fe0837e69de048d",
                "permalink": "https:\/\/cube-js.slack.com\/files\/UMKG504KH\/FMJGALFSQ\/untitled",
                "permalink_public": "https:\/\/slack-files.com\/TC0C1HURK-FMJGALFSQ-331835c007",
                "edit_link": "https:\/\/cube-js.slack.com\/files\/UMKG504KH\/FMJGALFSQ\/untitled\/edit",
                "is_starred": false,
                "has_rich_preview": false
            }
        ],
        "upload": true,
        "user": "UMKG504KH",
        "display_as_bot": false,
        "ts": "1566357639.199300",
        "client_msg_id": "2e0ba8f5-af48-4ffb-9e33-0a35a77fcfdb",
        "thread_ts": "1566294523.186600",
        "parent_user_id": "UMKG504KH"
    },
    {
        "client_msg_id": "5ba94a77-3241-4439-931b-d72fe6e51ce6",
        "type": "message",
        "text": "<@UMKG504KH> So by default there's a cache that has default renewal threshold for 2 minutes. Didn't it renew within 2 minutes? And after your restart dev server?",
        "user": "UC19HAUAK",
        "ts": "1566358322.199700",
        "team": "TC0C1HURK",
        "user_team": "TC0C1HURK",
        "source_team": "TC0C1HURK",
        "user_profile": {
            "avatar_hash": "066a042e018c",
            "image_72": "https:\/\/avatars.slack-edge.com\/2019-12-07\/866588520998_066a042e018ca831a195_72.png",
            "first_name": "Pavel",
            "real_name": "Pavel Tiunov",
            "display_name": "pavel",
            "team": "TC0C1HURK",
            "name": "pavel",
            "is_restricted": false,
            "is_ultra_restricted": false
        },
        "thread_ts": "1566294523.186600",
        "parent_user_id": "UMKG504KH"
    },
    {
        "client_msg_id": "e716e109-c3b4-4b37-94a8-42b0bff3457a",
        "type": "message",
        "text": "is it possible to remove that threshold?",
        "user": "UMKG504KH",
        "ts": "1566358841.199900",
        "team": "TC0C1HURK",
        "user_team": "TC0C1HURK",
        "source_team": "TC0C1HURK",
        "user_profile": {
            "avatar_hash": "gedb766622c7",
            "image_72": "https:\/\/secure.gravatar.com\/avatar\/aedb766622c70209f122a9d38d9d1f68.jpg?s=72&d=https%3A%2F%2Fa.slack-edge.com%2Fdf10d%2Fimg%2Favatars%2Fava_0019-72.png",
            "first_name": "",
            "real_name": "Mansoor",
            "display_name": "Mansoor",
            "team": "TC0C1HURK",
            "name": "shajacse92",
            "is_restricted": false,
            "is_ultra_restricted": false
        },
        "thread_ts": "1566294523.186600",
        "parent_user_id": "UMKG504KH"
    },
    {
        "client_msg_id": "4b0d6225-3da6-4e50-aeef-bea1a31da317",
        "type": "message",
        "text": "<@UMKG504KH> You can reduce `refreshKeyRenewalThreshold`: <https:\/\/cube.dev\/docs\/@cubejs-backend-server-core#options-reference-orchestrator-options>. Together with `renewQuery` param I think it can give you desired behavior <https:\/\/cube.dev\/docs\/query-format#query-properties>",
        "user": "UC19HAUAK",
        "ts": "1566362151.200100",
        "team": "TC0C1HURK",
        "user_team": "TC0C1HURK",
        "source_team": "TC0C1HURK",
        "user_profile": {
            "avatar_hash": "066a042e018c",
            "image_72": "https:\/\/avatars.slack-edge.com\/2019-12-07\/866588520998_066a042e018ca831a195_72.png",
            "first_name": "Pavel",
            "real_name": "Pavel Tiunov",
            "display_name": "pavel",
            "team": "TC0C1HURK",
            "name": "pavel",
            "is_restricted": false,
            "is_ultra_restricted": false
        },
        "edited": {
            "user": "UC19HAUAK",
            "ts": "1566362187.000000"
        },
        "thread_ts": "1566294523.186600",
        "parent_user_id": "UMKG504KH"
    },
    {
        "client_msg_id": "0807351e-f9ed-4b87-ba03-03d8a73f1fbd",
        "type": "message",
        "text": "will check. thanks for your information.",
        "user": "UMKG504KH",
        "ts": "1566362237.200400",
        "team": "TC0C1HURK",
        "user_team": "TC0C1HURK",
        "source_team": "TC0C1HURK",
        "user_profile": {
            "avatar_hash": "gedb766622c7",
            "image_72": "https:\/\/secure.gravatar.com\/avatar\/aedb766622c70209f122a9d38d9d1f68.jpg?s=72&d=https%3A%2F%2Fa.slack-edge.com%2Fdf10d%2Fimg%2Favatars%2Fava_0019-72.png",
            "first_name": "",
            "real_name": "Mansoor",
            "display_name": "Mansoor",
            "team": "TC0C1HURK",
            "name": "shajacse92",
            "is_restricted": false,
            "is_ultra_restricted": false
        },
        "thread_ts": "1566294523.186600",
        "parent_user_id": "UMKG504KH",
        "reactions": [
            {
                "name": "raised_hands",
                "users": [
                    "UC19HAUAK"
                ],
                "count": 1
            }
        ]
    },
    {
        "client_msg_id": "ace0440e-934b-4b78-9809-5a27900ef234",
        "type": "message",
        "text": "<@UMKG504KH> Also full explanation: <https:\/\/cube.dev\/docs\/caching#in-memory-cache-force-query-renewal>",
        "user": "UC19HAUAK",
        "ts": "1566363150.200700",
        "team": "TC0C1HURK",
        "user_team": "TC0C1HURK",
        "source_team": "TC0C1HURK",
        "user_profile": {
            "avatar_hash": "066a042e018c",
            "image_72": "https:\/\/avatars.slack-edge.com\/2019-12-07\/866588520998_066a042e018ca831a195_72.png",
            "first_name": "Pavel",
            "real_name": "Pavel Tiunov",
            "display_name": "pavel",
            "team": "TC0C1HURK",
            "name": "pavel",
            "is_restricted": false,
            "is_ultra_restricted": false
        },
        "edited": {
            "user": "UC19HAUAK",
            "ts": "1566363157.000000"
        },
        "thread_ts": "1566294523.186600",
        "parent_user_id": "UMKG504KH"
    },
    {
        "client_msg_id": "219e5111-38af-4bf4-80c4-b0ca0ae2b7b0",
        "type": "message",
        "text": "oh. thanks a lot buddy..:slightly_smiling_face:",
        "user": "UMKG504KH",
        "ts": "1566363308.201000",
        "team": "TC0C1HURK",
        "user_team": "TC0C1HURK",
        "source_team": "TC0C1HURK",
        "user_profile": {
            "avatar_hash": "gedb766622c7",
            "image_72": "https:\/\/secure.gravatar.com\/avatar\/aedb766622c70209f122a9d38d9d1f68.jpg?s=72&d=https%3A%2F%2Fa.slack-edge.com%2Fdf10d%2Fimg%2Favatars%2Fava_0019-72.png",
            "first_name": "",
            "real_name": "Mansoor",
            "display_name": "Mansoor",
            "team": "TC0C1HURK",
            "name": "shajacse92",
            "is_restricted": false,
            "is_ultra_restricted": false
        },
        "thread_ts": "1566294523.186600",
        "parent_user_id": "UMKG504KH"
    },
    {
        "client_msg_id": "5f1fb293-b282-4de8-89f1-2c55f9bd4291",
        "type": "message",
        "text": "No probs!",
        "user": "UC19HAUAK",
        "ts": "1566363427.201200",
        "team": "TC0C1HURK",
        "user_team": "TC0C1HURK",
        "source_team": "TC0C1HURK",
        "user_profile": {
            "avatar_hash": "066a042e018c",
            "image_72": "https:\/\/avatars.slack-edge.com\/2019-12-07\/866588520998_066a042e018ca831a195_72.png",
            "first_name": "Pavel",
            "real_name": "Pavel Tiunov",
            "display_name": "pavel",
            "team": "TC0C1HURK",
            "name": "pavel",
            "is_restricted": false,
            "is_ultra_restricted": false
        },
        "thread_ts": "1566294523.186600",
        "parent_user_id": "UMKG504KH"
    }
]