[
    {
        "type": "message",
        "subtype": "channel_join",
        "ts": "1572965312.137300",
        "user": "UQ8BRS8KG",
        "text": "<@UQ8BRS8KG> has joined the channel"
    },
    {
        "type": "message",
        "subtype": "channel_join",
        "ts": "1572965548.138800",
        "user": "UPUMBCFC3",
        "text": "<@UPUMBCFC3> has joined the channel"
    },
    {
        "client_msg_id": "d05a809e-f32d-4928-9b3c-a70480802b8d",
        "type": "message",
        "text": "Looking for a tip on a good tutorial \/ example page for setting up a schema where:\nMy table is 20M rows of vehicle sales by brand,model,date of sale and I want to be able to compare different sales per month by multiple brands over a time period.\n\nFor example, to find vehicles sold by ACME brand, in September 2019, my query is:\n\n```select count(*) from sale where SUBSTRING(`date_acquired`, 5, 2)='09'\n  \t\t\t\t\t\tand SUBSTRING(`date_acquired`, 1, 4)='2019'\n  \t\t\t\t\t\tand `new`=1\n  \t\t\t\t\t\tand `brand`='ACME';```\nMy chart should show monthly sales of ACME brand, versus monthly sales of BRAND.X versus monthly sales of BRAND.Y over a specified time period of months.\n\nThanks for any tips on where to start with this schema definition.",
        "user": "UQ8BRS8KG",
        "ts": "1572965809.142100",
        "team": "TC0C1HURK",
        "user_team": "TC0C1HURK",
        "source_team": "TC0C1HURK",
        "user_profile": {
            "avatar_hash": "22a89b43a52a",
            "image_72": "https:\/\/avatars.slack-edge.com\/2019-11-13\/832177870548_22a89b43a52ae810c8f7_72.jpg",
            "first_name": "",
            "real_name": "James",
            "display_name": "James",
            "team": "TC0C1HURK",
            "name": "james.hobbs",
            "is_restricted": false,
            "is_ultra_restricted": false
        },
        "blocks": [
            {
                "type": "rich_text",
                "block_id": "YscBK",
                "elements": [
                    {
                        "type": "rich_text_section",
                        "elements": [
                            {
                                "type": "text",
                                "text": "Looking for a tip on a good tutorial \/ example page for setting up a schema where:\nMy table is 20M rows of vehicle sales by brand,model,date of sale and I want to be able to compare different sales per month by multiple brands over a time period.\n\nFor example, to find vehicles sold by ACME brand, in September 2019, my query is:\n"
                            }
                        ]
                    },
                    {
                        "type": "rich_text_preformatted",
                        "elements": [
                            {
                                "type": "text",
                                "text": "select count(*) from sale where SUBSTRING(`date_acquired`, 5, 2)='09'\n  \t\t\t\t\t\tand SUBSTRING(`date_acquired`, 1, 4)='2019'\n  \t\t\t\t\t\tand `new`=1\n  \t\t\t\t\t\tand `brand`='ACME';"
                            }
                        ]
                    },
                    {
                        "type": "rich_text_section",
                        "elements": [
                            {
                                "type": "text",
                                "text": "My chart should show monthly sales of ACME brand, versus monthly sales of BRAND.X versus monthly sales of BRAND.Y over a specified time period of months.\n\nThanks for any tips on where to start with this schema definition."
                            }
                        ]
                    }
                ]
            }
        ],
        "thread_ts": "1572965809.142100",
        "reply_count": 7,
        "reply_users_count": 2,
        "latest_reply": "1573492563.200800",
        "reply_users": [
            "UC19HAUAK",
            "UQ8BRS8KG"
        ],
        "replies": [
            {
                "user": "UC19HAUAK",
                "ts": "1572972944.142200"
            },
            {
                "user": "UQ8BRS8KG",
                "ts": "1573028527.154300"
            },
            {
                "user": "UC19HAUAK",
                "ts": "1573059276.155400"
            },
            {
                "user": "UQ8BRS8KG",
                "ts": "1573113291.161500"
            },
            {
                "user": "UC19HAUAK",
                "ts": "1573147133.162600"
            },
            {
                "user": "UQ8BRS8KG",
                "ts": "1573223152.193000"
            },
            {
                "user": "UQ8BRS8KG",
                "ts": "1573492563.200800"
            }
        ],
        "subscribed": true,
        "last_read": "1573493037.887284"
    },
    {
        "client_msg_id": "1aae1ccf-8113-490a-8967-e322c971a6d8",
        "type": "message",
        "text": "Hey <@UQ8BRS8KG> ! Have you tried to generate cube schema for this table using Cube.js Playground?",
        "user": "UC19HAUAK",
        "ts": "1572972944.142200",
        "team": "TC0C1HURK",
        "user_team": "TC0C1HURK",
        "source_team": "TC0C1HURK",
        "user_profile": {
            "avatar_hash": "066a042e018c",
            "image_72": "https:\/\/avatars.slack-edge.com\/2019-12-07\/866588520998_066a042e018ca831a195_72.png",
            "first_name": "Pavel",
            "real_name": "Pavel Tiunov",
            "display_name": "pavel",
            "team": "TC0C1HURK",
            "name": "pavel",
            "is_restricted": false,
            "is_ultra_restricted": false
        },
        "thread_ts": "1572965809.142100",
        "parent_user_id": "UQ8BRS8KG"
    },
    {
        "client_msg_id": "6cf48f1d-c4cc-42ca-b3c2-195f8e9c116d",
        "type": "message",
        "text": "<@UC19HAUAK> Was discussing about this...",
        "user": "UJ6RS0V8F",
        "ts": "1572974071.142400",
        "team": "TC0C1HURK",
        "user_team": "TC0C1HURK",
        "source_team": "TC0C1HURK",
        "user_profile": {
            "avatar_hash": "g6f616033478",
            "image_72": "https:\/\/secure.gravatar.com\/avatar\/f6f6160334781f093cb8e2d2c4820633.jpg?s=72&d=https%3A%2F%2Fa.slack-edge.com%2Fdf10d%2Fimg%2Favatars%2Fava_0019-72.png",
            "first_name": "",
            "real_name": "Anush",
            "display_name": "Anush",
            "team": "TC0C1HURK",
            "name": "anushbm7",
            "is_restricted": false,
            "is_ultra_restricted": false
        },
        "blocks": [
            {
                "type": "rich_text",
                "block_id": "ZwpU",
                "elements": [
                    {
                        "type": "rich_text_section",
                        "elements": [
                            {
                                "type": "user",
                                "user_id": "UC19HAUAK"
                            },
                            {
                                "type": "text",
                                "text": " Was discussing about this..."
                            }
                        ]
                    }
                ]
            }
        ],
        "thread_ts": "1572646973.103400",
        "parent_user_id": "UJ6RS0V8F"
    },
    {
        "client_msg_id": "E7B78BE9-A9B9-4B75-B269-8B31FA7B45C7",
        "type": "message",
        "text": "<@UJ6RS0V8F> Could you please provide example result set you want to get in form of table? ",
        "user": "UC19HAUAK",
        "ts": "1572974514.143600",
        "team": "TC0C1HURK",
        "user_team": "TC0C1HURK",
        "source_team": "TC0C1HURK",
        "user_profile": {
            "avatar_hash": "066a042e018c",
            "image_72": "https:\/\/avatars.slack-edge.com\/2019-12-07\/866588520998_066a042e018ca831a195_72.png",
            "first_name": "Pavel",
            "real_name": "Pavel Tiunov",
            "display_name": "pavel",
            "team": "TC0C1HURK",
            "name": "pavel",
            "is_restricted": false,
            "is_ultra_restricted": false
        },
        "thread_ts": "1572646973.103400",
        "parent_user_id": "UJ6RS0V8F"
    },
    {
        "client_msg_id": "b2fe682d-ce35-4ab2-ac10-d0b9e8286202",
        "type": "message",
        "text": "<@UC19HAUAK> So I want data which is between 5 and 15 in Col A....",
        "user": "UJ6RS0V8F",
        "ts": "1572974633.143900",
        "team": "TC0C1HURK",
        "user_team": "TC0C1HURK",
        "source_team": "TC0C1HURK",
        "user_profile": {
            "avatar_hash": "g6f616033478",
            "image_72": "https:\/\/secure.gravatar.com\/avatar\/f6f6160334781f093cb8e2d2c4820633.jpg?s=72&d=https%3A%2F%2Fa.slack-edge.com%2Fdf10d%2Fimg%2Favatars%2Fava_0019-72.png",
            "first_name": "",
            "real_name": "Anush",
            "display_name": "Anush",
            "team": "TC0C1HURK",
            "name": "anushbm7",
            "is_restricted": false,
            "is_ultra_restricted": false
        },
        "blocks": [
            {
                "type": "rich_text",
                "block_id": "7C8f",
                "elements": [
                    {
                        "type": "rich_text_section",
                        "elements": [
                            {
                                "type": "user",
                                "user_id": "UC19HAUAK"
                            },
                            {
                                "type": "text",
                                "text": " So I want data which is between 5 and 15 in Col A...."
                            }
                        ]
                    }
                ]
            }
        ],
        "thread_ts": "1572646973.103400",
        "parent_user_id": "UJ6RS0V8F"
    },
    {
        "client_msg_id": "35a9ba91-1e08-4ccf-87a3-715b1273cead",
        "type": "message",
        "text": "A .csv would do?",
        "user": "UJ6RS0V8F",
        "ts": "1572974648.144100",
        "team": "TC0C1HURK",
        "user_team": "TC0C1HURK",
        "source_team": "TC0C1HURK",
        "user_profile": {
            "avatar_hash": "g6f616033478",
            "image_72": "https:\/\/secure.gravatar.com\/avatar\/f6f6160334781f093cb8e2d2c4820633.jpg?s=72&d=https%3A%2F%2Fa.slack-edge.com%2Fdf10d%2Fimg%2Favatars%2Fava_0019-72.png",
            "first_name": "",
            "real_name": "Anush",
            "display_name": "Anush",
            "team": "TC0C1HURK",
            "name": "anushbm7",
            "is_restricted": false,
            "is_ultra_restricted": false
        },
        "blocks": [
            {
                "type": "rich_text",
                "block_id": "E2j",
                "elements": [
                    {
                        "type": "rich_text_section",
                        "elements": [
                            {
                                "type": "text",
                                "text": "A .csv would do?"
                            }
                        ]
                    }
                ]
            }
        ],
        "thread_ts": "1572646973.103400",
        "parent_user_id": "UJ6RS0V8F"
    },
    {
        "client_msg_id": "6835bde2-7c09-468e-95cf-e8169f549193",
        "type": "message",
        "text": "<@UC19HAUAK> Thanks a lot, I was able to deploy a docker image successfully",
        "user": "UNCSGGWAJ",
        "ts": "1572974694.144400",
        "team": "TC0C1HURK",
        "user_team": "TC0C1HURK",
        "source_team": "TC0C1HURK",
        "user_profile": {
            "avatar_hash": "g13b4986ab86",
            "image_72": "https:\/\/secure.gravatar.com\/avatar\/413b4986ab86df86dcb7f4489354bfc5.jpg?s=72&d=https%3A%2F%2Fa.slack-edge.com%2Fdf10d%2Fimg%2Favatars%2Fava_0014-72.png",
            "first_name": "",
            "real_name": "juky",
            "display_name": "juky",
            "team": "TC0C1HURK",
            "name": "julian.chamale",
            "is_restricted": false,
            "is_ultra_restricted": false
        },
        "blocks": [
            {
                "type": "rich_text",
                "block_id": "\/TZ1R",
                "elements": [
                    {
                        "type": "rich_text_section",
                        "elements": [
                            {
                                "type": "user",
                                "user_id": "UC19HAUAK"
                            },
                            {
                                "type": "text",
                                "text": " Thanks a lot, I was able to deploy a docker image successfully"
                            }
                        ]
                    }
                ]
            }
        ],
        "thread_ts": "1570214007.193500",
        "parent_user_id": "UNCSGGWAJ",
        "reactions": [
            {
                "name": "raised_hands",
                "users": [
                    "UC19HAUAK"
                ],
                "count": 1
            }
        ]
    },
    {
        "client_msg_id": "64995551-1A54-4D07-9BEF-73BCBA00BA1B",
        "type": "message",
        "text": "<@UJ6RS0V8F> could you please try this query\n```\n{\n  dimensions: ['TestStep.ColA', 'TestStep.ColB'],\n  filters: [{\n    member: 'TestStep.ColA',\n    operator: 'gt',\n    values: ['5']\n  }, {\n    member: 'TestStep.ColA',\n    operator: 'lt',\n    values: ['15']\n  }]\n}\n```",
        "user": "UC19HAUAK",
        "ts": "1572975315.151700",
        "team": "TC0C1HURK",
        "user_team": "TC0C1HURK",
        "source_team": "TC0C1HURK",
        "user_profile": {
            "avatar_hash": "066a042e018c",
            "image_72": "https:\/\/avatars.slack-edge.com\/2019-12-07\/866588520998_066a042e018ca831a195_72.png",
            "first_name": "Pavel",
            "real_name": "Pavel Tiunov",
            "display_name": "pavel",
            "team": "TC0C1HURK",
            "name": "pavel",
            "is_restricted": false,
            "is_ultra_restricted": false
        },
        "thread_ts": "1572646973.103400",
        "parent_user_id": "UJ6RS0V8F"
    },
    {
        "type": "message",
        "subtype": "channel_join",
        "ts": "1572976168.152000",
        "user": "UPYHEPA57",
        "text": "<@UPYHEPA57> has joined the channel"
    },
    {
        "client_msg_id": "d0487ed1-672b-4b01-9cb7-a3c1a4506001",
        "type": "message",
        "text": "I had some challenges with this....let me generate that...",
        "user": "UJ6RS0V8F",
        "ts": "1572976456.152100",
        "team": "TC0C1HURK",
        "user_team": "TC0C1HURK",
        "source_team": "TC0C1HURK",
        "user_profile": {
            "avatar_hash": "g6f616033478",
            "image_72": "https:\/\/secure.gravatar.com\/avatar\/f6f6160334781f093cb8e2d2c4820633.jpg?s=72&d=https%3A%2F%2Fa.slack-edge.com%2Fdf10d%2Fimg%2Favatars%2Fava_0019-72.png",
            "first_name": "",
            "real_name": "Anush",
            "display_name": "Anush",
            "team": "TC0C1HURK",
            "name": "anushbm7",
            "is_restricted": false,
            "is_ultra_restricted": false
        },
        "blocks": [
            {
                "type": "rich_text",
                "block_id": "0wV",
                "elements": [
                    {
                        "type": "rich_text_section",
                        "elements": [
                            {
                                "type": "text",
                                "text": "I had some challenges with this....let me generate that..."
                            }
                        ]
                    }
                ]
            }
        ],
        "thread_ts": "1572646973.103400",
        "parent_user_id": "UJ6RS0V8F"
    },
    {
        "type": "message",
        "subtype": "channel_join",
        "ts": "1572981637.152500",
        "user": "UQ8RH3A2J",
        "text": "<@UQ8RH3A2J> has joined the channel"
    },
    {
        "client_msg_id": "048d8729-bd50-41ff-8373-05a27863a9ef",
        "type": "message",
        "text": "<@UN90TGGR1> This one should be fixed right now in latest release.",
        "user": "UC19HAUAK",
        "ts": "1573007077.152800",
        "team": "TC0C1HURK",
        "user_team": "TC0C1HURK",
        "source_team": "TC0C1HURK",
        "user_profile": {
            "avatar_hash": "066a042e018c",
            "image_72": "https:\/\/avatars.slack-edge.com\/2019-12-07\/866588520998_066a042e018ca831a195_72.png",
            "first_name": "Pavel",
            "real_name": "Pavel Tiunov",
            "display_name": "pavel",
            "team": "TC0C1HURK",
            "name": "pavel",
            "is_restricted": false,
            "is_ultra_restricted": false
        },
        "blocks": [
            {
                "type": "rich_text",
                "block_id": "RXe",
                "elements": [
                    {
                        "type": "rich_text_section",
                        "elements": [
                            {
                                "type": "user",
                                "user_id": "UN90TGGR1"
                            },
                            {
                                "type": "text",
                                "text": " This one should be fixed right now in latest release."
                            }
                        ]
                    }
                ]
            }
        ],
        "thread_ts": "1572810377.125500",
        "parent_user_id": "UN90TGGR1"
    },
    {
        "type": "message",
        "subtype": "channel_join",
        "ts": "1573008648.153100",
        "user": "UPVLHKW83",
        "text": "<@UPVLHKW83> has joined the channel"
    },
    {
        "client_msg_id": "49f5a889-2c4e-47a0-8a5e-0a872aeccd16",
        "type": "message",
        "text": "Hi guys, I want to create dimension from key of json data which is stored in one of table column",
        "user": "UPDLD3V6U",
        "ts": "1573020804.154000",
        "team": "TC0C1HURK",
        "user_team": "TC0C1HURK",
        "source_team": "TC0C1HURK",
        "user_profile": {
            "avatar_hash": "437407fa7760",
            "image_72": "https:\/\/avatars.slack-edge.com\/2019-10-15\/795702974496_437407fa7760c3697214_72.jpg",
            "first_name": "",
            "real_name": "chirag",
            "display_name": "chirag",
            "team": "TC0C1HURK",
            "name": "chirag.shah",
            "is_restricted": false,
            "is_ultra_restricted": false
        },
        "blocks": [
            {
                "type": "rich_text",
                "block_id": "fQ6",
                "elements": [
                    {
                        "type": "rich_text_section",
                        "elements": [
                            {
                                "type": "text",
                                "text": "Hi guys, I want to create dimension from key of json data which is stored in one of table column"
                            }
                        ]
                    }
                ]
            }
        ],
        "thread_ts": "1573020804.154000",
        "reply_count": 2,
        "reply_users_count": 2,
        "latest_reply": "1573106660.161000",
        "reply_users": [
            "UC19HAUAK",
            "UPDLD3V6U"
        ],
        "replies": [
            {
                "user": "UC19HAUAK",
                "ts": "1573059223.155200"
            },
            {
                "user": "UPDLD3V6U",
                "ts": "1573106660.161000"
            }
        ],
        "subscribed": false
    },
    {
        "client_msg_id": "37bff4bc-3884-425f-82c5-830dec1ce797",
        "type": "message",
        "text": "is it possbile?",
        "user": "UPDLD3V6U",
        "ts": "1573020807.154200",
        "team": "TC0C1HURK",
        "user_team": "TC0C1HURK",
        "source_team": "TC0C1HURK",
        "user_profile": {
            "avatar_hash": "437407fa7760",
            "image_72": "https:\/\/avatars.slack-edge.com\/2019-10-15\/795702974496_437407fa7760c3697214_72.jpg",
            "first_name": "",
            "real_name": "chirag",
            "display_name": "chirag",
            "team": "TC0C1HURK",
            "name": "chirag.shah",
            "is_restricted": false,
            "is_ultra_restricted": false
        },
        "blocks": [
            {
                "type": "rich_text",
                "block_id": "xfx",
                "elements": [
                    {
                        "type": "rich_text_section",
                        "elements": [
                            {
                                "type": "text",
                                "text": "is it possbile?"
                            }
                        ]
                    }
                ]
            }
        ]
    }
]