[
    {
        "client_msg_id": "4b64192a-7614-4b2e-8154-22d1a66444a9",
        "type": "message",
        "text": "Is there any method to get the count of listed rows.\n\nSuppose\nI've 100 records\nI'm grouping by gender(m\/f), so there will be maximum 2 rows\nIn this case I need to show total count=2, instead of 100\n\nI know how to do this using sql, but when comes to schema section, I'm a bit confused.\n\nI want something like `select count(*) from (executed sql) as t`\n\npls help..",
        "user": "UMZGSKQCU",
        "ts": "1569310799.093600",
        "team": "TC0C1HURK",
        "user_team": "TC0C1HURK",
        "source_team": "TC0C1HURK",
        "user_profile": {
            "avatar_hash": "gae94c75bf42",
            "image_72": "https:\/\/secure.gravatar.com\/avatar\/2ae94c75bf4244e39897bec0d7e5056e.jpg?s=72&d=https%3A%2F%2Fa.slack-edge.com%2Fdf10d%2Fimg%2Favatars%2Fava_0026-72.png",
            "first_name": "",
            "real_name": "Nibin John",
            "display_name": "Nibin John",
            "team": "TC0C1HURK",
            "name": "rockingnibin",
            "is_restricted": false,
            "is_ultra_restricted": false
        },
        "edited": {
            "user": "UMZGSKQCU",
            "ts": "1569310924.000000"
        },
        "thread_ts": "1569065303.070500",
        "parent_user_id": "UMZGSKQCU"
    },
    {
        "client_msg_id": "21dfe2fd-30a2-4dc9-b89e-45414926c1c9",
        "type": "message",
        "text": "Hey, I've been wondering... Is there a real differentiation between a Fact and a Dimension in cubejs? or should I just add everything to the dimension object?",
        "user": "UNAEN8C7M",
        "ts": "1569316935.094800",
        "team": "TC0C1HURK",
        "user_team": "TC0C1HURK",
        "source_team": "TC0C1HURK",
        "user_profile": {
            "avatar_hash": "g9da72ae04ce",
            "image_72": "https:\/\/secure.gravatar.com\/avatar\/9da72ae04ce49c73e19919d5a35cc759.jpg?s=72&d=https%3A%2F%2Fa.slack-edge.com%2Fdf10d%2Fimg%2Favatars%2Fava_0003-72.png",
            "first_name": "",
            "real_name": "Martin Braun",
            "display_name": "Martin Braun",
            "team": "TC0C1HURK",
            "name": "braun",
            "is_restricted": false,
            "is_ultra_restricted": false
        },
        "thread_ts": "1569316935.094800",
        "reply_count": 3,
        "reply_users_count": 2,
        "latest_reply": "1569348368.097300",
        "reply_users": [
            "UNAEN8C7M",
            "UC19HAUAK"
        ],
        "replies": [
            {
                "user": "UNAEN8C7M",
                "ts": "1569316987.094900"
            },
            {
                "user": "UNAEN8C7M",
                "ts": "1569316997.095100"
            },
            {
                "user": "UC19HAUAK",
                "ts": "1569348368.097300"
            }
        ],
        "subscribed": false
    },
    {
        "client_msg_id": "ce235305-336d-43a7-b1d4-a99858247739",
        "type": "message",
        "text": "asking because the code generator adds everything to the dimension array",
        "user": "UNAEN8C7M",
        "ts": "1569316987.094900",
        "team": "TC0C1HURK",
        "user_team": "TC0C1HURK",
        "source_team": "TC0C1HURK",
        "user_profile": {
            "avatar_hash": "g9da72ae04ce",
            "image_72": "https:\/\/secure.gravatar.com\/avatar\/9da72ae04ce49c73e19919d5a35cc759.jpg?s=72&d=https%3A%2F%2Fa.slack-edge.com%2Fdf10d%2Fimg%2Favatars%2Fava_0003-72.png",
            "first_name": "",
            "real_name": "Martin Braun",
            "display_name": "Martin Braun",
            "team": "TC0C1HURK",
            "name": "braun",
            "is_restricted": false,
            "is_ultra_restricted": false
        },
        "thread_ts": "1569316935.094800",
        "parent_user_id": "UNAEN8C7M"
    },
    {
        "client_msg_id": "ce80ed50-fea4-42a6-970b-3d0fb287d51d",
        "type": "message",
        "text": "Or is measures == facts",
        "user": "UNAEN8C7M",
        "ts": "1569316997.095100",
        "team": "TC0C1HURK",
        "user_team": "TC0C1HURK",
        "source_team": "TC0C1HURK",
        "user_profile": {
            "avatar_hash": "g9da72ae04ce",
            "image_72": "https:\/\/secure.gravatar.com\/avatar\/9da72ae04ce49c73e19919d5a35cc759.jpg?s=72&d=https%3A%2F%2Fa.slack-edge.com%2Fdf10d%2Fimg%2Favatars%2Fava_0003-72.png",
            "first_name": "",
            "real_name": "Martin Braun",
            "display_name": "Martin Braun",
            "team": "TC0C1HURK",
            "name": "braun",
            "is_restricted": false,
            "is_ultra_restricted": false
        },
        "thread_ts": "1569316935.094800",
        "parent_user_id": "UNAEN8C7M"
    },
    {
        "type": "message",
        "text": "I am getting this error:",
        "files": [
            {
                "id": "FNQUR65U7",
                "created": 1569322972,
                "timestamp": 1569322972,
                "name": "image.png",
                "title": "image.png",
                "mimetype": "image\/png",
                "filetype": "png",
                "pretty_type": "PNG",
                "user": "UNAEN8C7M",
                "editable": false,
                "size": 42273,
                "mode": "hosted",
                "is_external": false,
                "external_type": "",
                "is_public": true,
                "public_url_shared": false,
                "display_as_bot": false,
                "username": "",
                "url_private": "https:\/\/files.slack.com\/files-pri\/TC0C1HURK-FNQUR65U7\/image.png?t=xoxe-408409606869-1267807410853-1293019902560-8c9dc5fc58d3a65e0fe0837e69de048d",
                "url_private_download": "https:\/\/files.slack.com\/files-pri\/TC0C1HURK-FNQUR65U7\/download\/image.png?t=xoxe-408409606869-1267807410853-1293019902560-8c9dc5fc58d3a65e0fe0837e69de048d",
                "thumb_64": "https:\/\/files.slack.com\/files-tmb\/TC0C1HURK-FNQUR65U7-7c95716596\/image_64.png?t=xoxe-408409606869-1267807410853-1293019902560-8c9dc5fc58d3a65e0fe0837e69de048d",
                "thumb_80": "https:\/\/files.slack.com\/files-tmb\/TC0C1HURK-FNQUR65U7-7c95716596\/image_80.png?t=xoxe-408409606869-1267807410853-1293019902560-8c9dc5fc58d3a65e0fe0837e69de048d",
                "thumb_360": "https:\/\/files.slack.com\/files-tmb\/TC0C1HURK-FNQUR65U7-7c95716596\/image_360.png?t=xoxe-408409606869-1267807410853-1293019902560-8c9dc5fc58d3a65e0fe0837e69de048d",
                "thumb_360_w": 360,
                "thumb_360_h": 118,
                "thumb_480": "https:\/\/files.slack.com\/files-tmb\/TC0C1HURK-FNQUR65U7-7c95716596\/image_480.png?t=xoxe-408409606869-1267807410853-1293019902560-8c9dc5fc58d3a65e0fe0837e69de048d",
                "thumb_480_w": 480,
                "thumb_480_h": 157,
                "thumb_160": "https:\/\/files.slack.com\/files-tmb\/TC0C1HURK-FNQUR65U7-7c95716596\/image_160.png?t=xoxe-408409606869-1267807410853-1293019902560-8c9dc5fc58d3a65e0fe0837e69de048d",
                "thumb_720": "https:\/\/files.slack.com\/files-tmb\/TC0C1HURK-FNQUR65U7-7c95716596\/image_720.png?t=xoxe-408409606869-1267807410853-1293019902560-8c9dc5fc58d3a65e0fe0837e69de048d",
                "thumb_720_w": 720,
                "thumb_720_h": 236,
                "thumb_800": "https:\/\/files.slack.com\/files-tmb\/TC0C1HURK-FNQUR65U7-7c95716596\/image_800.png?t=xoxe-408409606869-1267807410853-1293019902560-8c9dc5fc58d3a65e0fe0837e69de048d",
                "thumb_800_w": 800,
                "thumb_800_h": 262,
                "thumb_960": "https:\/\/files.slack.com\/files-tmb\/TC0C1HURK-FNQUR65U7-7c95716596\/image_960.png?t=xoxe-408409606869-1267807410853-1293019902560-8c9dc5fc58d3a65e0fe0837e69de048d",
                "thumb_960_w": 960,
                "thumb_960_h": 314,
                "thumb_1024": "https:\/\/files.slack.com\/files-tmb\/TC0C1HURK-FNQUR65U7-7c95716596\/image_1024.png?t=xoxe-408409606869-1267807410853-1293019902560-8c9dc5fc58d3a65e0fe0837e69de048d",
                "thumb_1024_w": 1024,
                "thumb_1024_h": 335,
                "image_exif_rotation": 1,
                "original_w": 1669,
                "original_h": 546,
                "permalink": "https:\/\/cube-js.slack.com\/files\/UNAEN8C7M\/FNQUR65U7\/image.png",
                "permalink_public": "https:\/\/slack-files.com\/TC0C1HURK-FNQUR65U7-dc91203862",
                "is_starred": false,
                "has_rich_preview": false
            }
        ],
        "upload": true,
        "user": "UNAEN8C7M",
        "display_as_bot": false,
        "ts": "1569322975.095400",
        "client_msg_id": "d851b281-99cc-42ff-800a-f679f9c9f462",
        "thread_ts": "1569322975.095400",
        "reply_count": 6,
        "reply_users_count": 3,
        "latest_reply": "1569340584.096900",
        "reply_users": [
            "UNAEN8C7M",
            "UJXANJSSF",
            "UC19HAUAK"
        ],
        "replies": [
            {
                "user": "UNAEN8C7M",
                "ts": "1569323005.095700"
            },
            {
                "user": "UNAEN8C7M",
                "ts": "1569323022.095900"
            },
            {
                "user": "UJXANJSSF",
                "ts": "1569327953.096100"
            },
            {
                "user": "UJXANJSSF",
                "ts": "1569328072.096300"
            },
            {
                "user": "UNAEN8C7M",
                "ts": "1569330770.096500"
            },
            {
                "user": "UC19HAUAK",
                "ts": "1569340584.096900"
            }
        ],
        "subscribed": false
    },
    {
        "client_msg_id": "be292f05-8961-414c-8b18-344746b3d4d3",
        "type": "message",
        "text": "what does this mean? I defined my time dimension wiith:",
        "user": "UNAEN8C7M",
        "ts": "1569323005.095700",
        "team": "TC0C1HURK",
        "user_team": "TC0C1HURK",
        "source_team": "TC0C1HURK",
        "user_profile": {
            "avatar_hash": "g9da72ae04ce",
            "image_72": "https:\/\/secure.gravatar.com\/avatar\/9da72ae04ce49c73e19919d5a35cc759.jpg?s=72&d=https%3A%2F%2Fa.slack-edge.com%2Fdf10d%2Fimg%2Favatars%2Fava_0003-72.png",
            "first_name": "",
            "real_name": "Martin Braun",
            "display_name": "Martin Braun",
            "team": "TC0C1HURK",
            "name": "braun",
            "is_restricted": false,
            "is_ultra_restricted": false
        },
        "thread_ts": "1569322975.095400",
        "parent_user_id": "UNAEN8C7M"
    },
    {
        "client_msg_id": "8ed7d27a-11c5-41a9-98eb-311aeedb2c01",
        "type": "message",
        "text": "```\n            time_dim_c83670bd_5a21_4e22_af35_4fb43e7e0ca2: {\n                sql: `${CUBE}.time_dim_c83670bd_5a21_4e22_af35_4fb43e7e0ca2`,\n                type: `time`,\n                primaryKey: false\n            }\n```",
        "user": "UNAEN8C7M",
        "ts": "1569323022.095900",
        "team": "TC0C1HURK",
        "user_team": "TC0C1HURK",
        "source_team": "TC0C1HURK",
        "user_profile": {
            "avatar_hash": "g9da72ae04ce",
            "image_72": "https:\/\/secure.gravatar.com\/avatar\/9da72ae04ce49c73e19919d5a35cc759.jpg?s=72&d=https%3A%2F%2Fa.slack-edge.com%2Fdf10d%2Fimg%2Favatars%2Fava_0003-72.png",
            "first_name": "",
            "real_name": "Martin Braun",
            "display_name": "Martin Braun",
            "team": "TC0C1HURK",
            "name": "braun",
            "is_restricted": false,
            "is_ultra_restricted": false
        },
        "thread_ts": "1569322975.095400",
        "parent_user_id": "UNAEN8C7M"
    },
    {
        "client_msg_id": "4f65b1de-b2f3-4a33-ad54-ad49d28aeef1",
        "type": "message",
        "text": "if it is a primarykey it is by default \"shown\"== false. you need to revert this by adding  \"shown\":true",
        "user": "UJXANJSSF",
        "ts": "1569327953.096100",
        "team": "TC0C1HURK",
        "user_team": "TC0C1HURK",
        "source_team": "TC0C1HURK",
        "user_profile": {
            "avatar_hash": "g3f3bd6705da",
            "image_72": "https:\/\/secure.gravatar.com\/avatar\/d3f3bd6705da3e80e9f3a4204dcd4d9a.jpg?s=72&d=https%3A%2F%2Fa.slack-edge.com%2Fdf10d%2Fimg%2Favatars%2Fava_0025-72.png",
            "first_name": "",
            "real_name": "Ferenc Mohos",
            "display_name": "Ferenc Mohos",
            "team": "TC0C1HURK",
            "name": "ferenc.mohos",
            "is_restricted": false,
            "is_ultra_restricted": false
        },
        "thread_ts": "1569322975.095400",
        "parent_user_id": "UNAEN8C7M"
    },
    {
        "client_msg_id": "e1df7dc9-bb93-4722-bbad-d27c84ff42b9",
        "type": "message",
        "text": "see note here : <https:\/\/cube.dev\/docs\/joins#setting-a-primary-key>",
        "user": "UJXANJSSF",
        "ts": "1569328072.096300",
        "team": "TC0C1HURK",
        "user_team": "TC0C1HURK",
        "source_team": "TC0C1HURK",
        "user_profile": {
            "avatar_hash": "g3f3bd6705da",
            "image_72": "https:\/\/secure.gravatar.com\/avatar\/d3f3bd6705da3e80e9f3a4204dcd4d9a.jpg?s=72&d=https%3A%2F%2Fa.slack-edge.com%2Fdf10d%2Fimg%2Favatars%2Fava_0025-72.png",
            "first_name": "",
            "real_name": "Ferenc Mohos",
            "display_name": "Ferenc Mohos",
            "team": "TC0C1HURK",
            "name": "ferenc.mohos",
            "is_restricted": false,
            "is_ultra_restricted": false
        },
        "thread_ts": "1569322975.095400",
        "parent_user_id": "UNAEN8C7M"
    },
    {
        "client_msg_id": "556791d9-9b11-42f0-b331-2bac36f80655",
        "type": "message",
        "text": "primaryKey is false",
        "user": "UNAEN8C7M",
        "ts": "1569330770.096500",
        "team": "TC0C1HURK",
        "user_team": "TC0C1HURK",
        "source_team": "TC0C1HURK",
        "user_profile": {
            "avatar_hash": "g9da72ae04ce",
            "image_72": "https:\/\/secure.gravatar.com\/avatar\/9da72ae04ce49c73e19919d5a35cc759.jpg?s=72&d=https%3A%2F%2Fa.slack-edge.com%2Fdf10d%2Fimg%2Favatars%2Fava_0003-72.png",
            "first_name": "",
            "real_name": "Martin Braun",
            "display_name": "Martin Braun",
            "team": "TC0C1HURK",
            "name": "braun",
            "is_restricted": false,
            "is_ultra_restricted": false
        },
        "thread_ts": "1569322975.095400",
        "parent_user_id": "UNAEN8C7M"
    },
    {
        "client_msg_id": "0ae0b119-d9f9-4cd4-b917-7853dbec80c3",
        "type": "message",
        "text": "<@UMZGSKQCU> Could you please elaborate a little bit on your use case?",
        "user": "UC19HAUAK",
        "ts": "1569340357.096700",
        "team": "TC0C1HURK",
        "user_team": "TC0C1HURK",
        "source_team": "TC0C1HURK",
        "user_profile": {
            "avatar_hash": "066a042e018c",
            "image_72": "https:\/\/avatars.slack-edge.com\/2019-12-07\/866588520998_066a042e018ca831a195_72.png",
            "first_name": "Pavel",
            "real_name": "Pavel Tiunov",
            "display_name": "pavel",
            "team": "TC0C1HURK",
            "name": "pavel",
            "is_restricted": false,
            "is_ultra_restricted": false
        },
        "thread_ts": "1569065303.070500",
        "parent_user_id": "UMZGSKQCU"
    },
    {
        "client_msg_id": "79f7f439-65a6-46a3-9d6b-7114bad4f109",
        "type": "message",
        "text": "Hey <@UNAEN8C7M>! It's pretty interesting. Could you please share your Cube.js query?",
        "user": "UC19HAUAK",
        "ts": "1569340584.096900",
        "team": "TC0C1HURK",
        "user_team": "TC0C1HURK",
        "source_team": "TC0C1HURK",
        "user_profile": {
            "avatar_hash": "066a042e018c",
            "image_72": "https:\/\/avatars.slack-edge.com\/2019-12-07\/866588520998_066a042e018ca831a195_72.png",
            "first_name": "Pavel",
            "real_name": "Pavel Tiunov",
            "display_name": "pavel",
            "team": "TC0C1HURK",
            "name": "pavel",
            "is_restricted": false,
            "is_ultra_restricted": false
        },
        "thread_ts": "1569322975.095400",
        "parent_user_id": "UNAEN8C7M"
    },
    {
        "type": "message",
        "subtype": "channel_join",
        "ts": "1569346477.097200",
        "user": "UNASQ3Y8J",
        "text": "<@UNASQ3Y8J> has joined the channel"
    },
    {
        "client_msg_id": "81bc2390-fe52-45e1-a15f-a6261ef2733d",
        "type": "message",
        "text": "<@UNAEN8C7M> Do you mean between measure and dimension?",
        "user": "UC19HAUAK",
        "ts": "1569348368.097300",
        "team": "TC0C1HURK",
        "user_team": "TC0C1HURK",
        "source_team": "TC0C1HURK",
        "user_profile": {
            "avatar_hash": "066a042e018c",
            "image_72": "https:\/\/avatars.slack-edge.com\/2019-12-07\/866588520998_066a042e018ca831a195_72.png",
            "first_name": "Pavel",
            "real_name": "Pavel Tiunov",
            "display_name": "pavel",
            "team": "TC0C1HURK",
            "name": "pavel",
            "is_restricted": false,
            "is_ultra_restricted": false
        },
        "thread_ts": "1569316935.094800",
        "parent_user_id": "UNAEN8C7M"
    },
    {
        "type": "message",
        "subtype": "channel_join",
        "ts": "1569387002.097600",
        "user": "UNS4PKYAK",
        "text": "<@UNS4PKYAK> has joined the channel"
    },
    {
        "client_msg_id": "6abc4518-2303-4c27-8ae5-ff79bf8b73f7",
        "type": "message",
        "text": "but I'm using limit=10, so I was always getting count=10",
        "user": "UMZGSKQCU",
        "ts": "1569391459.097700",
        "team": "TC0C1HURK",
        "user_team": "TC0C1HURK",
        "source_team": "TC0C1HURK",
        "user_profile": {
            "avatar_hash": "gae94c75bf42",
            "image_72": "https:\/\/secure.gravatar.com\/avatar\/2ae94c75bf4244e39897bec0d7e5056e.jpg?s=72&d=https%3A%2F%2Fa.slack-edge.com%2Fdf10d%2Fimg%2Favatars%2Fava_0026-72.png",
            "first_name": "",
            "real_name": "Nibin John",
            "display_name": "Nibin John",
            "team": "TC0C1HURK",
            "name": "rockingnibin",
            "is_restricted": false,
            "is_ultra_restricted": false
        },
        "thread_ts": "1568869923.042100",
        "parent_user_id": "UMZGSKQCU"
    }
]