[
    {
        "client_msg_id": "dd1ab369-b103-44ad-b551-e3a11c72ace1",
        "type": "message",
        "text": "Hey <@UHTBRSSHF>! Interesting. Could you please forward stack trace of an error?",
        "user": "UC19HAUAK",
        "ts": "1556091084.058700",
        "team": "TC0C1HURK",
        "user_team": "TC0C1HURK",
        "source_team": "TC0C1HURK",
        "user_profile": {
            "avatar_hash": "066a042e018c",
            "image_72": "https:\/\/avatars.slack-edge.com\/2019-12-07\/866588520998_066a042e018ca831a195_72.png",
            "first_name": "Pavel",
            "real_name": "Pavel Tiunov",
            "display_name": "pavel",
            "team": "TC0C1HURK",
            "name": "pavel",
            "is_restricted": false,
            "is_ultra_restricted": false
        },
        "thread_ts": "1555771359.042000",
        "parent_user_id": "UHTBRSSHF"
    },
    {
        "client_msg_id": "a67a90a6-88ac-42d2-b1fe-c60f16a0fbcf",
        "type": "message",
        "text": "Regarding required measures: it was fixed recently. Please upgrade server version.",
        "user": "UC19HAUAK",
        "ts": "1556091108.058900",
        "team": "TC0C1HURK",
        "user_team": "TC0C1HURK",
        "source_team": "TC0C1HURK",
        "user_profile": {
            "avatar_hash": "066a042e018c",
            "image_72": "https:\/\/avatars.slack-edge.com\/2019-12-07\/866588520998_066a042e018ca831a195_72.png",
            "first_name": "Pavel",
            "real_name": "Pavel Tiunov",
            "display_name": "pavel",
            "team": "TC0C1HURK",
            "name": "pavel",
            "is_restricted": false,
            "is_ultra_restricted": false
        },
        "thread_ts": "1555771359.042000",
        "parent_user_id": "UHTBRSSHF"
    },
    {
        "type": "message",
        "subtype": "channel_join",
        "ts": "1556103051.059200",
        "user": "UJ6RS0V8F",
        "text": "<@UJ6RS0V8F> has joined the channel"
    },
    {
        "client_msg_id": "afb27061-fd4e-4779-b97a-021ea3f977c3",
        "type": "message",
        "text": "Hello...I just started using Cube JS and have encountered an error. There was no error message for me to apart from check on slack and stacktrace....How do fix this?\nError: src\/App.js file not found. Can't parse dashboard app. at e.value (<http:\/\/localhost:4000\/static\/js\/main.517f69b2.js:1:38696>) at e.&lt;anonymous&gt; (<http:\/\/localhost:4000\/static\/js\/main.517f69b2.js:1:37521>) at R (<http:\/\/localhost:4000\/static\/js\/vendors~main.52e4c5c9.chunk.js:67:9299>) at Generator._invoke (<http:\/\/localhost:4000\/static\/js\/vendors~main.52e4c5c9.chunk.js:67:9087>) at Generator.e.(anonymous function) [as next] (<http:\/\/localhost:4000\/static\/js\/vendors~main.52e4c5c9.chunk.js:67:9478>) at n (<http:\/\/localhost:4000\/static\/js\/babel~main.af0fd698.chunk.js:1:39395>) at s (<http:\/\/localhost:4000\/static\/js\/babel~main.af0fd698.chunk.js:1:39597>)",
        "user": "UJ6RS0V8F",
        "ts": "1556103230.060500",
        "team": "TC0C1HURK",
        "user_team": "TC0C1HURK",
        "source_team": "TC0C1HURK",
        "user_profile": {
            "avatar_hash": "g6f616033478",
            "image_72": "https:\/\/secure.gravatar.com\/avatar\/f6f6160334781f093cb8e2d2c4820633.jpg?s=72&d=https%3A%2F%2Fa.slack-edge.com%2Fdf10d%2Fimg%2Favatars%2Fava_0019-72.png",
            "first_name": "",
            "real_name": "Anush",
            "display_name": "Anush",
            "team": "TC0C1HURK",
            "name": "anushbm7",
            "is_restricted": false,
            "is_ultra_restricted": false
        },
        "thread_ts": "1556103230.060500",
        "reply_count": 17,
        "reply_users_count": 2,
        "latest_reply": "1556126733.069200",
        "reply_users": [
            "UC19HAUAK",
            "UJ6RS0V8F"
        ],
        "replies": [
            {
                "user": "UC19HAUAK",
                "ts": "1556104825.063600"
            },
            {
                "user": "UJ6RS0V8F",
                "ts": "1556105266.063800"
            },
            {
                "user": "UC19HAUAK",
                "ts": "1556105295.064000"
            },
            {
                "user": "UJ6RS0V8F",
                "ts": "1556105446.064200"
            },
            {
                "user": "UJ6RS0V8F",
                "ts": "1556105621.064600"
            },
            {
                "user": "UC19HAUAK",
                "ts": "1556105973.065000"
            },
            {
                "user": "UJ6RS0V8F",
                "ts": "1556106048.065200"
            },
            {
                "user": "UC19HAUAK",
                "ts": "1556106555.067000"
            },
            {
                "user": "UJ6RS0V8F",
                "ts": "1556106662.067200"
            },
            {
                "user": "UC19HAUAK",
                "ts": "1556107326.067500"
            },
            {
                "user": "UJ6RS0V8F",
                "ts": "1556108941.067700"
            },
            {
                "user": "UC19HAUAK",
                "ts": "1556113453.067900"
            },
            {
                "user": "UJ6RS0V8F",
                "ts": "1556125331.068200"
            },
            {
                "user": "UC19HAUAK",
                "ts": "1556125392.068400"
            },
            {
                "user": "UJ6RS0V8F",
                "ts": "1556126079.068600"
            },
            {
                "user": "UJ6RS0V8F",
                "ts": "1556126698.068800"
            },
            {
                "user": "UC19HAUAK",
                "ts": "1556126733.069200"
            }
        ],
        "subscribed": false
    },
    {
        "client_msg_id": "62698F25-FC13-475A-A19E-5B278D91EEAF",
        "type": "message",
        "text": "Hey <@UJ6RS0V8F> ! We see this error time to time. Could you please remove dashboard-app and try to create it again? If it goes wrong could you please provide your console output while creating dashboard app? Thanks!",
        "user": "UC19HAUAK",
        "ts": "1556104825.063600",
        "team": "TC0C1HURK",
        "user_team": "TC0C1HURK",
        "source_team": "TC0C1HURK",
        "user_profile": {
            "avatar_hash": "066a042e018c",
            "image_72": "https:\/\/avatars.slack-edge.com\/2019-12-07\/866588520998_066a042e018ca831a195_72.png",
            "first_name": "Pavel",
            "real_name": "Pavel Tiunov",
            "display_name": "pavel",
            "team": "TC0C1HURK",
            "name": "pavel",
            "is_restricted": false,
            "is_ultra_restricted": false
        },
        "thread_ts": "1556103230.060500",
        "parent_user_id": "UJ6RS0V8F"
    },
    {
        "client_msg_id": "93506462-fce5-4648-9ccb-d7eff84e6615",
        "type": "message",
        "text": "<@UC19HAUAK> I deleted the dashboard-app, created a chart added to dashboard...still facing the same issue",
        "user": "UJ6RS0V8F",
        "ts": "1556105266.063800",
        "team": "TC0C1HURK",
        "user_team": "TC0C1HURK",
        "source_team": "TC0C1HURK",
        "user_profile": {
            "avatar_hash": "g6f616033478",
            "image_72": "https:\/\/secure.gravatar.com\/avatar\/f6f6160334781f093cb8e2d2c4820633.jpg?s=72&d=https%3A%2F%2Fa.slack-edge.com%2Fdf10d%2Fimg%2Favatars%2Fava_0019-72.png",
            "first_name": "",
            "real_name": "Anush",
            "display_name": "Anush",
            "team": "TC0C1HURK",
            "name": "anushbm7",
            "is_restricted": false,
            "is_ultra_restricted": false
        },
        "thread_ts": "1556103230.060500",
        "parent_user_id": "UJ6RS0V8F"
    },
    {
        "client_msg_id": "49522cae-704b-4d22-9280-61bdd7a90949",
        "type": "message",
        "text": "<@UJ6RS0V8F> Makes sense. Could you please post your console output?",
        "user": "UC19HAUAK",
        "ts": "1556105295.064000",
        "team": "TC0C1HURK",
        "user_team": "TC0C1HURK",
        "source_team": "TC0C1HURK",
        "user_profile": {
            "avatar_hash": "066a042e018c",
            "image_72": "https:\/\/avatars.slack-edge.com\/2019-12-07\/866588520998_066a042e018ca831a195_72.png",
            "first_name": "Pavel",
            "real_name": "Pavel Tiunov",
            "display_name": "pavel",
            "team": "TC0C1HURK",
            "name": "pavel",
            "is_restricted": false,
            "is_ultra_restricted": false
        },
        "thread_ts": "1556103230.060500",
        "parent_user_id": "UJ6RS0V8F"
    },
    {
        "client_msg_id": "8538e839-e586-4a6c-afcf-7a1cc42deaaa",
        "type": "message",
        "text": "This is my Browser Console....\nError handling response: TypeError: Cannot read property 'state' of null\n    at CSRecorder.onQueryStateCompleted (<chrome-extension:\/\/cplklnmnlbnpmjogncfgfijoopmnlemp\/content_scripts\/recorder.js:106:18>)\nmain.517f69b2.js:1 Error: src\/App.js file not found. Can't parse dashboard app.\n    at e.value (main.517f69b2.js:1)\n    at e.&lt;anonymous&gt; (main.517f69b2.js:1)\n    at R (vendors~main.52e4c5c9.chunk.js:67)\n    at Generator._invoke (vendors~main.52e4c5c9.chunk.js:67)\n    at Generator.e.(:4000\/anonymous function) [as next] (<http:\/\/localhost:4000\/static\/js\/vendors~main.52e4c5c9.chunk.js:67:9478>)\n    at n (babel~main.af0fd698.chunk.js:1)\n    at s (babel~main.af0fd698.chunk.js:1)\nmain.517f69b2.js:1 Uncaught (in promise) Error: src\/App.js file not found. Can't parse dashboard app.\n    at e.value (main.517f69b2.js:1)\n    at e.&lt;anonymous&gt; (main.517f69b2.js:1)\n    at R (vendors~main.52e4c5c9.chunk.js:67)\n    at Generator._invoke (vendors~main.52e4c5c9.chunk.js:67)\n    at Generator.e.(:4000\/anonymous function) [as next] (<http:\/\/localhost:4000\/static\/js\/vendors~main.52e4c5c9.chunk.js:67:9478>)\n    at n (babel~main.af0fd698.chunk.js:1)\n    at s (babel~main.af0fd698.chunk.js:1)",
        "user": "UJ6RS0V8F",
        "ts": "1556105446.064200",
        "team": "TC0C1HURK",
        "user_team": "TC0C1HURK",
        "source_team": "TC0C1HURK",
        "user_profile": {
            "avatar_hash": "g6f616033478",
            "image_72": "https:\/\/secure.gravatar.com\/avatar\/f6f6160334781f093cb8e2d2c4820633.jpg?s=72&d=https%3A%2F%2Fa.slack-edge.com%2Fdf10d%2Fimg%2Favatars%2Fava_0019-72.png",
            "first_name": "",
            "real_name": "Anush",
            "display_name": "Anush",
            "team": "TC0C1HURK",
            "name": "anushbm7",
            "is_restricted": false,
            "is_ultra_restricted": false
        },
        "edited": {
            "user": "UJ6RS0V8F",
            "ts": "1556105488.000000"
        },
        "thread_ts": "1556103230.060500",
        "parent_user_id": "UJ6RS0V8F"
    },
    {
        "type": "message",
        "text": "This is how my server console looks like :",
        "files": [
            {
                "id": "FJ6SQHUBH",
                "created": 1556105619,
                "timestamp": 1556105619,
                "name": "image.png",
                "title": "Pasted image at 2019-04-24, 5:03 PM",
                "mimetype": "image\/png",
                "filetype": "png",
                "pretty_type": "PNG",
                "user": "UJ6RS0V8F",
                "editable": false,
                "size": 86747,
                "mode": "hosted",
                "is_external": false,
                "external_type": "",
                "is_public": true,
                "public_url_shared": false,
                "display_as_bot": false,
                "username": "",
                "url_private": "https:\/\/files.slack.com\/files-pri\/TC0C1HURK-FJ6SQHUBH\/image.png?t=xoxe-408409606869-1267807410853-1293019902560-8c9dc5fc58d3a65e0fe0837e69de048d",
                "url_private_download": "https:\/\/files.slack.com\/files-pri\/TC0C1HURK-FJ6SQHUBH\/download\/image.png?t=xoxe-408409606869-1267807410853-1293019902560-8c9dc5fc58d3a65e0fe0837e69de048d",
                "thumb_64": "https:\/\/files.slack.com\/files-tmb\/TC0C1HURK-FJ6SQHUBH-69233adaff\/image_64.png?t=xoxe-408409606869-1267807410853-1293019902560-8c9dc5fc58d3a65e0fe0837e69de048d",
                "thumb_80": "https:\/\/files.slack.com\/files-tmb\/TC0C1HURK-FJ6SQHUBH-69233adaff\/image_80.png?t=xoxe-408409606869-1267807410853-1293019902560-8c9dc5fc58d3a65e0fe0837e69de048d",
                "thumb_360": "https:\/\/files.slack.com\/files-tmb\/TC0C1HURK-FJ6SQHUBH-69233adaff\/image_360.png?t=xoxe-408409606869-1267807410853-1293019902560-8c9dc5fc58d3a65e0fe0837e69de048d",
                "thumb_360_w": 360,
                "thumb_360_h": 224,
                "thumb_480": "https:\/\/files.slack.com\/files-tmb\/TC0C1HURK-FJ6SQHUBH-69233adaff\/image_480.png?t=xoxe-408409606869-1267807410853-1293019902560-8c9dc5fc58d3a65e0fe0837e69de048d",
                "thumb_480_w": 480,
                "thumb_480_h": 298,
                "thumb_160": "https:\/\/files.slack.com\/files-tmb\/TC0C1HURK-FJ6SQHUBH-69233adaff\/image_160.png?t=xoxe-408409606869-1267807410853-1293019902560-8c9dc5fc58d3a65e0fe0837e69de048d",
                "thumb_720": "https:\/\/files.slack.com\/files-tmb\/TC0C1HURK-FJ6SQHUBH-69233adaff\/image_720.png?t=xoxe-408409606869-1267807410853-1293019902560-8c9dc5fc58d3a65e0fe0837e69de048d",
                "thumb_720_w": 720,
                "thumb_720_h": 447,
                "thumb_800": "https:\/\/files.slack.com\/files-tmb\/TC0C1HURK-FJ6SQHUBH-69233adaff\/image_800.png?t=xoxe-408409606869-1267807410853-1293019902560-8c9dc5fc58d3a65e0fe0837e69de048d",
                "thumb_800_w": 800,
                "thumb_800_h": 497,
                "thumb_960": "https:\/\/files.slack.com\/files-tmb\/TC0C1HURK-FJ6SQHUBH-69233adaff\/image_960.png?t=xoxe-408409606869-1267807410853-1293019902560-8c9dc5fc58d3a65e0fe0837e69de048d",
                "thumb_960_w": 960,
                "thumb_960_h": 596,
                "thumb_1024": "https:\/\/files.slack.com\/files-tmb\/TC0C1HURK-FJ6SQHUBH-69233adaff\/image_1024.png?t=xoxe-408409606869-1267807410853-1293019902560-8c9dc5fc58d3a65e0fe0837e69de048d",
                "thumb_1024_w": 1024,
                "thumb_1024_h": 636,
                "image_exif_rotation": 1,
                "original_w": 1209,
                "original_h": 751,
                "permalink": "https:\/\/cube-js.slack.com\/files\/UJ6RS0V8F\/FJ6SQHUBH\/image.png",
                "permalink_public": "https:\/\/slack-files.com\/TC0C1HURK-FJ6SQHUBH-c88ddf762e",
                "is_starred": false,
                "has_rich_preview": false
            }
        ],
        "upload": true,
        "user": "UJ6RS0V8F",
        "display_as_bot": false,
        "ts": "1556105621.064600",
        "client_msg_id": "291e5752-1c40-402f-bd7f-c3626db2063a",
        "thread_ts": "1556103230.060500",
        "parent_user_id": "UJ6RS0V8F"
    },
    {
        "client_msg_id": "c8b7fb64-5309-4d53-a7d9-995dd7f2d2be",
        "type": "message",
        "text": "<@UJ6RS0V8F> Ok. Great! It actually means it's created successfully. Could you please check `dashboard-app` directory to see if there's any `src` directory?",
        "user": "UC19HAUAK",
        "ts": "1556105973.065000",
        "team": "TC0C1HURK",
        "user_team": "TC0C1HURK",
        "source_team": "TC0C1HURK",
        "user_profile": {
            "avatar_hash": "066a042e018c",
            "image_72": "https:\/\/avatars.slack-edge.com\/2019-12-07\/866588520998_066a042e018ca831a195_72.png",
            "first_name": "Pavel",
            "real_name": "Pavel Tiunov",
            "display_name": "pavel",
            "team": "TC0C1HURK",
            "name": "pavel",
            "is_restricted": false,
            "is_ultra_restricted": false
        },
        "thread_ts": "1556103230.060500",
        "parent_user_id": "UJ6RS0V8F"
    },
    {
        "client_msg_id": "8eaea315-9e0c-438b-8b3f-636e481632fe",
        "type": "message",
        "text": "<@UC19HAUAK> Yes...I have a src folder created and it has a App.js file",
        "user": "UJ6RS0V8F",
        "ts": "1556106048.065200",
        "team": "TC0C1HURK",
        "user_team": "TC0C1HURK",
        "source_team": "TC0C1HURK",
        "user_profile": {
            "avatar_hash": "g6f616033478",
            "image_72": "https:\/\/secure.gravatar.com\/avatar\/f6f6160334781f093cb8e2d2c4820633.jpg?s=72&d=https%3A%2F%2Fa.slack-edge.com%2Fdf10d%2Fimg%2Favatars%2Fava_0019-72.png",
            "first_name": "",
            "real_name": "Anush",
            "display_name": "Anush",
            "team": "TC0C1HURK",
            "name": "anushbm7",
            "is_restricted": false,
            "is_ultra_restricted": false
        },
        "thread_ts": "1556103230.060500",
        "parent_user_id": "UJ6RS0V8F"
    },
    {
        "client_msg_id": "CE005874-D916-48F5-836E-E95E487C40F0",
        "type": "message",
        "text": "<@UJ6RS0V8F> I see. Seems like windows issue. We’ll roll out fix shortly.",
        "user": "UC19HAUAK",
        "ts": "1556106555.067000",
        "team": "TC0C1HURK",
        "user_team": "TC0C1HURK",
        "source_team": "TC0C1HURK",
        "user_profile": {
            "avatar_hash": "066a042e018c",
            "image_72": "https:\/\/avatars.slack-edge.com\/2019-12-07\/866588520998_066a042e018ca831a195_72.png",
            "first_name": "Pavel",
            "real_name": "Pavel Tiunov",
            "display_name": "pavel",
            "team": "TC0C1HURK",
            "name": "pavel",
            "is_restricted": false,
            "is_ultra_restricted": false
        },
        "thread_ts": "1556103230.060500",
        "parent_user_id": "UJ6RS0V8F"
    },
    {
        "client_msg_id": "cf8599fe-1474-4462-9ac2-af8d46f93db6",
        "type": "message",
        "text": "hmm....are there any alternatives I can have this working?",
        "user": "UJ6RS0V8F",
        "ts": "1556106662.067200",
        "team": "TC0C1HURK",
        "user_team": "TC0C1HURK",
        "source_team": "TC0C1HURK",
        "user_profile": {
            "avatar_hash": "g6f616033478",
            "image_72": "https:\/\/secure.gravatar.com\/avatar\/f6f6160334781f093cb8e2d2c4820633.jpg?s=72&d=https%3A%2F%2Fa.slack-edge.com%2Fdf10d%2Fimg%2Favatars%2Fava_0019-72.png",
            "first_name": "",
            "real_name": "Anush",
            "display_name": "Anush",
            "team": "TC0C1HURK",
            "name": "anushbm7",
            "is_restricted": false,
            "is_ultra_restricted": false
        },
        "thread_ts": "1556103230.060500",
        "parent_user_id": "UJ6RS0V8F"
    },
    {
        "client_msg_id": "BED0D75E-3E88-4F26-98D9-FC053F0FA880",
        "type": "message",
        "text": "<@UJ6RS0V8F> you can fix it yourself by replacing all backslashes to forward ones in fileName in DevServer.js of server-core component.",
        "user": "UC19HAUAK",
        "ts": "1556107326.067500",
        "team": "TC0C1HURK",
        "user_team": "TC0C1HURK",
        "source_team": "TC0C1HURK",
        "user_profile": {
            "avatar_hash": "066a042e018c",
            "image_72": "https:\/\/avatars.slack-edge.com\/2019-12-07\/866588520998_066a042e018ca831a195_72.png",
            "first_name": "Pavel",
            "real_name": "Pavel Tiunov",
            "display_name": "pavel",
            "team": "TC0C1HURK",
            "name": "pavel",
            "is_restricted": false,
            "is_ultra_restricted": false
        },
        "thread_ts": "1556103230.060500",
        "parent_user_id": "UJ6RS0V8F"
    },
    {
        "client_msg_id": "5252420e-fddb-42cc-84c5-0655628c2356",
        "type": "message",
        "text": "<@UC19HAUAK> that seems to be an issue.....we might have to change only a few elements from \/ to \\....also which file should I be editing...I have 2  DevServer.js.\n1) \\cubeJS\\dashboard\\node_modules\\@cubejs-backend\\server-core\\core\n2) \\cubeJS\\demo-dashboard\\node_modules\\@cubejs-backend\\server-core\\core",
        "user": "UJ6RS0V8F",
        "ts": "1556108941.067700",
        "team": "TC0C1HURK",
        "user_team": "TC0C1HURK",
        "source_team": "TC0C1HURK",
        "user_profile": {
            "avatar_hash": "g6f616033478",
            "image_72": "https:\/\/secure.gravatar.com\/avatar\/f6f6160334781f093cb8e2d2c4820633.jpg?s=72&d=https%3A%2F%2Fa.slack-edge.com%2Fdf10d%2Fimg%2Favatars%2Fava_0019-72.png",
            "first_name": "",
            "real_name": "Anush",
            "display_name": "Anush",
            "team": "TC0C1HURK",
            "name": "anushbm7",
            "is_restricted": false,
            "is_ultra_restricted": false
        },
        "thread_ts": "1556103230.060500",
        "parent_user_id": "UJ6RS0V8F"
    },
    {
        "client_msg_id": "65c74a52-aa43-41d9-a16a-d9aaecade2b5",
        "type": "message",
        "text": "<@UJ6RS0V8F> Just rolled out 0.7.8 where it should be fixed. Could you please upgrade and let me know if it works for you?",
        "user": "UC19HAUAK",
        "ts": "1556113453.067900",
        "team": "TC0C1HURK",
        "user_team": "TC0C1HURK",
        "source_team": "TC0C1HURK",
        "user_profile": {
            "avatar_hash": "066a042e018c",
            "image_72": "https:\/\/avatars.slack-edge.com\/2019-12-07\/866588520998_066a042e018ca831a195_72.png",
            "first_name": "Pavel",
            "real_name": "Pavel Tiunov",
            "display_name": "pavel",
            "team": "TC0C1HURK",
            "name": "pavel",
            "is_restricted": false,
            "is_ultra_restricted": false
        },
        "edited": {
            "user": "UC19HAUAK",
            "ts": "1556114892.000000"
        },
        "thread_ts": "1556103230.060500",
        "parent_user_id": "UJ6RS0V8F",
        "reactions": [
            {
                "name": "heavy_check_mark",
                "users": [
                    "UJ6RS0V8F"
                ],
                "count": 1
            }
        ]
    },
    {
        "client_msg_id": "41f2a082-a338-4804-9314-9faef82fa942",
        "type": "message",
        "text": "<@UC19HAUAK> I am unable to update the version....would npm update -g cubejs-cli update?",
        "user": "UJ6RS0V8F",
        "ts": "1556125331.068200",
        "team": "TC0C1HURK",
        "user_team": "TC0C1HURK",
        "source_team": "TC0C1HURK",
        "user_profile": {
            "avatar_hash": "g6f616033478",
            "image_72": "https:\/\/secure.gravatar.com\/avatar\/f6f6160334781f093cb8e2d2c4820633.jpg?s=72&d=https%3A%2F%2Fa.slack-edge.com%2Fdf10d%2Fimg%2Favatars%2Fava_0019-72.png",
            "first_name": "",
            "real_name": "Anush",
            "display_name": "Anush",
            "team": "TC0C1HURK",
            "name": "anushbm7",
            "is_restricted": false,
            "is_ultra_restricted": false
        },
        "thread_ts": "1556103230.060500",
        "parent_user_id": "UJ6RS0V8F"
    },
    {
        "client_msg_id": "bfa98cf6-10f4-42e3-a30e-7f837860d58a",
        "type": "message",
        "text": "<@UJ6RS0V8F> Could you please either update version manually in `package.json` and then run `$ npm install` or just create new app from scratch using `$ cubejs create`.",
        "user": "UC19HAUAK",
        "ts": "1556125392.068400",
        "team": "TC0C1HURK",
        "user_team": "TC0C1HURK",
        "source_team": "TC0C1HURK",
        "user_profile": {
            "avatar_hash": "066a042e018c",
            "image_72": "https:\/\/avatars.slack-edge.com\/2019-12-07\/866588520998_066a042e018ca831a195_72.png",
            "first_name": "Pavel",
            "real_name": "Pavel Tiunov",
            "display_name": "pavel",
            "team": "TC0C1HURK",
            "name": "pavel",
            "is_restricted": false,
            "is_ultra_restricted": false
        },
        "thread_ts": "1556103230.060500",
        "parent_user_id": "UJ6RS0V8F"
    },
    {
        "client_msg_id": "91931e65-074b-4e9f-9614-66f41a52f572",
        "type": "message",
        "text": "Alright...I was updating directly from git repo...",
        "user": "UJ6RS0V8F",
        "ts": "1556126079.068600",
        "team": "TC0C1HURK",
        "user_team": "TC0C1HURK",
        "source_team": "TC0C1HURK",
        "user_profile": {
            "avatar_hash": "g6f616033478",
            "image_72": "https:\/\/secure.gravatar.com\/avatar\/f6f6160334781f093cb8e2d2c4820633.jpg?s=72&d=https%3A%2F%2Fa.slack-edge.com%2Fdf10d%2Fimg%2Favatars%2Fava_0019-72.png",
            "first_name": "",
            "real_name": "Anush",
            "display_name": "Anush",
            "team": "TC0C1HURK",
            "name": "anushbm7",
            "is_restricted": false,
            "is_ultra_restricted": false
        },
        "thread_ts": "1556103230.060500",
        "parent_user_id": "UJ6RS0V8F"
    },
    {
        "client_msg_id": "87203836-2d86-4014-b1b5-6affc38bea3e",
        "type": "message",
        "text": "<@UC19HAUAK> That fixed the issue...thanks a ton :slightly_smiling_face:",
        "user": "UJ6RS0V8F",
        "ts": "1556126698.068800",
        "team": "TC0C1HURK",
        "user_team": "TC0C1HURK",
        "source_team": "TC0C1HURK",
        "user_profile": {
            "avatar_hash": "g6f616033478",
            "image_72": "https:\/\/secure.gravatar.com\/avatar\/f6f6160334781f093cb8e2d2c4820633.jpg?s=72&d=https%3A%2F%2Fa.slack-edge.com%2Fdf10d%2Fimg%2Favatars%2Fava_0019-72.png",
            "first_name": "",
            "real_name": "Anush",
            "display_name": "Anush",
            "team": "TC0C1HURK",
            "name": "anushbm7",
            "is_restricted": false,
            "is_ultra_restricted": false
        },
        "thread_ts": "1556103230.060500",
        "parent_user_id": "UJ6RS0V8F",
        "reactions": [
            {
                "name": "tada",
                "users": [
                    "UC19HAUAK"
                ],
                "count": 1
            },
            {
                "name": "raised_hands",
                "users": [
                    "UC19HAUAK"
                ],
                "count": 1
            }
        ]
    },
    {
        "client_msg_id": "058f5b98-0de2-404b-b1c6-fda4aca5f059",
        "type": "message",
        "text": "You're welcome!",
        "user": "UC19HAUAK",
        "ts": "1556126733.069200",
        "team": "TC0C1HURK",
        "user_team": "TC0C1HURK",
        "source_team": "TC0C1HURK",
        "user_profile": {
            "avatar_hash": "066a042e018c",
            "image_72": "https:\/\/avatars.slack-edge.com\/2019-12-07\/866588520998_066a042e018ca831a195_72.png",
            "first_name": "Pavel",
            "real_name": "Pavel Tiunov",
            "display_name": "pavel",
            "team": "TC0C1HURK",
            "name": "pavel",
            "is_restricted": false,
            "is_ultra_restricted": false
        },
        "thread_ts": "1556103230.060500",
        "parent_user_id": "UJ6RS0V8F"
    },
    {
        "type": "message",
        "subtype": "channel_join",
        "ts": "1556136718.069800",
        "user": "UHU8BF69G",
        "text": "<@UHU8BF69G> has joined the channel"
    },
    {
        "type": "message",
        "subtype": "channel_join",
        "ts": "1556172084.070000",
        "user": "UJ85DC00N",
        "text": "<@UJ85DC00N> has joined the channel"
    }
]