[
    {
        "type": "message",
        "subtype": "channel_join",
        "ts": "1563352621.299600",
        "user": "ULH1HNPLM",
        "text": "<@ULH1HNPLM> has joined the channel"
    },
    {
        "client_msg_id": "56c9aed2-e2f6-447c-90cc-3cbe3785c30c",
        "type": "message",
        "text": "Hi,\nI'm using postgres DB and Node(express) as backend.\nI have created pre-aggreagation. Where does CubeJs stores pre-aggregated data?\nAnd where does it stores caching data?",
        "user": "UL2EQBWD7",
        "ts": "1563353739.300900",
        "team": "TC0C1HURK",
        "user_team": "TC0C1HURK",
        "source_team": "TC0C1HURK",
        "user_profile": {
            "avatar_hash": "gd1ed47b37c3",
            "image_72": "https:\/\/secure.gravatar.com\/avatar\/9d1ed47b37c360f70d94207606dc64c1.jpg?s=72&d=https%3A%2F%2Fa.slack-edge.com%2Fdf10d%2Fimg%2Favatars%2Fava_0016-72.png",
            "first_name": "",
            "real_name": "Atul Sharma",
            "display_name": "Atul Sharma",
            "team": "TC0C1HURK",
            "name": "atul.s",
            "is_restricted": false,
            "is_ultra_restricted": false
        },
        "edited": {
            "user": "UL2EQBWD7",
            "ts": "1563357181.000000"
        },
        "thread_ts": "1563353739.300900",
        "reply_count": 1,
        "reply_users_count": 1,
        "latest_reply": "1563354059.301000",
        "reply_users": [
            "UG8FM1Z8C"
        ],
        "replies": [
            {
                "user": "UG8FM1Z8C",
                "ts": "1563354059.301000"
            }
        ],
        "subscribed": false
    },
    {
        "client_msg_id": "2f4182f8-08b7-4b89-8d52-60d508d854ef",
        "type": "message",
        "text": "Hi <@UL2EQBWD7>,\nFor pre-aggregations, Cube.js creates a new table called `stb_pre_aggregations` and caching is stored in redis",
        "user": "UG8FM1Z8C",
        "ts": "1563354059.301000",
        "team": "TC0C1HURK",
        "user_team": "TC0C1HURK",
        "source_team": "TC0C1HURK",
        "user_profile": {
            "avatar_hash": "gd1bddeeede5",
            "image_72": "https:\/\/secure.gravatar.com\/avatar\/ad1bddeeede5ff1c9fe85dc8c0607b4e.jpg?s=72&d=https%3A%2F%2Fa.slack-edge.com%2Fdf10d%2Fimg%2Favatars%2Fava_0000-72.png",
            "first_name": "",
            "real_name": "Thomas",
            "display_name": "",
            "team": "TC0C1HURK",
            "name": "dotsilver",
            "is_restricted": false,
            "is_ultra_restricted": false
        },
        "thread_ts": "1563353739.300900",
        "parent_user_id": "UL2EQBWD7",
        "reactions": [
            {
                "name": "+1",
                "users": [
                    "UL2EQBWD7"
                ],
                "count": 1
            }
        ]
    },
    {
        "client_msg_id": "b61b683c-4b56-4f10-8ca7-634c92f68e53",
        "type": "message",
        "text": "Hi everyone!\nI have a questions for those who managed to deploy CubeJS with AWS Lambda. We're trying to deploy ours and the issue we are currently stuck on is all requests from the front-end are blocked by CORS: `No 'Access-Control-Allow-Origin' header is present`.\nWe flagged `cors:  true` in `serverless.yml`, even changed the AWS API Getaway endpoint name to match the domain we're hosting the front-end on - that gave zero result.\nAny suggestions? :pray:",
        "user": "UKAH5USAD",
        "ts": "1563376614.307500",
        "team": "TC0C1HURK",
        "user_team": "TC0C1HURK",
        "source_team": "TC0C1HURK",
        "user_profile": {
            "avatar_hash": "g97eed768043",
            "image_72": "https:\/\/secure.gravatar.com\/avatar\/197eed768043facddde0436ad8d7ce35.jpg?s=72&d=https%3A%2F%2Fa.slack-edge.com%2Fdf10d%2Fimg%2Favatars%2Fava_0008-72.png",
            "first_name": "",
            "real_name": "Maksym Portianoi",
            "display_name": "Maksym Portianoi",
            "team": "TC0C1HURK",
            "name": "maksym",
            "is_restricted": false,
            "is_ultra_restricted": false
        },
        "thread_ts": "1563376614.307500",
        "reply_count": 3,
        "reply_users_count": 2,
        "latest_reply": "1563544487.311300",
        "reply_users": [
            "UL11RBELD",
            "UKAH5USAD"
        ],
        "replies": [
            {
                "user": "UL11RBELD",
                "ts": "1563540745.310200"
            },
            {
                "user": "UL11RBELD",
                "ts": "1563540909.310500"
            },
            {
                "user": "UKAH5USAD",
                "ts": "1563544487.311300"
            }
        ],
        "subscribed": false
    },
    {
        "type": "message",
        "subtype": "channel_join",
        "ts": "1563377056.307700",
        "user": "UL620NYV9",
        "text": "<@UL620NYV9> has joined the channel"
    }
]