[
    {
        "client_msg_id": "dd650869-dae8-491d-8e11-87528811af83",
        "type": "message",
        "text": "I’m now investigating this issue again and it seems that\n```resultSet.tablePivot(resultSet.normalizePivotConfig())```\ndoesn’t do anything?\n\nTo recap, my query is like\n```{\n    dimensions: [\"xxx.name\", \"Dates.date\"],\n    filters: [],\n    measures: [\"zzz.count\"],\n    offset: 0,\n    timeDimensions: [{\n        dateRange: [\"2020-06-04T00:00:00.000\", \"2020-06-10T23:59:59.999\"],\n        dimension: \"Dates.date\"\n    }],\n    timezone: \"Europe\/Helsinki\"\n}```\nAnd `resultSet.tablePivot(resultSet.normalizePivotConfig())` returns\n```[\n    {xxx.name: \"yyy\", Dates.date: \"2020-06-04T00:00:00.000\", zzz.count: \"1\"},\n    {xxx.name: \"yyy\", Dates.date: \"2020-06-07T00:00:00.000\", zzz.count: \"1\"},\n    {xxx.name: \"yyy\", Dates.date: \"2020-06-09T00:00:00.000\", zzz.count: \"1\"},\n    {xxx.name: \"yyy2\", Dates.date: \"2020-06-04T00:00:00.000\", zzz.count: \"1\"},\n    {xxx.name: \"yyy2\", Dates.date: \"2020-06-07T00:00:00.000\", zzz.count: \"1\"},\n    {xxx.name: \"yyy2\", Dates.date: \"2020-06-09T00:00:00.000\", zzz.count: \"1\"},\n    {xxx.name: \"yyy2\", Dates.date: \"2020-06-04T00:00:00.000\", zzz.count: \"1\"},\n    {xxx.name: \"yyy2\", Dates.date: \"2020-06-07T00:00:00.000\", zzz.count: \"1\"},\n    {xxx.name: \"yyy2\", Dates.date: \"2020-06-09T00:00:00.000\", zzz.count: \"1\"},\n    {xxx.name: \"yyy3\", Dates.date: \"2020-06-04T00:00:00.000\", zzz.count: \"1\"},\n    {xxx.name: \"yyy3\", Dates.date: \"2020-06-07T00:00:00.000\", zzz.count: \"1\"},\n    {xxx.name: \"yyy3\", Dates.date: \"2020-06-09T00:00:00.000\", zzz.count: \"1\"},\n]```\nEvery different `xxx.name` should have `zzz.count: 0` if there’s no data on that day, right?\n\nWe are using\n```\"@cubejs-client\/core\": \"^0.19.22\",\n\"@cubejs-client\/react\": \"^0.19.22\",```\nDo you think that this is a bug in cube.js <@U013J5CRRDW> ?",
        "user": "USVCEA96F",
        "ts": "1591860408.071600",
        "team": "TC0C1HURK",
        "user_team": "TC0C1HURK",
        "source_team": "TC0C1HURK",
        "user_profile": {
            "avatar_hash": "4937c714c843",
            "image_72": "https:\/\/avatars.slack-edge.com\/2020-01-29\/926690519808_4937c714c84306ede884_72.jpg",
            "first_name": "Janne",
            "real_name": "Janne Saarela",
            "display_name": "janne",
            "team": "TC0C1HURK",
            "name": "janne",
            "is_restricted": false,
            "is_ultra_restricted": false
        },
        "blocks": [
            {
                "type": "rich_text",
                "block_id": "SGf",
                "elements": [
                    {
                        "type": "rich_text_section",
                        "elements": [
                            {
                                "type": "text",
                                "text": "I’m now investigating this issue again and it seems that\n"
                            }
                        ]
                    },
                    {
                        "type": "rich_text_preformatted",
                        "elements": [
                            {
                                "type": "text",
                                "text": "resultSet.tablePivot(resultSet.normalizePivotConfig())"
                            }
                        ]
                    },
                    {
                        "type": "rich_text_section",
                        "elements": [
                            {
                                "type": "text",
                                "text": "doesn’t do anything?\n\nTo recap, my query is like\n"
                            }
                        ]
                    },
                    {
                        "type": "rich_text_preformatted",
                        "elements": [
                            {
                                "type": "text",
                                "text": "{\n    dimensions: [\"xxx.name\", \"Dates.date\"],\n    filters: [],\n    measures: [\"zzz.count\"],\n    offset: 0,\n    timeDimensions: [{\n        dateRange: [\"2020-06-04T00:00:00.000\", \"2020-06-10T23:59:59.999\"],\n        dimension: \"Dates.date\"\n    }],\n    timezone: \"Europe\/Helsinki\"\n}"
                            }
                        ]
                    },
                    {
                        "type": "rich_text_section",
                        "elements": [
                            {
                                "type": "text",
                                "text": "\nAnd "
                            },
                            {
                                "type": "text",
                                "text": "resultSet.tablePivot(resultSet.normalizePivotConfig())",
                                "style": {
                                    "code": true
                                }
                            },
                            {
                                "type": "text",
                                "text": " returns\n"
                            }
                        ]
                    },
                    {
                        "type": "rich_text_preformatted",
                        "elements": [
                            {
                                "type": "text",
                                "text": "[\n    {xxx.name: \"yyy\", Dates.date: \"2020-06-04T00:00:00.000\", zzz.count: \"1\"},\n    {xxx.name: \"yyy\", Dates.date: \"2020-06-07T00:00:00.000\", zzz.count: \"1\"},\n    {xxx.name: \"yyy\", Dates.date: \"2020-06-09T00:00:00.000\", zzz.count: \"1\"},\n    {xxx.name: \"yyy2\", Dates.date: \"2020-06-04T00:00:00.000\", zzz.count: \"1\"},\n    {xxx.name: \"yyy2\", Dates.date: \"2020-06-07T00:00:00.000\", zzz.count: \"1\"},\n    {xxx.name: \"yyy2\", Dates.date: \"2020-06-09T00:00:00.000\", zzz.count: \"1\"},\n    {xxx.name: \"yyy2\", Dates.date: \"2020-06-04T00:00:00.000\", zzz.count: \"1\"},\n    {xxx.name: \"yyy2\", Dates.date: \"2020-06-07T00:00:00.000\", zzz.count: \"1\"},\n    {xxx.name: \"yyy2\", Dates.date: \"2020-06-09T00:00:00.000\", zzz.count: \"1\"},\n    {xxx.name: \"yyy3\", Dates.date: \"2020-06-04T00:00:00.000\", zzz.count: \"1\"},\n    {xxx.name: \"yyy3\", Dates.date: \"2020-06-07T00:00:00.000\", zzz.count: \"1\"},\n    {xxx.name: \"yyy3\", Dates.date: \"2020-06-09T00:00:00.000\", zzz.count: \"1\"},\n]"
                            }
                        ]
                    },
                    {
                        "type": "rich_text_section",
                        "elements": [
                            {
                                "type": "text",
                                "text": "Every different "
                            },
                            {
                                "type": "text",
                                "text": "xxx.name",
                                "style": {
                                    "code": true
                                }
                            },
                            {
                                "type": "text",
                                "text": " should have "
                            },
                            {
                                "type": "text",
                                "text": "zzz.count: 0",
                                "style": {
                                    "code": true
                                }
                            },
                            {
                                "type": "text",
                                "text": " if there’s no data on that day, right?\n\nWe are using\n"
                            }
                        ]
                    },
                    {
                        "type": "rich_text_preformatted",
                        "elements": [
                            {
                                "type": "text",
                                "text": "\"@cubejs-client\/core\": \"^0.19.22\",\n\"@cubejs-client\/react\": \"^0.19.22\","
                            }
                        ]
                    },
                    {
                        "type": "rich_text_section",
                        "elements": [
                            {
                                "type": "text",
                                "text": "Do you think that this is a bug in cube.js "
                            },
                            {
                                "type": "user",
                                "user_id": "U013J5CRRDW"
                            },
                            {
                                "type": "text",
                                "text": " ?"
                            }
                        ]
                    }
                ]
            }
        ],
        "thread_ts": "1591601894.030200",
        "parent_user_id": "USVCEA96F"
    },
    {
        "client_msg_id": "e334d44c-354f-4dac-a786-e3779711bcab",
        "type": "message",
        "text": "when using ` cubejs generate` to generate schema, can I generate schema for tables under some db schema?",
        "user": "US1P711C1",
        "ts": "1591861963.072900",
        "team": "TC0C1HURK",
        "user_team": "TC0C1HURK",
        "source_team": "TC0C1HURK",
        "user_profile": {
            "avatar_hash": "g5842626266c",
            "image_72": "https:\/\/secure.gravatar.com\/avatar\/5842626266c4cd89c48ea10e14a1a8e0.jpg?s=72&d=https%3A%2F%2Fa.slack-edge.com%2Fdf10d%2Fimg%2Favatars%2Fava_0012-72.png",
            "first_name": "",
            "real_name": "Alice",
            "display_name": "Alice",
            "team": "TC0C1HURK",
            "name": "liuyushu1",
            "is_restricted": false,
            "is_ultra_restricted": false
        },
        "blocks": [
            {
                "type": "rich_text",
                "block_id": "gew",
                "elements": [
                    {
                        "type": "rich_text_section",
                        "elements": [
                            {
                                "type": "text",
                                "text": "when using ` cubejs generate` to generate schema, can I generate schema for tables under some db schema?"
                            }
                        ]
                    }
                ]
            }
        ],
        "thread_ts": "1591861963.072900",
        "reply_count": 8,
        "reply_users_count": 4,
        "latest_reply": "1592059363.105000",
        "reply_users": [
            "U013J5CRRDW",
            "US1P711C1",
            "UC19HAUAK",
            "UVBF2V337"
        ],
        "replies": [
            {
                "user": "U013J5CRRDW",
                "ts": "1591874924.074400"
            },
            {
                "user": "US1P711C1",
                "ts": "1591959597.084000"
            },
            {
                "user": "US1P711C1",
                "ts": "1591959602.084200"
            },
            {
                "user": "US1P711C1",
                "ts": "1591959604.084400"
            },
            {
                "user": "US1P711C1",
                "ts": "1591960075.084600"
            },
            {
                "user": "US1P711C1",
                "ts": "1591960134.084800"
            },
            {
                "user": "UC19HAUAK",
                "ts": "1591985319.089900"
            },
            {
                "user": "UVBF2V337",
                "ts": "1592059363.105000"
            }
        ],
        "subscribed": false
    },
    {
        "client_msg_id": "74ef661d-2846-402e-a7ba-3b05e83cb66b",
        "type": "message",
        "text": "<@USVCEA96F> can you try to specify `granulariy`? eg: week",
        "user": "U013J5CRRDW",
        "ts": "1591862255.073000",
        "team": "TC0C1HURK",
        "user_team": "TC0C1HURK",
        "source_team": "TC0C1HURK",
        "user_profile": {
            "avatar_hash": "759b4f7ce0bf",
            "image_72": "https:\/\/avatars.slack-edge.com\/2020-06-23\/1224215237280_759b4f7ce0bf4b291721_72.jpg",
            "first_name": "Alex",
            "real_name": "Alex Vasilev",
            "display_name": "Alex Vasilev",
            "team": "TC0C1HURK",
            "name": "vaspiring",
            "is_restricted": false,
            "is_ultra_restricted": false
        },
        "blocks": [
            {
                "type": "rich_text",
                "block_id": "94B4X",
                "elements": [
                    {
                        "type": "rich_text_section",
                        "elements": [
                            {
                                "type": "user",
                                "user_id": "USVCEA96F"
                            },
                            {
                                "type": "text",
                                "text": " can you try to specify "
                            },
                            {
                                "type": "text",
                                "text": "granulariy",
                                "style": {
                                    "code": true
                                }
                            },
                            {
                                "type": "text",
                                "text": "? eg: week"
                            }
                        ]
                    }
                ]
            }
        ],
        "thread_ts": "1591601894.030200",
        "parent_user_id": "USVCEA96F"
    },
    {
        "client_msg_id": "6eedb26b-3186-4b69-a3dc-fb1de730caa4",
        "type": "message",
        "text": "Hmm, if I add  `granularity: 'day'`  and use `resultSet.tablePivot(resultSet.normalizePivotConfig())`  then it returns zero data but only for `xxx.name: \"yyy\"` . So there’s no data for `xxx.name: \"yyy2\"` or `xxx.name: \"yyy3\"`  in that case.",
        "user": "USVCEA96F",
        "ts": "1591862896.073200",
        "team": "TC0C1HURK",
        "user_team": "TC0C1HURK",
        "source_team": "TC0C1HURK",
        "user_profile": {
            "avatar_hash": "4937c714c843",
            "image_72": "https:\/\/avatars.slack-edge.com\/2020-01-29\/926690519808_4937c714c84306ede884_72.jpg",
            "first_name": "Janne",
            "real_name": "Janne Saarela",
            "display_name": "janne",
            "team": "TC0C1HURK",
            "name": "janne",
            "is_restricted": false,
            "is_ultra_restricted": false
        },
        "blocks": [
            {
                "type": "rich_text",
                "block_id": "qYBM",
                "elements": [
                    {
                        "type": "rich_text_section",
                        "elements": [
                            {
                                "type": "text",
                                "text": "Hmm, if I add  "
                            },
                            {
                                "type": "text",
                                "text": "granularity: 'day'",
                                "style": {
                                    "code": true
                                }
                            },
                            {
                                "type": "text",
                                "text": "  and use "
                            },
                            {
                                "type": "text",
                                "text": "resultSet.tablePivot(resultSet.normalizePivotConfig())",
                                "style": {
                                    "code": true
                                }
                            },
                            {
                                "type": "text",
                                "text": "  then it returns zero data but only for "
                            },
                            {
                                "type": "text",
                                "text": "xxx.name: \"yyy\"",
                                "style": {
                                    "code": true
                                }
                            },
                            {
                                "type": "text",
                                "text": " . So there’s no data for "
                            },
                            {
                                "type": "text",
                                "text": "xxx.name: \"yyy2\"",
                                "style": {
                                    "code": true
                                }
                            },
                            {
                                "type": "text",
                                "text": " or "
                            },
                            {
                                "type": "text",
                                "text": "xxx.name: \"yyy3\"",
                                "style": {
                                    "code": true
                                }
                            },
                            {
                                "type": "text",
                                "text": "  in that case."
                            }
                        ]
                    }
                ]
            }
        ],
        "thread_ts": "1591601894.030200",
        "parent_user_id": "USVCEA96F"
    },
    {
        "client_msg_id": "7107a6c2-9b92-4288-8a70-754a652064c1",
        "type": "message",
        "text": "<@USVCEA96F> yeah, looks like a bug. Could you please create an issue on <https:\/\/github.com\/cube-js\/cube.js\/issues> ?",
        "user": "U013J5CRRDW",
        "ts": "1591866181.073400",
        "team": "TC0C1HURK",
        "user_team": "TC0C1HURK",
        "source_team": "TC0C1HURK",
        "user_profile": {
            "avatar_hash": "759b4f7ce0bf",
            "image_72": "https:\/\/avatars.slack-edge.com\/2020-06-23\/1224215237280_759b4f7ce0bf4b291721_72.jpg",
            "first_name": "Alex",
            "real_name": "Alex Vasilev",
            "display_name": "Alex Vasilev",
            "team": "TC0C1HURK",
            "name": "vaspiring",
            "is_restricted": false,
            "is_ultra_restricted": false
        },
        "edited": {
            "user": "U013J5CRRDW",
            "ts": "1591866187.000000"
        },
        "blocks": [
            {
                "type": "rich_text",
                "block_id": "y+Nk",
                "elements": [
                    {
                        "type": "rich_text_section",
                        "elements": [
                            {
                                "type": "user",
                                "user_id": "USVCEA96F"
                            },
                            {
                                "type": "text",
                                "text": " yeah, looks like a bug. Could you please create an issue on "
                            },
                            {
                                "type": "link",
                                "url": "https:\/\/github.com\/cube-js\/cube.js\/issues"
                            },
                            {
                                "type": "text",
                                "text": " ?"
                            }
                        ]
                    }
                ]
            }
        ],
        "thread_ts": "1591601894.030200",
        "parent_user_id": "USVCEA96F"
    },
    {
        "client_msg_id": "1a673005-767f-4916-960e-31571c2a5ae1",
        "type": "message",
        "text": "Yeah, I do that :+1:",
        "user": "USVCEA96F",
        "ts": "1591866513.073800",
        "team": "TC0C1HURK",
        "user_team": "TC0C1HURK",
        "source_team": "TC0C1HURK",
        "user_profile": {
            "avatar_hash": "4937c714c843",
            "image_72": "https:\/\/avatars.slack-edge.com\/2020-01-29\/926690519808_4937c714c84306ede884_72.jpg",
            "first_name": "Janne",
            "real_name": "Janne Saarela",
            "display_name": "janne",
            "team": "TC0C1HURK",
            "name": "janne",
            "is_restricted": false,
            "is_ultra_restricted": false
        },
        "blocks": [
            {
                "type": "rich_text",
                "block_id": "Y51p",
                "elements": [
                    {
                        "type": "rich_text_section",
                        "elements": [
                            {
                                "type": "text",
                                "text": "Yeah, I do that "
                            },
                            {
                                "type": "emoji",
                                "name": "+1"
                            }
                        ]
                    }
                ]
            }
        ],
        "thread_ts": "1591601894.030200",
        "parent_user_id": "USVCEA96F",
        "reactions": [
            {
                "name": "+1",
                "users": [
                    "U013J5CRRDW"
                ],
                "count": 1
            }
        ]
    },
    {
        "client_msg_id": "73d7d8af-a0d6-4787-a3e5-0023d26d0edf",
        "type": "message",
        "text": "Here you go <https:\/\/github.com\/cube-js\/cube.js\/issues\/718>",
        "user": "USVCEA96F",
        "ts": "1591867914.074100",
        "team": "TC0C1HURK",
        "user_team": "TC0C1HURK",
        "source_team": "TC0C1HURK",
        "user_profile": {
            "avatar_hash": "4937c714c843",
            "image_72": "https:\/\/avatars.slack-edge.com\/2020-01-29\/926690519808_4937c714c84306ede884_72.jpg",
            "first_name": "Janne",
            "real_name": "Janne Saarela",
            "display_name": "janne",
            "team": "TC0C1HURK",
            "name": "janne",
            "is_restricted": false,
            "is_ultra_restricted": false
        },
        "attachments": [
            {
                "service_name": "GitHub",
                "title": "ResultSet fillMissingDates not working as expected if dimensions in the query · Issue #718 · cube-js\/cube.js",
                "title_link": "https:\/\/github.com\/cube-js\/cube.js\/issues\/718",
                "text": "Describe the bug According to the documentation (<https:\/\/cube.dev\/docs\/@cubejs-client-core#result-set-pivot>) resultSet.tablePivot() (and other pivot methods) should have pivotConfig.fillMissingDate...",
                "fallback": "GitHub: ResultSet fillMissingDates not working as expected if dimensions in the query · Issue #718 · cube-js\/cube.js",
                "from_url": "https:\/\/github.com\/cube-js\/cube.js\/issues\/718",
                "thumb_url": "https:\/\/repository-images.githubusercontent.com\/149026292\/33deb000-42b4-11ea-8f24-e112f465ddf1",
                "thumb_width": 658,
                "thumb_height": 250,
                "service_icon": "https:\/\/a.slack-edge.com\/80588\/img\/unfurl_icons\/github.png",
                "id": 1,
                "original_url": "https:\/\/github.com\/cube-js\/cube.js\/issues\/718"
            }
        ],
        "blocks": [
            {
                "type": "rich_text",
                "block_id": "BO1a",
                "elements": [
                    {
                        "type": "rich_text_section",
                        "elements": [
                            {
                                "type": "text",
                                "text": "Here you go "
                            },
                            {
                                "type": "link",
                                "url": "https:\/\/github.com\/cube-js\/cube.js\/issues\/718"
                            }
                        ]
                    }
                ]
            }
        ],
        "thread_ts": "1591601894.030200",
        "parent_user_id": "USVCEA96F"
    },
    {
        "client_msg_id": "24f43c26-7718-41a1-a320-26095b8f38e5",
        "type": "message",
        "text": "you can find more info on the command here <https:\/\/cube.dev\/docs\/reference#generate>",
        "user": "U013J5CRRDW",
        "ts": "1591874924.074400",
        "team": "TC0C1HURK",
        "user_team": "TC0C1HURK",
        "source_team": "TC0C1HURK",
        "user_profile": {
            "avatar_hash": "759b4f7ce0bf",
            "image_72": "https:\/\/avatars.slack-edge.com\/2020-06-23\/1224215237280_759b4f7ce0bf4b291721_72.jpg",
            "first_name": "Alex",
            "real_name": "Alex Vasilev",
            "display_name": "Alex Vasilev",
            "team": "TC0C1HURK",
            "name": "vaspiring",
            "is_restricted": false,
            "is_ultra_restricted": false
        },
        "blocks": [
            {
                "type": "rich_text",
                "block_id": "YECeM",
                "elements": [
                    {
                        "type": "rich_text_section",
                        "elements": [
                            {
                                "type": "text",
                                "text": "you can find more info on the command here "
                            },
                            {
                                "type": "link",
                                "url": "https:\/\/cube.dev\/docs\/reference#generate"
                            }
                        ]
                    }
                ]
            }
        ],
        "thread_ts": "1591861963.072900",
        "parent_user_id": "US1P711C1"
    },
    {
        "client_msg_id": "cd8cc4cf-6148-4af0-8e15-21fcbb2707fe",
        "type": "message",
        "text": "<@UC19HAUAK> hm, I see. I checked the docs again and unfortunately these things are still not clear to me:\n5. When preAggregations are refreshed by the refresh scheduler, which of the queues is used?\n6. Is it possible to somehow prioritize user queries in the queue over scheduled refresh queries?",
        "user": "U0133HWAWTG",
        "ts": "1591878810.074600",
        "team": "TC0C1HURK",
        "user_team": "TC0C1HURK",
        "source_team": "TC0C1HURK",
        "user_profile": {
            "avatar_hash": "g367d58a7b7f",
            "image_72": "https:\/\/secure.gravatar.com\/avatar\/367d58a7b7fda66f74eeaa9f651947b2.jpg?s=72&d=https%3A%2F%2Fa.slack-edge.com%2Fdf10d%2Fimg%2Favatars%2Fava_0008-72.png",
            "first_name": "",
            "real_name": "Ulli",
            "display_name": "Ulli",
            "team": "TC0C1HURK",
            "name": "ulrich",
            "is_restricted": false,
            "is_ultra_restricted": false
        },
        "blocks": [
            {
                "type": "rich_text",
                "block_id": "Uv\/mD",
                "elements": [
                    {
                        "type": "rich_text_section",
                        "elements": [
                            {
                                "type": "user",
                                "user_id": "UC19HAUAK"
                            },
                            {
                                "type": "text",
                                "text": " hm, I see. I checked the docs again and unfortunately these things are still not clear to me:\n5. When preAggregations are refreshed by the refresh scheduler, which of the queues is used?\n6. Is it possible to somehow prioritize user queries in the queue over scheduled refresh queries?"
                            }
                        ]
                    }
                ]
            }
        ],
        "thread_ts": "1591744063.056500",
        "parent_user_id": "U0133HWAWTG"
    },
    {
        "client_msg_id": "22182ae5-fd69-4ab4-8c23-e5b111cec6bb",
        "type": "message",
        "text": "This turned out to be an issue with the base context path in express.\n\nThe default passthrough with Lambda was passing \/cube\/cubejs-api\/v1\/etc... to the handler.\n\nI was able to get around this by writing custom templates to pass the proper path and query parameters to the handler function.",
        "user": "UVBF2V337",
        "ts": "1591885047.074800",
        "team": "TC0C1HURK",
        "user_team": "TC0C1HURK",
        "source_team": "TC0C1HURK",
        "user_profile": {
            "avatar_hash": "gea496cd6731",
            "image_72": "https:\/\/secure.gravatar.com\/avatar\/ea496cd67318b2db9b0ad4b458cff2f1.jpg?s=72&d=https%3A%2F%2Fa.slack-edge.com%2Fdf10d%2Fimg%2Favatars%2Fava_0018-72.png",
            "first_name": "",
            "real_name": "Justin Smith",
            "display_name": "Justin Smith",
            "team": "TC0C1HURK",
            "name": "justin.smith",
            "is_restricted": false,
            "is_ultra_restricted": false
        },
        "blocks": [
            {
                "type": "rich_text",
                "block_id": "8Si",
                "elements": [
                    {
                        "type": "rich_text_section",
                        "elements": [
                            {
                                "type": "text",
                                "text": "This turned out to be an issue with the base context path in express.\n\nThe default passthrough with Lambda was passing \/cube\/cubejs-api\/v1\/etc... to the handler.\n\nI was able to get around this by writing custom templates to pass the proper path and query parameters to the handler function."
                            }
                        ]
                    }
                ]
            }
        ],
        "thread_ts": "1591832063.068100",
        "parent_user_id": "UVBF2V337",
        "reactions": [
            {
                "name": "raised_hands",
                "users": [
                    "UC19HAUAK"
                ],
                "count": 1
            }
        ]
    },
    {
        "client_msg_id": "97b64c09-dd75-4f8e-af13-ee1654fe3f77",
        "type": "message",
        "text": "Thank you for the response, sorry to answer so late, I haven't had time to check slack.\n\nDo you think adding the default date range inside the time dimension is possible? to work as an alternative",
        "user": "U014K7L0CRW",
        "ts": "1591894785.075000",
        "team": "TC0C1HURK",
        "user_team": "TC0C1HURK",
        "source_team": "TC0C1HURK",
        "user_profile": {
            "avatar_hash": "gb9ab660ae68",
            "image_72": "https:\/\/secure.gravatar.com\/avatar\/b9ab660ae684819a3ae908ad75e555bc.jpg?s=72&d=https%3A%2F%2Fa.slack-edge.com%2Fdf10d%2Fimg%2Favatars%2Fava_0001-72.png",
            "first_name": "Marco",
            "real_name": "Marco",
            "display_name": "Marco",
            "team": "TC0C1HURK",
            "name": "marco.n",
            "is_restricted": false,
            "is_ultra_restricted": false
        },
        "blocks": [
            {
                "type": "rich_text",
                "block_id": "d1Rz",
                "elements": [
                    {
                        "type": "rich_text_section",
                        "elements": [
                            {
                                "type": "text",
                                "text": "Thank you for the response, sorry to answer so late, I haven't had time to check slack.\n\nDo you think adding the default date range inside the time dimension is possible? to work as an alternative"
                            }
                        ]
                    }
                ]
            }
        ],
        "thread_ts": "1591638854.037000",
        "parent_user_id": "U014K7L0CRW"
    },
    {
        "type": "message",
        "subtype": "channel_join",
        "ts": "1591905526.075600",
        "user": "U015N1XQL8Z",
        "text": "<@U015N1XQL8Z> has joined the channel"
    },
    {
        "client_msg_id": "14a8ed1b-d1fb-4862-b80b-bc691c8b7d15",
        "type": "message",
        "text": "Hi there, I'm using cubejs with redshift, after running the app and navigate to schema. I can't see all the tables we have in redshift, nearly 60 tables from 130 grabbed by cubejs. How to solve this problem?\nThank you in advance!",
        "user": "U015N1XQL8Z",
        "ts": "1591905951.079100",
        "team": "TC0C1HURK",
        "user_team": "TC0C1HURK",
        "source_team": "TC0C1HURK",
        "user_profile": {
            "avatar_hash": "g8cc063d7b95",
            "image_72": "https:\/\/secure.gravatar.com\/avatar\/8cc063d7b95a759b30cc34e407987a64.jpg?s=72&d=https%3A%2F%2Fa.slack-edge.com%2Fdf10d%2Fimg%2Favatars%2Fava_0007-72.png",
            "first_name": "",
            "real_name": "mohammed.alisrawi",
            "display_name": "mohammed.alisrawi",
            "team": "TC0C1HURK",
            "name": "mohammed.alisrawi",
            "is_restricted": false,
            "is_ultra_restricted": false
        },
        "blocks": [
            {
                "type": "rich_text",
                "block_id": "Nb7Dy",
                "elements": [
                    {
                        "type": "rich_text_section",
                        "elements": [
                            {
                                "type": "text",
                                "text": "Hi there, I'm using cubejs with redshift, after running the app and navigate to schema. I can't see all the tables we have in redshift, nearly 60 tables from 130 grabbed by cubejs. How to solve this problem?\nThank you in advance!"
                            }
                        ]
                    }
                ]
            }
        ],
        "thread_ts": "1591905951.079100",
        "reply_count": 1,
        "reply_users_count": 1,
        "latest_reply": "1591985065.089700",
        "reply_users": [
            "UC19HAUAK"
        ],
        "replies": [
            {
                "user": "UC19HAUAK",
                "ts": "1591985065.089700"
            }
        ],
        "subscribed": false
    },
    {
        "type": "message",
        "subtype": "channel_join",
        "ts": "1591930939.079200",
        "user": "U014RT8ED47",
        "text": "<@U014RT8ED47> has joined the channel"
    },
    {
        "client_msg_id": "b536e700-0d31-4950-b2a2-fe0dca015d97",
        "type": "message",
        "text": "Hey everyone - searched the archives and couldn't find an answer to my question. Any way to pass a string to \"extends?\" Trying to construct a dynamic schema reference",
        "user": "U014RT8ED47",
        "ts": "1591940697.081800",
        "team": "TC0C1HURK",
        "user_team": "TC0C1HURK",
        "source_team": "TC0C1HURK",
        "user_profile": {
            "avatar_hash": "g7a3641da296",
            "image_72": "https:\/\/secure.gravatar.com\/avatar\/7a3641da296790dcc0acb2a47044230c.jpg?s=72&d=https%3A%2F%2Fa.slack-edge.com%2Fdf10d%2Fimg%2Favatars%2Fava_0011-72.png",
            "first_name": "",
            "real_name": "Sam Thomas",
            "display_name": "Sam Thomas",
            "team": "TC0C1HURK",
            "name": "sthomas",
            "is_restricted": false,
            "is_ultra_restricted": false
        },
        "blocks": [
            {
                "type": "rich_text",
                "block_id": "HY0N6",
                "elements": [
                    {
                        "type": "rich_text_section",
                        "elements": [
                            {
                                "type": "text",
                                "text": "Hey everyone - searched the archives and couldn't find an answer to my question. Any way to pass a string to \"extends?\" Trying to construct a dynamic schema reference"
                            }
                        ]
                    }
                ]
            }
        ],
        "thread_ts": "1591940697.081800",
        "reply_count": 1,
        "reply_users_count": 1,
        "latest_reply": "1591999646.099600",
        "reply_users": [
            "UC19HAUAK"
        ],
        "replies": [
            {
                "user": "UC19HAUAK",
                "ts": "1591999646.099600"
            }
        ],
        "subscribed": false
    }
]