[
    {
        "type": "message",
        "subtype": "channel_join",
        "ts": "1594379462.416600",
        "user": "U0178KP0L57",
        "text": "<@U0178KP0L57> has joined the channel"
    },
    {
        "type": "message",
        "subtype": "channel_join",
        "ts": "1594382881.416800",
        "user": "U016UN0G70D",
        "text": "<@U016UN0G70D> has joined the channel"
    },
    {
        "client_msg_id": "0a65f3d2-ebff-45ef-b508-d12a867680d4",
        "type": "message",
        "text": "hi <@UTMMURWMT>! you should be able to pass values like ‘1’ or ‘0’\n\n```    filters: [\n      {\n        member: 'Orders.paid',\n        operator: 'equals',\n        values: ['1']\n      }\n    ]```\nBut probably we need to add boolean aliases as well",
        "user": "U013J5CRRDW",
        "ts": "1594387199.416900",
        "team": "TC0C1HURK",
        "user_team": "TC0C1HURK",
        "source_team": "TC0C1HURK",
        "user_profile": {
            "avatar_hash": "759b4f7ce0bf",
            "image_72": "https:\/\/avatars.slack-edge.com\/2020-06-23\/1224215237280_759b4f7ce0bf4b291721_72.jpg",
            "first_name": "Alex",
            "real_name": "Alex Vasilev",
            "display_name": "Alex Vasilev",
            "team": "TC0C1HURK",
            "name": "vaspiring",
            "is_restricted": false,
            "is_ultra_restricted": false
        },
        "blocks": [
            {
                "type": "rich_text",
                "block_id": "Aql",
                "elements": [
                    {
                        "type": "rich_text_section",
                        "elements": [
                            {
                                "type": "text",
                                "text": "hi "
                            },
                            {
                                "type": "user",
                                "user_id": "UTMMURWMT"
                            },
                            {
                                "type": "text",
                                "text": "! you should be able to pass values like ‘1’ or ‘0’\n\n"
                            }
                        ]
                    },
                    {
                        "type": "rich_text_preformatted",
                        "elements": [
                            {
                                "type": "text",
                                "text": "    filters: [\n      {\n        member: 'Orders.paid',\n        operator: 'equals',\n        values: ['1']\n      }\n    ]"
                            }
                        ]
                    },
                    {
                        "type": "rich_text_section",
                        "elements": [
                            {
                                "type": "text",
                                "text": "\nBut probably we need to add boolean aliases as well"
                            }
                        ]
                    }
                ]
            }
        ],
        "thread_ts": "1594318851.402000",
        "parent_user_id": "UTMMURWMT"
    },
    {
        "client_msg_id": "ba6b48d7-f22c-4482-97cc-916000217f8f",
        "type": "message",
        "text": "hi <@U016S854ER1>! Not yet, but you’re welcome to start a feature request <https:\/\/github.com\/cube-js\/cube.js\/issues>",
        "user": "U013J5CRRDW",
        "ts": "1594387858.417100",
        "team": "TC0C1HURK",
        "user_team": "TC0C1HURK",
        "source_team": "TC0C1HURK",
        "user_profile": {
            "avatar_hash": "759b4f7ce0bf",
            "image_72": "https:\/\/avatars.slack-edge.com\/2020-06-23\/1224215237280_759b4f7ce0bf4b291721_72.jpg",
            "first_name": "Alex",
            "real_name": "Alex Vasilev",
            "display_name": "Alex Vasilev",
            "team": "TC0C1HURK",
            "name": "vaspiring",
            "is_restricted": false,
            "is_ultra_restricted": false
        },
        "attachments": [
            {
                "service_name": "GitHub",
                "title": "cube-js\/cube.js",
                "title_link": "https:\/\/github.com\/cube-js\/cube.js\/issues",
                "text": ":bar_chart: Cube.js - Open Source Analytics Framework. Contribute to cube-js\/cube.js development by creating an account on GitHub.",
                "fallback": "GitHub: cube-js\/cube.js",
                "from_url": "https:\/\/github.com\/cube-js\/cube.js\/issues",
                "thumb_url": "https:\/\/repository-images.githubusercontent.com\/149026292\/33deb000-42b4-11ea-8f24-e112f465ddf1",
                "thumb_width": 658,
                "thumb_height": 250,
                "service_icon": "https:\/\/a.slack-edge.com\/80588\/img\/unfurl_icons\/github.png",
                "id": 1,
                "original_url": "https:\/\/github.com\/cube-js\/cube.js\/issues"
            }
        ],
        "blocks": [
            {
                "type": "rich_text",
                "block_id": "q+H",
                "elements": [
                    {
                        "type": "rich_text_section",
                        "elements": [
                            {
                                "type": "text",
                                "text": "hi "
                            },
                            {
                                "type": "user",
                                "user_id": "U016S854ER1"
                            },
                            {
                                "type": "text",
                                "text": "! Not yet, but you’re welcome to start a feature request "
                            },
                            {
                                "type": "link",
                                "url": "https:\/\/github.com\/cube-js\/cube.js\/issues"
                            }
                        ]
                    }
                ]
            }
        ],
        "thread_ts": "1594319072.404000",
        "parent_user_id": "U016S854ER1"
    },
    {
        "client_msg_id": "df595fa3-ef79-4d43-b97e-7094bcc3aa1d",
        "type": "message",
        "text": "oh, that works! im so dumb. Thanks",
        "user": "UTMMURWMT",
        "ts": "1594388349.417400",
        "team": "TC0C1HURK",
        "user_team": "TC0C1HURK",
        "source_team": "TC0C1HURK",
        "user_profile": {
            "avatar_hash": "ga5bc12e22fe",
            "image_72": "https:\/\/secure.gravatar.com\/avatar\/a5bc12e22fe485760a168425e170cdb5.jpg?s=72&d=https%3A%2F%2Fa.slack-edge.com%2Fdf10d%2Fimg%2Favatars%2Fava_0001-72.png",
            "first_name": "",
            "real_name": "Pedro",
            "display_name": "Pedro",
            "team": "TC0C1HURK",
            "name": "pemanuel1590677",
            "is_restricted": false,
            "is_ultra_restricted": false
        },
        "edited": {
            "user": "UTMMURWMT",
            "ts": "1594388367.000000"
        },
        "blocks": [
            {
                "type": "rich_text",
                "block_id": "hZg9",
                "elements": [
                    {
                        "type": "rich_text_section",
                        "elements": [
                            {
                                "type": "text",
                                "text": "oh, that works! im so dumb. Thanks"
                            }
                        ]
                    }
                ]
            }
        ],
        "thread_ts": "1594318851.402000",
        "parent_user_id": "UTMMURWMT"
    },
    {
        "type": "message",
        "subtype": "channel_join",
        "ts": "1594397891.417700",
        "user": "U0176RN83GR",
        "text": "<@U0176RN83GR> has joined the channel"
    },
    {
        "client_msg_id": "415db24f-91ee-4b45-abe0-3b5df5fc7fbb",
        "type": "message",
        "text": "hi <@U017855JX5X>! would you mind creating an issue? <https:\/\/github.com\/cube-js\/cube.js\/issues>",
        "user": "U013J5CRRDW",
        "ts": "1594400724.417800",
        "team": "TC0C1HURK",
        "user_team": "TC0C1HURK",
        "source_team": "TC0C1HURK",
        "user_profile": {
            "avatar_hash": "759b4f7ce0bf",
            "image_72": "https:\/\/avatars.slack-edge.com\/2020-06-23\/1224215237280_759b4f7ce0bf4b291721_72.jpg",
            "first_name": "Alex",
            "real_name": "Alex Vasilev",
            "display_name": "Alex Vasilev",
            "team": "TC0C1HURK",
            "name": "vaspiring",
            "is_restricted": false,
            "is_ultra_restricted": false
        },
        "attachments": [
            {
                "service_name": "GitHub",
                "title": "cube-js\/cube.js",
                "title_link": "https:\/\/github.com\/cube-js\/cube.js\/issues",
                "text": ":bar_chart: Cube.js - Open Source Analytics Framework. Contribute to cube-js\/cube.js development by creating an account on GitHub.",
                "fallback": "GitHub: cube-js\/cube.js",
                "from_url": "https:\/\/github.com\/cube-js\/cube.js\/issues",
                "thumb_url": "https:\/\/repository-images.githubusercontent.com\/149026292\/33deb000-42b4-11ea-8f24-e112f465ddf1",
                "thumb_width": 658,
                "thumb_height": 250,
                "service_icon": "https:\/\/a.slack-edge.com\/80588\/img\/unfurl_icons\/github.png",
                "id": 1,
                "original_url": "https:\/\/github.com\/cube-js\/cube.js\/issues"
            }
        ],
        "blocks": [
            {
                "type": "rich_text",
                "block_id": "mSrNi",
                "elements": [
                    {
                        "type": "rich_text_section",
                        "elements": [
                            {
                                "type": "text",
                                "text": "hi "
                            },
                            {
                                "type": "user",
                                "user_id": "U017855JX5X"
                            },
                            {
                                "type": "text",
                                "text": "! would you mind creating an issue? "
                            },
                            {
                                "type": "link",
                                "url": "https:\/\/github.com\/cube-js\/cube.js\/issues"
                            }
                        ]
                    }
                ]
            }
        ],
        "thread_ts": "1594359082.407700",
        "parent_user_id": "U017855JX5X"
    },
    {
        "client_msg_id": "988b60d5-f57d-4195-9bd5-72d05afc896b",
        "type": "message",
        "text": "thanks, i was poking about a little bit to see where filters were implemented",
        "user": "U016S854ER1",
        "ts": "1594405740.418100",
        "team": "TC0C1HURK",
        "user_team": "TC0C1HURK",
        "source_team": "TC0C1HURK",
        "user_profile": {
            "avatar_hash": "gc7e57d61d3a",
            "image_72": "https:\/\/secure.gravatar.com\/avatar\/c7e57d61d3af14a5c2552df766a8e531.jpg?s=72&d=https%3A%2F%2Fa.slack-edge.com%2Fdf10d%2Fimg%2Favatars%2Fava_0002-72.png",
            "first_name": "",
            "real_name": "Craig Beck",
            "display_name": "Craig Beck",
            "team": "TC0C1HURK",
            "name": "luckybonza",
            "is_restricted": false,
            "is_ultra_restricted": false
        },
        "blocks": [
            {
                "type": "rich_text",
                "block_id": "fNM",
                "elements": [
                    {
                        "type": "rich_text_section",
                        "elements": [
                            {
                                "type": "text",
                                "text": "thanks, i was poking about a little bit to see where filters were implemented"
                            }
                        ]
                    }
                ]
            }
        ],
        "thread_ts": "1594319072.404000",
        "parent_user_id": "U016S854ER1"
    },
    {
        "client_msg_id": "71d65f90-00de-456d-852e-443c12c0f6f7",
        "type": "message",
        "text": "I have a count type measure based on a filter, for each row that fits the filter  i want to also bring another field from that item, how can I do that?tried meta but it only brings a string",
        "user": "U016HHRKWJE",
        "ts": "1594410671.421000",
        "team": "TC0C1HURK",
        "user_team": "TC0C1HURK",
        "source_team": "TC0C1HURK",
        "user_profile": {
            "avatar_hash": "gc2934361232",
            "image_72": "https:\/\/secure.gravatar.com\/avatar\/c29343612320a7aace9213499b1080ac.jpg?s=72&d=https%3A%2F%2Fa.slack-edge.com%2Fdf10d%2Fimg%2Favatars%2Fava_0006-72.png",
            "first_name": "",
            "real_name": "Caique Porfirio",
            "display_name": "Caique Porfirio",
            "team": "TC0C1HURK",
            "name": "caique.porfirio",
            "is_restricted": false,
            "is_ultra_restricted": false
        },
        "blocks": [
            {
                "type": "rich_text",
                "block_id": "wRlsK",
                "elements": [
                    {
                        "type": "rich_text_section",
                        "elements": [
                            {
                                "type": "text",
                                "text": "I have a count type measure based on a filter, for each row that fits the filter  i want to also bring another field from that item, how can I do that?tried meta but it only brings a string"
                            }
                        ]
                    }
                ]
            }
        ],
        "thread_ts": "1594410671.421000",
        "reply_count": 13,
        "reply_users_count": 2,
        "latest_reply": "1594640531.439900",
        "reply_users": [
            "U013J5CRRDW",
            "U016HHRKWJE"
        ],
        "replies": [
            {
                "user": "U013J5CRRDW",
                "ts": "1594627574.434600"
            },
            {
                "user": "U016HHRKWJE",
                "ts": "1594638817.437600"
            },
            {
                "user": "U016HHRKWJE",
                "ts": "1594638851.437800"
            },
            {
                "user": "U016HHRKWJE",
                "ts": "1594638895.438000"
            },
            {
                "user": "U016HHRKWJE",
                "ts": "1594638966.438200"
            },
            {
                "user": "U016HHRKWJE",
                "ts": "1594638975.438400"
            },
            {
                "user": "U013J5CRRDW",
                "ts": "1594639403.438600"
            },
            {
                "user": "U016HHRKWJE",
                "ts": "1594639452.438800"
            },
            {
                "user": "U013J5CRRDW",
                "ts": "1594640163.439000"
            },
            {
                "user": "U016HHRKWJE",
                "ts": "1594640302.439300"
            },
            {
                "user": "U013J5CRRDW",
                "ts": "1594640383.439500"
            },
            {
                "user": "U016HHRKWJE",
                "ts": "1594640523.439700"
            },
            {
                "user": "U016HHRKWJE",
                "ts": "1594640531.439900"
            }
        ],
        "subscribed": false
    },
    {
        "client_msg_id": "64ce0be7-c01b-40a6-a081-65e6f9a201f0",
        "type": "message",
        "text": "Hi created, can you pls check with that",
        "user": "U017855JX5X",
        "ts": "1594445338.421100",
        "team": "TC0C1HURK",
        "user_team": "TC0C1HURK",
        "source_team": "TC0C1HURK",
        "user_profile": {
            "avatar_hash": "g46f3b87c120",
            "image_72": "https:\/\/secure.gravatar.com\/avatar\/46f3b87c1206ffeaafcbd4188c3cde72.jpg?s=72&d=https%3A%2F%2Fa.slack-edge.com%2Fdf10d%2Fimg%2Favatars%2Fava_0007-72.png",
            "first_name": "",
            "real_name": "Sathya",
            "display_name": "Sathya",
            "team": "TC0C1HURK",
            "name": "karurbalamathi",
            "is_restricted": false,
            "is_ultra_restricted": false
        },
        "blocks": [
            {
                "type": "rich_text",
                "block_id": "imdSo",
                "elements": [
                    {
                        "type": "rich_text_section",
                        "elements": [
                            {
                                "type": "text",
                                "text": "Hi created, can you pls check with that"
                            }
                        ]
                    }
                ]
            }
        ],
        "thread_ts": "1594359082.407700",
        "parent_user_id": "U017855JX5X"
    }
]