[
    {
        "type": "message",
        "subtype": "channel_join",
        "ts": "1583309299.137100",
        "user": "UUV0TK6SU",
        "text": "<@UUV0TK6SU> has joined the channel"
    },
    {
        "type": "message",
        "subtype": "thread_broadcast",
        "text": "Hello Everyone, <@UC19HAUAK>\n\nDoes anybody have any experience cubejs + Apexcharts.? We having issues with Apexchart. Please help us in this.",
        "user": "UNS4PKYAK",
        "ts": "1583311115.137400",
        "thread_ts": "1578308051.113800",
        "root": {
            "type": "message",
            "text": "Can we do this with CubeJs",
            "files": [
                {
                    "id": "FRXLE95EE",
                    "created": 1578308048,
                    "timestamp": 1578308048,
                    "name": "Screenshot from 2020-01-06 16-23-25.png",
                    "title": "Screenshot from 2020-01-06 16-23-25.png",
                    "mimetype": "image\/png",
                    "filetype": "png",
                    "pretty_type": "PNG",
                    "user": "UNS4PKYAK",
                    "editable": false,
                    "size": 8949,
                    "mode": "hosted",
                    "is_external": false,
                    "external_type": "",
                    "is_public": true,
                    "public_url_shared": false,
                    "display_as_bot": false,
                    "username": "",
                    "url_private": "https:\/\/files.slack.com\/files-pri\/TC0C1HURK-FRXLE95EE\/screenshot_from_2020-01-06_16-23-25.png?t=xoxe-408409606869-1267807410853-1293019902560-8c9dc5fc58d3a65e0fe0837e69de048d",
                    "url_private_download": "https:\/\/files.slack.com\/files-pri\/TC0C1HURK-FRXLE95EE\/download\/screenshot_from_2020-01-06_16-23-25.png?t=xoxe-408409606869-1267807410853-1293019902560-8c9dc5fc58d3a65e0fe0837e69de048d",
                    "thumb_64": "https:\/\/files.slack.com\/files-tmb\/TC0C1HURK-FRXLE95EE-df170c78ad\/screenshot_from_2020-01-06_16-23-25_64.png?t=xoxe-408409606869-1267807410853-1293019902560-8c9dc5fc58d3a65e0fe0837e69de048d",
                    "thumb_80": "https:\/\/files.slack.com\/files-tmb\/TC0C1HURK-FRXLE95EE-df170c78ad\/screenshot_from_2020-01-06_16-23-25_80.png?t=xoxe-408409606869-1267807410853-1293019902560-8c9dc5fc58d3a65e0fe0837e69de048d",
                    "thumb_360": "https:\/\/files.slack.com\/files-tmb\/TC0C1HURK-FRXLE95EE-df170c78ad\/screenshot_from_2020-01-06_16-23-25_360.png?t=xoxe-408409606869-1267807410853-1293019902560-8c9dc5fc58d3a65e0fe0837e69de048d",
                    "thumb_360_w": 360,
                    "thumb_360_h": 113,
                    "thumb_480": "https:\/\/files.slack.com\/files-tmb\/TC0C1HURK-FRXLE95EE-df170c78ad\/screenshot_from_2020-01-06_16-23-25_480.png?t=xoxe-408409606869-1267807410853-1293019902560-8c9dc5fc58d3a65e0fe0837e69de048d",
                    "thumb_480_w": 480,
                    "thumb_480_h": 151,
                    "thumb_160": "https:\/\/files.slack.com\/files-tmb\/TC0C1HURK-FRXLE95EE-df170c78ad\/screenshot_from_2020-01-06_16-23-25_160.png?t=xoxe-408409606869-1267807410853-1293019902560-8c9dc5fc58d3a65e0fe0837e69de048d",
                    "thumb_720": "https:\/\/files.slack.com\/files-tmb\/TC0C1HURK-FRXLE95EE-df170c78ad\/screenshot_from_2020-01-06_16-23-25_720.png?t=xoxe-408409606869-1267807410853-1293019902560-8c9dc5fc58d3a65e0fe0837e69de048d",
                    "thumb_720_w": 720,
                    "thumb_720_h": 227,
                    "thumb_800": "https:\/\/files.slack.com\/files-tmb\/TC0C1HURK-FRXLE95EE-df170c78ad\/screenshot_from_2020-01-06_16-23-25_800.png?t=xoxe-408409606869-1267807410853-1293019902560-8c9dc5fc58d3a65e0fe0837e69de048d",
                    "thumb_800_w": 800,
                    "thumb_800_h": 252,
                    "thumb_960": "https:\/\/files.slack.com\/files-tmb\/TC0C1HURK-FRXLE95EE-df170c78ad\/screenshot_from_2020-01-06_16-23-25_960.png?t=xoxe-408409606869-1267807410853-1293019902560-8c9dc5fc58d3a65e0fe0837e69de048d",
                    "thumb_960_w": 960,
                    "thumb_960_h": 302,
                    "thumb_1024": "https:\/\/files.slack.com\/files-tmb\/TC0C1HURK-FRXLE95EE-df170c78ad\/screenshot_from_2020-01-06_16-23-25_1024.png?t=xoxe-408409606869-1267807410853-1293019902560-8c9dc5fc58d3a65e0fe0837e69de048d",
                    "thumb_1024_w": 1024,
                    "thumb_1024_h": 322,
                    "image_exif_rotation": 1,
                    "original_w": 1103,
                    "original_h": 347,
                    "thumb_tiny": "AwAPADDTpKWmNv3DbjHfNADqKYRJvyCu3HSm+XJ5u4v8uTxTAFJ+1MM8bRxU1QQxOjlnYMSMVPQxI\/\/Z",
                    "permalink": "https:\/\/cube-js.slack.com\/files\/UNS4PKYAK\/FRXLE95EE\/screenshot_from_2020-01-06_16-23-25.png",
                    "permalink_public": "https:\/\/slack-files.com\/TC0C1HURK-FRXLE95EE-3063a27df2",
                    "is_starred": false,
                    "has_rich_preview": false
                }
            ],
            "upload": true,
            "blocks": [
                {
                    "type": "rich_text",
                    "block_id": "R+nMm",
                    "elements": [
                        {
                            "type": "rich_text_section",
                            "elements": [
                                {
                                    "type": "text",
                                    "text": "Can we do this with CubeJs"
                                }
                            ]
                        }
                    ]
                }
            ],
            "user": "UNS4PKYAK",
            "display_as_bot": false,
            "ts": "1578308051.113800",
            "client_msg_id": "5d51142d-5b72-40be-8455-20a618930320",
            "thread_ts": "1578308051.113800",
            "reply_count": 16,
            "reply_users_count": 3,
            "latest_reply": "1592210717.118900",
            "reply_users": [
                "UQK8YMABU",
                "UNS4PKYAK",
                "UC19HAUAK"
            ],
            "subscribed": false
        },
        "blocks": [
            {
                "type": "rich_text",
                "block_id": "yNWf",
                "elements": [
                    {
                        "type": "rich_text_section",
                        "elements": [
                            {
                                "type": "text",
                                "text": "Hello Everyone, "
                            },
                            {
                                "type": "user",
                                "user_id": "UC19HAUAK"
                            },
                            {
                                "type": "text",
                                "text": "\n\nDoes anybody have any experience cubejs + Apexcharts.? We having issues with Apexchart. Please help us in this."
                            }
                        ]
                    }
                ]
            }
        ],
        "client_msg_id": "623f9ef7-eafe-4229-b4e0-3fb02360a8dd",
        "edited": {
            "user": "UNS4PKYAK",
            "ts": "1583311239.000000"
        }
    },
    {
        "client_msg_id": "23e6f7a1-91e3-4ec1-8a14-bc271ae064f6",
        "type": "message",
        "text": "We already solved this problem by generating \"virtual\" cubes from original \"domain\" cubes in order to transform the original graph which contained cycles to a cycle-free graph. By making this, the number of virtual cubes increases a lot (100s). The UI is not a problem because the user chooses the actual cube from a recursive navigation UI that shows the \"domain\" graph (joins appear as properties with sub-properties), and then it get translated to the correct virtual cube. We cannot use the simplified cube.js model in which the user chooses all dimension and measures from cubes and the engine decides the join path, it is too simple for our use case (analytics on a complex CRM\/ERP with many tables and joins).",
        "user": "UT39YTADU",
        "ts": "1583316941.137800",
        "team": "TC0C1HURK",
        "user_team": "TC0C1HURK",
        "source_team": "TC0C1HURK",
        "user_profile": {
            "avatar_hash": "g39f43ace063",
            "image_72": "https:\/\/secure.gravatar.com\/avatar\/39f43ace0632021183f0a853bfa47e39.jpg?s=72&d=https%3A%2F%2Fa.slack-edge.com%2Fdf10d%2Fimg%2Favatars%2Fava_0021-72.png",
            "first_name": "",
            "real_name": "Massimo G",
            "display_name": "Massimo G",
            "team": "TC0C1HURK",
            "name": "gravam",
            "is_restricted": false,
            "is_ultra_restricted": false
        },
        "blocks": [
            {
                "type": "rich_text",
                "block_id": "z=L",
                "elements": [
                    {
                        "type": "rich_text_section",
                        "elements": [
                            {
                                "type": "text",
                                "text": "We already solved this problem by generating \"virtual\" cubes from original \"domain\" cubes in order to transform the original graph which contained cycles to a cycle-free graph. By making this, the number of virtual cubes increases a lot (100s). The UI is not a problem because the user chooses the actual cube from a recursive navigation UI that shows the \"domain\" graph (joins appear as properties with sub-properties), and then it get translated to the correct virtual cube. We cannot use the simplified cube.js model in which the user chooses all dimension and measures from cubes and the engine decides the join path, it is too simple for our use case (analytics on a complex CRM\/ERP with many tables and joins)."
                            }
                        ]
                    }
                ]
            }
        ],
        "thread_ts": "1582886950.064100",
        "parent_user_id": "UT39YTADU"
    },
    {
        "client_msg_id": "2d873dd1-87d1-4fb4-9d36-21c6f155bbb2",
        "type": "message",
        "text": "Having first-class support for this scenario would be awesome!",
        "user": "UT39YTADU",
        "ts": "1583316977.138000",
        "team": "TC0C1HURK",
        "user_team": "TC0C1HURK",
        "source_team": "TC0C1HURK",
        "user_profile": {
            "avatar_hash": "g39f43ace063",
            "image_72": "https:\/\/secure.gravatar.com\/avatar\/39f43ace0632021183f0a853bfa47e39.jpg?s=72&d=https%3A%2F%2Fa.slack-edge.com%2Fdf10d%2Fimg%2Favatars%2Fava_0021-72.png",
            "first_name": "",
            "real_name": "Massimo G",
            "display_name": "Massimo G",
            "team": "TC0C1HURK",
            "name": "gravam",
            "is_restricted": false,
            "is_ultra_restricted": false
        },
        "blocks": [
            {
                "type": "rich_text",
                "block_id": "USVqu",
                "elements": [
                    {
                        "type": "rich_text_section",
                        "elements": [
                            {
                                "type": "text",
                                "text": "Having first-class support for this scenario would be awesome!"
                            }
                        ]
                    }
                ]
            }
        ],
        "thread_ts": "1582886950.064100",
        "parent_user_id": "UT39YTADU"
    },
    {
        "type": "message",
        "subtype": "channel_join",
        "ts": "1583321942.138900",
        "user": "UUUR8TT36",
        "text": "<@UUUR8TT36> has joined the channel"
    },
    {
        "client_msg_id": "7e22a104-8df7-4630-9fb9-c0432539905b",
        "type": "message",
        "text": "Hello everyone! Is there a way to pass a query string parameter using QueryRenderer with React? We use it in the backend to select an entity",
        "user": "UTPH2BVHN",
        "ts": "1583325122.142100",
        "team": "TC0C1HURK",
        "user_team": "TC0C1HURK",
        "source_team": "TC0C1HURK",
        "user_profile": {
            "avatar_hash": "g6d177bb7da6",
            "image_72": "https:\/\/secure.gravatar.com\/avatar\/6d177bb7da6c76d7315daac030a00d6a.jpg?s=72&d=https%3A%2F%2Fa.slack-edge.com%2Fdf10d%2Fimg%2Favatars%2Fava_0004-72.png",
            "first_name": "",
            "real_name": "Loic Winkopp",
            "display_name": "Loic Winkopp",
            "team": "TC0C1HURK",
            "name": "lwinkopp",
            "is_restricted": false,
            "is_ultra_restricted": false
        },
        "blocks": [
            {
                "type": "rich_text",
                "block_id": "UBAv",
                "elements": [
                    {
                        "type": "rich_text_section",
                        "elements": [
                            {
                                "type": "text",
                                "text": "Hello everyone! Is there a way to pass a query string parameter using QueryRenderer with React? We use it in the backend to select an entity"
                            }
                        ]
                    }
                ]
            }
        ],
        "thread_ts": "1583325122.142100",
        "reply_count": 7,
        "reply_users_count": 2,
        "latest_reply": "1583430687.164100",
        "reply_users": [
            "UC19HAUAK",
            "UTPH2BVHN"
        ],
        "replies": [
            {
                "user": "UC19HAUAK",
                "ts": "1583355324.145500"
            },
            {
                "user": "UTPH2BVHN",
                "ts": "1583406815.154500"
            },
            {
                "user": "UC19HAUAK",
                "ts": "1583429836.162000"
            },
            {
                "user": "UTPH2BVHN",
                "ts": "1583430416.163300"
            },
            {
                "user": "UC19HAUAK",
                "ts": "1583430486.163500"
            },
            {
                "user": "UC19HAUAK",
                "ts": "1583430584.163900"
            },
            {
                "user": "UTPH2BVHN",
                "ts": "1583430687.164100"
            }
        ],
        "subscribed": false
    },
    {
        "type": "message",
        "subtype": "channel_join",
        "ts": "1583325243.142300",
        "user": "UUXHFJZ70",
        "text": "<@UUXHFJZ70> has joined the channel"
    },
    {
        "client_msg_id": "b504c660-c6a5-4a67-a387-d7d3cd46a187",
        "type": "message",
        "text": "`checkAuthMiddleware` will change the server so that it works without checking the auth header. You would need that, but I'm guessing you're also using `@cubejs-client\/core` in some capacity on your front-end to call the api. That is what's sending the auth token.  It's ultimately just sending a http request to your server on the \/load endpoint, though. You could write whatever fetch() api you want to \/load with your parameters and no auth headers.",
        "user": "UQV98J5M1",
        "ts": "1583329064.142400",
        "team": "TC0C1HURK",
        "user_team": "TC0C1HURK",
        "source_team": "TC0C1HURK",
        "user_profile": {
            "avatar_hash": "117613ce265a",
            "image_72": "https:\/\/avatars.slack-edge.com\/2019-12-05\/862064587488_117613ce265a35836f93_72.jpg",
            "first_name": "",
            "real_name": "Will Hausman",
            "display_name": "Will Hausman",
            "team": "TC0C1HURK",
            "name": "will.hausman",
            "is_restricted": false,
            "is_ultra_restricted": false
        },
        "blocks": [
            {
                "type": "rich_text",
                "block_id": "N4\/N",
                "elements": [
                    {
                        "type": "rich_text_section",
                        "elements": [
                            {
                                "type": "text",
                                "text": "checkAuthMiddleware",
                                "style": {
                                    "code": true
                                }
                            },
                            {
                                "type": "text",
                                "text": " will change the server so that it works without checking the auth header. You would need that, but I'm guessing you're also using "
                            },
                            {
                                "type": "text",
                                "text": "@cubejs-client\/core",
                                "style": {
                                    "code": true
                                }
                            },
                            {
                                "type": "text",
                                "text": " in some capacity on your front-end to call the api. That is what's sending the auth token.  It's ultimately just sending a http request to your server on the \/load endpoint, though. You could write whatever fetch() api you want to \/load with your parameters and no auth headers."
                            }
                        ]
                    }
                ]
            }
        ],
        "thread_ts": "1583300214.136400",
        "parent_user_id": "UM3QHLT71",
        "reactions": [
            {
                "name": "+1",
                "users": [
                    "UC19HAUAK"
                ],
                "count": 1
            }
        ]
    },
    {
        "type": "message",
        "subtype": "channel_join",
        "ts": "1583332451.142800",
        "user": "UUVH1SFU0",
        "text": "<@UUVH1SFU0> has joined the channel"
    },
    {
        "client_msg_id": "0f02f72e-4edf-454c-8d5e-a6208a0a8209",
        "type": "message",
        "text": "<@UT39YTADU> Would love if you can post your case in detail with examples to this issue so we can try to find best possible solution here.",
        "user": "UC19HAUAK",
        "ts": "1583342161.143100",
        "team": "TC0C1HURK",
        "user_team": "TC0C1HURK",
        "source_team": "TC0C1HURK",
        "user_profile": {
            "avatar_hash": "066a042e018c",
            "image_72": "https:\/\/avatars.slack-edge.com\/2019-12-07\/866588520998_066a042e018ca831a195_72.png",
            "first_name": "Pavel",
            "real_name": "Pavel Tiunov",
            "display_name": "pavel",
            "team": "TC0C1HURK",
            "name": "pavel",
            "is_restricted": false,
            "is_ultra_restricted": false
        },
        "blocks": [
            {
                "type": "rich_text",
                "block_id": "9gNk",
                "elements": [
                    {
                        "type": "rich_text_section",
                        "elements": [
                            {
                                "type": "user",
                                "user_id": "UT39YTADU"
                            },
                            {
                                "type": "text",
                                "text": " Would love if you can post your case in detail with examples to this issue so we can try to find best possible solution here."
                            }
                        ]
                    }
                ]
            }
        ],
        "thread_ts": "1582886950.064100",
        "parent_user_id": "UT39YTADU"
    },
    {
        "type": "message",
        "subtype": "channel_join",
        "ts": "1583349362.143500",
        "user": "UUW6M8G5B",
        "text": "<@UUW6M8G5B> has joined the channel"
    },
    {
        "type": "message",
        "subtype": "channel_join",
        "ts": "1583349387.143600",
        "user": "UUW640AN4",
        "text": "<@UUW640AN4> has joined the channel"
    },
    {
        "client_msg_id": "0d7a7704-3660-4d6a-b942-b71f3268b7f5",
        "type": "message",
        "text": "<@UNS4PKYAK> what issue do you have?",
        "user": "UC19HAUAK",
        "ts": "1583355199.145300",
        "team": "TC0C1HURK",
        "user_team": "TC0C1HURK",
        "source_team": "TC0C1HURK",
        "user_profile": {
            "avatar_hash": "066a042e018c",
            "image_72": "https:\/\/avatars.slack-edge.com\/2019-12-07\/866588520998_066a042e018ca831a195_72.png",
            "first_name": "Pavel",
            "real_name": "Pavel Tiunov",
            "display_name": "pavel",
            "team": "TC0C1HURK",
            "name": "pavel",
            "is_restricted": false,
            "is_ultra_restricted": false
        },
        "edited": {
            "user": "UC19HAUAK",
            "ts": "1583355384.000000"
        },
        "blocks": [
            {
                "type": "rich_text",
                "block_id": "+Sj2",
                "elements": [
                    {
                        "type": "rich_text_section",
                        "elements": [
                            {
                                "type": "user",
                                "user_id": "UNS4PKYAK"
                            },
                            {
                                "type": "text",
                                "text": " what issue do you have?"
                            }
                        ]
                    }
                ]
            }
        ],
        "thread_ts": "1578308051.113800",
        "parent_user_id": "UNS4PKYAK"
    },
    {
        "client_msg_id": "dcff4eb2-8905-4271-8090-48d23b9e20e8",
        "type": "message",
        "text": "Hey <@UTPH2BVHN>! Do you mean to switch between tenants?",
        "user": "UC19HAUAK",
        "ts": "1583355324.145500",
        "team": "TC0C1HURK",
        "user_team": "TC0C1HURK",
        "source_team": "TC0C1HURK",
        "user_profile": {
            "avatar_hash": "066a042e018c",
            "image_72": "https:\/\/avatars.slack-edge.com\/2019-12-07\/866588520998_066a042e018ca831a195_72.png",
            "first_name": "Pavel",
            "real_name": "Pavel Tiunov",
            "display_name": "pavel",
            "team": "TC0C1HURK",
            "name": "pavel",
            "is_restricted": false,
            "is_ultra_restricted": false
        },
        "blocks": [
            {
                "type": "rich_text",
                "block_id": "KIZ",
                "elements": [
                    {
                        "type": "rich_text_section",
                        "elements": [
                            {
                                "type": "text",
                                "text": "Hey "
                            },
                            {
                                "type": "user",
                                "user_id": "UTPH2BVHN"
                            },
                            {
                                "type": "text",
                                "text": "! Do you mean to switch between tenants?"
                            }
                        ]
                    }
                ]
            }
        ],
        "thread_ts": "1583325122.142100",
        "parent_user_id": "UTPH2BVHN"
    },
    {
        "client_msg_id": "054a454c-54dc-422a-a85e-411c46f56612",
        "type": "message",
        "text": "<@UC19HAUAK> thank you, I finally got it.",
        "user": "UUSQW69RA",
        "ts": "1583356537.145800",
        "team": "TC0C1HURK",
        "user_team": "TC0C1HURK",
        "source_team": "TC0C1HURK",
        "user_profile": {
            "avatar_hash": "ge461268eb3d",
            "image_72": "https:\/\/secure.gravatar.com\/avatar\/e461268eb3d56899170438adb9e53712.jpg?s=72&d=https%3A%2F%2Fa.slack-edge.com%2Fdf10d%2Fimg%2Favatars%2Fava_0020-72.png",
            "first_name": "",
            "real_name": "Daniel Chiriches",
            "display_name": "Daniel Chiriches",
            "team": "TC0C1HURK",
            "name": "daniel_chiriches",
            "is_restricted": false,
            "is_ultra_restricted": false
        },
        "blocks": [
            {
                "type": "rich_text",
                "block_id": "mdX",
                "elements": [
                    {
                        "type": "rich_text_section",
                        "elements": [
                            {
                                "type": "user",
                                "user_id": "UC19HAUAK"
                            },
                            {
                                "type": "text",
                                "text": " thank you, I finally got it."
                            }
                        ]
                    }
                ]
            }
        ],
        "thread_ts": "1583241869.115900",
        "parent_user_id": "UUSQW69RA"
    },
    {
        "type": "message",
        "text": "",
        "files": [
            {
                "id": "FUY8ULZGX",
                "created": 1583356552,
                "timestamp": 1583356552,
                "name": "Untitled",
                "title": "Untitled",
                "mimetype": "text\/plain",
                "filetype": "text",
                "pretty_type": "Plain Text",
                "user": "UUSQW69RA",
                "editable": true,
                "size": 322,
                "mode": "snippet",
                "is_external": false,
                "external_type": "",
                "is_public": true,
                "public_url_shared": false,
                "display_as_bot": false,
                "username": "",
                "url_private": "https:\/\/files.slack.com\/files-pri\/TC0C1HURK-FUY8ULZGX\/untitled?t=xoxe-408409606869-1267807410853-1293019902560-8c9dc5fc58d3a65e0fe0837e69de048d",
                "url_private_download": "https:\/\/files.slack.com\/files-pri\/TC0C1HURK-FUY8ULZGX\/download\/untitled?t=xoxe-408409606869-1267807410853-1293019902560-8c9dc5fc58d3a65e0fe0837e69de048d",
                "permalink": "https:\/\/cube-js.slack.com\/files\/UUSQW69RA\/FUY8ULZGX\/untitled",
                "permalink_public": "https:\/\/slack-files.com\/TC0C1HURK-FUY8ULZGX-6cb39ba45b",
                "edit_link": "https:\/\/cube-js.slack.com\/files\/UUSQW69RA\/FUY8ULZGX\/untitled\/edit",
                "is_starred": false,
                "has_rich_preview": false
            }
        ],
        "upload": true,
        "user": "UUSQW69RA",
        "display_as_bot": false,
        "ts": "1583356553.146000",
        "client_msg_id": "e9e1ef83-4323-4b9b-a3c8-3ede06b0f96f",
        "thread_ts": "1583241869.115900",
        "parent_user_id": "UUSQW69RA"
    },
    {
        "client_msg_id": "8d21fe99-4720-441e-b73d-fb439d6688be",
        "type": "message",
        "text": "but that puts the URL in the table as well. Is there any way to reference the label instead in the renderer?",
        "user": "UUSQW69RA",
        "ts": "1583356651.146400",
        "team": "TC0C1HURK",
        "user_team": "TC0C1HURK",
        "source_team": "TC0C1HURK",
        "user_profile": {
            "avatar_hash": "ge461268eb3d",
            "image_72": "https:\/\/secure.gravatar.com\/avatar\/e461268eb3d56899170438adb9e53712.jpg?s=72&d=https%3A%2F%2Fa.slack-edge.com%2Fdf10d%2Fimg%2Favatars%2Fava_0020-72.png",
            "first_name": "",
            "real_name": "Daniel Chiriches",
            "display_name": "Daniel Chiriches",
            "team": "TC0C1HURK",
            "name": "daniel_chiriches",
            "is_restricted": false,
            "is_ultra_restricted": false
        },
        "blocks": [
            {
                "type": "rich_text",
                "block_id": "bGYg",
                "elements": [
                    {
                        "type": "rich_text_section",
                        "elements": [
                            {
                                "type": "text",
                                "text": "but that puts the URL in the table as well. Is there any way to reference the label instead in the renderer?"
                            }
                        ]
                    }
                ]
            }
        ],
        "thread_ts": "1583241869.115900",
        "parent_user_id": "UUSQW69RA"
    },
    {
        "type": "message",
        "text": "",
        "files": [
            {
                "id": "FUWDHAD5K",
                "created": 1583356653,
                "timestamp": 1583356653,
                "name": "image.png",
                "title": "image.png",
                "mimetype": "image\/png",
                "filetype": "png",
                "pretty_type": "PNG",
                "user": "UUSQW69RA",
                "editable": false,
                "size": 13016,
                "mode": "hosted",
                "is_external": false,
                "external_type": "",
                "is_public": true,
                "public_url_shared": false,
                "display_as_bot": false,
                "username": "",
                "url_private": "https:\/\/files.slack.com\/files-pri\/TC0C1HURK-FUWDHAD5K\/image.png?t=xoxe-408409606869-1267807410853-1293019902560-8c9dc5fc58d3a65e0fe0837e69de048d",
                "url_private_download": "https:\/\/files.slack.com\/files-pri\/TC0C1HURK-FUWDHAD5K\/download\/image.png?t=xoxe-408409606869-1267807410853-1293019902560-8c9dc5fc58d3a65e0fe0837e69de048d",
                "thumb_64": "https:\/\/files.slack.com\/files-tmb\/TC0C1HURK-FUWDHAD5K-0e9622e1a2\/image_64.png?t=xoxe-408409606869-1267807410853-1293019902560-8c9dc5fc58d3a65e0fe0837e69de048d",
                "thumb_80": "https:\/\/files.slack.com\/files-tmb\/TC0C1HURK-FUWDHAD5K-0e9622e1a2\/image_80.png?t=xoxe-408409606869-1267807410853-1293019902560-8c9dc5fc58d3a65e0fe0837e69de048d",
                "thumb_360": "https:\/\/files.slack.com\/files-tmb\/TC0C1HURK-FUWDHAD5K-0e9622e1a2\/image_360.png?t=xoxe-408409606869-1267807410853-1293019902560-8c9dc5fc58d3a65e0fe0837e69de048d",
                "thumb_360_w": 360,
                "thumb_360_h": 153,
                "thumb_480": "https:\/\/files.slack.com\/files-tmb\/TC0C1HURK-FUWDHAD5K-0e9622e1a2\/image_480.png?t=xoxe-408409606869-1267807410853-1293019902560-8c9dc5fc58d3a65e0fe0837e69de048d",
                "thumb_480_w": 480,
                "thumb_480_h": 204,
                "thumb_160": "https:\/\/files.slack.com\/files-tmb\/TC0C1HURK-FUWDHAD5K-0e9622e1a2\/image_160.png?t=xoxe-408409606869-1267807410853-1293019902560-8c9dc5fc58d3a65e0fe0837e69de048d",
                "image_exif_rotation": 1,
                "original_w": 556,
                "original_h": 236,
                "thumb_tiny": "AwAUADDQPXrS80EZoxQAc0c0YooAKKKKAHYoxRRQAYoxRRQAYoxRRQB\/\/9k=",
                "permalink": "https:\/\/cube-js.slack.com\/files\/UUSQW69RA\/FUWDHAD5K\/image.png",
                "permalink_public": "https:\/\/slack-files.com\/TC0C1HURK-FUWDHAD5K-869ba37e36",
                "is_starred": false,
                "has_rich_preview": false
            }
        ],
        "upload": true,
        "user": "UUSQW69RA",
        "display_as_bot": false,
        "ts": "1583356656.146600",
        "client_msg_id": "b1436b6b-615d-49ce-9e3a-6eedb0cbb0d7",
        "thread_ts": "1583241869.115900",
        "parent_user_id": "UUSQW69RA"
    },
    {
        "client_msg_id": "c2d5eb12-e228-4a76-aa70-8a5acdd5dac4",
        "type": "message",
        "text": "I thought of using &lt;a href={link}&gt;{label}&lt;\/a&gt; but this doesn't work",
        "user": "UUSQW69RA",
        "ts": "1583356682.147000",
        "team": "TC0C1HURK",
        "user_team": "TC0C1HURK",
        "source_team": "TC0C1HURK",
        "user_profile": {
            "avatar_hash": "ge461268eb3d",
            "image_72": "https:\/\/secure.gravatar.com\/avatar\/e461268eb3d56899170438adb9e53712.jpg?s=72&d=https%3A%2F%2Fa.slack-edge.com%2Fdf10d%2Fimg%2Favatars%2Fava_0020-72.png",
            "first_name": "",
            "real_name": "Daniel Chiriches",
            "display_name": "Daniel Chiriches",
            "team": "TC0C1HURK",
            "name": "daniel_chiriches",
            "is_restricted": false,
            "is_ultra_restricted": false
        },
        "blocks": [
            {
                "type": "rich_text",
                "block_id": "HQ9o",
                "elements": [
                    {
                        "type": "rich_text_section",
                        "elements": [
                            {
                                "type": "text",
                                "text": "I thought of using <a href={link}>{label}<\/a> but this doesn't work"
                            }
                        ]
                    }
                ]
            }
        ],
        "thread_ts": "1583241869.115900",
        "parent_user_id": "UUSQW69RA"
    },
    {
        "client_msg_id": "e11b9db0-ba8f-4e50-a6be-e2ff35b420b2",
        "type": "message",
        "text": "<@UUSQW69RA> There's currently no way to get it from `tableColumns` method. Only from meta. It makes sense to create an issue for that.",
        "user": "UC19HAUAK",
        "ts": "1583357139.147200",
        "team": "TC0C1HURK",
        "user_team": "TC0C1HURK",
        "source_team": "TC0C1HURK",
        "user_profile": {
            "avatar_hash": "066a042e018c",
            "image_72": "https:\/\/avatars.slack-edge.com\/2019-12-07\/866588520998_066a042e018ca831a195_72.png",
            "first_name": "Pavel",
            "real_name": "Pavel Tiunov",
            "display_name": "pavel",
            "team": "TC0C1HURK",
            "name": "pavel",
            "is_restricted": false,
            "is_ultra_restricted": false
        },
        "blocks": [
            {
                "type": "rich_text",
                "block_id": "uEoZ",
                "elements": [
                    {
                        "type": "rich_text_section",
                        "elements": [
                            {
                                "type": "user",
                                "user_id": "UUSQW69RA"
                            },
                            {
                                "type": "text",
                                "text": " There's currently no way to get it from "
                            },
                            {
                                "type": "text",
                                "text": "tableColumns",
                                "style": {
                                    "code": true
                                }
                            },
                            {
                                "type": "text",
                                "text": " method. Only from meta. It makes sense to create an issue for that."
                            }
                        ]
                    }
                ]
            }
        ],
        "thread_ts": "1583241869.115900",
        "parent_user_id": "UUSQW69RA"
    },
    {
        "type": "message",
        "subtype": "channel_join",
        "ts": "1583360846.147500",
        "user": "UUWH1MAKX",
        "text": "<@UUWH1MAKX> has joined the channel"
    },
    {
        "type": "message",
        "subtype": "channel_join",
        "ts": "1583381900.147700",
        "user": "UUWU42C6R",
        "text": "<@UUWU42C6R> has joined the channel"
    },
    {
        "client_msg_id": "a6c0d762-6c8c-4965-ac43-9ba7a3a590e0",
        "type": "message",
        "text": "Hi, could someone please confirm that CASE statements in sql parameter for dimensions should work?\n```sql: `SELECT CASE WHEN LENGTH('B') &gt; LENGTH('BA') THEN 1 ELSE 2 END;`,```\nI'm getting an error saying syntax is invalid",
        "user": "UUWU42C6R",
        "ts": "1583381991.148500",
        "team": "TC0C1HURK",
        "user_team": "TC0C1HURK",
        "source_team": "TC0C1HURK",
        "user_profile": {
            "avatar_hash": "g22dd722f09b",
            "image_72": "https:\/\/secure.gravatar.com\/avatar\/22dd722f09bbf4ec9c780771ac4dd491.jpg?s=72&d=https%3A%2F%2Fa.slack-edge.com%2Fdf10d%2Fimg%2Favatars%2Fava_0012-72.png",
            "first_name": "",
            "real_name": "Richard",
            "display_name": "Richard",
            "team": "TC0C1HURK",
            "name": "r.a.costa1988",
            "is_restricted": false,
            "is_ultra_restricted": false
        },
        "blocks": [
            {
                "type": "rich_text",
                "block_id": "ycJ",
                "elements": [
                    {
                        "type": "rich_text_section",
                        "elements": [
                            {
                                "type": "text",
                                "text": "Hi, could someone please confirm that CASE statements in sql parameter for dimensions should work?\n"
                            }
                        ]
                    },
                    {
                        "type": "rich_text_preformatted",
                        "elements": [
                            {
                                "type": "text",
                                "text": "sql: `SELECT CASE WHEN LENGTH('B') > LENGTH('BA') THEN 1 ELSE 2 END;`,"
                            }
                        ]
                    },
                    {
                        "type": "rich_text_section",
                        "elements": [
                            {
                                "type": "text",
                                "text": "I'm getting an error saying syntax is invalid"
                            }
                        ]
                    }
                ]
            }
        ],
        "thread_ts": "1583381991.148500",
        "reply_count": 3,
        "reply_users_count": 2,
        "latest_reply": "1583383416.150200",
        "reply_users": [
            "UC19HAUAK",
            "UUWU42C6R"
        ],
        "replies": [
            {
                "user": "UC19HAUAK",
                "ts": "1583382515.148800"
            },
            {
                "user": "UUWU42C6R",
                "ts": "1583383404.149800"
            },
            {
                "user": "UC19HAUAK",
                "ts": "1583383416.150200"
            }
        ],
        "subscribed": false
    },
    {
        "client_msg_id": "6059c817-9d81-4361-9dd4-693f4ce770d8",
        "type": "message",
        "text": "Thanks",
        "user": "UUWU42C6R",
        "ts": "1583381993.148700",
        "team": "TC0C1HURK",
        "user_team": "TC0C1HURK",
        "source_team": "TC0C1HURK",
        "user_profile": {
            "avatar_hash": "g22dd722f09b",
            "image_72": "https:\/\/secure.gravatar.com\/avatar\/22dd722f09bbf4ec9c780771ac4dd491.jpg?s=72&d=https%3A%2F%2Fa.slack-edge.com%2Fdf10d%2Fimg%2Favatars%2Fava_0012-72.png",
            "first_name": "",
            "real_name": "Richard",
            "display_name": "Richard",
            "team": "TC0C1HURK",
            "name": "r.a.costa1988",
            "is_restricted": false,
            "is_ultra_restricted": false
        },
        "blocks": [
            {
                "type": "rich_text",
                "block_id": "d7Cd",
                "elements": [
                    {
                        "type": "rich_text_section",
                        "elements": [
                            {
                                "type": "text",
                                "text": "Thanks"
                            }
                        ]
                    }
                ]
            }
        ]
    },
    {
        "client_msg_id": "709d3b85-f8c6-44ed-a32e-d033230a983b",
        "type": "message",
        "text": "Hey <@UUWU42C6R>! It should. Just remove `;`.",
        "user": "UC19HAUAK",
        "ts": "1583382515.148800",
        "team": "TC0C1HURK",
        "user_team": "TC0C1HURK",
        "source_team": "TC0C1HURK",
        "user_profile": {
            "avatar_hash": "066a042e018c",
            "image_72": "https:\/\/avatars.slack-edge.com\/2019-12-07\/866588520998_066a042e018ca831a195_72.png",
            "first_name": "Pavel",
            "real_name": "Pavel Tiunov",
            "display_name": "pavel",
            "team": "TC0C1HURK",
            "name": "pavel",
            "is_restricted": false,
            "is_ultra_restricted": false
        },
        "blocks": [
            {
                "type": "rich_text",
                "block_id": "in3E\/",
                "elements": [
                    {
                        "type": "rich_text_section",
                        "elements": [
                            {
                                "type": "text",
                                "text": "Hey "
                            },
                            {
                                "type": "user",
                                "user_id": "UUWU42C6R"
                            },
                            {
                                "type": "text",
                                "text": "! It should. Just remove "
                            },
                            {
                                "type": "text",
                                "text": ";",
                                "style": {
                                    "code": true
                                }
                            },
                            {
                                "type": "text",
                                "text": "."
                            }
                        ]
                    }
                ]
            }
        ],
        "thread_ts": "1583381991.148500",
        "parent_user_id": "UUWU42C6R"
    },
    {
        "client_msg_id": "fd978bd3-069e-41b2-8805-1892f7a70da4",
        "type": "message",
        "text": "<@UC19HAUAK> we are unable to show only 5 legends on chart if we have more than 5. i mean i just want only max 5 legends on my chart. sometime it works for line,bar area however doesn't work for pie and guage chart. Please look into this.\n\nOne more cubejs data is working with pie chart sometime however doesn't draw anything on line or bar or area.",
        "user": "UNS4PKYAK",
        "ts": "1583383068.149000",
        "team": "TC0C1HURK",
        "user_team": "TC0C1HURK",
        "source_team": "TC0C1HURK",
        "user_profile": {
            "avatar_hash": "664213ef9cf5",
            "image_72": "https:\/\/avatars.slack-edge.com\/2019-10-17\/800974914790_664213ef9cf5f85d3637_72.jpg",
            "first_name": "chintesh",
            "real_name": "chintesh kumar",
            "display_name": "chintesh kumar",
            "team": "TC0C1HURK",
            "name": "chintesh_kumar",
            "is_restricted": false,
            "is_ultra_restricted": false
        },
        "blocks": [
            {
                "type": "rich_text",
                "block_id": "7oAPr",
                "elements": [
                    {
                        "type": "rich_text_section",
                        "elements": [
                            {
                                "type": "user",
                                "user_id": "UC19HAUAK"
                            },
                            {
                                "type": "text",
                                "text": " we are unable to show only 5 legends on chart if we have more than 5. i mean i just want only max 5 legends on my chart. sometime it works for line,bar area however doesn't work for pie and guage chart. Please look into this.\n\nOne more cubejs data is working with pie chart sometime however doesn't draw anything on line or bar or area."
                            }
                        ]
                    }
                ]
            }
        ],
        "thread_ts": "1578308051.113800",
        "parent_user_id": "UNS4PKYAK"
    },
    {
        "client_msg_id": "e971ffd0-dfd4-405c-af7a-46354057a4c5",
        "type": "message",
        "text": "Thanks Pavel, had to remove SELECT also",
        "user": "UUWU42C6R",
        "ts": "1583383404.149800",
        "team": "TC0C1HURK",
        "user_team": "TC0C1HURK",
        "source_team": "TC0C1HURK",
        "user_profile": {
            "avatar_hash": "g22dd722f09b",
            "image_72": "https:\/\/secure.gravatar.com\/avatar\/22dd722f09bbf4ec9c780771ac4dd491.jpg?s=72&d=https%3A%2F%2Fa.slack-edge.com%2Fdf10d%2Fimg%2Favatars%2Fava_0012-72.png",
            "first_name": "",
            "real_name": "Richard",
            "display_name": "Richard",
            "team": "TC0C1HURK",
            "name": "r.a.costa1988",
            "is_restricted": false,
            "is_ultra_restricted": false
        },
        "blocks": [
            {
                "type": "rich_text",
                "block_id": "9rZY",
                "elements": [
                    {
                        "type": "rich_text_section",
                        "elements": [
                            {
                                "type": "text",
                                "text": "Thanks Pavel, had to remove SELECT also"
                            }
                        ]
                    }
                ]
            }
        ],
        "thread_ts": "1583381991.148500",
        "parent_user_id": "UUWU42C6R",
        "reactions": [
            {
                "name": "raised_hands",
                "users": [
                    "UC19HAUAK"
                ],
                "count": 1
            }
        ]
    },
    {
        "client_msg_id": "00a59f7d-fdc8-44ad-85eb-0d10d503bf79",
        "type": "message",
        "text": "<@UNS4PKYAK> I believe you can reduce limit of series that you pass to charts.",
        "user": "UC19HAUAK",
        "ts": "1583383406.150000",
        "team": "TC0C1HURK",
        "user_team": "TC0C1HURK",
        "source_team": "TC0C1HURK",
        "user_profile": {
            "avatar_hash": "066a042e018c",
            "image_72": "https:\/\/avatars.slack-edge.com\/2019-12-07\/866588520998_066a042e018ca831a195_72.png",
            "first_name": "Pavel",
            "real_name": "Pavel Tiunov",
            "display_name": "pavel",
            "team": "TC0C1HURK",
            "name": "pavel",
            "is_restricted": false,
            "is_ultra_restricted": false
        },
        "blocks": [
            {
                "type": "rich_text",
                "block_id": "coi",
                "elements": [
                    {
                        "type": "rich_text_section",
                        "elements": [
                            {
                                "type": "user",
                                "user_id": "UNS4PKYAK"
                            },
                            {
                                "type": "text",
                                "text": " I believe you can reduce limit of series that you pass to charts."
                            }
                        ]
                    }
                ]
            }
        ],
        "thread_ts": "1578308051.113800",
        "parent_user_id": "UNS4PKYAK"
    },
    {
        "client_msg_id": "43540284-628c-405a-a620-526c3f8a8eb8",
        "type": "message",
        "text": "Yep. Right.",
        "user": "UC19HAUAK",
        "ts": "1583383416.150200",
        "team": "TC0C1HURK",
        "user_team": "TC0C1HURK",
        "source_team": "TC0C1HURK",
        "user_profile": {
            "avatar_hash": "066a042e018c",
            "image_72": "https:\/\/avatars.slack-edge.com\/2019-12-07\/866588520998_066a042e018ca831a195_72.png",
            "first_name": "Pavel",
            "real_name": "Pavel Tiunov",
            "display_name": "pavel",
            "team": "TC0C1HURK",
            "name": "pavel",
            "is_restricted": false,
            "is_ultra_restricted": false
        },
        "blocks": [
            {
                "type": "rich_text",
                "block_id": "nkl",
                "elements": [
                    {
                        "type": "rich_text_section",
                        "elements": [
                            {
                                "type": "text",
                                "text": "Yep. Right."
                            }
                        ]
                    }
                ]
            }
        ],
        "thread_ts": "1583381991.148500",
        "parent_user_id": "UUWU42C6R"
    },
    {
        "client_msg_id": "cb5418f2-6a7a-4c8f-97ba-6dccb098974f",
        "type": "message",
        "text": "No <@UC19HAUAK> we need to show all data on chart however legend max to 5 only.",
        "user": "UNS4PKYAK",
        "ts": "1583383455.150500",
        "team": "TC0C1HURK",
        "user_team": "TC0C1HURK",
        "source_team": "TC0C1HURK",
        "user_profile": {
            "avatar_hash": "664213ef9cf5",
            "image_72": "https:\/\/avatars.slack-edge.com\/2019-10-17\/800974914790_664213ef9cf5f85d3637_72.jpg",
            "first_name": "chintesh",
            "real_name": "chintesh kumar",
            "display_name": "chintesh kumar",
            "team": "TC0C1HURK",
            "name": "chintesh_kumar",
            "is_restricted": false,
            "is_ultra_restricted": false
        },
        "blocks": [
            {
                "type": "rich_text",
                "block_id": "U\/fes",
                "elements": [
                    {
                        "type": "rich_text_section",
                        "elements": [
                            {
                                "type": "text",
                                "text": "No "
                            },
                            {
                                "type": "user",
                                "user_id": "UC19HAUAK"
                            },
                            {
                                "type": "text",
                                "text": " we need to show all data on chart however legend max to 5 only."
                            }
                        ]
                    }
                ]
            }
        ],
        "thread_ts": "1578308051.113800",
        "parent_user_id": "UNS4PKYAK"
    },
    {
        "client_msg_id": "7bb78515-4631-4adc-b7ab-500070ca7fc2",
        "type": "message",
        "text": "<@UNS4PKYAK> Makes sense. You should probably refer to Apex charts docs\/community then.",
        "user": "UC19HAUAK",
        "ts": "1583383493.150700",
        "team": "TC0C1HURK",
        "user_team": "TC0C1HURK",
        "source_team": "TC0C1HURK",
        "user_profile": {
            "avatar_hash": "066a042e018c",
            "image_72": "https:\/\/avatars.slack-edge.com\/2019-12-07\/866588520998_066a042e018ca831a195_72.png",
            "first_name": "Pavel",
            "real_name": "Pavel Tiunov",
            "display_name": "pavel",
            "team": "TC0C1HURK",
            "name": "pavel",
            "is_restricted": false,
            "is_ultra_restricted": false
        },
        "blocks": [
            {
                "type": "rich_text",
                "block_id": "vTz\/",
                "elements": [
                    {
                        "type": "rich_text_section",
                        "elements": [
                            {
                                "type": "user",
                                "user_id": "UNS4PKYAK"
                            },
                            {
                                "type": "text",
                                "text": " Makes sense. You should probably refer to Apex charts docs\/community then."
                            }
                        ]
                    }
                ]
            }
        ],
        "thread_ts": "1578308051.113800",
        "parent_user_id": "UNS4PKYAK"
    },
    {
        "client_msg_id": "5e5c505c-ccdb-4840-b299-5969d1838682",
        "type": "message",
        "text": "NO help from there.",
        "user": "UNS4PKYAK",
        "ts": "1583383525.150900",
        "team": "TC0C1HURK",
        "user_team": "TC0C1HURK",
        "source_team": "TC0C1HURK",
        "user_profile": {
            "avatar_hash": "664213ef9cf5",
            "image_72": "https:\/\/avatars.slack-edge.com\/2019-10-17\/800974914790_664213ef9cf5f85d3637_72.jpg",
            "first_name": "chintesh",
            "real_name": "chintesh kumar",
            "display_name": "chintesh kumar",
            "team": "TC0C1HURK",
            "name": "chintesh_kumar",
            "is_restricted": false,
            "is_ultra_restricted": false
        },
        "blocks": [
            {
                "type": "rich_text",
                "block_id": "WG6",
                "elements": [
                    {
                        "type": "rich_text_section",
                        "elements": [
                            {
                                "type": "text",
                                "text": "NO help from there."
                            }
                        ]
                    }
                ]
            }
        ],
        "thread_ts": "1578308051.113800",
        "parent_user_id": "UNS4PKYAK"
    },
    {
        "client_msg_id": "13ad0c30-c124-441d-9b3c-7712588ea057",
        "type": "message",
        "text": "<@UNS4PKYAK> Docs clearly doesn't specify it. I believe you should consider purchasing support from them.",
        "user": "UC19HAUAK",
        "ts": "1583383821.151100",
        "team": "TC0C1HURK",
        "user_team": "TC0C1HURK",
        "source_team": "TC0C1HURK",
        "user_profile": {
            "avatar_hash": "066a042e018c",
            "image_72": "https:\/\/avatars.slack-edge.com\/2019-12-07\/866588520998_066a042e018ca831a195_72.png",
            "first_name": "Pavel",
            "real_name": "Pavel Tiunov",
            "display_name": "pavel",
            "team": "TC0C1HURK",
            "name": "pavel",
            "is_restricted": false,
            "is_ultra_restricted": false
        },
        "blocks": [
            {
                "type": "rich_text",
                "block_id": "OuM",
                "elements": [
                    {
                        "type": "rich_text_section",
                        "elements": [
                            {
                                "type": "user",
                                "user_id": "UNS4PKYAK"
                            },
                            {
                                "type": "text",
                                "text": " Docs clearly doesn't specify it. I believe you should consider purchasing support from them."
                            }
                        ]
                    }
                ]
            }
        ],
        "thread_ts": "1578308051.113800",
        "parent_user_id": "UNS4PKYAK"
    },
    {
        "client_msg_id": "9a0216de-4761-48ab-b7ca-66ce175869b9",
        "type": "message",
        "text": "Okay thanks <@UC19HAUAK>",
        "user": "UNS4PKYAK",
        "ts": "1583383889.151300",
        "team": "TC0C1HURK",
        "user_team": "TC0C1HURK",
        "source_team": "TC0C1HURK",
        "user_profile": {
            "avatar_hash": "664213ef9cf5",
            "image_72": "https:\/\/avatars.slack-edge.com\/2019-10-17\/800974914790_664213ef9cf5f85d3637_72.jpg",
            "first_name": "chintesh",
            "real_name": "chintesh kumar",
            "display_name": "chintesh kumar",
            "team": "TC0C1HURK",
            "name": "chintesh_kumar",
            "is_restricted": false,
            "is_ultra_restricted": false
        },
        "blocks": [
            {
                "type": "rich_text",
                "block_id": "XxW=",
                "elements": [
                    {
                        "type": "rich_text_section",
                        "elements": [
                            {
                                "type": "text",
                                "text": "Okay thanks "
                            },
                            {
                                "type": "user",
                                "user_id": "UC19HAUAK"
                            }
                        ]
                    }
                ]
            }
        ],
        "thread_ts": "1578308051.113800",
        "parent_user_id": "UNS4PKYAK",
        "reactions": [
            {
                "name": "raised_hands",
                "users": [
                    "UC19HAUAK"
                ],
                "count": 1
            }
        ]
    }
]