[
    {
        "client_msg_id": "a5d359e6-0d35-4d49-a1f5-61c6e671540f",
        "type": "message",
        "text": "Hey <@USR0LTS9J> can you send what version of the npm packages you are using?",
        "user": "U010G2XD2F5",
        "ts": "1586244604.198500",
        "team": "TC0C1HURK",
        "user_team": "TC0C1HURK",
        "source_team": "TC0C1HURK",
        "user_profile": {
            "avatar_hash": "7e2eaacd4c1e",
            "image_72": "https:\/\/avatars.slack-edge.com\/2020-04-15\/1069231262244_7e2eaacd4c1e7165da5b_72.jpg",
            "first_name": "Chad",
            "real_name": "Chad Faurie",
            "display_name": "Chad",
            "team": "TC0C1HURK",
            "name": "chad",
            "is_restricted": false,
            "is_ultra_restricted": false
        },
        "blocks": [
            {
                "type": "rich_text",
                "block_id": "no+U",
                "elements": [
                    {
                        "type": "rich_text_section",
                        "elements": [
                            {
                                "type": "text",
                                "text": "Hey "
                            },
                            {
                                "type": "user",
                                "user_id": "USR0LTS9J"
                            },
                            {
                                "type": "text",
                                "text": " can you send what version of the npm packages you are using?"
                            }
                        ]
                    }
                ]
            }
        ],
        "thread_ts": "1585329849.059400",
        "parent_user_id": "USR0LTS9J"
    },
    {
        "client_msg_id": "49ff0cb9-8421-49c8-ab10-ffc511613783",
        "type": "message",
        "text": "Hey <@UC19HAUAK> and <@U010G2XD2F5>, thanks again for the replies.\nThis is what I have in my dependencies:\n```\"dependencies\": {\n  \"@cubejs-backend\/elasticsearch-driver\": \"^0.18.18\",\n  \"@cubejs-backend\/server\": \"^0.18.27\"\n}```\nAnd I just updated it to:\n```\"dependencies\": {\n  \"@cubejs-backend\/elasticsearch-driver\": \"^0.18.30\",\n  \"@cubejs-backend\/server\": \"^0.18.31\"\n}```\nHowever I get the same error.",
        "user": "USR0LTS9J",
        "ts": "1586251013.198700",
        "team": "TC0C1HURK",
        "user_team": "TC0C1HURK",
        "source_team": "TC0C1HURK",
        "user_profile": {
            "avatar_hash": "g606ba793752",
            "image_72": "https:\/\/secure.gravatar.com\/avatar\/606ba7937520610635aefb301a4153ba.jpg?s=72&d=https%3A%2F%2Fa.slack-edge.com%2Fdf10d%2Fimg%2Favatars%2Fava_0026-72.png",
            "first_name": "",
            "real_name": "Ivan Santos",
            "display_name": "Ivan Santos",
            "team": "TC0C1HURK",
            "name": "ivan.santos",
            "is_restricted": false,
            "is_ultra_restricted": false
        },
        "blocks": [
            {
                "type": "rich_text",
                "block_id": "46h\/",
                "elements": [
                    {
                        "type": "rich_text_section",
                        "elements": [
                            {
                                "type": "text",
                                "text": "Hey "
                            },
                            {
                                "type": "user",
                                "user_id": "UC19HAUAK"
                            },
                            {
                                "type": "text",
                                "text": " and "
                            },
                            {
                                "type": "user",
                                "user_id": "U010G2XD2F5"
                            },
                            {
                                "type": "text",
                                "text": ", thanks again for the replies.\nThis is what I have in my dependencies:\n"
                            }
                        ]
                    },
                    {
                        "type": "rich_text_preformatted",
                        "elements": [
                            {
                                "type": "text",
                                "text": "\"dependencies\": {\n  \"@cubejs-backend\/elasticsearch-driver\": \"^0.18.18\",\n  \"@cubejs-backend\/server\": \"^0.18.27\"\n}"
                            }
                        ]
                    },
                    {
                        "type": "rich_text_section",
                        "elements": [
                            {
                                "type": "text",
                                "text": "And I just updated it to:\n"
                            }
                        ]
                    },
                    {
                        "type": "rich_text_preformatted",
                        "elements": [
                            {
                                "type": "text",
                                "text": "\"dependencies\": {\n  \"@cubejs-backend\/elasticsearch-driver\": \"^0.18.30\",\n  \"@cubejs-backend\/server\": \"^0.18.31\"\n}"
                            }
                        ]
                    },
                    {
                        "type": "rich_text_section",
                        "elements": [
                            {
                                "type": "text",
                                "text": "However I get the same error."
                            }
                        ]
                    }
                ]
            }
        ],
        "thread_ts": "1585329849.059400",
        "parent_user_id": "USR0LTS9J"
    },
    {
        "client_msg_id": "d4ce1172-7ab8-45a0-bb12-64b1494d14ef",
        "type": "message",
        "text": "Are you using the managed ElasticSearch service provided by AWS as previously this was the only dialect supported? as of version 0.18.30 support was added for X pack",
        "user": "U010G2XD2F5",
        "ts": "1586251225.198900",
        "team": "TC0C1HURK",
        "user_team": "TC0C1HURK",
        "source_team": "TC0C1HURK",
        "user_profile": {
            "avatar_hash": "7e2eaacd4c1e",
            "image_72": "https:\/\/avatars.slack-edge.com\/2020-04-15\/1069231262244_7e2eaacd4c1e7165da5b_72.jpg",
            "first_name": "Chad",
            "real_name": "Chad Faurie",
            "display_name": "Chad",
            "team": "TC0C1HURK",
            "name": "chad",
            "is_restricted": false,
            "is_ultra_restricted": false
        },
        "blocks": [
            {
                "type": "rich_text",
                "block_id": "Gy0m",
                "elements": [
                    {
                        "type": "rich_text_section",
                        "elements": [
                            {
                                "type": "text",
                                "text": "Are you using the managed ElasticSearch service provided by AWS as previously this was the only dialect supported? as of version 0.18.30 support was added for X pack"
                            }
                        ]
                    }
                ]
            }
        ],
        "thread_ts": "1585329849.059400",
        "parent_user_id": "USR0LTS9J"
    },
    {
        "type": "message",
        "subtype": "channel_join",
        "ts": "1586251322.199200",
        "user": "U011ADVBCJX",
        "text": "<@U011ADVBCJX> has joined the channel"
    },
    {
        "client_msg_id": "483a8b10-19e5-46e2-9413-fdc06866db05",
        "type": "message",
        "text": "Yes, I am using the managed Elasticsearch. Previously, I tried using the original Elasticsearch and Opendistro both running locally on docker and didn't work.",
        "user": "USR0LTS9J",
        "ts": "1586251663.199300",
        "team": "TC0C1HURK",
        "user_team": "TC0C1HURK",
        "source_team": "TC0C1HURK",
        "user_profile": {
            "avatar_hash": "g606ba793752",
            "image_72": "https:\/\/secure.gravatar.com\/avatar\/606ba7937520610635aefb301a4153ba.jpg?s=72&d=https%3A%2F%2Fa.slack-edge.com%2Fdf10d%2Fimg%2Favatars%2Fava_0026-72.png",
            "first_name": "",
            "real_name": "Ivan Santos",
            "display_name": "Ivan Santos",
            "team": "TC0C1HURK",
            "name": "ivan.santos",
            "is_restricted": false,
            "is_ultra_restricted": false
        },
        "blocks": [
            {
                "type": "rich_text",
                "block_id": "etN",
                "elements": [
                    {
                        "type": "rich_text_section",
                        "elements": [
                            {
                                "type": "text",
                                "text": "Yes, I am using the managed Elasticsearch. Previously, I tried using the original Elasticsearch and Opendistro both running locally on docker and didn't work."
                            }
                        ]
                    }
                ]
            }
        ],
        "thread_ts": "1585329849.059400",
        "parent_user_id": "USR0LTS9J"
    },
    {
        "client_msg_id": "48dd6a63-deab-45d5-b0ef-dbeea59997a2",
        "type": "message",
        "text": "Hi <@UC19HAUAK> thank you for getting back to me. I want an individual number not sum. I think I need to change my query. When I requesting multiple measures on same attribute with different conditions.  It returns data sets with the same date which is correct. I will keep you posted when I solve it.",
        "user": "U0113R3DVDG",
        "ts": "1586251750.199600",
        "team": "TC0C1HURK",
        "user_team": "TC0C1HURK",
        "source_team": "TC0C1HURK",
        "user_profile": {
            "avatar_hash": "g13b55d6562b",
            "image_72": "https:\/\/secure.gravatar.com\/avatar\/13b55d6562b23cceb414fed3537563de.jpg?s=72&d=https%3A%2F%2Fa.slack-edge.com%2Fdf10d%2Fimg%2Favatars%2Fava_0011-72.png",
            "first_name": "",
            "real_name": "Sridhar Jakkula",
            "display_name": "Sridhar Jakkula",
            "team": "TC0C1HURK",
            "name": "sridhar.jakkula",
            "is_restricted": false,
            "is_ultra_restricted": false
        },
        "blocks": [
            {
                "type": "rich_text",
                "block_id": "hHB",
                "elements": [
                    {
                        "type": "rich_text_section",
                        "elements": [
                            {
                                "type": "text",
                                "text": "Hi "
                            },
                            {
                                "type": "user",
                                "user_id": "UC19HAUAK"
                            },
                            {
                                "type": "text",
                                "text": " thank you for getting back to me. I want an individual number not sum. I think I need to change my query. When I requesting multiple measures on same attribute with different conditions.  It returns data sets with the same date which is correct. I will keep you posted when I solve it."
                            }
                        ]
                    }
                ]
            }
        ],
        "thread_ts": "1586013572.171100",
        "parent_user_id": "U0113R3DVDG",
        "reactions": [
            {
                "name": "raised_hands",
                "users": [
                    "UC19HAUAK"
                ],
                "count": 1
            }
        ]
    },
    {
        "client_msg_id": "95374925-68fd-4d0e-be4c-fb7d556189dd",
        "type": "message",
        "text": "Hello guys, Im getting this error",
        "user": "U011ADVBCJX",
        "ts": "1586251754.199900",
        "team": "TC0C1HURK",
        "user_team": "TC0C1HURK",
        "source_team": "TC0C1HURK",
        "user_profile": {
            "avatar_hash": "g1a7f61ad7f4",
            "image_72": "https:\/\/secure.gravatar.com\/avatar\/1a7f61ad7f479d7e93d5352356ad6686.jpg?s=72&d=https%3A%2F%2Fa.slack-edge.com%2Fdf10d%2Fimg%2Favatars%2Fava_0003-72.png",
            "first_name": "",
            "real_name": "Gaston Claret",
            "display_name": "Gaston Claret",
            "team": "TC0C1HURK",
            "name": "gaston",
            "is_restricted": false,
            "is_ultra_restricted": false
        },
        "blocks": [
            {
                "type": "rich_text",
                "block_id": "zhXP",
                "elements": [
                    {
                        "type": "rich_text_section",
                        "elements": [
                            {
                                "type": "text",
                                "text": "Hello guys, Im getting this error"
                            }
                        ]
                    }
                ]
            }
        ]
    },
    {
        "client_msg_id": "35cd00bd-3746-420b-8e9f-1b1965fbad24",
        "type": "message",
        "text": "```\"timeDimensions\" is not allowed```",
        "user": "U011ADVBCJX",
        "ts": "1586251758.200300",
        "team": "TC0C1HURK",
        "user_team": "TC0C1HURK",
        "source_team": "TC0C1HURK",
        "user_profile": {
            "avatar_hash": "g1a7f61ad7f4",
            "image_72": "https:\/\/secure.gravatar.com\/avatar\/1a7f61ad7f479d7e93d5352356ad6686.jpg?s=72&d=https%3A%2F%2Fa.slack-edge.com%2Fdf10d%2Fimg%2Favatars%2Fava_0003-72.png",
            "first_name": "",
            "real_name": "Gaston Claret",
            "display_name": "Gaston Claret",
            "team": "TC0C1HURK",
            "name": "gaston",
            "is_restricted": false,
            "is_ultra_restricted": false
        },
        "blocks": [
            {
                "type": "rich_text",
                "block_id": "0Eza",
                "elements": [
                    {
                        "type": "rich_text_preformatted",
                        "elements": [
                            {
                                "type": "text",
                                "text": "\"timeDimensions\" is not allowed"
                            }
                        ]
                    }
                ]
            }
        ]
    },
    {
        "client_msg_id": "6840e979-f7c8-4545-b465-e153b3457cfe",
        "type": "message",
        "text": "any ideas why?",
        "user": "U011ADVBCJX",
        "ts": "1586251761.200500",
        "team": "TC0C1HURK",
        "user_team": "TC0C1HURK",
        "source_team": "TC0C1HURK",
        "user_profile": {
            "avatar_hash": "g1a7f61ad7f4",
            "image_72": "https:\/\/secure.gravatar.com\/avatar\/1a7f61ad7f479d7e93d5352356ad6686.jpg?s=72&d=https%3A%2F%2Fa.slack-edge.com%2Fdf10d%2Fimg%2Favatars%2Fava_0003-72.png",
            "first_name": "",
            "real_name": "Gaston Claret",
            "display_name": "Gaston Claret",
            "team": "TC0C1HURK",
            "name": "gaston",
            "is_restricted": false,
            "is_ultra_restricted": false
        },
        "blocks": [
            {
                "type": "rich_text",
                "block_id": "dqTaB",
                "elements": [
                    {
                        "type": "rich_text_section",
                        "elements": [
                            {
                                "type": "text",
                                "text": "any ideas why?"
                            }
                        ]
                    }
                ]
            }
        ]
    },
    {
        "client_msg_id": "77bfc5d3-d8fc-4a2f-90ad-547581a83573",
        "type": "message",
        "text": "this is my cube",
        "user": "U011ADVBCJX",
        "ts": "1586251769.200700",
        "team": "TC0C1HURK",
        "user_team": "TC0C1HURK",
        "source_team": "TC0C1HURK",
        "user_profile": {
            "avatar_hash": "g1a7f61ad7f4",
            "image_72": "https:\/\/secure.gravatar.com\/avatar\/1a7f61ad7f479d7e93d5352356ad6686.jpg?s=72&d=https%3A%2F%2Fa.slack-edge.com%2Fdf10d%2Fimg%2Favatars%2Fava_0003-72.png",
            "first_name": "",
            "real_name": "Gaston Claret",
            "display_name": "Gaston Claret",
            "team": "TC0C1HURK",
            "name": "gaston",
            "is_restricted": false,
            "is_ultra_restricted": false
        },
        "blocks": [
            {
                "type": "rich_text",
                "block_id": "xJJ9\/",
                "elements": [
                    {
                        "type": "rich_text_section",
                        "elements": [
                            {
                                "type": "text",
                                "text": "this is my cube"
                            }
                        ]
                    }
                ]
            }
        ]
    },
    {
        "client_msg_id": "6baa4494-a7bf-445f-9a26-a8df1ddb16b7",
        "type": "message",
        "text": "```cube(`Users`, {\n  sql: `select USERID, EVENTDATATIME, GAMEVERSION from FOF_TEST`,\n  measures: {\n    uniqueUserCount: {\n      sql: `USERID`,\n      type: \"countDistinct\"\n    }\n  },\n  dimensions: {\n    date: {\n      sql: `EVENTDATATIME`,\n      type: `time`\n    },\n    gameVersion: {\n      type: `string`,\n      sql: `GAMEVERSION`\n    }\n  },\n  timeDimensions: [{\n    dimension: 'Users.date',\n    dateRange: 'last 7 days',\n    granularity: 'day'\n  }]\n});```",
        "user": "U011ADVBCJX",
        "ts": "1586251770.201000",
        "team": "TC0C1HURK",
        "user_team": "TC0C1HURK",
        "source_team": "TC0C1HURK",
        "user_profile": {
            "avatar_hash": "g1a7f61ad7f4",
            "image_72": "https:\/\/secure.gravatar.com\/avatar\/1a7f61ad7f479d7e93d5352356ad6686.jpg?s=72&d=https%3A%2F%2Fa.slack-edge.com%2Fdf10d%2Fimg%2Favatars%2Fava_0003-72.png",
            "first_name": "",
            "real_name": "Gaston Claret",
            "display_name": "Gaston Claret",
            "team": "TC0C1HURK",
            "name": "gaston",
            "is_restricted": false,
            "is_ultra_restricted": false
        },
        "blocks": [
            {
                "type": "rich_text",
                "block_id": "hDIrz",
                "elements": [
                    {
                        "type": "rich_text_preformatted",
                        "elements": [
                            {
                                "type": "text",
                                "text": "cube(`Users`, {\n  sql: `select USERID, EVENTDATATIME, GAMEVERSION from FOF_TEST`,\n  measures: {\n    uniqueUserCount: {\n      sql: `USERID`,\n      type: \"countDistinct\"\n    }\n  },\n  dimensions: {\n    date: {\n      sql: `EVENTDATATIME`,\n      type: `time`\n    },\n    gameVersion: {\n      type: `string`,\n      sql: `GAMEVERSION`\n    }\n  },\n  timeDimensions: [{\n    dimension: 'Users.date',\n    dateRange: 'last 7 days',\n    granularity: 'day'\n  }]\n});"
                            }
                        ]
                    }
                ]
            }
        ],
        "thread_ts": "1586251770.201000",
        "reply_count": 18,
        "reply_users_count": 2,
        "latest_reply": "1586267207.205400",
        "reply_users": [
            "U010G2XD2F5",
            "U011ADVBCJX"
        ],
        "replies": [
            {
                "user": "U010G2XD2F5",
                "ts": "1586264697.201800"
            },
            {
                "user": "U011ADVBCJX",
                "ts": "1586266783.202000"
            },
            {
                "user": "U011ADVBCJX",
                "ts": "1586266784.202200"
            },
            {
                "user": "U011ADVBCJX",
                "ts": "1586266820.202400"
            },
            {
                "user": "U011ADVBCJX",
                "ts": "1586266832.202600"
            },
            {
                "user": "U010G2XD2F5",
                "ts": "1586266873.202800"
            },
            {
                "user": "U011ADVBCJX",
                "ts": "1586266908.203000"
            },
            {
                "user": "U011ADVBCJX",
                "ts": "1586266912.203200"
            },
            {
                "user": "U010G2XD2F5",
                "ts": "1586266919.203400"
            },
            {
                "user": "U011ADVBCJX",
                "ts": "1586266943.203600"
            },
            {
                "user": "U011ADVBCJX",
                "ts": "1586266952.203800"
            },
            {
                "user": "U011ADVBCJX",
                "ts": "1586266968.204000"
            },
            {
                "user": "U011ADVBCJX",
                "ts": "1586267014.204200"
            },
            {
                "user": "U011ADVBCJX",
                "ts": "1586267024.204600"
            },
            {
                "user": "U011ADVBCJX",
                "ts": "1586267034.204800"
            },
            {
                "user": "U010G2XD2F5",
                "ts": "1586267110.205000"
            },
            {
                "user": "U011ADVBCJX",
                "ts": "1586267178.205200"
            },
            {
                "user": "U010G2XD2F5",
                "ts": "1586267207.205400"
            }
        ],
        "subscribed": false
    },
    {
        "client_msg_id": "446f7712-439f-439e-b6d8-377b99b2910f",
        "type": "message",
        "text": "<@UC19HAUAK> any idea what version of elasticsearch the original ode driver was built against?",
        "user": "U010G2XD2F5",
        "ts": "1586251808.201400",
        "team": "TC0C1HURK",
        "user_team": "TC0C1HURK",
        "source_team": "TC0C1HURK",
        "user_profile": {
            "avatar_hash": "7e2eaacd4c1e",
            "image_72": "https:\/\/avatars.slack-edge.com\/2020-04-15\/1069231262244_7e2eaacd4c1e7165da5b_72.jpg",
            "first_name": "Chad",
            "real_name": "Chad Faurie",
            "display_name": "Chad",
            "team": "TC0C1HURK",
            "name": "chad",
            "is_restricted": false,
            "is_ultra_restricted": false
        },
        "blocks": [
            {
                "type": "rich_text",
                "block_id": "jG3+",
                "elements": [
                    {
                        "type": "rich_text_section",
                        "elements": [
                            {
                                "type": "user",
                                "user_id": "UC19HAUAK"
                            },
                            {
                                "type": "text",
                                "text": " any idea what version of elasticsearch the original ode driver was built against?"
                            }
                        ]
                    }
                ]
            }
        ],
        "thread_ts": "1585329849.059400",
        "parent_user_id": "USR0LTS9J"
    },
    {
        "client_msg_id": "dd7291ff-022e-4160-b747-32491bf0d185",
        "type": "message",
        "text": "I’ll try and have a look into this and see what I can find, I have a feeling the response payload had changed from the original, I implemented the X Pack driver for Elastic.cloud and that is working fine for me at the moment",
        "user": "U010G2XD2F5",
        "ts": "1586251872.201600",
        "team": "TC0C1HURK",
        "user_team": "TC0C1HURK",
        "source_team": "TC0C1HURK",
        "user_profile": {
            "avatar_hash": "7e2eaacd4c1e",
            "image_72": "https:\/\/avatars.slack-edge.com\/2020-04-15\/1069231262244_7e2eaacd4c1e7165da5b_72.jpg",
            "first_name": "Chad",
            "real_name": "Chad Faurie",
            "display_name": "Chad",
            "team": "TC0C1HURK",
            "name": "chad",
            "is_restricted": false,
            "is_ultra_restricted": false
        },
        "blocks": [
            {
                "type": "rich_text",
                "block_id": "lR23W",
                "elements": [
                    {
                        "type": "rich_text_section",
                        "elements": [
                            {
                                "type": "text",
                                "text": "I’ll try and have a look into this and see what I can find, I have a feeling the response payload had changed from the original, I implemented the X Pack driver for Elastic.cloud and that is working fine for me at the moment"
                            }
                        ]
                    }
                ]
            }
        ],
        "thread_ts": "1585329849.059400",
        "parent_user_id": "USR0LTS9J"
    },
    {
        "client_msg_id": "2982753d-d62e-421d-a502-fbfbf4c68310",
        "type": "message",
        "text": "Hi Gaston,  cubes dont contain a property `timeDimensions` , `timeDimensions`  are generated by a query on a time\/date type",
        "user": "U010G2XD2F5",
        "ts": "1586264697.201800",
        "team": "TC0C1HURK",
        "user_team": "TC0C1HURK",
        "source_team": "TC0C1HURK",
        "user_profile": {
            "avatar_hash": "7e2eaacd4c1e",
            "image_72": "https:\/\/avatars.slack-edge.com\/2020-04-15\/1069231262244_7e2eaacd4c1e7165da5b_72.jpg",
            "first_name": "Chad",
            "real_name": "Chad Faurie",
            "display_name": "Chad",
            "team": "TC0C1HURK",
            "name": "chad",
            "is_restricted": false,
            "is_ultra_restricted": false
        },
        "blocks": [
            {
                "type": "rich_text",
                "block_id": "OBcV",
                "elements": [
                    {
                        "type": "rich_text_section",
                        "elements": [
                            {
                                "type": "text",
                                "text": "Hi Gaston,  cubes dont contain a property "
                            },
                            {
                                "type": "text",
                                "text": "timeDimensions",
                                "style": {
                                    "code": true
                                }
                            },
                            {
                                "type": "text",
                                "text": " , "
                            },
                            {
                                "type": "text",
                                "text": "timeDimensions",
                                "style": {
                                    "code": true
                                }
                            },
                            {
                                "type": "text",
                                "text": "  are generated by a query on a time\/date type"
                            }
                        ]
                    }
                ]
            }
        ],
        "thread_ts": "1586251770.201000",
        "parent_user_id": "U011ADVBCJX"
    },
    {
        "client_msg_id": "51e0c1dc-98ab-4c98-82c0-dd4f6c558da3",
        "type": "message",
        "text": "ahhh",
        "user": "U011ADVBCJX",
        "ts": "1586266783.202000",
        "team": "TC0C1HURK",
        "user_team": "TC0C1HURK",
        "source_team": "TC0C1HURK",
        "user_profile": {
            "avatar_hash": "g1a7f61ad7f4",
            "image_72": "https:\/\/secure.gravatar.com\/avatar\/1a7f61ad7f479d7e93d5352356ad6686.jpg?s=72&d=https%3A%2F%2Fa.slack-edge.com%2Fdf10d%2Fimg%2Favatars%2Fava_0003-72.png",
            "first_name": "",
            "real_name": "Gaston Claret",
            "display_name": "Gaston Claret",
            "team": "TC0C1HURK",
            "name": "gaston",
            "is_restricted": false,
            "is_ultra_restricted": false
        },
        "blocks": [
            {
                "type": "rich_text",
                "block_id": "FX9o",
                "elements": [
                    {
                        "type": "rich_text_section",
                        "elements": [
                            {
                                "type": "text",
                                "text": "ahhh"
                            }
                        ]
                    }
                ]
            }
        ],
        "thread_ts": "1586251770.201000",
        "parent_user_id": "U011ADVBCJX"
    },
    {
        "client_msg_id": "49746dc0-c3cc-41db-813a-0049e3db090f",
        "type": "message",
        "text": "gotcha",
        "user": "U011ADVBCJX",
        "ts": "1586266784.202200",
        "team": "TC0C1HURK",
        "user_team": "TC0C1HURK",
        "source_team": "TC0C1HURK",
        "user_profile": {
            "avatar_hash": "g1a7f61ad7f4",
            "image_72": "https:\/\/secure.gravatar.com\/avatar\/1a7f61ad7f479d7e93d5352356ad6686.jpg?s=72&d=https%3A%2F%2Fa.slack-edge.com%2Fdf10d%2Fimg%2Favatars%2Fava_0003-72.png",
            "first_name": "",
            "real_name": "Gaston Claret",
            "display_name": "Gaston Claret",
            "team": "TC0C1HURK",
            "name": "gaston",
            "is_restricted": false,
            "is_ultra_restricted": false
        },
        "blocks": [
            {
                "type": "rich_text",
                "block_id": "0wKmu",
                "elements": [
                    {
                        "type": "rich_text_section",
                        "elements": [
                            {
                                "type": "text",
                                "text": "gotcha"
                            }
                        ]
                    }
                ]
            }
        ],
        "thread_ts": "1586251770.201000",
        "parent_user_id": "U011ADVBCJX"
    },
    {
        "client_msg_id": "b050d488-09e7-4f20-a523-f13c2c5f0314",
        "type": "message",
        "text": "so I should add it to my load?",
        "user": "U011ADVBCJX",
        "ts": "1586266820.202400",
        "team": "TC0C1HURK",
        "user_team": "TC0C1HURK",
        "source_team": "TC0C1HURK",
        "user_profile": {
            "avatar_hash": "g1a7f61ad7f4",
            "image_72": "https:\/\/secure.gravatar.com\/avatar\/1a7f61ad7f479d7e93d5352356ad6686.jpg?s=72&d=https%3A%2F%2Fa.slack-edge.com%2Fdf10d%2Fimg%2Favatars%2Fava_0003-72.png",
            "first_name": "",
            "real_name": "Gaston Claret",
            "display_name": "Gaston Claret",
            "team": "TC0C1HURK",
            "name": "gaston",
            "is_restricted": false,
            "is_ultra_restricted": false
        },
        "blocks": [
            {
                "type": "rich_text",
                "block_id": "Ivb",
                "elements": [
                    {
                        "type": "rich_text_section",
                        "elements": [
                            {
                                "type": "text",
                                "text": "so I should add it to my load?"
                            }
                        ]
                    }
                ]
            }
        ],
        "thread_ts": "1586251770.201000",
        "parent_user_id": "U011ADVBCJX"
    },
    {
        "client_msg_id": "d589d1a6-161f-4c33-a99a-dc1b44dccd09",
        "type": "message",
        "text": "```cubejsApi\n  .load({\n    measures: [\"Users.totalInstalls\"],\n    dimensions: [\"Users.gameVersion\"],\n    limit: 5,\n    timeDimensions: .....\n  })\n  .then(resultS```",
        "user": "U011ADVBCJX",
        "ts": "1586266832.202600",
        "team": "TC0C1HURK",
        "user_team": "TC0C1HURK",
        "source_team": "TC0C1HURK",
        "user_profile": {
            "avatar_hash": "g1a7f61ad7f4",
            "image_72": "https:\/\/secure.gravatar.com\/avatar\/1a7f61ad7f479d7e93d5352356ad6686.jpg?s=72&d=https%3A%2F%2Fa.slack-edge.com%2Fdf10d%2Fimg%2Favatars%2Fava_0003-72.png",
            "first_name": "",
            "real_name": "Gaston Claret",
            "display_name": "Gaston Claret",
            "team": "TC0C1HURK",
            "name": "gaston",
            "is_restricted": false,
            "is_ultra_restricted": false
        },
        "blocks": [
            {
                "type": "rich_text",
                "block_id": "h+Yo",
                "elements": [
                    {
                        "type": "rich_text_preformatted",
                        "elements": [
                            {
                                "type": "text",
                                "text": "cubejsApi\n  .load({\n    measures: [\"Users.totalInstalls\"],\n    dimensions: [\"Users.gameVersion\"],\n    limit: 5,\n    timeDimensions: .....\n  })\n  .then(resultS"
                            }
                        ]
                    }
                ]
            }
        ],
        "thread_ts": "1586251770.201000",
        "parent_user_id": "U011ADVBCJX"
    },
    {
        "client_msg_id": "532ee149-18b1-4924-a4c6-94df10a2365a",
        "type": "message",
        "text": "I think so, I have only used the react client and the query builders construct that for me",
        "user": "U010G2XD2F5",
        "ts": "1586266873.202800",
        "team": "TC0C1HURK",
        "user_team": "TC0C1HURK",
        "source_team": "TC0C1HURK",
        "user_profile": {
            "avatar_hash": "7e2eaacd4c1e",
            "image_72": "https:\/\/avatars.slack-edge.com\/2020-04-15\/1069231262244_7e2eaacd4c1e7165da5b_72.jpg",
            "first_name": "Chad",
            "real_name": "Chad Faurie",
            "display_name": "Chad",
            "team": "TC0C1HURK",
            "name": "chad",
            "is_restricted": false,
            "is_ultra_restricted": false
        },
        "blocks": [
            {
                "type": "rich_text",
                "block_id": "cZZT+",
                "elements": [
                    {
                        "type": "rich_text_section",
                        "elements": [
                            {
                                "type": "text",
                                "text": "I think so, I have only used the react client and the query builders construct that for me"
                            }
                        ]
                    }
                ]
            }
        ],
        "thread_ts": "1586251770.201000",
        "parent_user_id": "U011ADVBCJX"
    },
    {
        "client_msg_id": "8249e4f6-5fe3-40db-9f5f-70c4997ec19e",
        "type": "message",
        "text": "gotcha",
        "user": "U011ADVBCJX",
        "ts": "1586266908.203000",
        "team": "TC0C1HURK",
        "user_team": "TC0C1HURK",
        "source_team": "TC0C1HURK",
        "user_profile": {
            "avatar_hash": "g1a7f61ad7f4",
            "image_72": "https:\/\/secure.gravatar.com\/avatar\/1a7f61ad7f479d7e93d5352356ad6686.jpg?s=72&d=https%3A%2F%2Fa.slack-edge.com%2Fdf10d%2Fimg%2Favatars%2Fava_0003-72.png",
            "first_name": "",
            "real_name": "Gaston Claret",
            "display_name": "Gaston Claret",
            "team": "TC0C1HURK",
            "name": "gaston",
            "is_restricted": false,
            "is_ultra_restricted": false
        },
        "blocks": [
            {
                "type": "rich_text",
                "block_id": "m4+=",
                "elements": [
                    {
                        "type": "rich_text_section",
                        "elements": [
                            {
                                "type": "text",
                                "text": "gotcha"
                            }
                        ]
                    }
                ]
            }
        ],
        "thread_ts": "1586251770.201000",
        "parent_user_id": "U011ADVBCJX"
    },
    {
        "client_msg_id": "b5bdc1a4-3099-417b-80a3-241b598aae91",
        "type": "message",
        "text": "thanks <@U010G2XD2F5>!",
        "user": "U011ADVBCJX",
        "ts": "1586266912.203200",
        "team": "TC0C1HURK",
        "user_team": "TC0C1HURK",
        "source_team": "TC0C1HURK",
        "user_profile": {
            "avatar_hash": "g1a7f61ad7f4",
            "image_72": "https:\/\/secure.gravatar.com\/avatar\/1a7f61ad7f479d7e93d5352356ad6686.jpg?s=72&d=https%3A%2F%2Fa.slack-edge.com%2Fdf10d%2Fimg%2Favatars%2Fava_0003-72.png",
            "first_name": "",
            "real_name": "Gaston Claret",
            "display_name": "Gaston Claret",
            "team": "TC0C1HURK",
            "name": "gaston",
            "is_restricted": false,
            "is_ultra_restricted": false
        },
        "blocks": [
            {
                "type": "rich_text",
                "block_id": "djqJ2",
                "elements": [
                    {
                        "type": "rich_text_section",
                        "elements": [
                            {
                                "type": "text",
                                "text": "thanks "
                            },
                            {
                                "type": "user",
                                "user_id": "U010G2XD2F5"
                            },
                            {
                                "type": "text",
                                "text": "!"
                            }
                        ]
                    }
                ]
            }
        ],
        "thread_ts": "1586251770.201000",
        "parent_user_id": "U011ADVBCJX"
    },
    {
        "client_msg_id": "7b34f6ad-c6a6-4b4d-a472-ec473e3bc754",
        "type": "message",
        "text": "No Problem :slightly_smiling_face:",
        "user": "U010G2XD2F5",
        "ts": "1586266919.203400",
        "team": "TC0C1HURK",
        "user_team": "TC0C1HURK",
        "source_team": "TC0C1HURK",
        "user_profile": {
            "avatar_hash": "7e2eaacd4c1e",
            "image_72": "https:\/\/avatars.slack-edge.com\/2020-04-15\/1069231262244_7e2eaacd4c1e7165da5b_72.jpg",
            "first_name": "Chad",
            "real_name": "Chad Faurie",
            "display_name": "Chad",
            "team": "TC0C1HURK",
            "name": "chad",
            "is_restricted": false,
            "is_ultra_restricted": false
        },
        "blocks": [
            {
                "type": "rich_text",
                "block_id": "KJqs",
                "elements": [
                    {
                        "type": "rich_text_section",
                        "elements": [
                            {
                                "type": "text",
                                "text": "No Problem "
                            },
                            {
                                "type": "emoji",
                                "name": "slightly_smiling_face"
                            }
                        ]
                    }
                ]
            }
        ],
        "thread_ts": "1586251770.201000",
        "parent_user_id": "U011ADVBCJX"
    },
    {
        "client_msg_id": "455ba330-0f2a-4fef-926c-0b940314e97e",
        "type": "message",
        "text": "one quick question, you might know",
        "user": "U011ADVBCJX",
        "ts": "1586266943.203600",
        "team": "TC0C1HURK",
        "user_team": "TC0C1HURK",
        "source_team": "TC0C1HURK",
        "user_profile": {
            "avatar_hash": "g1a7f61ad7f4",
            "image_72": "https:\/\/secure.gravatar.com\/avatar\/1a7f61ad7f479d7e93d5352356ad6686.jpg?s=72&d=https%3A%2F%2Fa.slack-edge.com%2Fdf10d%2Fimg%2Favatars%2Fava_0003-72.png",
            "first_name": "",
            "real_name": "Gaston Claret",
            "display_name": "Gaston Claret",
            "team": "TC0C1HURK",
            "name": "gaston",
            "is_restricted": false,
            "is_ultra_restricted": false
        },
        "blocks": [
            {
                "type": "rich_text",
                "block_id": "h+FDo",
                "elements": [
                    {
                        "type": "rich_text_section",
                        "elements": [
                            {
                                "type": "text",
                                "text": "one quick question, you might know"
                            }
                        ]
                    }
                ]
            }
        ],
        "thread_ts": "1586251770.201000",
        "parent_user_id": "U011ADVBCJX"
    },
    {
        "client_msg_id": "66f48f1a-33ce-4049-b919-b0e0d3037cf9",
        "type": "message",
        "text": "in one of my measures, I have a few filters",
        "user": "U011ADVBCJX",
        "ts": "1586266952.203800",
        "team": "TC0C1HURK",
        "user_team": "TC0C1HURK",
        "source_team": "TC0C1HURK",
        "user_profile": {
            "avatar_hash": "g1a7f61ad7f4",
            "image_72": "https:\/\/secure.gravatar.com\/avatar\/1a7f61ad7f479d7e93d5352356ad6686.jpg?s=72&d=https%3A%2F%2Fa.slack-edge.com%2Fdf10d%2Fimg%2Favatars%2Fava_0003-72.png",
            "first_name": "",
            "real_name": "Gaston Claret",
            "display_name": "Gaston Claret",
            "team": "TC0C1HURK",
            "name": "gaston",
            "is_restricted": false,
            "is_ultra_restricted": false
        },
        "blocks": [
            {
                "type": "rich_text",
                "block_id": "PmZp",
                "elements": [
                    {
                        "type": "rich_text_section",
                        "elements": [
                            {
                                "type": "text",
                                "text": "in one of my measures, I have a few filters"
                            }
                        ]
                    }
                ]
            }
        ],
        "thread_ts": "1586251770.201000",
        "parent_user_id": "U011ADVBCJX"
    },
    {
        "client_msg_id": "ae494fd3-9d90-4f90-aec4-6706642e49ac",
        "type": "message",
        "text": "then when I load it with a dimension, the dimension doesnt have those filters in place",
        "user": "U011ADVBCJX",
        "ts": "1586266968.204000",
        "team": "TC0C1HURK",
        "user_team": "TC0C1HURK",
        "source_team": "TC0C1HURK",
        "user_profile": {
            "avatar_hash": "g1a7f61ad7f4",
            "image_72": "https:\/\/secure.gravatar.com\/avatar\/1a7f61ad7f479d7e93d5352356ad6686.jpg?s=72&d=https%3A%2F%2Fa.slack-edge.com%2Fdf10d%2Fimg%2Favatars%2Fava_0003-72.png",
            "first_name": "",
            "real_name": "Gaston Claret",
            "display_name": "Gaston Claret",
            "team": "TC0C1HURK",
            "name": "gaston",
            "is_restricted": false,
            "is_ultra_restricted": false
        },
        "blocks": [
            {
                "type": "rich_text",
                "block_id": "JDA",
                "elements": [
                    {
                        "type": "rich_text_section",
                        "elements": [
                            {
                                "type": "text",
                                "text": "then when I load it with a dimension, the dimension doesnt have those filters in place"
                            }
                        ]
                    }
                ]
            }
        ],
        "thread_ts": "1586251770.201000",
        "parent_user_id": "U011ADVBCJX"
    },
    {
        "type": "message",
        "text": "my measure has a filter for only a subset of all of the FTUE's, but then the dimension doesnt take that into consideration",
        "files": [
            {
                "id": "F011A1LR7QS",
                "created": 1586267011,
                "timestamp": 1586267011,
                "name": "image.png",
                "title": "image.png",
                "mimetype": "image\/png",
                "filetype": "png",
                "pretty_type": "PNG",
                "user": "U011ADVBCJX",
                "editable": false,
                "size": 168982,
                "mode": "hosted",
                "is_external": false,
                "external_type": "",
                "is_public": true,
                "public_url_shared": false,
                "display_as_bot": false,
                "username": "",
                "url_private": "https:\/\/files.slack.com\/files-pri\/TC0C1HURK-F011A1LR7QS\/image.png?t=xoxe-408409606869-1267807410853-1293019902560-8c9dc5fc58d3a65e0fe0837e69de048d",
                "url_private_download": "https:\/\/files.slack.com\/files-pri\/TC0C1HURK-F011A1LR7QS\/download\/image.png?t=xoxe-408409606869-1267807410853-1293019902560-8c9dc5fc58d3a65e0fe0837e69de048d",
                "thumb_64": "https:\/\/files.slack.com\/files-tmb\/TC0C1HURK-F011A1LR7QS-324e737717\/image_64.png?t=xoxe-408409606869-1267807410853-1293019902560-8c9dc5fc58d3a65e0fe0837e69de048d",
                "thumb_80": "https:\/\/files.slack.com\/files-tmb\/TC0C1HURK-F011A1LR7QS-324e737717\/image_80.png?t=xoxe-408409606869-1267807410853-1293019902560-8c9dc5fc58d3a65e0fe0837e69de048d",
                "thumb_360": "https:\/\/files.slack.com\/files-tmb\/TC0C1HURK-F011A1LR7QS-324e737717\/image_360.png?t=xoxe-408409606869-1267807410853-1293019902560-8c9dc5fc58d3a65e0fe0837e69de048d",
                "thumb_360_w": 360,
                "thumb_360_h": 177,
                "thumb_480": "https:\/\/files.slack.com\/files-tmb\/TC0C1HURK-F011A1LR7QS-324e737717\/image_480.png?t=xoxe-408409606869-1267807410853-1293019902560-8c9dc5fc58d3a65e0fe0837e69de048d",
                "thumb_480_w": 480,
                "thumb_480_h": 236,
                "thumb_160": "https:\/\/files.slack.com\/files-tmb\/TC0C1HURK-F011A1LR7QS-324e737717\/image_160.png?t=xoxe-408409606869-1267807410853-1293019902560-8c9dc5fc58d3a65e0fe0837e69de048d",
                "thumb_720": "https:\/\/files.slack.com\/files-tmb\/TC0C1HURK-F011A1LR7QS-324e737717\/image_720.png?t=xoxe-408409606869-1267807410853-1293019902560-8c9dc5fc58d3a65e0fe0837e69de048d",
                "thumb_720_w": 720,
                "thumb_720_h": 354,
                "thumb_800": "https:\/\/files.slack.com\/files-tmb\/TC0C1HURK-F011A1LR7QS-324e737717\/image_800.png?t=xoxe-408409606869-1267807410853-1293019902560-8c9dc5fc58d3a65e0fe0837e69de048d",
                "thumb_800_w": 800,
                "thumb_800_h": 393,
                "thumb_960": "https:\/\/files.slack.com\/files-tmb\/TC0C1HURK-F011A1LR7QS-324e737717\/image_960.png?t=xoxe-408409606869-1267807410853-1293019902560-8c9dc5fc58d3a65e0fe0837e69de048d",
                "thumb_960_w": 960,
                "thumb_960_h": 472,
                "thumb_1024": "https:\/\/files.slack.com\/files-tmb\/TC0C1HURK-F011A1LR7QS-324e737717\/image_1024.png?t=xoxe-408409606869-1267807410853-1293019902560-8c9dc5fc58d3a65e0fe0837e69de048d",
                "thumb_1024_w": 1024,
                "thumb_1024_h": 504,
                "original_w": 2330,
                "original_h": 1146,
                "thumb_tiny": "AwAXADDRZgp5zTsg1FN\/Q08dqAHUUUUAFFFFACMobrRilooAKKKKACiiigD\/2Q==",
                "permalink": "https:\/\/cube-js.slack.com\/files\/U011ADVBCJX\/F011A1LR7QS\/image.png",
                "permalink_public": "https:\/\/slack-files.com\/TC0C1HURK-F011A1LR7QS-57b3596218",
                "is_starred": false,
                "has_rich_preview": false
            }
        ],
        "upload": true,
        "blocks": [
            {
                "type": "rich_text",
                "block_id": "X+BN",
                "elements": [
                    {
                        "type": "rich_text_section",
                        "elements": [
                            {
                                "type": "text",
                                "text": "my measure has a filter for only a subset of all of the FTUE's, but then the dimension doesnt take that into consideration"
                            }
                        ]
                    }
                ]
            }
        ],
        "user": "U011ADVBCJX",
        "display_as_bot": false,
        "ts": "1586267014.204200",
        "client_msg_id": "f0d2c139-390c-4542-9261-80801c1ea900",
        "thread_ts": "1586251770.201000",
        "parent_user_id": "U011ADVBCJX"
    },
    {
        "client_msg_id": "ddbc1261-e74e-4886-a62a-fe93ede4cf60",
        "type": "message",
        "text": "```ftueFunnel:{\n      sql:`EVENTDATA`,\n      type: \"count\",\n      filters: [\n        { sql: `${CUBE}.EVENTNAME = 'TutorialAction'` },\n        { sql: `${CUBE}.EVENTDATA:TutorialId = 'FTUE'` },\n        { sql: `${CUBE}.EVENTDATA:Result = 'COMPLETED'` }\n      ]\n    },```",
        "user": "U011ADVBCJX",
        "ts": "1586267024.204600",
        "team": "TC0C1HURK",
        "user_team": "TC0C1HURK",
        "source_team": "TC0C1HURK",
        "user_profile": {
            "avatar_hash": "g1a7f61ad7f4",
            "image_72": "https:\/\/secure.gravatar.com\/avatar\/1a7f61ad7f479d7e93d5352356ad6686.jpg?s=72&d=https%3A%2F%2Fa.slack-edge.com%2Fdf10d%2Fimg%2Favatars%2Fava_0003-72.png",
            "first_name": "",
            "real_name": "Gaston Claret",
            "display_name": "Gaston Claret",
            "team": "TC0C1HURK",
            "name": "gaston",
            "is_restricted": false,
            "is_ultra_restricted": false
        },
        "blocks": [
            {
                "type": "rich_text",
                "block_id": "+x0YS",
                "elements": [
                    {
                        "type": "rich_text_preformatted",
                        "elements": [
                            {
                                "type": "text",
                                "text": "ftueFunnel:{\n      sql:`EVENTDATA`,\n      type: \"count\",\n      filters: [\n        { sql: `${CUBE}.EVENTNAME = 'TutorialAction'` },\n        { sql: `${CUBE}.EVENTDATA:TutorialId = 'FTUE'` },\n        { sql: `${CUBE}.EVENTDATA:Result = 'COMPLETED'` }\n      ]\n    },"
                            }
                        ]
                    }
                ]
            }
        ],
        "thread_ts": "1586251770.201000",
        "parent_user_id": "U011ADVBCJX"
    },
    {
        "client_msg_id": "e0fda5ed-21fb-4b39-930f-c6562358cde3",
        "type": "message",
        "text": "dimension:\nftueStageName: {\n      type: `string`,\n      sql: `EVENTDATA:StageName`\n    }",
        "user": "U011ADVBCJX",
        "ts": "1586267034.204800",
        "team": "TC0C1HURK",
        "user_team": "TC0C1HURK",
        "source_team": "TC0C1HURK",
        "user_profile": {
            "avatar_hash": "g1a7f61ad7f4",
            "image_72": "https:\/\/secure.gravatar.com\/avatar\/1a7f61ad7f479d7e93d5352356ad6686.jpg?s=72&d=https%3A%2F%2Fa.slack-edge.com%2Fdf10d%2Fimg%2Favatars%2Fava_0003-72.png",
            "first_name": "",
            "real_name": "Gaston Claret",
            "display_name": "Gaston Claret",
            "team": "TC0C1HURK",
            "name": "gaston",
            "is_restricted": false,
            "is_ultra_restricted": false
        },
        "blocks": [
            {
                "type": "rich_text",
                "block_id": "DsO",
                "elements": [
                    {
                        "type": "rich_text_section",
                        "elements": [
                            {
                                "type": "text",
                                "text": "dimension:\nftueStageName: {\n      type: `string`,\n      sql: `EVENTDATA:StageName`\n    }"
                            }
                        ]
                    }
                ]
            }
        ],
        "thread_ts": "1586251770.201000",
        "parent_user_id": "U011ADVBCJX"
    },
    {
        "client_msg_id": "6d9a4f56-00d7-4b15-b488-470af0b51532",
        "type": "message",
        "text": "I’ll be honest, I havent worked with the filters within measures yet",
        "user": "U010G2XD2F5",
        "ts": "1586267110.205000",
        "team": "TC0C1HURK",
        "user_team": "TC0C1HURK",
        "source_team": "TC0C1HURK",
        "user_profile": {
            "avatar_hash": "7e2eaacd4c1e",
            "image_72": "https:\/\/avatars.slack-edge.com\/2020-04-15\/1069231262244_7e2eaacd4c1e7165da5b_72.jpg",
            "first_name": "Chad",
            "real_name": "Chad Faurie",
            "display_name": "Chad",
            "team": "TC0C1HURK",
            "name": "chad",
            "is_restricted": false,
            "is_ultra_restricted": false
        },
        "blocks": [
            {
                "type": "rich_text",
                "block_id": "Li0i4",
                "elements": [
                    {
                        "type": "rich_text_section",
                        "elements": [
                            {
                                "type": "text",
                                "text": "I’ll be honest, I havent worked with the filters within measures yet"
                            }
                        ]
                    }
                ]
            }
        ],
        "thread_ts": "1586251770.201000",
        "parent_user_id": "U011ADVBCJX"
    },
    {
        "client_msg_id": "64ad21cf-a512-4b8e-b867-b5ec18114bcc",
        "type": "message",
        "text": "alright, thanks :smile:",
        "user": "U011ADVBCJX",
        "ts": "1586267178.205200",
        "team": "TC0C1HURK",
        "user_team": "TC0C1HURK",
        "source_team": "TC0C1HURK",
        "user_profile": {
            "avatar_hash": "g1a7f61ad7f4",
            "image_72": "https:\/\/secure.gravatar.com\/avatar\/1a7f61ad7f479d7e93d5352356ad6686.jpg?s=72&d=https%3A%2F%2Fa.slack-edge.com%2Fdf10d%2Fimg%2Favatars%2Fava_0003-72.png",
            "first_name": "",
            "real_name": "Gaston Claret",
            "display_name": "Gaston Claret",
            "team": "TC0C1HURK",
            "name": "gaston",
            "is_restricted": false,
            "is_ultra_restricted": false
        },
        "blocks": [
            {
                "type": "rich_text",
                "block_id": "Mty=8",
                "elements": [
                    {
                        "type": "rich_text_section",
                        "elements": [
                            {
                                "type": "text",
                                "text": "alright, thanks "
                            },
                            {
                                "type": "emoji",
                                "name": "smile"
                            }
                        ]
                    }
                ]
            }
        ],
        "thread_ts": "1586251770.201000",
        "parent_user_id": "U011ADVBCJX"
    },
    {
        "client_msg_id": "8c1addb1-0fbf-4f81-b522-462d6d04dbf8",
        "type": "message",
        "text": "Though you did teach me something new, so thanks for that",
        "user": "U010G2XD2F5",
        "ts": "1586267207.205400",
        "team": "TC0C1HURK",
        "user_team": "TC0C1HURK",
        "source_team": "TC0C1HURK",
        "user_profile": {
            "avatar_hash": "7e2eaacd4c1e",
            "image_72": "https:\/\/avatars.slack-edge.com\/2020-04-15\/1069231262244_7e2eaacd4c1e7165da5b_72.jpg",
            "first_name": "Chad",
            "real_name": "Chad Faurie",
            "display_name": "Chad",
            "team": "TC0C1HURK",
            "name": "chad",
            "is_restricted": false,
            "is_ultra_restricted": false
        },
        "blocks": [
            {
                "type": "rich_text",
                "block_id": "EpDE",
                "elements": [
                    {
                        "type": "rich_text_section",
                        "elements": [
                            {
                                "type": "text",
                                "text": "Though you did teach me something new, so thanks for that"
                            }
                        ]
                    }
                ]
            }
        ],
        "thread_ts": "1586251770.201000",
        "parent_user_id": "U011ADVBCJX"
    },
    {
        "type": "message",
        "subtype": "channel_join",
        "ts": "1586267811.205900",
        "user": "U011HC7RAC9",
        "text": "<@U011HC7RAC9> has joined the channel"
    },
    {
        "client_msg_id": "a76627a6-8794-4e13-b874-d1aca5ccd76e",
        "type": "message",
        "text": "I followed the tutorial [<https:\/\/cube.dev\/blog\/cubejs-open-source-dashboard-framework-ultimate-guide\/>] to get a jump start on the project.\n\nIt doesn't support static dashboard templates, how do I add static templates?\n\nOr do I have to create another project.",
        "user": "U010FU66J2D",
        "ts": "1586268011.207700",
        "team": "TC0C1HURK",
        "user_team": "TC0C1HURK",
        "source_team": "TC0C1HURK",
        "user_profile": {
            "avatar_hash": "g46699daa3e4",
            "image_72": "https:\/\/secure.gravatar.com\/avatar\/46699daa3e479f55a1ec33ba713b4f2c.jpg?s=72&d=https%3A%2F%2Fa.slack-edge.com%2Fdf10d%2Fimg%2Favatars%2Fava_0006-72.png",
            "first_name": "",
            "real_name": "Neha",
            "display_name": "Neha",
            "team": "TC0C1HURK",
            "name": "nniphadkar",
            "is_restricted": false,
            "is_ultra_restricted": false
        },
        "attachments": [
            {
                "service_name": "Cube.js Blog",
                "title": "Cube.js, the Open Source Dashboard Framework: Ultimate Guide | Cube.js Blog",
                "title_link": "https:\/\/cube.dev\/blog\/cubejs-open-source-dashboard-framework-ultimate-guide\/",
                "text": "Cube.js, the Open Source Dashboard Framework: Ultimate Guide",
                "fallback": "Cube.js Blog: Cube.js, the Open Source Dashboard Framework: Ultimate Guide | Cube.js Blog",
                "image_url": "https:\/\/media.graphcms.com\/Ltbq88xARUadar9VRMfT",
                "ts": 1553731200,
                "from_url": "https:\/\/cube.dev\/blog\/cubejs-open-source-dashboard-framework-ultimate-guide\/",
                "image_width": 629,
                "image_height": 250,
                "image_bytes": 461861,
                "id": 1,
                "original_url": "https:\/\/cube.dev\/blog\/cubejs-open-source-dashboard-framework-ultimate-guide\/"
            }
        ],
        "blocks": [
            {
                "type": "rich_text",
                "block_id": "zT2PV",
                "elements": [
                    {
                        "type": "rich_text_section",
                        "elements": [
                            {
                                "type": "text",
                                "text": "I followed the tutorial ["
                            },
                            {
                                "type": "link",
                                "url": "https:\/\/cube.dev\/blog\/cubejs-open-source-dashboard-framework-ultimate-guide\/"
                            },
                            {
                                "type": "text",
                                "text": "] to get a jump start on the project.\n\nIt doesn't support static dashboard templates, how do I add static templates?\n\nOr do I have to create another project."
                            }
                        ]
                    }
                ]
            }
        ],
        "thread_ts": "1586268011.207700",
        "reply_count": 1,
        "reply_users_count": 1,
        "latest_reply": "1586285987.208000",
        "reply_users": [
            "UC19HAUAK"
        ],
        "replies": [
            {
                "user": "UC19HAUAK",
                "ts": "1586285987.208000"
            }
        ],
        "subscribed": false
    },
    {
        "client_msg_id": "fbcfa19a-c2af-4a25-b3c4-0262f5cb73d6",
        "type": "message",
        "text": "Hey <@U010FU66J2D>! You then should use static template for your project.",
        "user": "UC19HAUAK",
        "ts": "1586285987.208000",
        "team": "TC0C1HURK",
        "user_team": "TC0C1HURK",
        "source_team": "TC0C1HURK",
        "user_profile": {
            "avatar_hash": "066a042e018c",
            "image_72": "https:\/\/avatars.slack-edge.com\/2019-12-07\/866588520998_066a042e018ca831a195_72.png",
            "first_name": "Pavel",
            "real_name": "Pavel Tiunov",
            "display_name": "pavel",
            "team": "TC0C1HURK",
            "name": "pavel",
            "is_restricted": false,
            "is_ultra_restricted": false
        },
        "blocks": [
            {
                "type": "rich_text",
                "block_id": "CJUL",
                "elements": [
                    {
                        "type": "rich_text_section",
                        "elements": [
                            {
                                "type": "text",
                                "text": "Hey "
                            },
                            {
                                "type": "user",
                                "user_id": "U010FU66J2D"
                            },
                            {
                                "type": "text",
                                "text": "! You then should use static template for your project."
                            }
                        ]
                    }
                ]
            }
        ],
        "thread_ts": "1586268011.207700",
        "parent_user_id": "U010FU66J2D"
    },
    {
        "client_msg_id": "d9026dd9-efc1-41a2-b083-fd03120c94a7",
        "type": "message",
        "text": "It was latest AWS ES. Not sure exactly which one.",
        "user": "UC19HAUAK",
        "ts": "1586286034.208200",
        "team": "TC0C1HURK",
        "user_team": "TC0C1HURK",
        "source_team": "TC0C1HURK",
        "user_profile": {
            "avatar_hash": "066a042e018c",
            "image_72": "https:\/\/avatars.slack-edge.com\/2019-12-07\/866588520998_066a042e018ca831a195_72.png",
            "first_name": "Pavel",
            "real_name": "Pavel Tiunov",
            "display_name": "pavel",
            "team": "TC0C1HURK",
            "name": "pavel",
            "is_restricted": false,
            "is_ultra_restricted": false
        },
        "blocks": [
            {
                "type": "rich_text",
                "block_id": "OJM",
                "elements": [
                    {
                        "type": "rich_text_section",
                        "elements": [
                            {
                                "type": "text",
                                "text": "It was latest AWS ES. Not sure exactly which one."
                            }
                        ]
                    }
                ]
            }
        ],
        "thread_ts": "1585329849.059400",
        "parent_user_id": "USR0LTS9J"
    },
    {
        "type": "message",
        "subtype": "channel_join",
        "ts": "1586289831.208700",
        "user": "U011CCTGMU3",
        "text": "<@U011CCTGMU3> has joined the channel"
    },
    {
        "client_msg_id": "b279d8aa-f570-42bd-93a8-eaea54f271a6",
        "type": "message",
        "text": "<@UC19HAUAK> your solution sum worked like a trick. Since we are using dummy data I was a bit confused. Thank you so much.",
        "user": "U0113R3DVDG",
        "ts": "1586298774.211400",
        "team": "TC0C1HURK",
        "user_team": "TC0C1HURK",
        "source_team": "TC0C1HURK",
        "user_profile": {
            "avatar_hash": "g13b55d6562b",
            "image_72": "https:\/\/secure.gravatar.com\/avatar\/13b55d6562b23cceb414fed3537563de.jpg?s=72&d=https%3A%2F%2Fa.slack-edge.com%2Fdf10d%2Fimg%2Favatars%2Fava_0011-72.png",
            "first_name": "",
            "real_name": "Sridhar Jakkula",
            "display_name": "Sridhar Jakkula",
            "team": "TC0C1HURK",
            "name": "sridhar.jakkula",
            "is_restricted": false,
            "is_ultra_restricted": false
        },
        "blocks": [
            {
                "type": "rich_text",
                "block_id": "wzm",
                "elements": [
                    {
                        "type": "rich_text_section",
                        "elements": [
                            {
                                "type": "user",
                                "user_id": "UC19HAUAK"
                            },
                            {
                                "type": "text",
                                "text": " your solution sum worked like a trick. Since we are using dummy data I was a bit confused. Thank you so much."
                            }
                        ]
                    }
                ]
            }
        ],
        "thread_ts": "1586013572.171100",
        "parent_user_id": "U0113R3DVDG",
        "reactions": [
            {
                "name": "+1",
                "users": [
                    "UC19HAUAK"
                ],
                "count": 1
            }
        ]
    },
    {
        "type": "message",
        "subtype": "channel_join",
        "ts": "1586298982.211700",
        "user": "U011MAAKBNG",
        "text": "<@U011MAAKBNG> has joined the channel"
    },
    {
        "client_msg_id": "a4dc5d62-d108-458c-bd8d-17bb975a9680",
        "type": "message",
        "text": "how do i go about setting a cert file for SSL db connection so I can avoid the self signed error? Is that within node or is it something in cube that can be set? I set CUBEJS_DB_SSL=true and playground complains about a self signed certificate.",
        "user": "U010JT30AEB",
        "ts": "1586299210.212300",
        "team": "TC0C1HURK",
        "user_team": "TC0C1HURK",
        "source_team": "TC0C1HURK",
        "user_profile": {
            "avatar_hash": "g14a468b81cf",
            "image_72": "https:\/\/secure.gravatar.com\/avatar\/14a468b81cf34633511b0e2c7a738e7f.jpg?s=72&d=https%3A%2F%2Fa.slack-edge.com%2Fdf10d%2Fimg%2Favatars%2Fava_0011-72.png",
            "first_name": "",
            "real_name": "George Lee",
            "display_name": "George Lee",
            "team": "TC0C1HURK",
            "name": "georgelee96",
            "is_restricted": false,
            "is_ultra_restricted": false
        },
        "blocks": [
            {
                "type": "rich_text",
                "block_id": "11c",
                "elements": [
                    {
                        "type": "rich_text_section",
                        "elements": [
                            {
                                "type": "text",
                                "text": "how do i go about setting a cert file for SSL db connection so I can avoid the self signed error? Is that within node or is it something in cube that can be set? I set CUBEJS_DB_SSL=true and playground complains about a self signed certificate."
                            }
                        ]
                    }
                ]
            }
        ],
        "thread_ts": "1586299210.212300",
        "reply_count": 10,
        "reply_users_count": 3,
        "latest_reply": "1587197056.399100",
        "reply_users": [
            "UC19HAUAK",
            "U010JT30AEB",
            "USMM7QR7G"
        ],
        "replies": [
            {
                "user": "UC19HAUAK",
                "ts": "1586367553.228100"
            },
            {
                "user": "U010JT30AEB",
                "ts": "1586367603.228400"
            },
            {
                "user": "U010JT30AEB",
                "ts": "1586367699.228800"
            },
            {
                "user": "U010JT30AEB",
                "ts": "1586457984.241500"
            },
            {
                "user": "UC19HAUAK",
                "ts": "1586480994.243400"
            },
            {
                "user": "U010JT30AEB",
                "ts": "1586491693.244600"
            },
            {
                "user": "UC19HAUAK",
                "ts": "1586493381.244800"
            },
            {
                "user": "USMM7QR7G",
                "ts": "1587196715.398700"
            },
            {
                "user": "USMM7QR7G",
                "ts": "1587196773.398900"
            },
            {
                "user": "USMM7QR7G",
                "ts": "1587197056.399100"
            }
        ],
        "subscribed": false
    },
    {
        "type": "message",
        "subtype": "channel_join",
        "ts": "1586308852.212600",
        "user": "U011HPU9XNH",
        "text": "<@U011HPU9XNH> has joined the channel"
    },
    {
        "client_msg_id": "2d01347a-95dd-4425-87e9-8a038178fe9a",
        "type": "message",
        "text": "Hello , I am trying to create a dashboard with react following React Dashboard: an Ultimate Guide but I am getting Warning as Warning: findDOMNode is deprecated in StrictMode. findDOMNode was passed an instance of DOMWrap which is inside StrictMode. Instead, add a ref directly to the element you want to reference. Learn more about using refs safely here: <https:\/\/fb.me\/react-strict-mode-find-node>\n    in ul (created by DOMWrap)\n    in DOMWrap (created by SubPopupMenu)\n    in SubPopupMenu (created by Connect(SubPopupMenu))\n    in Connect(SubPopupMenu) (created by Menu)\n    in Provider (created by Menu)\n    in Menu (created by Context.Consumer)\n    in InternalMenu (created by Context.Consumer)\n    in Menu (created by Styled(Menu))\n    in Styled(Menu) (at Header.js:114)\n    in header (created by Basic)\n    in Basic (created by Context.Consumer)\n    in Header (created by Styled(Header))\n    in Styled(Header) (at Header.js:110)\n    in Header (at App.js:27)\n    in section (created by Context.Consumer)\n    in BasicLayout (created by Context.Consumer)\n    in Layout (at App.js:22)\n    in AppLayout (at App.js:34)\n    in CubeProvider (at App.js:33)\n    in App (at src\/index.js:12)\n    in Router (created by HashRouter)\n    in HashRouter (at src\/index.js:11)\n    in StrictMode (at src\/index.js:10)\n\nFirefox can’t establish a connection to the server at <ws:\/\/localhost:4000\/>. cubejs-client-ws-transport.js:92\n\nplease help me out. thank you",
        "user": "UQZF9SYN5",
        "ts": "1586322619.215800",
        "team": "TC0C1HURK",
        "user_team": "TC0C1HURK",
        "source_team": "TC0C1HURK",
        "user_profile": {
            "avatar_hash": "gd700b983b01",
            "image_72": "https:\/\/secure.gravatar.com\/avatar\/d700b983b014410ecd3c75588445876b.jpg?s=72&d=https%3A%2F%2Fa.slack-edge.com%2Fdf10d%2Fimg%2Favatars%2Fava_0022-72.png",
            "first_name": "",
            "real_name": "meraj nabi",
            "display_name": "meraj nabi",
            "team": "TC0C1HURK",
            "name": "merajnabi",
            "is_restricted": false,
            "is_ultra_restricted": false
        },
        "attachments": [
            {
                "title": "Strict Mode – React",
                "title_link": "https:\/\/fb.me\/react-strict-mode-find-node",
                "text": "A JavaScript library for building user interfaces",
                "fallback": "Strict Mode – React",
                "image_url": "https:\/\/reactjs.org\/logo-og.png",
                "from_url": "https:\/\/fb.me\/react-strict-mode-find-node",
                "image_width": 476,
                "image_height": 250,
                "image_bytes": 10754,
                "service_icon": "https:\/\/reactjs.org\/logo-180x180.png",
                "service_name": "reactjs.org",
                "id": 1,
                "original_url": "https:\/\/fb.me\/react-strict-mode-find-node"
            }
        ],
        "blocks": [
            {
                "type": "rich_text",
                "block_id": "nH6",
                "elements": [
                    {
                        "type": "rich_text_section",
                        "elements": [
                            {
                                "type": "text",
                                "text": "Hello , I am trying to create a dashboard with react following React Dashboard: an Ultimate Guide but I am getting Warning as Warning: findDOMNode is deprecated in StrictMode. findDOMNode was passed an instance of DOMWrap which is inside StrictMode. Instead, add a ref directly to the element you want to reference. Learn more about using refs safely here: "
                            },
                            {
                                "type": "link",
                                "url": "https:\/\/fb.me\/react-strict-mode-find-node"
                            },
                            {
                                "type": "text",
                                "text": "\n    in ul (created by DOMWrap)\n    in DOMWrap (created by SubPopupMenu)\n    in SubPopupMenu (created by Connect(SubPopupMenu))\n    in Connect(SubPopupMenu) (created by Menu)\n    in Provider (created by Menu)\n    in Menu (created by Context.Consumer)\n    in InternalMenu (created by Context.Consumer)\n    in Menu (created by Styled(Menu))\n    in Styled(Menu) (at Header.js:114)\n    in header (created by Basic)\n    in Basic (created by Context.Consumer)\n    in Header (created by Styled(Header))\n    in Styled(Header) (at Header.js:110)\n    in Header (at App.js:27)\n    in section (created by Context.Consumer)\n    in BasicLayout (created by Context.Consumer)\n    in Layout (at App.js:22)\n    in AppLayout (at App.js:34)\n    in CubeProvider (at App.js:33)\n    in App (at src\/index.js:12)\n    in Router (created by HashRouter)\n    in HashRouter (at src\/index.js:11)\n    in StrictMode (at src\/index.js:10)\n\nFirefox can’t establish a connection to the server at "
                            },
                            {
                                "type": "link",
                                "url": "ws:\/\/localhost:4000\/"
                            },
                            {
                                "type": "text",
                                "text": ". cubejs-client-ws-transport.js:92\n\nplease help me out. thank you"
                            }
                        ]
                    }
                ]
            }
        ],
        "thread_ts": "1586322619.215800",
        "reply_count": 1,
        "reply_users_count": 1,
        "latest_reply": "1586367653.228600",
        "reply_users": [
            "UC19HAUAK"
        ],
        "replies": [
            {
                "user": "UC19HAUAK",
                "ts": "1586367653.228600"
            }
        ],
        "subscribed": false
    },
    {
        "client_msg_id": "973e8401-f786-468d-b5a1-8c800acfb093",
        "type": "message",
        "text": "I’ve started having a look at the implementation, it seems elastic doesnt throw an error in some cases and returns it in the payload, so i have added implementations for that, I have also noticed quite a lot of errors coming from null fields, not sure what to do about it as there are open issues for it on open distro <https:\/\/github.com\/opendistro-for-elasticsearch\/sql\/issues\/308>",
        "user": "U010G2XD2F5",
        "ts": "1586326434.216000",
        "team": "TC0C1HURK",
        "user_team": "TC0C1HURK",
        "source_team": "TC0C1HURK",
        "user_profile": {
            "avatar_hash": "7e2eaacd4c1e",
            "image_72": "https:\/\/avatars.slack-edge.com\/2020-04-15\/1069231262244_7e2eaacd4c1e7165da5b_72.jpg",
            "first_name": "Chad",
            "real_name": "Chad Faurie",
            "display_name": "Chad",
            "team": "TC0C1HURK",
            "name": "chad",
            "is_restricted": false,
            "is_ultra_restricted": false
        },
        "attachments": [
            {
                "service_name": "GitHub",
                "title": "\"all shards fail\" error when functions\/operators are applied to null-value field · Issue #308 · opendistro-for-elasticsearch\/sql",
                "title_link": "https:\/\/github.com\/opendistro-for-elasticsearch\/sql\/issues\/308",
                "text": "Example index: {&amp;quot;index&amp;quot;:{&amp;quot;_index&amp;quot;: &amp;quot;people&amp;quot;, &amp;quot;_id&amp;quot;:&amp;quot;1&amp;quot;}} {&amp;quot;account_number&amp;quot;:1,&amp;quot;balance&amp;quot;:39225,&amp;quot;firstname&amp;quot;:&amp;quot;Amber&amp;...",
                "fallback": "GitHub: \"all shards fail\" error when functions\/operators are applied to null-value field · Issue #308 · opendistro-for-elasticsearch\/sql",
                "thumb_url": "https:\/\/avatars3.githubusercontent.com\/u\/45981434?s=400&v=4",
                "from_url": "https:\/\/github.com\/opendistro-for-elasticsearch\/sql\/issues\/308",
                "thumb_width": 128,
                "thumb_height": 128,
                "service_icon": "https:\/\/a.slack-edge.com\/80588\/img\/unfurl_icons\/github.png",
                "id": 1,
                "original_url": "https:\/\/github.com\/opendistro-for-elasticsearch\/sql\/issues\/308"
            }
        ],
        "blocks": [
            {
                "type": "rich_text",
                "block_id": "avpFI",
                "elements": [
                    {
                        "type": "rich_text_section",
                        "elements": [
                            {
                                "type": "text",
                                "text": "I’ve started having a look at the implementation, it seems elastic doesnt throw an error in some cases and returns it in the payload, so i have added implementations for that, I have also noticed quite a lot of errors coming from null fields, not sure what to do about it as there are open issues for it on open distro "
                            },
                            {
                                "type": "link",
                                "url": "https:\/\/github.com\/opendistro-for-elasticsearch\/sql\/issues\/308"
                            }
                        ]
                    }
                ]
            }
        ],
        "thread_ts": "1585329849.059400",
        "parent_user_id": "USR0LTS9J"
    }
]