[
    {
        "type": "message",
        "subtype": "channel_join",
        "ts": "1580317102.172900",
        "user": "USWP4GFSN",
        "text": "<@USWP4GFSN> has joined the channel"
    },
    {
        "client_msg_id": "b6f43882-48c4-4618-8b2d-12e1f93a03fb",
        "type": "message",
        "text": "<@USVCEA96F> what behavior do you expect?  Last 24 hours returns 24 hours preceding the current one. It means it's mostly today and yesterday.",
        "user": "UC19HAUAK",
        "ts": "1580317978.173000",
        "team": "TC0C1HURK",
        "user_team": "TC0C1HURK",
        "source_team": "TC0C1HURK",
        "user_profile": {
            "avatar_hash": "066a042e018c",
            "image_72": "https:\/\/avatars.slack-edge.com\/2019-12-07\/866588520998_066a042e018ca831a195_72.png",
            "first_name": "Pavel",
            "real_name": "Pavel Tiunov",
            "display_name": "pavel",
            "team": "TC0C1HURK",
            "name": "pavel",
            "is_restricted": false,
            "is_ultra_restricted": false
        },
        "blocks": [
            {
                "type": "rich_text",
                "block_id": "3+LO",
                "elements": [
                    {
                        "type": "rich_text_section",
                        "elements": [
                            {
                                "type": "user",
                                "user_id": "USVCEA96F"
                            },
                            {
                                "type": "text",
                                "text": " what behavior do you expect?  Last 24 hours returns 24 hours preceding the current one. It means it's mostly today and yesterday."
                            }
                        ]
                    }
                ]
            }
        ],
        "thread_ts": "1580200363.166700",
        "parent_user_id": "USVCEA96F"
    },
    {
        "client_msg_id": "FAD061BA-43CD-4EF4-893B-147CBF85B91C",
        "type": "message",
        "text": "I’m expecting data 24 hours backwards from this moment. So now I expect to get data from 28.1. 20:00 to 29.1. 19:00 (at my time zone). But I get data from 29.1. 00:00 to 29.1. 23:00",
        "user": "USVCEA96F",
        "ts": "1580319126.176300",
        "team": "TC0C1HURK",
        "user_team": "TC0C1HURK",
        "source_team": "TC0C1HURK",
        "user_profile": {
            "avatar_hash": "4937c714c843",
            "image_72": "https:\/\/avatars.slack-edge.com\/2020-01-29\/926690519808_4937c714c84306ede884_72.jpg",
            "first_name": "Janne",
            "real_name": "Janne Saarela",
            "display_name": "janne",
            "team": "TC0C1HURK",
            "name": "janne",
            "is_restricted": false,
            "is_ultra_restricted": false
        },
        "blocks": [
            {
                "type": "rich_text",
                "block_id": "TFym",
                "elements": [
                    {
                        "type": "rich_text_section",
                        "elements": [
                            {
                                "type": "text",
                                "text": "I’m expecting data 24 hours backwards from this moment. So now I expect to get data from 28.1. 20:00 to 29.1. 19:00 (at my time zone). But I get data from 29.1. 00:00 to 29.1. 23:00"
                            }
                        ]
                    }
                ]
            }
        ],
        "thread_ts": "1580200363.166700",
        "parent_user_id": "USVCEA96F"
    },
    {
        "client_msg_id": "83e4e8f7-f8e5-4b17-882d-7162edcce065",
        "type": "message",
        "text": "<@USVCEA96F> Do you pass timezone as part of query? By default it's UTC.",
        "user": "UC19HAUAK",
        "ts": "1580327471.176500",
        "team": "TC0C1HURK",
        "user_team": "TC0C1HURK",
        "source_team": "TC0C1HURK",
        "user_profile": {
            "avatar_hash": "066a042e018c",
            "image_72": "https:\/\/avatars.slack-edge.com\/2019-12-07\/866588520998_066a042e018ca831a195_72.png",
            "first_name": "Pavel",
            "real_name": "Pavel Tiunov",
            "display_name": "pavel",
            "team": "TC0C1HURK",
            "name": "pavel",
            "is_restricted": false,
            "is_ultra_restricted": false
        },
        "blocks": [
            {
                "type": "rich_text",
                "block_id": "LvsZ9",
                "elements": [
                    {
                        "type": "rich_text_section",
                        "elements": [
                            {
                                "type": "user",
                                "user_id": "USVCEA96F"
                            },
                            {
                                "type": "text",
                                "text": " Do you pass timezone as part of query? By default it's UTC."
                            }
                        ]
                    }
                ]
            }
        ],
        "thread_ts": "1580200363.166700",
        "parent_user_id": "USVCEA96F"
    },
    {
        "client_msg_id": "71955e1f-9626-434a-8ce7-e63f0760e37c",
        "type": "message",
        "text": "FYI: if anyone interenested in metabase - we are asked question regarding to get it work distinct, sum group by inbuild GUI functions\n<https:\/\/discourse.metabase.com\/t\/metabase-driver-for-cubejs-distinct-groupby\/8595\/3>",
        "user": "ULKS069JN",
        "ts": "1580327985.177600",
        "team": "TC0C1HURK",
        "user_team": "TC0C1HURK",
        "source_team": "TC0C1HURK",
        "user_profile": {
            "avatar_hash": "b1fec10e8c15",
            "image_72": "https:\/\/avatars.slack-edge.com\/2019-11-13\/835478181030_b1fec10e8c15e04269cc_72.png",
            "first_name": "Norbert",
            "real_name": "Norbert Bede",
            "display_name": "Norbert Bede",
            "team": "TC0C1HURK",
            "name": "norbert.bede764",
            "is_restricted": false,
            "is_ultra_restricted": false
        },
        "edited": {
            "user": "ULKS069JN",
            "ts": "1580328138.000000"
        },
        "attachments": [
            {
                "service_name": "Metabase Discussion",
                "title": "Metabase Driver for CubeJS - Distinct\/GroupBy",
                "title_link": "https:\/\/discourse.metabase.com\/t\/metabase-driver-for-cubejs-distinct-groupby\/8595\/3",
                "text": "Hi Damon, i’m in contact with people form Lili. However their requirement is mainly create charts and dashboards, but probably we would like create cube with low granularity i mean driver should support cubes sum\/distincts etc. I love cubejs, this is a really cool, simple - well documented tool, I would like to get answer from metabase, is it possible make calculations in driver level. Cubejs has simple REST api so can’t make directly e.g Distinct. would be helpful find the right person who ...",
                "fallback": "Metabase Discussion: Metabase Driver for CubeJS - Distinct\/GroupBy",
                "thumb_url": "http:\/\/discourse.metabase.com\/letter_avatar_proxy\/v4\/letter\/n\/a587f6\/200.png",
                "ts": 1580327974,
                "from_url": "https:\/\/discourse.metabase.com\/t\/metabase-driver-for-cubejs-distinct-groupby\/8595\/3",
                "thumb_width": 200,
                "thumb_height": 200,
                "service_icon": "http:\/\/discourse.metabase.com\/uploads\/default\/optimized\/2X\/0\/04a2a02632e6dad26c2709c0b8c821dabd624dd6_2_180x180.png",
                "id": 1,
                "original_url": "https:\/\/discourse.metabase.com\/t\/metabase-driver-for-cubejs-distinct-groupby\/8595\/3"
            }
        ],
        "blocks": [
            {
                "type": "rich_text",
                "block_id": "AIPA",
                "elements": [
                    {
                        "type": "rich_text_section",
                        "elements": [
                            {
                                "type": "text",
                                "text": "FYI: if anyone interenested in metabase - we are asked question regarding to get it work distinct, sum group by inbuild GUI functions\n"
                            },
                            {
                                "type": "link",
                                "url": "https:\/\/discourse.metabase.com\/t\/metabase-driver-for-cubejs-distinct-groupby\/8595\/3"
                            }
                        ]
                    }
                ]
            }
        ],
        "thread_ts": "1580327985.177600",
        "reply_count": 9,
        "reply_users_count": 2,
        "latest_reply": "1580358431.190000",
        "reply_users": [
            "UC19HAUAK",
            "ULKS069JN"
        ],
        "replies": [
            {
                "user": "UC19HAUAK",
                "ts": "1580335900.185800"
            },
            {
                "user": "ULKS069JN",
                "ts": "1580355789.187900"
            },
            {
                "user": "UC19HAUAK",
                "ts": "1580357507.188100"
            },
            {
                "user": "ULKS069JN",
                "ts": "1580357728.188300"
            },
            {
                "user": "UC19HAUAK",
                "ts": "1580357894.188500"
            },
            {
                "user": "ULKS069JN",
                "ts": "1580358197.188800"
            },
            {
                "user": "UC19HAUAK",
                "ts": "1580358338.189400"
            },
            {
                "user": "ULKS069JN",
                "ts": "1580358424.189800"
            },
            {
                "user": "ULKS069JN",
                "ts": "1580358431.190000"
            }
        ],
        "subscribed": false
    },
    {
        "client_msg_id": "8B86BAD1-F7E7-4598-9F27-8B9E6961F83F",
        "type": "message",
        "text": "<@UC19HAUAK> nope, I don’t. But our time zone is UTC+2\/+3 so that won’t explain it?",
        "user": "USVCEA96F",
        "ts": "1580328223.179900",
        "team": "TC0C1HURK",
        "user_team": "TC0C1HURK",
        "source_team": "TC0C1HURK",
        "user_profile": {
            "avatar_hash": "4937c714c843",
            "image_72": "https:\/\/avatars.slack-edge.com\/2020-01-29\/926690519808_4937c714c84306ede884_72.jpg",
            "first_name": "Janne",
            "real_name": "Janne Saarela",
            "display_name": "janne",
            "team": "TC0C1HURK",
            "name": "janne",
            "is_restricted": false,
            "is_ultra_restricted": false
        },
        "blocks": [
            {
                "type": "rich_text",
                "block_id": "U9v",
                "elements": [
                    {
                        "type": "rich_text_section",
                        "elements": [
                            {
                                "type": "user",
                                "user_id": "UC19HAUAK"
                            },
                            {
                                "type": "text",
                                "text": " nope, I don’t. But our time zone is UTC+2\/+3 so that won’t explain it?"
                            }
                        ]
                    }
                ]
            }
        ],
        "thread_ts": "1580200363.166700",
        "parent_user_id": "USVCEA96F"
    },
    {
        "type": "message",
        "subtype": "channel_join",
        "ts": "1580332268.180200",
        "user": "UT9HG5SF6",
        "text": "<@UT9HG5SF6> has joined the channel"
    },
    {
        "client_msg_id": "d38b53fe-f940-4ac7-a1cc-78a51937b1e7",
        "type": "message",
        "text": "Hi, I am trying to understand if pre-aggregations would solve a requirement I am facing. I would like to keep the count aggregation stored and accessible as time passes. Say today the DB contains x amount of documents\/entries, tomorrow it will have y. I want to keep track of the x value for today and be able to retrieve it when I query for the count of today's date.  Will pre-aggregations work to achieve this?",
        "user": "UT9HG5SF6",
        "ts": "1580333104.185200",
        "team": "TC0C1HURK",
        "user_team": "TC0C1HURK",
        "source_team": "TC0C1HURK",
        "user_profile": {
            "avatar_hash": "g5a497e405d6",
            "image_72": "https:\/\/secure.gravatar.com\/avatar\/5a497e405d60375a1fb87e76729fe908.jpg?s=72&d=https%3A%2F%2Fa.slack-edge.com%2Fdf10d%2Fimg%2Favatars%2Fava_0010-72.png",
            "first_name": "",
            "real_name": "Carlos Perilla",
            "display_name": "Carlos Perilla",
            "team": "TC0C1HURK",
            "name": "carlos",
            "is_restricted": false,
            "is_ultra_restricted": false
        },
        "blocks": [
            {
                "type": "rich_text",
                "block_id": "W6=",
                "elements": [
                    {
                        "type": "rich_text_section",
                        "elements": [
                            {
                                "type": "text",
                                "text": "Hi, I am trying to understand if pre-aggregations would solve a requirement I am facing. I would like to keep the count aggregation stored and accessible as time passes. Say today the DB contains x amount of documents\/entries, tomorrow it will have y. I want to keep track of the x value for today and be able to retrieve it when I query for the count of today's date.  Will pre-aggregations work to achieve this?"
                            }
                        ]
                    }
                ]
            }
        ],
        "thread_ts": "1580333104.185200",
        "reply_count": 4,
        "reply_users_count": 2,
        "latest_reply": "1580345745.187600",
        "reply_users": [
            "UC19HAUAK",
            "UT9HG5SF6"
        ],
        "replies": [
            {
                "user": "UC19HAUAK",
                "ts": "1580336114.186000"
            },
            {
                "user": "UT9HG5SF6",
                "ts": "1580342112.187000"
            },
            {
                "user": "UC19HAUAK",
                "ts": "1580344103.187200"
            },
            {
                "user": "UT9HG5SF6",
                "ts": "1580345745.187600"
            }
        ],
        "subscribed": false
    },
    {
        "client_msg_id": "dfc1bd96-5bc0-46b0-8078-d53f5af7ceb5",
        "type": "message",
        "text": "provide what?",
        "user": "UNE1YNPDW",
        "ts": "1580333368.185300",
        "team": "TC0C1HURK",
        "user_team": "TC0C1HURK",
        "source_team": "TC0C1HURK",
        "user_profile": {
            "avatar_hash": "g6d7dd9499df",
            "image_72": "https:\/\/secure.gravatar.com\/avatar\/e6d7dd9499df0c9c28e9d42ffae3d4fa.jpg?s=72&d=https%3A%2F%2Fa.slack-edge.com%2Fdf10d%2Fimg%2Favatars%2Fava_0001-72.png",
            "first_name": "",
            "real_name": "ismael",
            "display_name": "ismael",
            "team": "TC0C1HURK",
            "name": "isgoulani",
            "is_restricted": false,
            "is_ultra_restricted": false
        },
        "blocks": [
            {
                "type": "rich_text",
                "block_id": "iZa",
                "elements": [
                    {
                        "type": "rich_text_section",
                        "elements": [
                            {
                                "type": "text",
                                "text": "provide what?"
                            }
                        ]
                    }
                ]
            }
        ],
        "thread_ts": "1579788959.105900",
        "parent_user_id": "UNE1YNPDW"
    },
    {
        "client_msg_id": "c0d1fb86-0294-4614-96e5-2fc57dd88ea6",
        "type": "message",
        "text": "<@USVCEA96F> Yeah. Do you think it doesn't change over time? Always starts from 00:00?",
        "user": "UC19HAUAK",
        "ts": "1580334533.185500",
        "team": "TC0C1HURK",
        "user_team": "TC0C1HURK",
        "source_team": "TC0C1HURK",
        "user_profile": {
            "avatar_hash": "066a042e018c",
            "image_72": "https:\/\/avatars.slack-edge.com\/2019-12-07\/866588520998_066a042e018ca831a195_72.png",
            "first_name": "Pavel",
            "real_name": "Pavel Tiunov",
            "display_name": "pavel",
            "team": "TC0C1HURK",
            "name": "pavel",
            "is_restricted": false,
            "is_ultra_restricted": false
        },
        "blocks": [
            {
                "type": "rich_text",
                "block_id": "Lnmm6",
                "elements": [
                    {
                        "type": "rich_text_section",
                        "elements": [
                            {
                                "type": "user",
                                "user_id": "USVCEA96F"
                            },
                            {
                                "type": "text",
                                "text": " Yeah. Do you think it doesn't change over time? Always starts from 00:00?"
                            }
                        ]
                    }
                ]
            }
        ],
        "thread_ts": "1580200363.166700",
        "parent_user_id": "USVCEA96F"
    },
    {
        "client_msg_id": "acd56530-3ba8-4c85-901e-ca3b8d5c0ebb",
        "type": "message",
        "text": "Hey <@ULKS069JN>! I briefly checked metabase driver code and in my understanding they're just ignore any modifiers for measures. I mean it should be no difference if you select distinct count or sum for Cube.js measure. It'll calculate as defined in schema. Is it what you see?",
        "user": "UC19HAUAK",
        "ts": "1580335900.185800",
        "team": "TC0C1HURK",
        "user_team": "TC0C1HURK",
        "source_team": "TC0C1HURK",
        "user_profile": {
            "avatar_hash": "066a042e018c",
            "image_72": "https:\/\/avatars.slack-edge.com\/2019-12-07\/866588520998_066a042e018ca831a195_72.png",
            "first_name": "Pavel",
            "real_name": "Pavel Tiunov",
            "display_name": "pavel",
            "team": "TC0C1HURK",
            "name": "pavel",
            "is_restricted": false,
            "is_ultra_restricted": false
        },
        "blocks": [
            {
                "type": "rich_text",
                "block_id": "0wm",
                "elements": [
                    {
                        "type": "rich_text_section",
                        "elements": [
                            {
                                "type": "text",
                                "text": "Hey "
                            },
                            {
                                "type": "user",
                                "user_id": "ULKS069JN"
                            },
                            {
                                "type": "text",
                                "text": "! I briefly checked metabase driver code and in my understanding they're just ignore any modifiers for measures. I mean it should be no difference if you select distinct count or sum for Cube.js measure. It'll calculate as defined in schema. Is it what you see?"
                            }
                        ]
                    }
                ]
            }
        ],
        "thread_ts": "1580327985.177600",
        "parent_user_id": "ULKS069JN"
    },
    {
        "client_msg_id": "1223a95d-01bb-4441-8cbe-4db374786e6d",
        "type": "message",
        "text": "Hey <@UT9HG5SF6>! Do you mean just to ensure pre-aggregations keept up to date with new data?",
        "user": "UC19HAUAK",
        "ts": "1580336114.186000",
        "team": "TC0C1HURK",
        "user_team": "TC0C1HURK",
        "source_team": "TC0C1HURK",
        "user_profile": {
            "avatar_hash": "066a042e018c",
            "image_72": "https:\/\/avatars.slack-edge.com\/2019-12-07\/866588520998_066a042e018ca831a195_72.png",
            "first_name": "Pavel",
            "real_name": "Pavel Tiunov",
            "display_name": "pavel",
            "team": "TC0C1HURK",
            "name": "pavel",
            "is_restricted": false,
            "is_ultra_restricted": false
        },
        "edited": {
            "user": "UC19HAUAK",
            "ts": "1580336119.000000"
        },
        "blocks": [
            {
                "type": "rich_text",
                "block_id": "pzrrA",
                "elements": [
                    {
                        "type": "rich_text_section",
                        "elements": [
                            {
                                "type": "text",
                                "text": "Hey "
                            },
                            {
                                "type": "user",
                                "user_id": "UT9HG5SF6"
                            },
                            {
                                "type": "text",
                                "text": "! Do you mean just to ensure pre-aggregations keept up to date with new data?"
                            }
                        ]
                    }
                ]
            }
        ],
        "thread_ts": "1580333104.185200",
        "parent_user_id": "UT9HG5SF6"
    },
    {
        "client_msg_id": "44978830-6ecb-4cb3-b2f0-5c7122d85f8f",
        "type": "message",
        "text": "<@UNE1YNPDW> pull request",
        "user": "UC19HAUAK",
        "ts": "1580336129.186300",
        "team": "TC0C1HURK",
        "user_team": "TC0C1HURK",
        "source_team": "TC0C1HURK",
        "user_profile": {
            "avatar_hash": "066a042e018c",
            "image_72": "https:\/\/avatars.slack-edge.com\/2019-12-07\/866588520998_066a042e018ca831a195_72.png",
            "first_name": "Pavel",
            "real_name": "Pavel Tiunov",
            "display_name": "pavel",
            "team": "TC0C1HURK",
            "name": "pavel",
            "is_restricted": false,
            "is_ultra_restricted": false
        },
        "blocks": [
            {
                "type": "rich_text",
                "block_id": "QWe",
                "elements": [
                    {
                        "type": "rich_text_section",
                        "elements": [
                            {
                                "type": "user",
                                "user_id": "UNE1YNPDW"
                            },
                            {
                                "type": "text",
                                "text": " pull request"
                            }
                        ]
                    }
                ]
            }
        ],
        "thread_ts": "1579788959.105900",
        "parent_user_id": "UNE1YNPDW"
    },
    {
        "client_msg_id": "2f9c6c59-c7b9-40fa-b9e1-4ec27cd74b61",
        "type": "message",
        "text": "you didn’t provide a solution for this issue already?",
        "user": "UNE1YNPDW",
        "ts": "1580336362.186500",
        "team": "TC0C1HURK",
        "user_team": "TC0C1HURK",
        "source_team": "TC0C1HURK",
        "user_profile": {
            "avatar_hash": "g6d7dd9499df",
            "image_72": "https:\/\/secure.gravatar.com\/avatar\/e6d7dd9499df0c9c28e9d42ffae3d4fa.jpg?s=72&d=https%3A%2F%2Fa.slack-edge.com%2Fdf10d%2Fimg%2Favatars%2Fava_0001-72.png",
            "first_name": "",
            "real_name": "ismael",
            "display_name": "ismael",
            "team": "TC0C1HURK",
            "name": "isgoulani",
            "is_restricted": false,
            "is_ultra_restricted": false
        },
        "blocks": [
            {
                "type": "rich_text",
                "block_id": "nct0",
                "elements": [
                    {
                        "type": "rich_text_section",
                        "elements": [
                            {
                                "type": "text",
                                "text": "you didn’t provide a solution for this issue already?"
                            }
                        ]
                    }
                ]
            }
        ],
        "thread_ts": "1579788959.105900",
        "parent_user_id": "UNE1YNPDW"
    },
    {
        "type": "message",
        "subtype": "channel_join",
        "ts": "1580337485.186700",
        "user": "USZUAEJ49",
        "text": "<@USZUAEJ49> has joined the channel"
    },
    {
        "type": "message",
        "subtype": "channel_join",
        "ts": "1580339157.186900",
        "user": "UTA6PBS8Y",
        "text": "<@UTA6PBS8Y> has joined the channel"
    },
    {
        "client_msg_id": "65797d4d-4770-413a-9d10-7560fa435ac4",
        "type": "message",
        "text": "I'm more interested on keeping the historical results.",
        "user": "UT9HG5SF6",
        "ts": "1580342112.187000",
        "team": "TC0C1HURK",
        "user_team": "TC0C1HURK",
        "source_team": "TC0C1HURK",
        "user_profile": {
            "avatar_hash": "g5a497e405d6",
            "image_72": "https:\/\/secure.gravatar.com\/avatar\/5a497e405d60375a1fb87e76729fe908.jpg?s=72&d=https%3A%2F%2Fa.slack-edge.com%2Fdf10d%2Fimg%2Favatars%2Fava_0010-72.png",
            "first_name": "",
            "real_name": "Carlos Perilla",
            "display_name": "Carlos Perilla",
            "team": "TC0C1HURK",
            "name": "carlos",
            "is_restricted": false,
            "is_ultra_restricted": false
        },
        "blocks": [
            {
                "type": "rich_text",
                "block_id": "UtxV",
                "elements": [
                    {
                        "type": "rich_text_section",
                        "elements": [
                            {
                                "type": "text",
                                "text": "I'm more interested on keeping the historical results."
                            }
                        ]
                    }
                ]
            }
        ],
        "thread_ts": "1580333104.185200",
        "parent_user_id": "UT9HG5SF6"
    },
    {
        "client_msg_id": "a3198623-1e03-46c9-857e-907784be69df",
        "type": "message",
        "text": "<@UT9HG5SF6> Gotcha. It's called snapshotting. Pre-aggregations doesn't support that now unfortunately. If you have slow changing dimensions and want to query history just write change events to some another table. This event can be used in Cube.js to build these historical charts.",
        "user": "UC19HAUAK",
        "ts": "1580344103.187200",
        "team": "TC0C1HURK",
        "user_team": "TC0C1HURK",
        "source_team": "TC0C1HURK",
        "user_profile": {
            "avatar_hash": "066a042e018c",
            "image_72": "https:\/\/avatars.slack-edge.com\/2019-12-07\/866588520998_066a042e018ca831a195_72.png",
            "first_name": "Pavel",
            "real_name": "Pavel Tiunov",
            "display_name": "pavel",
            "team": "TC0C1HURK",
            "name": "pavel",
            "is_restricted": false,
            "is_ultra_restricted": false
        },
        "blocks": [
            {
                "type": "rich_text",
                "block_id": "RJ+",
                "elements": [
                    {
                        "type": "rich_text_section",
                        "elements": [
                            {
                                "type": "user",
                                "user_id": "UT9HG5SF6"
                            },
                            {
                                "type": "text",
                                "text": " Gotcha. It's called snapshotting. Pre-aggregations doesn't support that now unfortunately. If you have slow changing dimensions and want to query history just write change events to some another table. This event can be used in Cube.js to build these historical charts."
                            }
                        ]
                    }
                ]
            }
        ],
        "thread_ts": "1580333104.185200",
        "parent_user_id": "UT9HG5SF6"
    },
    {
        "client_msg_id": "fc5e7cdb-9d90-47fd-869b-065c5cea5077",
        "type": "message",
        "text": "Thanks <@UC19HAUAK>",
        "user": "USYDGGPEZ",
        "ts": "1580345016.187400",
        "team": "TC0C1HURK",
        "user_team": "TC0C1HURK",
        "source_team": "TC0C1HURK",
        "user_profile": {
            "avatar_hash": "g6174a480e95",
            "image_72": "https:\/\/secure.gravatar.com\/avatar\/6174a480e953022b3b0a431046fa9a11.jpg?s=72&d=https%3A%2F%2Fa.slack-edge.com%2Fdf10d%2Fimg%2Favatars%2Fava_0023-72.png",
            "first_name": "",
            "real_name": "Abhishek Prajapati",
            "display_name": "Abhishek Prajapati",
            "team": "TC0C1HURK",
            "name": "abhishek192",
            "is_restricted": false,
            "is_ultra_restricted": false
        },
        "blocks": [
            {
                "type": "rich_text",
                "block_id": "BecvW",
                "elements": [
                    {
                        "type": "rich_text_section",
                        "elements": [
                            {
                                "type": "text",
                                "text": "Thanks "
                            },
                            {
                                "type": "user",
                                "user_id": "UC19HAUAK"
                            }
                        ]
                    }
                ]
            }
        ],
        "thread_ts": "1580256050.170000",
        "parent_user_id": "USYDGGPEZ"
    },
    {
        "client_msg_id": "fcdd531f-1a61-4d5d-9e8b-2920150ddf52",
        "type": "message",
        "text": "Alright, thanks, that was plan B.",
        "user": "UT9HG5SF6",
        "ts": "1580345745.187600",
        "team": "TC0C1HURK",
        "user_team": "TC0C1HURK",
        "source_team": "TC0C1HURK",
        "user_profile": {
            "avatar_hash": "g5a497e405d6",
            "image_72": "https:\/\/secure.gravatar.com\/avatar\/5a497e405d60375a1fb87e76729fe908.jpg?s=72&d=https%3A%2F%2Fa.slack-edge.com%2Fdf10d%2Fimg%2Favatars%2Fava_0010-72.png",
            "first_name": "",
            "real_name": "Carlos Perilla",
            "display_name": "Carlos Perilla",
            "team": "TC0C1HURK",
            "name": "carlos",
            "is_restricted": false,
            "is_ultra_restricted": false
        },
        "blocks": [
            {
                "type": "rich_text",
                "block_id": "4RTd9",
                "elements": [
                    {
                        "type": "rich_text_section",
                        "elements": [
                            {
                                "type": "text",
                                "text": "Alright, thanks, that was plan B."
                            }
                        ]
                    }
                ]
            }
        ],
        "thread_ts": "1580333104.185200",
        "parent_user_id": "UT9HG5SF6",
        "reactions": [
            {
                "name": "raised_hands",
                "users": [
                    "UC19HAUAK"
                ],
                "count": 1
            }
        ]
    },
    {
        "client_msg_id": "f5ee64d0-743c-4860-9203-a4ad1bb4576d",
        "type": "message",
        "text": "hi <@UC19HAUAK> yes. they allowed existing measures, however gui allow more then driver support now. The problem is not cubejs has not enough aggregatiojn options, but that - user is limited, and why data can't be intended as default level of aggregation ? the user still should aggregate in memory. IMHO e.g if you create from 1mill row 100 000 then your aggregation probably in cubejs \"mid granularity\" but another side the benefit is user don't need to make for each combination as many \"question\" in metabase. Otherwise this is just replacing html charts and allow create charts in metabase. (eg. aws quickshight has in-memory support, tablueau has 2options live or \"caching like\" i dont remember - but at the and it is computing power to help such use cases)\n\nThe main value for user why to use metabase and html report together, while metabase focus on interaction and simple question\/answer and allow give for mid management ability analyse data by question like PowerBI and Tableau (i had presentation form consultants).\n\nFor cubejs can be the benefit start combine per case cuberjs power with Metabase,  (maybe tableau, powerbi) - probably it is not goal, but exacty something should help midtime or we can simple show cubejs power when negotiating in sales phase (get customer to custom reports instead tableau)",
        "user": "ULKS069JN",
        "ts": "1580355789.187900",
        "team": "TC0C1HURK",
        "user_team": "TC0C1HURK",
        "source_team": "TC0C1HURK",
        "user_profile": {
            "avatar_hash": "b1fec10e8c15",
            "image_72": "https:\/\/avatars.slack-edge.com\/2019-11-13\/835478181030_b1fec10e8c15e04269cc_72.png",
            "first_name": "Norbert",
            "real_name": "Norbert Bede",
            "display_name": "Norbert Bede",
            "team": "TC0C1HURK",
            "name": "norbert.bede764",
            "is_restricted": false,
            "is_ultra_restricted": false
        },
        "blocks": [
            {
                "type": "rich_text",
                "block_id": "G49RB",
                "elements": [
                    {
                        "type": "rich_text_section",
                        "elements": [
                            {
                                "type": "text",
                                "text": "hi "
                            },
                            {
                                "type": "user",
                                "user_id": "UC19HAUAK"
                            },
                            {
                                "type": "text",
                                "text": " yes. they allowed existing measures, however gui allow more then driver support now. The problem is not cubejs has not enough aggregatiojn options, but that - user is limited, and why data can't be intended as default level of aggregation ? the user still should aggregate in memory. IMHO e.g if you create from 1mill row 100 000 then your aggregation probably in cubejs \"mid granularity\" but another side the benefit is user don't need to make for each combination as many \"question\" in metabase. Otherwise this is just replacing html charts and allow create charts in metabase. (eg. aws quickshight has in-memory support, tablueau has 2options live or \"caching like\" i dont remember - but at the and it is computing power to help such use cases)\n\nThe main value for user why to use metabase and html report together, while metabase focus on interaction and simple question\/answer and allow give for mid management ability analyse data by question like PowerBI and Tableau (i had presentation form consultants).\n\nFor cubejs can be the benefit start combine per case cuberjs power with Metabase,  (maybe tableau, powerbi) - probably it is not goal, but exacty something should help midtime or we can simple show cubejs power when negotiating in sales phase (get customer to custom reports instead tableau)"
                            }
                        ]
                    }
                ]
            }
        ],
        "thread_ts": "1580327985.177600",
        "parent_user_id": "ULKS069JN"
    },
    {
        "client_msg_id": "4392df51-0479-4ea4-966a-c24526faab14",
        "type": "message",
        "text": "<@ULKS069JN> Cube.js doesn't provide aggregation options by design. It's just different approaches. Measure definition in Cube.js is self sufficient unlike in Metabase which also requires aggregation.",
        "user": "UC19HAUAK",
        "ts": "1580357507.188100",
        "team": "TC0C1HURK",
        "user_team": "TC0C1HURK",
        "source_team": "TC0C1HURK",
        "user_profile": {
            "avatar_hash": "066a042e018c",
            "image_72": "https:\/\/avatars.slack-edge.com\/2019-12-07\/866588520998_066a042e018ca831a195_72.png",
            "first_name": "Pavel",
            "real_name": "Pavel Tiunov",
            "display_name": "pavel",
            "team": "TC0C1HURK",
            "name": "pavel",
            "is_restricted": false,
            "is_ultra_restricted": false
        },
        "blocks": [
            {
                "type": "rich_text",
                "block_id": "zuHG",
                "elements": [
                    {
                        "type": "rich_text_section",
                        "elements": [
                            {
                                "type": "user",
                                "user_id": "ULKS069JN"
                            },
                            {
                                "type": "text",
                                "text": " Cube.js doesn't provide aggregation options by design. It's just different approaches. Measure definition in Cube.js is self sufficient unlike in Metabase which also requires aggregation."
                            }
                        ]
                    }
                ]
            }
        ],
        "thread_ts": "1580327985.177600",
        "parent_user_id": "ULKS069JN"
    },
    {
        "client_msg_id": "c0d7eba4-1528-46b6-bf6c-68379e0cdb7e",
        "type": "message",
        "text": "i see design is ok, approaches are different - like many other solutions - the question is - is it good idea  or possible to use effectively together. While if no then doesn't help, customer html reports are better way for now. (But i lost have options 1 source of true in cubjes but 2 options for reporting)",
        "user": "ULKS069JN",
        "ts": "1580357728.188300",
        "team": "TC0C1HURK",
        "user_team": "TC0C1HURK",
        "source_team": "TC0C1HURK",
        "user_profile": {
            "avatar_hash": "b1fec10e8c15",
            "image_72": "https:\/\/avatars.slack-edge.com\/2019-11-13\/835478181030_b1fec10e8c15e04269cc_72.png",
            "first_name": "Norbert",
            "real_name": "Norbert Bede",
            "display_name": "Norbert Bede",
            "team": "TC0C1HURK",
            "name": "norbert.bede764",
            "is_restricted": false,
            "is_ultra_restricted": false
        },
        "blocks": [
            {
                "type": "rich_text",
                "block_id": "cecs",
                "elements": [
                    {
                        "type": "rich_text_section",
                        "elements": [
                            {
                                "type": "text",
                                "text": "i see design is ok, approaches are different - like many other solutions - the question is - is it good idea  or possible to use effectively together. While if no then doesn't help, customer html reports are better way for now. (But i lost have options 1 source of true in cubjes but 2 options for reporting)"
                            }
                        ]
                    }
                ]
            }
        ],
        "thread_ts": "1580327985.177600",
        "parent_user_id": "ULKS069JN"
    },
    {
        "client_msg_id": "f57f771b-988f-4b30-a9d8-1af6494c2fb7",
        "type": "message",
        "text": "<@ULKS069JN> What's the main user problem right now? Do they expect agg options in UI would affect measure calculation and in fact it doesn't?",
        "user": "UC19HAUAK",
        "ts": "1580357894.188500",
        "team": "TC0C1HURK",
        "user_team": "TC0C1HURK",
        "source_team": "TC0C1HURK",
        "user_profile": {
            "avatar_hash": "066a042e018c",
            "image_72": "https:\/\/avatars.slack-edge.com\/2019-12-07\/866588520998_066a042e018ca831a195_72.png",
            "first_name": "Pavel",
            "real_name": "Pavel Tiunov",
            "display_name": "pavel",
            "team": "TC0C1HURK",
            "name": "pavel",
            "is_restricted": false,
            "is_ultra_restricted": false
        },
        "edited": {
            "user": "UC19HAUAK",
            "ts": "1580357910.000000"
        },
        "blocks": [
            {
                "type": "rich_text",
                "block_id": "U7HP",
                "elements": [
                    {
                        "type": "rich_text_section",
                        "elements": [
                            {
                                "type": "user",
                                "user_id": "ULKS069JN"
                            },
                            {
                                "type": "text",
                                "text": " What's the main user problem right now? Do they expect agg options in UI would affect measure calculation and in fact it doesn't?"
                            }
                        ]
                    }
                ]
            }
        ],
        "thread_ts": "1580327985.177600",
        "parent_user_id": "ULKS069JN"
    },
    {
        "client_msg_id": "624408a0-409b-402e-9b48-33e411ffa82e",
        "type": "message",
        "text": "1. at the end user want to have ability use all gui features. \n2. Limitation: cubes are different then sql result set. in sql you can get eg. from redshift invoice list then aggregate it - so 1 datasource is \"enough\" - atm we need eg. 5 sources which confuse user\n\nI suppose ATM postprocessing over data in metabase missing (he just show what he get by REST) bo additional interface postroces data according to sw GUI ability  - i'm not await change cubejs, soon driver can be more intelligent or interface, then allow aggregate data as design allow",
        "user": "ULKS069JN",
        "ts": "1580358197.188800",
        "team": "TC0C1HURK",
        "user_team": "TC0C1HURK",
        "source_team": "TC0C1HURK",
        "user_profile": {
            "avatar_hash": "b1fec10e8c15",
            "image_72": "https:\/\/avatars.slack-edge.com\/2019-11-13\/835478181030_b1fec10e8c15e04269cc_72.png",
            "first_name": "Norbert",
            "real_name": "Norbert Bede",
            "display_name": "Norbert Bede",
            "team": "TC0C1HURK",
            "name": "norbert.bede764",
            "is_restricted": false,
            "is_ultra_restricted": false
        },
        "edited": {
            "user": "ULKS069JN",
            "ts": "1580358338.000000"
        },
        "blocks": [
            {
                "type": "rich_text",
                "block_id": "ftR2i",
                "elements": [
                    {
                        "type": "rich_text_list",
                        "elements": [
                            {
                                "type": "rich_text_section",
                                "elements": [
                                    {
                                        "type": "text",
                                        "text": "at the end user want to have ability use all gui features. "
                                    }
                                ]
                            },
                            {
                                "type": "rich_text_section",
                                "elements": [
                                    {
                                        "type": "text",
                                        "text": "Limitation: cubes are different then sql result set. in sql you can get eg. from redshift invoice list then aggregate it - so 1 datasource is \"enough\" - atm we need eg. 5 sources which confuse user"
                                    }
                                ]
                            }
                        ],
                        "style": "ordered",
                        "indent": 0
                    },
                    {
                        "type": "rich_text_section",
                        "elements": [
                            {
                                "type": "text",
                                "text": "\n\nI suppose ATM postprocessing over data in metabase missing (he just show what he get by REST) bo additional interface postroces data according to sw GUI ability  - i'm not await change cubejs, soon driver can be more intelligent or interface, then allow aggregate data as design allow"
                            }
                        ]
                    }
                ]
            }
        ],
        "thread_ts": "1580327985.177600",
        "parent_user_id": "ULKS069JN"
    },
    {
        "client_msg_id": "2ed680a1-3a25-45b7-947a-656a297fc554",
        "type": "message",
        "text": "<@ULKS069JN> Could you please provide an example? I believe guys who wrote driver just went with single agg option. So it should be complete solution just not the best UX from Metabase perspective.",
        "user": "UC19HAUAK",
        "ts": "1580358338.189400",
        "team": "TC0C1HURK",
        "user_team": "TC0C1HURK",
        "source_team": "TC0C1HURK",
        "user_profile": {
            "avatar_hash": "066a042e018c",
            "image_72": "https:\/\/avatars.slack-edge.com\/2019-12-07\/866588520998_066a042e018ca831a195_72.png",
            "first_name": "Pavel",
            "real_name": "Pavel Tiunov",
            "display_name": "pavel",
            "team": "TC0C1HURK",
            "name": "pavel",
            "is_restricted": false,
            "is_ultra_restricted": false
        },
        "edited": {
            "user": "UC19HAUAK",
            "ts": "1580358343.000000"
        },
        "blocks": [
            {
                "type": "rich_text",
                "block_id": "QA6Ze",
                "elements": [
                    {
                        "type": "rich_text_section",
                        "elements": [
                            {
                                "type": "user",
                                "user_id": "ULKS069JN"
                            },
                            {
                                "type": "text",
                                "text": " Could you please provide an example? I believe guys who wrote driver just went with single agg option. So it should be complete solution just not the best UX from Metabase perspective."
                            }
                        ]
                    }
                ]
            }
        ],
        "thread_ts": "1580327985.177600",
        "parent_user_id": "ULKS069JN"
    },
    {
        "client_msg_id": "54ff0171-a4d5-4b24-b13f-471f7a13013c",
        "type": "message",
        "text": "yes. i will prepare it this week. then drop you and to guys example (however it is soon take it or leave approach - they have this requirement).",
        "user": "ULKS069JN",
        "ts": "1580358424.189800",
        "team": "TC0C1HURK",
        "user_team": "TC0C1HURK",
        "source_team": "TC0C1HURK",
        "user_profile": {
            "avatar_hash": "b1fec10e8c15",
            "image_72": "https:\/\/avatars.slack-edge.com\/2019-11-13\/835478181030_b1fec10e8c15e04269cc_72.png",
            "first_name": "Norbert",
            "real_name": "Norbert Bede",
            "display_name": "Norbert Bede",
            "team": "TC0C1HURK",
            "name": "norbert.bede764",
            "is_restricted": false,
            "is_ultra_restricted": false
        },
        "blocks": [
            {
                "type": "rich_text",
                "block_id": "7H1",
                "elements": [
                    {
                        "type": "rich_text_section",
                        "elements": [
                            {
                                "type": "text",
                                "text": "yes. i will prepare it this week. then drop you and to guys example (however it is soon take it or leave approach - they have this requirement)."
                            }
                        ]
                    }
                ]
            }
        ],
        "thread_ts": "1580327985.177600",
        "parent_user_id": "ULKS069JN",
        "reactions": [
            {
                "name": "+1",
                "users": [
                    "UC19HAUAK"
                ],
                "count": 1
            }
        ]
    },
    {
        "client_msg_id": "94cb4d9f-4fae-496d-9a32-72d7a860dd5d",
        "type": "message",
        "text": "thanks for comments, and help",
        "user": "ULKS069JN",
        "ts": "1580358431.190000",
        "team": "TC0C1HURK",
        "user_team": "TC0C1HURK",
        "source_team": "TC0C1HURK",
        "user_profile": {
            "avatar_hash": "b1fec10e8c15",
            "image_72": "https:\/\/avatars.slack-edge.com\/2019-11-13\/835478181030_b1fec10e8c15e04269cc_72.png",
            "first_name": "Norbert",
            "real_name": "Norbert Bede",
            "display_name": "Norbert Bede",
            "team": "TC0C1HURK",
            "name": "norbert.bede764",
            "is_restricted": false,
            "is_ultra_restricted": false
        },
        "blocks": [
            {
                "type": "rich_text",
                "block_id": "eAoGi",
                "elements": [
                    {
                        "type": "rich_text_section",
                        "elements": [
                            {
                                "type": "text",
                                "text": "thanks for comments, and help"
                            }
                        ]
                    }
                ]
            }
        ],
        "thread_ts": "1580327985.177600",
        "parent_user_id": "ULKS069JN",
        "reactions": [
            {
                "name": "raised_hands",
                "users": [
                    "UC19HAUAK"
                ],
                "count": 1
            }
        ]
    },
    {
        "client_msg_id": "441d3203-2cd7-4395-b2b7-ede15e3d01dc",
        "type": "message",
        "text": "Has anyone tried creating a cubejs backend in Azure Web App?\nI was able to install cubejs-cli, but I got an error while running cubejs create ... -d mysql. I was using ssh directly on my azure web app instance. I got a file permission error.\n```{ [Error: EPERM: operation not permitted, lchown '\/home\/emc-cube\/node_modules\/@babel\/compat-data\/node_modules\/.bin\/semver']\nnpm ERR!   cause:\nnpm ERR!    { Error: EPERM: operation not permitted, lchown '\/home\/emc-cube\/node_modules\/@babel\/compat-data\/node_modules\/.bin\/semver'\nnpm ERR!      errno: -1,\nnpm ERR!      code: 'EPERM',\nnpm ERR!      syscall: 'lchown',\nnpm ERR!      path:\nnpm ERR!       '\/home\/emc-cube\/node_modules\/@babel\/compat-data\/node_modules\/.bin\/semver' },\nnpm ERR!   stack:\nnpm ERR!    'Error: EPERM: operation not permitted, lchown \\'\/home\/emc-cube\/node_modules\/@babel\/compat-data\/node_modules\/.bin\/semver\\'',\nnpm ERR!   errno: -1,\nnpm ERR!   code: 'EPERM',\nnpm ERR!   syscall: 'lchown',\nnpm ERR!   path:\nnpm ERR!    '\/home\/emc-cube\/node_modules\/@babel\/compat-data\/node_modules\/.bin\/semver',\nnpm ERR!   parent: '@babel\/compat-data' }```",
        "user": "URXP9CK3R",
        "ts": "1580360371.191200",
        "team": "TC0C1HURK",
        "user_team": "TC0C1HURK",
        "source_team": "TC0C1HURK",
        "user_profile": {
            "avatar_hash": "g83aeef4aae0",
            "image_72": "https:\/\/secure.gravatar.com\/avatar\/83aeef4aae06bbd925db58047bd4fdde.jpg?s=72&d=https%3A%2F%2Fa.slack-edge.com%2Fdf10d%2Fimg%2Favatars%2Fava_0014-72.png",
            "first_name": "",
            "real_name": "Nathan",
            "display_name": "Nathan",
            "team": "TC0C1HURK",
            "name": "nathang",
            "is_restricted": false,
            "is_ultra_restricted": false
        },
        "edited": {
            "user": "URXP9CK3R",
            "ts": "1580360983.000000"
        },
        "blocks": [
            {
                "type": "rich_text",
                "block_id": "AnLk",
                "elements": [
                    {
                        "type": "rich_text_section",
                        "elements": [
                            {
                                "type": "text",
                                "text": "Has anyone tried creating a cubejs backend in Azure Web App?\nI was able to install cubejs-cli, but I got an error while running cubejs create ... -d mysql. I was using ssh directly on my azure web app instance. I got a file permission error.\n"
                            }
                        ]
                    },
                    {
                        "type": "rich_text_preformatted",
                        "elements": [
                            {
                                "type": "text",
                                "text": "{ [Error: EPERM: operation not permitted, lchown '\/home\/emc-cube\/node_modules\/@babel\/compat-data\/node_modules\/.bin\/semver']\nnpm ERR!   cause:\nnpm ERR!    { Error: EPERM: operation not permitted, lchown '\/home\/emc-cube\/node_modules\/@babel\/compat-data\/node_modules\/.bin\/semver'\nnpm ERR!      errno: -1,\nnpm ERR!      code: 'EPERM',\nnpm ERR!      syscall: 'lchown',\nnpm ERR!      path:\nnpm ERR!       '\/home\/emc-cube\/node_modules\/@babel\/compat-data\/node_modules\/.bin\/semver' },\nnpm ERR!   stack:\nnpm ERR!    'Error: EPERM: operation not permitted, lchown \\'\/home\/emc-cube\/node_modules\/@babel\/compat-data\/node_modules\/.bin\/semver\\'',\nnpm ERR!   errno: -1,\nnpm ERR!   code: 'EPERM',\nnpm ERR!   syscall: 'lchown',\nnpm ERR!   path:\nnpm ERR!    '\/home\/emc-cube\/node_modules\/@babel\/compat-data\/node_modules\/.bin\/semver',\nnpm ERR!   parent: '@babel\/compat-data' }"
                            }
                        ]
                    }
                ]
            }
        ],
        "thread_ts": "1580360371.191200",
        "reply_count": 4,
        "reply_users_count": 2,
        "latest_reply": "1580363049.193500",
        "reply_users": [
            "UC19HAUAK",
            "URXP9CK3R"
        ],
        "replies": [
            {
                "user": "UC19HAUAK",
                "ts": "1580361919.191400"
            },
            {
                "user": "URXP9CK3R",
                "ts": "1580361940.191600"
            },
            {
                "user": "UC19HAUAK",
                "ts": "1580362518.191800"
            },
            {
                "user": "URXP9CK3R",
                "ts": "1580363049.193500"
            }
        ],
        "subscribed": false
    },
    {
        "client_msg_id": "fe262671-6e3f-41fb-8a10-121764fb853f",
        "type": "message",
        "text": "Hey <@URXP9CK3R>! Is it windows or linux machine?",
        "user": "UC19HAUAK",
        "ts": "1580361919.191400",
        "team": "TC0C1HURK",
        "user_team": "TC0C1HURK",
        "source_team": "TC0C1HURK",
        "user_profile": {
            "avatar_hash": "066a042e018c",
            "image_72": "https:\/\/avatars.slack-edge.com\/2019-12-07\/866588520998_066a042e018ca831a195_72.png",
            "first_name": "Pavel",
            "real_name": "Pavel Tiunov",
            "display_name": "pavel",
            "team": "TC0C1HURK",
            "name": "pavel",
            "is_restricted": false,
            "is_ultra_restricted": false
        },
        "blocks": [
            {
                "type": "rich_text",
                "block_id": "zRLr",
                "elements": [
                    {
                        "type": "rich_text_section",
                        "elements": [
                            {
                                "type": "text",
                                "text": "Hey "
                            },
                            {
                                "type": "user",
                                "user_id": "URXP9CK3R"
                            },
                            {
                                "type": "text",
                                "text": "! Is it windows or linux machine?"
                            }
                        ]
                    }
                ]
            }
        ],
        "thread_ts": "1580360371.191200",
        "parent_user_id": "URXP9CK3R"
    },
    {
        "client_msg_id": "3740cf19-5116-41fc-9084-1c783153b0ae",
        "type": "message",
        "text": "Im trying linux first",
        "user": "URXP9CK3R",
        "ts": "1580361940.191600",
        "team": "TC0C1HURK",
        "user_team": "TC0C1HURK",
        "source_team": "TC0C1HURK",
        "user_profile": {
            "avatar_hash": "g83aeef4aae0",
            "image_72": "https:\/\/secure.gravatar.com\/avatar\/83aeef4aae06bbd925db58047bd4fdde.jpg?s=72&d=https%3A%2F%2Fa.slack-edge.com%2Fdf10d%2Fimg%2Favatars%2Fava_0014-72.png",
            "first_name": "",
            "real_name": "Nathan",
            "display_name": "Nathan",
            "team": "TC0C1HURK",
            "name": "nathang",
            "is_restricted": false,
            "is_ultra_restricted": false
        },
        "blocks": [
            {
                "type": "rich_text",
                "block_id": "gTud",
                "elements": [
                    {
                        "type": "rich_text_section",
                        "elements": [
                            {
                                "type": "text",
                                "text": "Im trying linux first"
                            }
                        ]
                    }
                ]
            }
        ],
        "thread_ts": "1580360371.191200",
        "parent_user_id": "URXP9CK3R"
    },
    {
        "client_msg_id": "f4b07051-aca3-4abc-8513-fd3a2a066d18",
        "type": "message",
        "text": "<@URXP9CK3R> I believe something wrong with your node installation because it's npm error. I'd suggest to use either different linux image or docker instead.",
        "user": "UC19HAUAK",
        "ts": "1580362518.191800",
        "team": "TC0C1HURK",
        "user_team": "TC0C1HURK",
        "source_team": "TC0C1HURK",
        "user_profile": {
            "avatar_hash": "066a042e018c",
            "image_72": "https:\/\/avatars.slack-edge.com\/2019-12-07\/866588520998_066a042e018ca831a195_72.png",
            "first_name": "Pavel",
            "real_name": "Pavel Tiunov",
            "display_name": "pavel",
            "team": "TC0C1HURK",
            "name": "pavel",
            "is_restricted": false,
            "is_ultra_restricted": false
        },
        "blocks": [
            {
                "type": "rich_text",
                "block_id": "bqj",
                "elements": [
                    {
                        "type": "rich_text_section",
                        "elements": [
                            {
                                "type": "user",
                                "user_id": "URXP9CK3R"
                            },
                            {
                                "type": "text",
                                "text": " I believe something wrong with your node installation because it's npm error. I'd suggest to use either different linux image or docker instead."
                            }
                        ]
                    }
                ]
            }
        ],
        "thread_ts": "1580360371.191200",
        "parent_user_id": "URXP9CK3R"
    },
    {
        "client_msg_id": "B71A16F7-38C3-4D6D-B256-E1BF1D737AB3",
        "type": "message",
        "text": "Yes, it seems to always start from 00:00. I can try to pass the time zone though ",
        "user": "USVCEA96F",
        "ts": "1580362765.193300",
        "team": "TC0C1HURK",
        "user_team": "TC0C1HURK",
        "source_team": "TC0C1HURK",
        "user_profile": {
            "avatar_hash": "4937c714c843",
            "image_72": "https:\/\/avatars.slack-edge.com\/2020-01-29\/926690519808_4937c714c84306ede884_72.jpg",
            "first_name": "Janne",
            "real_name": "Janne Saarela",
            "display_name": "janne",
            "team": "TC0C1HURK",
            "name": "janne",
            "is_restricted": false,
            "is_ultra_restricted": false
        },
        "blocks": [
            {
                "type": "rich_text",
                "block_id": "EW6O=",
                "elements": [
                    {
                        "type": "rich_text_section",
                        "elements": [
                            {
                                "type": "text",
                                "text": "Yes, it seems to always start from 00:00. I can try to pass the time zone though "
                            }
                        ]
                    }
                ]
            }
        ],
        "thread_ts": "1580200363.166700",
        "parent_user_id": "USVCEA96F"
    },
    {
        "client_msg_id": "6da33c58-0163-47fc-af77-4055896ad8e1",
        "type": "message",
        "text": "ok, Im using the Azure App Service with Nodejs 10 LTS. I might try using docker",
        "user": "URXP9CK3R",
        "ts": "1580363049.193500",
        "team": "TC0C1HURK",
        "user_team": "TC0C1HURK",
        "source_team": "TC0C1HURK",
        "user_profile": {
            "avatar_hash": "g83aeef4aae0",
            "image_72": "https:\/\/secure.gravatar.com\/avatar\/83aeef4aae06bbd925db58047bd4fdde.jpg?s=72&d=https%3A%2F%2Fa.slack-edge.com%2Fdf10d%2Fimg%2Favatars%2Fava_0014-72.png",
            "first_name": "",
            "real_name": "Nathan",
            "display_name": "Nathan",
            "team": "TC0C1HURK",
            "name": "nathang",
            "is_restricted": false,
            "is_ultra_restricted": false
        },
        "blocks": [
            {
                "type": "rich_text",
                "block_id": "NcULe",
                "elements": [
                    {
                        "type": "rich_text_section",
                        "elements": [
                            {
                                "type": "text",
                                "text": "ok, Im using the Azure App Service with Nodejs 10 LTS. I might try using docker"
                            }
                        ]
                    }
                ]
            }
        ],
        "thread_ts": "1580360371.191200",
        "parent_user_id": "URXP9CK3R"
    },
    {
        "type": "message",
        "subtype": "channel_join",
        "ts": "1580368417.193900",
        "user": "USXQYTRTL",
        "text": "<@USXQYTRTL> has joined the channel"
    }
]