[
    {
        "type": "message",
        "subtype": "channel_join",
        "ts": "1587896404.003600",
        "user": "U012HAM0XE1",
        "text": "<@U012HAM0XE1> has joined the channel"
    },
    {
        "type": "message",
        "subtype": "channel_join",
        "ts": "1587896444.003700",
        "user": "U0138H3MPQQ",
        "text": "<@U0138H3MPQQ> has joined the channel"
    },
    {
        "type": "message",
        "subtype": "channel_join",
        "ts": "1587913070.009500",
        "user": "U0138M93Y80",
        "text": "<@U0138M93Y80> has joined the channel"
    },
    {
        "client_msg_id": "35c3e19d-13e9-4f54-a7b9-49aeafdc0b5d",
        "type": "message",
        "text": "Hey <@URG2GJK71>! Could you please share your data schema?",
        "user": "UC19HAUAK",
        "ts": "1587926500.009600",
        "team": "TC0C1HURK",
        "user_team": "TC0C1HURK",
        "source_team": "TC0C1HURK",
        "user_profile": {
            "avatar_hash": "066a042e018c",
            "image_72": "https:\/\/avatars.slack-edge.com\/2019-12-07\/866588520998_066a042e018ca831a195_72.png",
            "first_name": "Pavel",
            "real_name": "Pavel Tiunov",
            "display_name": "pavel",
            "team": "TC0C1HURK",
            "name": "pavel",
            "is_restricted": false,
            "is_ultra_restricted": false
        },
        "blocks": [
            {
                "type": "rich_text",
                "block_id": "kWSQ",
                "elements": [
                    {
                        "type": "rich_text_section",
                        "elements": [
                            {
                                "type": "text",
                                "text": "Hey "
                            },
                            {
                                "type": "user",
                                "user_id": "URG2GJK71"
                            },
                            {
                                "type": "text",
                                "text": "! Could you please share your data schema?"
                            }
                        ]
                    }
                ]
            }
        ],
        "thread_ts": "1587854177.002600",
        "parent_user_id": "URG2GJK71"
    },
    {
        "type": "message",
        "subtype": "channel_join",
        "ts": "1587926734.009900",
        "user": "U012JVAPA8J",
        "text": "<@U012JVAPA8J> has joined the channel"
    },
    {
        "client_msg_id": "6eec6821-b4c7-4c38-a9a6-dde584bbe7f5",
        "type": "message",
        "text": "hello there :slightly_smiling_face:",
        "user": "U012JVAPA8J",
        "ts": "1587926747.010100",
        "team": "TC0C1HURK",
        "user_team": "TC0C1HURK",
        "source_team": "TC0C1HURK",
        "user_profile": {
            "avatar_hash": "g7759c15ae06",
            "image_72": "https:\/\/secure.gravatar.com\/avatar\/7759c15ae0630bfd364d00828c4f2eed.jpg?s=72&d=https%3A%2F%2Fa.slack-edge.com%2Fdf10d%2Fimg%2Favatars%2Fava_0002-72.png",
            "first_name": "",
            "real_name": "Ruben Torres",
            "display_name": "Ruben Torres",
            "team": "TC0C1HURK",
            "name": "cofruben",
            "is_restricted": false,
            "is_ultra_restricted": false
        },
        "blocks": [
            {
                "type": "rich_text",
                "block_id": "02bS",
                "elements": [
                    {
                        "type": "rich_text_section",
                        "elements": [
                            {
                                "type": "text",
                                "text": "hello there "
                            },
                            {
                                "type": "emoji",
                                "name": "slightly_smiling_face"
                            }
                        ]
                    }
                ]
            }
        ]
    },
    {
        "client_msg_id": "a4f98cd8-3acc-423f-8f69-9c0434af8512",
        "type": "message",
        "text": "I am trying to chart the time spent on each step of a recipe, for instance. So step is an integer (x axis), and the time spent is a decimal number (y axis). I am having trouble finding out how to build a chart to say 'x' is the step and 'y' is the time spent. The UI generator seems to put it all in the y-axis, and the 'step' is certainly not of a time type.",
        "user": "U012JVAPA8J",
        "ts": "1587926864.012000",
        "team": "TC0C1HURK",
        "user_team": "TC0C1HURK",
        "source_team": "TC0C1HURK",
        "user_profile": {
            "avatar_hash": "g7759c15ae06",
            "image_72": "https:\/\/secure.gravatar.com\/avatar\/7759c15ae0630bfd364d00828c4f2eed.jpg?s=72&d=https%3A%2F%2Fa.slack-edge.com%2Fdf10d%2Fimg%2Favatars%2Fava_0002-72.png",
            "first_name": "",
            "real_name": "Ruben Torres",
            "display_name": "Ruben Torres",
            "team": "TC0C1HURK",
            "name": "cofruben",
            "is_restricted": false,
            "is_ultra_restricted": false
        },
        "blocks": [
            {
                "type": "rich_text",
                "block_id": "a73",
                "elements": [
                    {
                        "type": "rich_text_section",
                        "elements": [
                            {
                                "type": "text",
                                "text": "I am trying to chart the time spent on each step of a recipe, for instance. So step is an integer (x axis), and the time spent is a decimal number (y axis). I am having trouble finding out how to build a chart to say 'x' is the step and 'y' is the time spent. The UI generator seems to put it all in the y-axis, and the 'step' is certainly not of a time type."
                            }
                        ]
                    }
                ]
            }
        ],
        "thread_ts": "1587926864.012000",
        "reply_count": 8,
        "reply_users_count": 2,
        "latest_reply": "1588020424.033300",
        "reply_users": [
            "UC19HAUAK",
            "U012JVAPA8J"
        ],
        "replies": [
            {
                "user": "UC19HAUAK",
                "ts": "1587928146.013000"
            },
            {
                "user": "U012JVAPA8J",
                "ts": "1587929494.013200"
            },
            {
                "user": "UC19HAUAK",
                "ts": "1587929926.013400"
            },
            {
                "user": "U012JVAPA8J",
                "ts": "1587931344.013600"
            },
            {
                "user": "U012JVAPA8J",
                "ts": "1587931391.013800"
            },
            {
                "user": "UC19HAUAK",
                "ts": "1587932477.014000"
            },
            {
                "user": "U012JVAPA8J",
                "ts": "1587982619.018500"
            },
            {
                "user": "UC19HAUAK",
                "ts": "1588020424.033300"
            }
        ],
        "subscribed": false
    },
    {
        "client_msg_id": "bec2f3b2-0bb2-40da-aa27-e35035b9896f",
        "type": "message",
        "text": "am I missing anything obvious? Thanks",
        "user": "U012JVAPA8J",
        "ts": "1587926872.012200",
        "team": "TC0C1HURK",
        "user_team": "TC0C1HURK",
        "source_team": "TC0C1HURK",
        "user_profile": {
            "avatar_hash": "g7759c15ae06",
            "image_72": "https:\/\/secure.gravatar.com\/avatar\/7759c15ae0630bfd364d00828c4f2eed.jpg?s=72&d=https%3A%2F%2Fa.slack-edge.com%2Fdf10d%2Fimg%2Favatars%2Fava_0002-72.png",
            "first_name": "",
            "real_name": "Ruben Torres",
            "display_name": "Ruben Torres",
            "team": "TC0C1HURK",
            "name": "cofruben",
            "is_restricted": false,
            "is_ultra_restricted": false
        },
        "blocks": [
            {
                "type": "rich_text",
                "block_id": "PUAEW",
                "elements": [
                    {
                        "type": "rich_text_section",
                        "elements": [
                            {
                                "type": "text",
                                "text": "am I missing anything obvious? Thanks"
                            }
                        ]
                    }
                ]
            }
        ]
    },
    {
        "type": "message",
        "text": "",
        "files": [
            {
                "id": "F012C7SSY5U",
                "created": 1587926905,
                "timestamp": 1587926905,
                "name": "chrome_AAqTgNouHJ.png",
                "title": "chrome_AAqTgNouHJ.png",
                "mimetype": "image\/png",
                "filetype": "png",
                "pretty_type": "PNG",
                "user": "U012JVAPA8J",
                "editable": false,
                "size": 11206,
                "mode": "hosted",
                "is_external": false,
                "external_type": "",
                "is_public": true,
                "public_url_shared": false,
                "display_as_bot": false,
                "username": "",
                "url_private": "https:\/\/files.slack.com\/files-pri\/TC0C1HURK-F012C7SSY5U\/chrome_aaqtgnouhj.png?t=xoxe-408409606869-1267807410853-1293019902560-8c9dc5fc58d3a65e0fe0837e69de048d",
                "url_private_download": "https:\/\/files.slack.com\/files-pri\/TC0C1HURK-F012C7SSY5U\/download\/chrome_aaqtgnouhj.png?t=xoxe-408409606869-1267807410853-1293019902560-8c9dc5fc58d3a65e0fe0837e69de048d",
                "thumb_64": "https:\/\/files.slack.com\/files-tmb\/TC0C1HURK-F012C7SSY5U-cb3d545064\/chrome_aaqtgnouhj_64.png?t=xoxe-408409606869-1267807410853-1293019902560-8c9dc5fc58d3a65e0fe0837e69de048d",
                "thumb_80": "https:\/\/files.slack.com\/files-tmb\/TC0C1HURK-F012C7SSY5U-cb3d545064\/chrome_aaqtgnouhj_80.png?t=xoxe-408409606869-1267807410853-1293019902560-8c9dc5fc58d3a65e0fe0837e69de048d",
                "thumb_360": "https:\/\/files.slack.com\/files-tmb\/TC0C1HURK-F012C7SSY5U-cb3d545064\/chrome_aaqtgnouhj_360.png?t=xoxe-408409606869-1267807410853-1293019902560-8c9dc5fc58d3a65e0fe0837e69de048d",
                "thumb_360_w": 360,
                "thumb_360_h": 250,
                "thumb_480": "https:\/\/files.slack.com\/files-tmb\/TC0C1HURK-F012C7SSY5U-cb3d545064\/chrome_aaqtgnouhj_480.png?t=xoxe-408409606869-1267807410853-1293019902560-8c9dc5fc58d3a65e0fe0837e69de048d",
                "thumb_480_w": 480,
                "thumb_480_h": 333,
                "thumb_160": "https:\/\/files.slack.com\/files-tmb\/TC0C1HURK-F012C7SSY5U-cb3d545064\/chrome_aaqtgnouhj_160.png?t=xoxe-408409606869-1267807410853-1293019902560-8c9dc5fc58d3a65e0fe0837e69de048d",
                "original_w": 676,
                "original_h": 469,
                "thumb_tiny": "AwAhADDTooooAKKKKACigdBRQAUUUUAFFFFAAOlFFFABRRRQAUUUUAFFFFAH\/9k=",
                "permalink": "https:\/\/cube-js.slack.com\/files\/U012JVAPA8J\/F012C7SSY5U\/chrome_aaqtgnouhj.png",
                "permalink_public": "https:\/\/slack-files.com\/TC0C1HURK-F012C7SSY5U-a611277f00",
                "is_starred": false,
                "has_rich_preview": false
            }
        ],
        "upload": true,
        "user": "U012JVAPA8J",
        "display_as_bot": false,
        "ts": "1587926906.012300",
        "client_msg_id": "ab46ce93-982a-47b8-8305-07b7b049cd1e"
    },
    {
        "client_msg_id": "7a331021-251d-40fd-b7a3-94614a569e26",
        "type": "message",
        "text": "(they're both measures)",
        "user": "U012JVAPA8J",
        "ts": "1587926931.012900",
        "team": "TC0C1HURK",
        "user_team": "TC0C1HURK",
        "source_team": "TC0C1HURK",
        "user_profile": {
            "avatar_hash": "g7759c15ae06",
            "image_72": "https:\/\/secure.gravatar.com\/avatar\/7759c15ae0630bfd364d00828c4f2eed.jpg?s=72&d=https%3A%2F%2Fa.slack-edge.com%2Fdf10d%2Fimg%2Favatars%2Fava_0002-72.png",
            "first_name": "",
            "real_name": "Ruben Torres",
            "display_name": "Ruben Torres",
            "team": "TC0C1HURK",
            "name": "cofruben",
            "is_restricted": false,
            "is_ultra_restricted": false
        },
        "blocks": [
            {
                "type": "rich_text",
                "block_id": "6lMKf",
                "elements": [
                    {
                        "type": "rich_text_section",
                        "elements": [
                            {
                                "type": "text",
                                "text": "(they're both measures)"
                            }
                        ]
                    }
                ]
            }
        ]
    },
    {
        "client_msg_id": "4fdcf5b0-88b0-4be8-9bac-d214b30470ad",
        "type": "message",
        "text": "Hey <@U012JVAPA8J>! There's no pivot control UI in Playground as of now. However you can control it using code: <https:\/\/cube.dev\/docs\/@cubejs-client-core#result-set-pivot>",
        "user": "UC19HAUAK",
        "ts": "1587928146.013000",
        "team": "TC0C1HURK",
        "user_team": "TC0C1HURK",
        "source_team": "TC0C1HURK",
        "user_profile": {
            "avatar_hash": "066a042e018c",
            "image_72": "https:\/\/avatars.slack-edge.com\/2019-12-07\/866588520998_066a042e018ca831a195_72.png",
            "first_name": "Pavel",
            "real_name": "Pavel Tiunov",
            "display_name": "pavel",
            "team": "TC0C1HURK",
            "name": "pavel",
            "is_restricted": false,
            "is_ultra_restricted": false
        },
        "blocks": [
            {
                "type": "rich_text",
                "block_id": "cVgn",
                "elements": [
                    {
                        "type": "rich_text_section",
                        "elements": [
                            {
                                "type": "text",
                                "text": "Hey "
                            },
                            {
                                "type": "user",
                                "user_id": "U012JVAPA8J"
                            },
                            {
                                "type": "text",
                                "text": "! There's no pivot control UI in Playground as of now. However you can control it using code: "
                            },
                            {
                                "type": "link",
                                "url": "https:\/\/cube.dev\/docs\/@cubejs-client-core#result-set-pivot"
                            }
                        ]
                    }
                ]
            }
        ],
        "thread_ts": "1587926864.012000",
        "parent_user_id": "U012JVAPA8J"
    },
    {
        "type": "message",
        "text": "That's great. A tips on how to quickly iterate over custom code? Is it possible to edit it in the builder and refresh or similar?\nI don't have a good dev environment right now.",
        "user": "U012JVAPA8J",
        "ts": "1587929494.013200",
        "team": "TC0C1HURK",
        "user_team": "TC0C1HURK",
        "source_team": "TC0C1HURK",
        "user_profile": {
            "avatar_hash": "g7759c15ae06",
            "image_72": "https:\/\/secure.gravatar.com\/avatar\/7759c15ae0630bfd364d00828c4f2eed.jpg?s=72&d=https%3A%2F%2Fa.slack-edge.com%2Fdf10d%2Fimg%2Favatars%2Fava_0002-72.png",
            "first_name": "",
            "real_name": "Ruben Torres",
            "display_name": "Ruben Torres",
            "team": "TC0C1HURK",
            "name": "cofruben",
            "is_restricted": false,
            "is_ultra_restricted": false
        },
        "thread_ts": "1587926864.012000",
        "parent_user_id": "U012JVAPA8J"
    },
    {
        "client_msg_id": "f8e10549-5558-40a8-b6a2-bcca76d3f508",
        "type": "message",
        "text": "<@U012JVAPA8J> You can edit code in sandbox. There's an edit button in Playground.",
        "user": "UC19HAUAK",
        "ts": "1587929926.013400",
        "team": "TC0C1HURK",
        "user_team": "TC0C1HURK",
        "source_team": "TC0C1HURK",
        "user_profile": {
            "avatar_hash": "066a042e018c",
            "image_72": "https:\/\/avatars.slack-edge.com\/2019-12-07\/866588520998_066a042e018ca831a195_72.png",
            "first_name": "Pavel",
            "real_name": "Pavel Tiunov",
            "display_name": "pavel",
            "team": "TC0C1HURK",
            "name": "pavel",
            "is_restricted": false,
            "is_ultra_restricted": false
        },
        "blocks": [
            {
                "type": "rich_text",
                "block_id": "ClFcc",
                "elements": [
                    {
                        "type": "rich_text_section",
                        "elements": [
                            {
                                "type": "user",
                                "user_id": "U012JVAPA8J"
                            },
                            {
                                "type": "text",
                                "text": " You can edit code in sandbox. There's an edit button in Playground."
                            }
                        ]
                    }
                ]
            }
        ],
        "thread_ts": "1587926864.012000",
        "parent_user_id": "U012JVAPA8J"
    },
    {
        "client_msg_id": "4f320aed-195e-4494-94d8-4521ed787726",
        "type": "message",
        "text": "interesting, so I tried it and the browser shows \"TypeError: Network request failed\"",
        "user": "U012JVAPA8J",
        "ts": "1587931344.013600",
        "team": "TC0C1HURK",
        "user_team": "TC0C1HURK",
        "source_team": "TC0C1HURK",
        "user_profile": {
            "avatar_hash": "g7759c15ae06",
            "image_72": "https:\/\/secure.gravatar.com\/avatar\/7759c15ae0630bfd364d00828c4f2eed.jpg?s=72&d=https%3A%2F%2Fa.slack-edge.com%2Fdf10d%2Fimg%2Favatars%2Fava_0002-72.png",
            "first_name": "",
            "real_name": "Ruben Torres",
            "display_name": "Ruben Torres",
            "team": "TC0C1HURK",
            "name": "cofruben",
            "is_restricted": false,
            "is_ultra_restricted": false
        },
        "blocks": [
            {
                "type": "rich_text",
                "block_id": "dP34=",
                "elements": [
                    {
                        "type": "rich_text_section",
                        "elements": [
                            {
                                "type": "text",
                                "text": "interesting, so I tried it and the browser shows \"TypeError: Network request failed\""
                            }
                        ]
                    }
                ]
            }
        ],
        "thread_ts": "1587926864.012000",
        "parent_user_id": "U012JVAPA8J"
    },
    {
        "client_msg_id": "c782a817-01ec-4bc1-8838-96284fb031b2",
        "type": "message",
        "text": "the address is something like <https:\/\/te8mr.csb.app\/>",
        "user": "U012JVAPA8J",
        "ts": "1587931391.013800",
        "team": "TC0C1HURK",
        "user_team": "TC0C1HURK",
        "source_team": "TC0C1HURK",
        "user_profile": {
            "avatar_hash": "g7759c15ae06",
            "image_72": "https:\/\/secure.gravatar.com\/avatar\/7759c15ae0630bfd364d00828c4f2eed.jpg?s=72&d=https%3A%2F%2Fa.slack-edge.com%2Fdf10d%2Fimg%2Favatars%2Fava_0002-72.png",
            "first_name": "",
            "real_name": "Ruben Torres",
            "display_name": "Ruben Torres",
            "team": "TC0C1HURK",
            "name": "cofruben",
            "is_restricted": false,
            "is_ultra_restricted": false
        },
        "blocks": [
            {
                "type": "rich_text",
                "block_id": "KdQ",
                "elements": [
                    {
                        "type": "rich_text_section",
                        "elements": [
                            {
                                "type": "text",
                                "text": "the address is something like "
                            },
                            {
                                "type": "link",
                                "url": "https:\/\/te8mr.csb.app\/"
                            }
                        ]
                    }
                ]
            }
        ],
        "thread_ts": "1587926864.012000",
        "parent_user_id": "U012JVAPA8J"
    },
    {
        "client_msg_id": "8b79b94f-bc75-44ce-8149-dcab2c17ff8f",
        "type": "message",
        "text": "If you use codesandbox not locally you should ensure CORS and HTTPS are in place.",
        "user": "UC19HAUAK",
        "ts": "1587932477.014000",
        "team": "TC0C1HURK",
        "user_team": "TC0C1HURK",
        "source_team": "TC0C1HURK",
        "user_profile": {
            "avatar_hash": "066a042e018c",
            "image_72": "https:\/\/avatars.slack-edge.com\/2019-12-07\/866588520998_066a042e018ca831a195_72.png",
            "first_name": "Pavel",
            "real_name": "Pavel Tiunov",
            "display_name": "pavel",
            "team": "TC0C1HURK",
            "name": "pavel",
            "is_restricted": false,
            "is_ultra_restricted": false
        },
        "edited": {
            "user": "UC19HAUAK",
            "ts": "1587932491.000000"
        },
        "blocks": [
            {
                "type": "rich_text",
                "block_id": "CzQCF",
                "elements": [
                    {
                        "type": "rich_text_section",
                        "elements": [
                            {
                                "type": "text",
                                "text": "If you use codesandbox not locally you should ensure CORS and HTTPS are in place."
                            }
                        ]
                    }
                ]
            }
        ],
        "thread_ts": "1587926864.012000",
        "parent_user_id": "U012JVAPA8J"
    },
    {
        "client_msg_id": "dc4984db-9a70-4474-9691-c795a6b17e40",
        "type": "message",
        "text": "<@UC1HAFW4E> Oh, thank you very much, that's what i want.",
        "user": "U0135LYFA1E",
        "ts": "1587964850.015800",
        "team": "TC0C1HURK",
        "user_team": "TC0C1HURK",
        "source_team": "TC0C1HURK",
        "user_profile": {
            "avatar_hash": "g96c6aab93c3",
            "image_72": "https:\/\/secure.gravatar.com\/avatar\/96c6aab93c3d9833bc56b9268fafd153.jpg?s=72&d=https%3A%2F%2Fa.slack-edge.com%2Fdf10d%2Fimg%2Favatars%2Fava_0001-72.png",
            "first_name": "FG",
            "real_name": "FG",
            "display_name": "FG",
            "team": "TC0C1HURK",
            "name": "tony.theanswr",
            "is_restricted": false,
            "is_ultra_restricted": false
        },
        "blocks": [
            {
                "type": "rich_text",
                "block_id": "YYNtc",
                "elements": [
                    {
                        "type": "rich_text_section",
                        "elements": [
                            {
                                "type": "user",
                                "user_id": "UC1HAFW4E"
                            },
                            {
                                "type": "text",
                                "text": " Oh, thank you very much, that's what i want."
                            }
                        ]
                    }
                ]
            }
        ],
        "thread_ts": "1587719294.486900",
        "parent_user_id": "U0135LYFA1E"
    },
    {
        "type": "message",
        "text": "<@UC1HAFW4E> Sorry to bother you again, is cubejs support interaction(or called drill down) between charts? Like chart A showing the ratio of different age group for different country (Each color represent a certain country). Let say the color rectangle is clickable and to select the country after user click, another chart B which is showing the total population among the country selected in chart A. Is it some kind of possible?",
        "files": [
            {
                "id": "F0124N912F9",
                "created": 1587969949,
                "timestamp": 1587969949,
                "name": "image.png",
                "title": "image.png",
                "mimetype": "image\/png",
                "filetype": "png",
                "pretty_type": "PNG",
                "user": "U0135LYFA1E",
                "editable": false,
                "size": 6956,
                "mode": "hosted",
                "is_external": false,
                "external_type": "",
                "is_public": true,
                "public_url_shared": false,
                "display_as_bot": false,
                "username": "",
                "url_private": "https:\/\/files.slack.com\/files-pri\/TC0C1HURK-F0124N912F9\/image.png?t=xoxe-408409606869-1267807410853-1293019902560-8c9dc5fc58d3a65e0fe0837e69de048d",
                "url_private_download": "https:\/\/files.slack.com\/files-pri\/TC0C1HURK-F0124N912F9\/download\/image.png?t=xoxe-408409606869-1267807410853-1293019902560-8c9dc5fc58d3a65e0fe0837e69de048d",
                "thumb_64": "https:\/\/files.slack.com\/files-tmb\/TC0C1HURK-F0124N912F9-60ff5542e7\/image_64.png?t=xoxe-408409606869-1267807410853-1293019902560-8c9dc5fc58d3a65e0fe0837e69de048d",
                "thumb_80": "https:\/\/files.slack.com\/files-tmb\/TC0C1HURK-F0124N912F9-60ff5542e7\/image_80.png?t=xoxe-408409606869-1267807410853-1293019902560-8c9dc5fc58d3a65e0fe0837e69de048d",
                "thumb_360": "https:\/\/files.slack.com\/files-tmb\/TC0C1HURK-F0124N912F9-60ff5542e7\/image_360.png?t=xoxe-408409606869-1267807410853-1293019902560-8c9dc5fc58d3a65e0fe0837e69de048d",
                "thumb_360_w": 360,
                "thumb_360_h": 105,
                "thumb_480": "https:\/\/files.slack.com\/files-tmb\/TC0C1HURK-F0124N912F9-60ff5542e7\/image_480.png?t=xoxe-408409606869-1267807410853-1293019902560-8c9dc5fc58d3a65e0fe0837e69de048d",
                "thumb_480_w": 480,
                "thumb_480_h": 140,
                "thumb_160": "https:\/\/files.slack.com\/files-tmb\/TC0C1HURK-F0124N912F9-60ff5542e7\/image_160.png?t=xoxe-408409606869-1267807410853-1293019902560-8c9dc5fc58d3a65e0fe0837e69de048d",
                "thumb_720": "https:\/\/files.slack.com\/files-tmb\/TC0C1HURK-F0124N912F9-60ff5542e7\/image_720.png?t=xoxe-408409606869-1267807410853-1293019902560-8c9dc5fc58d3a65e0fe0837e69de048d",
                "thumb_720_w": 720,
                "thumb_720_h": 210,
                "original_w": 784,
                "original_h": 229,
                "thumb_tiny": "AwAOADBFK7RwOnoKbMR5RwB+VIGOB\/hTZGJQj+lVyyHzR\/r\/AIYhwfQ0YPpVhGAQDnp60jsChHP50crJuiCipVjUqCSc0GNQDyaQz\/\/Z",
                "permalink": "https:\/\/cube-js.slack.com\/files\/U0135LYFA1E\/F0124N912F9\/image.png",
                "permalink_public": "https:\/\/slack-files.com\/TC0C1HURK-F0124N912F9-76bf0bc2f3",
                "is_starred": false,
                "has_rich_preview": false
            }
        ],
        "upload": true,
        "blocks": [
            {
                "type": "rich_text",
                "block_id": "tTedJ",
                "elements": [
                    {
                        "type": "rich_text_section",
                        "elements": [
                            {
                                "type": "user",
                                "user_id": "UC1HAFW4E"
                            },
                            {
                                "type": "text",
                                "text": " Sorry to bother you again, is cubejs support interaction(or called drill down) between charts? Like chart A showing the ratio of different age group for different country (Each color represent a certain country). Let say the color rectangle is clickable and to select the country after user click, another chart B which is showing the total population among the country selected in chart A. Is it some kind of possible?"
                            }
                        ]
                    }
                ]
            }
        ],
        "user": "U0135LYFA1E",
        "display_as_bot": false,
        "ts": "1587969951.016300",
        "edited": {
            "user": "U0135LYFA1E",
            "ts": "1587970062.000000"
        },
        "client_msg_id": "27bbf3df-bf4a-4e90-95a1-6fcee2a45dd8",
        "thread_ts": "1587719294.486900",
        "parent_user_id": "U0135LYFA1E"
    },
    {
        "client_msg_id": "9B012596-D44D-4918-BB5A-3C42770BDE30",
        "type": "message",
        "text": "Please see this issue for drill down UI support <https:\/\/github.com\/cube-js\/cube.js\/issues\/190>. Feel free to upvote and add a comment about your use case.",
        "user": "UC1HAFW4E",
        "ts": "1587970154.018200",
        "team": "TC0C1HURK",
        "user_team": "TC0C1HURK",
        "source_team": "TC0C1HURK",
        "user_profile": {
            "avatar_hash": "ee7b69830a11",
            "image_72": "https:\/\/avatars.slack-edge.com\/2018-08-13\/414857329600_ee7b69830a119331e10e_72.jpg",
            "first_name": "Artyom",
            "real_name": "Artyom Keydunov",
            "display_name": "Artyom Keydunov",
            "team": "TC0C1HURK",
            "name": "artyom",
            "is_restricted": false,
            "is_ultra_restricted": false
        },
        "attachments": [
            {
                "service_name": "GitHub",
                "title": "Drilldown UI hooks · Issue #190 · cube-js\/cube.js",
                "title_link": "https:\/\/github.com\/cube-js\/cube.js\/issues\/190",
                "text": "Is your feature request related to a problem? Please describe. It&amp;#39;ll be nice to add a feature to follow the drillMember in the playground. Describe the solution you&amp;#39;d like When I click on a...",
                "fallback": "GitHub: Drilldown UI hooks · Issue #190 · cube-js\/cube.js",
                "from_url": "https:\/\/github.com\/cube-js\/cube.js\/issues\/190",
                "thumb_url": "https:\/\/repository-images.githubusercontent.com\/149026292\/33deb000-42b4-11ea-8f24-e112f465ddf1",
                "thumb_width": 658,
                "thumb_height": 250,
                "service_icon": "https:\/\/a.slack-edge.com\/80588\/img\/unfurl_icons\/github.png",
                "id": 1,
                "original_url": "https:\/\/github.com\/cube-js\/cube.js\/issues\/190"
            }
        ],
        "thread_ts": "1587719294.486900",
        "parent_user_id": "U0135LYFA1E"
    }
]