[
    {
        "type": "message",
        "subtype": "channel_join",
        "ts": "1595749064.216300",
        "user": "U017RBQF95H",
        "text": "<@U017RBQF95H> has joined the channel"
    },
    {
        "client_msg_id": "ea625160-6ea9-4b19-b3bd-7c236e4959f9",
        "type": "message",
        "text": "Hello everybody, I have a question about creating a driver.\nif I am using this guide to implement a driver: <https:\/\/github.com\/cube-js\/cube.js\/blob\/master\/CONTRIBUTING.md#implementing-driver>\nthe problem is after doing my changes, how can I test the driver?\ncan anyone guide me a little bit please ? :slightly_smiling_face:",
        "user": "U017RBQF95H",
        "ts": "1595749534.218300",
        "team": "TC0C1HURK",
        "user_team": "TC0C1HURK",
        "source_team": "TC0C1HURK",
        "user_profile": {
            "avatar_hash": "gd606dd41776",
            "image_72": "https:\/\/secure.gravatar.com\/avatar\/d606dd41776f816b12d8611a20d5cbab.jpg?s=72&d=https%3A%2F%2Fa.slack-edge.com%2Fdf10d%2Fimg%2Favatars%2Fava_0004-72.png",
            "first_name": "",
            "real_name": "Med Yassine Ben Khalifa",
            "display_name": "Med Yassine Ben Khalifa",
            "team": "TC0C1HURK",
            "name": "med.yessine.b.k",
            "is_restricted": false,
            "is_ultra_restricted": false
        },
        "attachments": [
            {
                "service_name": "GitHub",
                "title": "cube-js\/cube.js",
                "title_link": "https:\/\/github.com\/cube-js\/cube.js\/blob\/master\/CONTRIBUTING.md#implementing-driver",
                "text": ":bar_chart: Cube.js - Open Source Analytics Framework. Contribute to cube-js\/cube.js development by creating an account on GitHub.",
                "fallback": "GitHub: cube-js\/cube.js",
                "from_url": "https:\/\/github.com\/cube-js\/cube.js\/blob\/master\/CONTRIBUTING.md#implementing-driver",
                "thumb_url": "https:\/\/repository-images.githubusercontent.com\/149026292\/33deb000-42b4-11ea-8f24-e112f465ddf1",
                "thumb_width": 658,
                "thumb_height": 250,
                "service_icon": "https:\/\/a.slack-edge.com\/80588\/img\/unfurl_icons\/github.png",
                "id": 1,
                "original_url": "https:\/\/github.com\/cube-js\/cube.js\/blob\/master\/CONTRIBUTING.md#implementing-driver"
            }
        ],
        "blocks": [
            {
                "type": "rich_text",
                "block_id": "i3Z1O",
                "elements": [
                    {
                        "type": "rich_text_section",
                        "elements": [
                            {
                                "type": "text",
                                "text": "Hello everybody, I have a question about creating a driver.\nif I am using this guide to implement a driver: "
                            },
                            {
                                "type": "link",
                                "url": "https:\/\/github.com\/cube-js\/cube.js\/blob\/master\/CONTRIBUTING.md#implementing-driver"
                            },
                            {
                                "type": "text",
                                "text": "\nthe problem is after doing my changes, how can I test the driver?\ncan anyone guide me a little bit please ? "
                            },
                            {
                                "type": "emoji",
                                "name": "slightly_smiling_face"
                            }
                        ]
                    }
                ]
            }
        ]
    },
    {
        "type": "message",
        "text": "thanks -",
        "files": [
            {
                "id": "F017JPZ42NA",
                "created": 1595794581,
                "timestamp": 1595794581,
                "name": "Screenshot 2020-07-26 at 21.13.05.png",
                "title": "Screenshot 2020-07-26 at 21.13.05.png",
                "mimetype": "image\/png",
                "filetype": "png",
                "pretty_type": "PNG",
                "user": "U017RV7C1D2",
                "editable": false,
                "size": 447288,
                "mode": "hosted",
                "is_external": false,
                "external_type": "",
                "is_public": true,
                "public_url_shared": false,
                "display_as_bot": false,
                "username": "",
                "url_private": "https:\/\/files.slack.com\/files-pri\/TC0C1HURK-F017JPZ42NA\/screenshot_2020-07-26_at_21.13.05.png?t=xoxe-408409606869-1267807410853-1293019902560-8c9dc5fc58d3a65e0fe0837e69de048d",
                "url_private_download": "https:\/\/files.slack.com\/files-pri\/TC0C1HURK-F017JPZ42NA\/download\/screenshot_2020-07-26_at_21.13.05.png?t=xoxe-408409606869-1267807410853-1293019902560-8c9dc5fc58d3a65e0fe0837e69de048d",
                "thumb_64": "https:\/\/files.slack.com\/files-tmb\/TC0C1HURK-F017JPZ42NA-b877fe8a81\/screenshot_2020-07-26_at_21.13.05_64.png?t=xoxe-408409606869-1267807410853-1293019902560-8c9dc5fc58d3a65e0fe0837e69de048d",
                "thumb_80": "https:\/\/files.slack.com\/files-tmb\/TC0C1HURK-F017JPZ42NA-b877fe8a81\/screenshot_2020-07-26_at_21.13.05_80.png?t=xoxe-408409606869-1267807410853-1293019902560-8c9dc5fc58d3a65e0fe0837e69de048d",
                "thumb_360": "https:\/\/files.slack.com\/files-tmb\/TC0C1HURK-F017JPZ42NA-b877fe8a81\/screenshot_2020-07-26_at_21.13.05_360.png?t=xoxe-408409606869-1267807410853-1293019902560-8c9dc5fc58d3a65e0fe0837e69de048d",
                "thumb_360_w": 360,
                "thumb_360_h": 197,
                "thumb_480": "https:\/\/files.slack.com\/files-tmb\/TC0C1HURK-F017JPZ42NA-b877fe8a81\/screenshot_2020-07-26_at_21.13.05_480.png?t=xoxe-408409606869-1267807410853-1293019902560-8c9dc5fc58d3a65e0fe0837e69de048d",
                "thumb_480_w": 480,
                "thumb_480_h": 263,
                "thumb_160": "https:\/\/files.slack.com\/files-tmb\/TC0C1HURK-F017JPZ42NA-b877fe8a81\/screenshot_2020-07-26_at_21.13.05_160.png?t=xoxe-408409606869-1267807410853-1293019902560-8c9dc5fc58d3a65e0fe0837e69de048d",
                "thumb_720": "https:\/\/files.slack.com\/files-tmb\/TC0C1HURK-F017JPZ42NA-b877fe8a81\/screenshot_2020-07-26_at_21.13.05_720.png?t=xoxe-408409606869-1267807410853-1293019902560-8c9dc5fc58d3a65e0fe0837e69de048d",
                "thumb_720_w": 720,
                "thumb_720_h": 395,
                "thumb_800": "https:\/\/files.slack.com\/files-tmb\/TC0C1HURK-F017JPZ42NA-b877fe8a81\/screenshot_2020-07-26_at_21.13.05_800.png?t=xoxe-408409606869-1267807410853-1293019902560-8c9dc5fc58d3a65e0fe0837e69de048d",
                "thumb_800_w": 800,
                "thumb_800_h": 439,
                "thumb_960": "https:\/\/files.slack.com\/files-tmb\/TC0C1HURK-F017JPZ42NA-b877fe8a81\/screenshot_2020-07-26_at_21.13.05_960.png?t=xoxe-408409606869-1267807410853-1293019902560-8c9dc5fc58d3a65e0fe0837e69de048d",
                "thumb_960_w": 960,
                "thumb_960_h": 527,
                "thumb_1024": "https:\/\/files.slack.com\/files-tmb\/TC0C1HURK-F017JPZ42NA-b877fe8a81\/screenshot_2020-07-26_at_21.13.05_1024.png?t=xoxe-408409606869-1267807410853-1293019902560-8c9dc5fc58d3a65e0fe0837e69de048d",
                "thumb_1024_w": 1024,
                "thumb_1024_h": 562,
                "image_exif_rotation": 1,
                "original_w": 3584,
                "original_h": 1966,
                "thumb_tiny": "AwAaADC95I7vJ\/30aPJH9+T\/AL6NSZooAj8kf35P++jR5A\/vyf8AfRqTPtRmgCPyB\/fk\/wC+jQYeeHfH+8akzRn2oAKWkHWloAKSiigAxS0UGgD\/2Q==",
                "permalink": "https:\/\/cube-js.slack.com\/files\/U017RV7C1D2\/F017JPZ42NA\/screenshot_2020-07-26_at_21.13.05.png",
                "permalink_public": "https:\/\/slack-files.com\/TC0C1HURK-F017JPZ42NA-a515c92d7e",
                "is_starred": false,
                "has_rich_preview": false
            }
        ],
        "upload": false,
        "blocks": [
            {
                "type": "rich_text",
                "block_id": "u8Mv",
                "elements": [
                    {
                        "type": "rich_text_section",
                        "elements": [
                            {
                                "type": "text",
                                "text": "thanks -"
                            }
                        ]
                    }
                ]
            }
        ],
        "user": "U017RV7C1D2",
        "display_as_bot": false,
        "ts": "1595794588.218500",
        "thread_ts": "1595465572.180300",
        "parent_user_id": "U017RV7C1D2"
    },
    {
        "client_msg_id": "6cb6c94f-9138-43b9-85b7-17023d01bb1b",
        "type": "message",
        "text": "been looking into this as a newbie -- but i can't get the sample to work as I expect react dashboard example",
        "user": "U017RV7C1D2",
        "ts": "1595800654.219900",
        "team": "TC0C1HURK",
        "user_team": "TC0C1HURK",
        "source_team": "TC0C1HURK",
        "user_profile": {
            "avatar_hash": "g251041a2e5c",
            "image_72": "https:\/\/secure.gravatar.com\/avatar\/251041a2e5c70087dae2aeb401d39644.jpg?s=72&d=https%3A%2F%2Fa.slack-edge.com%2Fdf10d%2Fimg%2Favatars%2Fava_0016-72.png",
            "first_name": "",
            "real_name": "Zak Hoosen",
            "display_name": "Zak Hoosen",
            "team": "TC0C1HURK",
            "name": "zak",
            "is_restricted": false,
            "is_ultra_restricted": false
        },
        "blocks": [
            {
                "type": "rich_text",
                "block_id": "W5S",
                "elements": [
                    {
                        "type": "rich_text_section",
                        "elements": [
                            {
                                "type": "text",
                                "text": "been looking into this as a newbie -- but i can't get the sample to work as I expect react dashboard example"
                            }
                        ]
                    }
                ]
            }
        ]
    },
    {
        "type": "message",
        "text": "",
        "files": [
            {
                "id": "F017Q69L0N9",
                "created": 1595800668,
                "timestamp": 1595800668,
                "name": "Screenshot 2020-07-26 at 21.13.05.png",
                "title": "Screenshot 2020-07-26 at 21.13.05.png",
                "mimetype": "image\/png",
                "filetype": "png",
                "pretty_type": "PNG",
                "user": "U017RV7C1D2",
                "editable": false,
                "size": 447288,
                "mode": "hosted",
                "is_external": false,
                "external_type": "",
                "is_public": true,
                "public_url_shared": false,
                "display_as_bot": false,
                "username": "",
                "url_private": "https:\/\/files.slack.com\/files-pri\/TC0C1HURK-F017Q69L0N9\/screenshot_2020-07-26_at_21.13.05.png?t=xoxe-408409606869-1267807410853-1293019902560-8c9dc5fc58d3a65e0fe0837e69de048d",
                "url_private_download": "https:\/\/files.slack.com\/files-pri\/TC0C1HURK-F017Q69L0N9\/download\/screenshot_2020-07-26_at_21.13.05.png?t=xoxe-408409606869-1267807410853-1293019902560-8c9dc5fc58d3a65e0fe0837e69de048d",
                "thumb_64": "https:\/\/files.slack.com\/files-tmb\/TC0C1HURK-F017Q69L0N9-254d9a8d60\/screenshot_2020-07-26_at_21.13.05_64.png?t=xoxe-408409606869-1267807410853-1293019902560-8c9dc5fc58d3a65e0fe0837e69de048d",
                "thumb_80": "https:\/\/files.slack.com\/files-tmb\/TC0C1HURK-F017Q69L0N9-254d9a8d60\/screenshot_2020-07-26_at_21.13.05_80.png?t=xoxe-408409606869-1267807410853-1293019902560-8c9dc5fc58d3a65e0fe0837e69de048d",
                "thumb_360": "https:\/\/files.slack.com\/files-tmb\/TC0C1HURK-F017Q69L0N9-254d9a8d60\/screenshot_2020-07-26_at_21.13.05_360.png?t=xoxe-408409606869-1267807410853-1293019902560-8c9dc5fc58d3a65e0fe0837e69de048d",
                "thumb_360_w": 360,
                "thumb_360_h": 197,
                "thumb_480": "https:\/\/files.slack.com\/files-tmb\/TC0C1HURK-F017Q69L0N9-254d9a8d60\/screenshot_2020-07-26_at_21.13.05_480.png?t=xoxe-408409606869-1267807410853-1293019902560-8c9dc5fc58d3a65e0fe0837e69de048d",
                "thumb_480_w": 480,
                "thumb_480_h": 263,
                "thumb_160": "https:\/\/files.slack.com\/files-tmb\/TC0C1HURK-F017Q69L0N9-254d9a8d60\/screenshot_2020-07-26_at_21.13.05_160.png?t=xoxe-408409606869-1267807410853-1293019902560-8c9dc5fc58d3a65e0fe0837e69de048d",
                "thumb_720": "https:\/\/files.slack.com\/files-tmb\/TC0C1HURK-F017Q69L0N9-254d9a8d60\/screenshot_2020-07-26_at_21.13.05_720.png?t=xoxe-408409606869-1267807410853-1293019902560-8c9dc5fc58d3a65e0fe0837e69de048d",
                "thumb_720_w": 720,
                "thumb_720_h": 395,
                "thumb_800": "https:\/\/files.slack.com\/files-tmb\/TC0C1HURK-F017Q69L0N9-254d9a8d60\/screenshot_2020-07-26_at_21.13.05_800.png?t=xoxe-408409606869-1267807410853-1293019902560-8c9dc5fc58d3a65e0fe0837e69de048d",
                "thumb_800_w": 800,
                "thumb_800_h": 439,
                "thumb_960": "https:\/\/files.slack.com\/files-tmb\/TC0C1HURK-F017Q69L0N9-254d9a8d60\/screenshot_2020-07-26_at_21.13.05_960.png?t=xoxe-408409606869-1267807410853-1293019902560-8c9dc5fc58d3a65e0fe0837e69de048d",
                "thumb_960_w": 960,
                "thumb_960_h": 527,
                "thumb_1024": "https:\/\/files.slack.com\/files-tmb\/TC0C1HURK-F017Q69L0N9-254d9a8d60\/screenshot_2020-07-26_at_21.13.05_1024.png?t=xoxe-408409606869-1267807410853-1293019902560-8c9dc5fc58d3a65e0fe0837e69de048d",
                "thumb_1024_w": 1024,
                "thumb_1024_h": 562,
                "image_exif_rotation": 1,
                "original_w": 3584,
                "original_h": 1966,
                "thumb_tiny": "AwAaADC95I7vJ\/30aPJH9+T\/AL6NSZooAj8kf35P++jR5A\/vyf8AfRqTPtRmgCPyB\/fk\/wC+jQYeeHfH+8akzRn2oAKWkHWloAKSiigAxS0UGgD\/2Q==",
                "permalink": "https:\/\/cube-js.slack.com\/files\/U017RV7C1D2\/F017Q69L0N9\/screenshot_2020-07-26_at_21.13.05.png",
                "permalink_public": "https:\/\/slack-files.com\/TC0C1HURK-F017Q69L0N9-d105f30a60",
                "is_starred": false,
                "has_rich_preview": false
            }
        ],
        "upload": false,
        "user": "U017RV7C1D2",
        "display_as_bot": false,
        "ts": "1595800672.220000",
        "thread_ts": "1595800672.220000",
        "reply_count": 3,
        "reply_users_count": 2,
        "latest_reply": "1595876595.228800",
        "reply_users": [
            "U013J5CRRDW",
            "U017RV7C1D2"
        ],
        "replies": [
            {
                "user": "U013J5CRRDW",
                "ts": "1595861743.222500"
            },
            {
                "user": "U017RV7C1D2",
                "ts": "1595876332.228600"
            },
            {
                "user": "U013J5CRRDW",
                "ts": "1595876595.228800"
            }
        ],
        "subscribed": false
    },
    {
        "type": "message",
        "subtype": "channel_join",
        "ts": "1595823508.220500",
        "user": "U017B2W3FGF",
        "text": "<@U017B2W3FGF> has joined the channel"
    }
]