[
    {
        "type": "message",
        "subtype": "channel_join",
        "ts": "1592733170.168700",
        "user": "U015SPYLKKM",
        "text": "<@U015SPYLKKM> has joined the channel"
    },
    {
        "client_msg_id": "8d15f516-3875-4169-9da1-fac36c810c38",
        "type": "message",
        "text": "Hi <@U012CP32EEB>, do you think you could make a PR with the instructions? Would really appreciate it",
        "user": "URS6PE0MQ",
        "ts": "1592743699.168800",
        "team": "TC0C1HURK",
        "user_team": "TC0C1HURK",
        "source_team": "TC0C1HURK",
        "user_profile": {
            "avatar_hash": "8b785edfd62c",
            "image_72": "https:\/\/avatars.slack-edge.com\/2020-01-03\/893039497744_8b785edfd62ce08d2761_72.png",
            "first_name": "",
            "real_name": "Hassan Khan",
            "display_name": "Hassan Khan",
            "team": "TC0C1HURK",
            "name": "contact_cubejs",
            "is_restricted": false,
            "is_ultra_restricted": false
        },
        "blocks": [
            {
                "type": "rich_text",
                "block_id": "A4yHp",
                "elements": [
                    {
                        "type": "rich_text_section",
                        "elements": [
                            {
                                "type": "text",
                                "text": "Hi "
                            },
                            {
                                "type": "user",
                                "user_id": "U012CP32EEB"
                            },
                            {
                                "type": "text",
                                "text": ", do you think you could make a PR with the instructions? Would really appreciate it"
                            }
                        ]
                    }
                ]
            }
        ],
        "thread_ts": "1592122951.108300",
        "parent_user_id": "U012CP32EEB"
    },
    {
        "client_msg_id": "e8d87e2d-69b8-4f57-a41e-c243e6c083a5",
        "type": "message",
        "text": "See <https:\/\/gist.github.com\/tobilg\/0a1cfd38b30c267051b6e08508ae23d5>",
        "user": "U012CP32EEB",
        "ts": "1592744761.169000",
        "team": "TC0C1HURK",
        "user_team": "TC0C1HURK",
        "source_team": "TC0C1HURK",
        "user_profile": {
            "avatar_hash": "g2e8dbd00857",
            "image_72": "https:\/\/secure.gravatar.com\/avatar\/2e8dbd0085704773a8a21d802a222bd1.jpg?s=72&d=https%3A%2F%2Fa.slack-edge.com%2Fdf10d%2Fimg%2Favatars%2Fava_0002-72.png",
            "first_name": "",
            "real_name": "TobiLG",
            "display_name": "TobiLG",
            "team": "TC0C1HURK",
            "name": "tobilg",
            "is_restricted": false,
            "is_ultra_restricted": false
        },
        "blocks": [
            {
                "type": "rich_text",
                "block_id": "+XB14",
                "elements": [
                    {
                        "type": "rich_text_section",
                        "elements": [
                            {
                                "type": "text",
                                "text": "See "
                            },
                            {
                                "type": "link",
                                "url": "https:\/\/gist.github.com\/tobilg\/0a1cfd38b30c267051b6e08508ae23d5"
                            }
                        ]
                    }
                ]
            }
        ],
        "thread_ts": "1592122951.108300",
        "parent_user_id": "U012CP32EEB"
    },
    {
        "client_msg_id": "cb23d1ca-3879-4743-a99d-c5d2976a31f5",
        "type": "message",
        "text": "I don't think it makes sense to create a PR, because it's probably not of general interest",
        "user": "U012CP32EEB",
        "ts": "1592744791.169200",
        "team": "TC0C1HURK",
        "user_team": "TC0C1HURK",
        "source_team": "TC0C1HURK",
        "user_profile": {
            "avatar_hash": "g2e8dbd00857",
            "image_72": "https:\/\/secure.gravatar.com\/avatar\/2e8dbd0085704773a8a21d802a222bd1.jpg?s=72&d=https%3A%2F%2Fa.slack-edge.com%2Fdf10d%2Fimg%2Favatars%2Fava_0002-72.png",
            "first_name": "",
            "real_name": "TobiLG",
            "display_name": "TobiLG",
            "team": "TC0C1HURK",
            "name": "tobilg",
            "is_restricted": false,
            "is_ultra_restricted": false
        },
        "blocks": [
            {
                "type": "rich_text",
                "block_id": "XQ=",
                "elements": [
                    {
                        "type": "rich_text_section",
                        "elements": [
                            {
                                "type": "text",
                                "text": "I don't think it makes sense to create a PR, because it's probably not of general interest"
                            }
                        ]
                    }
                ]
            }
        ],
        "thread_ts": "1592122951.108300",
        "parent_user_id": "U012CP32EEB"
    },
    {
        "client_msg_id": "b5c41be9-ef98-4e20-bce3-ce6a1f6c3ed0",
        "type": "message",
        "text": "Awesome, thank you so so much",
        "user": "URS6PE0MQ",
        "ts": "1592744795.169400",
        "team": "TC0C1HURK",
        "user_team": "TC0C1HURK",
        "source_team": "TC0C1HURK",
        "user_profile": {
            "avatar_hash": "8b785edfd62c",
            "image_72": "https:\/\/avatars.slack-edge.com\/2020-01-03\/893039497744_8b785edfd62ce08d2761_72.png",
            "first_name": "",
            "real_name": "Hassan Khan",
            "display_name": "Hassan Khan",
            "team": "TC0C1HURK",
            "name": "contact_cubejs",
            "is_restricted": false,
            "is_ultra_restricted": false
        },
        "blocks": [
            {
                "type": "rich_text",
                "block_id": "=uv=z",
                "elements": [
                    {
                        "type": "rich_text_section",
                        "elements": [
                            {
                                "type": "text",
                                "text": "Awesome, thank you so so much"
                            }
                        ]
                    }
                ]
            }
        ],
        "thread_ts": "1592122951.108300",
        "parent_user_id": "U012CP32EEB"
    },
    {
        "client_msg_id": "04837f3d-c0c5-470f-9a78-ca01af513e7a",
        "type": "message",
        "text": "basically, I just overwrote the constructor with a custom handler configuration. You need to make sure that you install the PEMs before deploying it",
        "user": "U012CP32EEB",
        "ts": "1592744847.169600",
        "team": "TC0C1HURK",
        "user_team": "TC0C1HURK",
        "source_team": "TC0C1HURK",
        "user_profile": {
            "avatar_hash": "g2e8dbd00857",
            "image_72": "https:\/\/secure.gravatar.com\/avatar\/2e8dbd0085704773a8a21d802a222bd1.jpg?s=72&d=https%3A%2F%2Fa.slack-edge.com%2Fdf10d%2Fimg%2Favatars%2Fava_0002-72.png",
            "first_name": "",
            "real_name": "TobiLG",
            "display_name": "TobiLG",
            "team": "TC0C1HURK",
            "name": "tobilg",
            "is_restricted": false,
            "is_ultra_restricted": false
        },
        "blocks": [
            {
                "type": "rich_text",
                "block_id": "FZW",
                "elements": [
                    {
                        "type": "rich_text_section",
                        "elements": [
                            {
                                "type": "text",
                                "text": "basically, I just overwrote the constructor with a custom handler configuration. You need to make sure that you install the PEMs before deploying it"
                            }
                        ]
                    }
                ]
            }
        ],
        "thread_ts": "1592122951.108300",
        "parent_user_id": "U012CP32EEB"
    },
    {
        "client_msg_id": "8ff3d614-4d7a-474b-8e89-a15b86debab4",
        "type": "message",
        "text": "so: 1) Run getPEMs.js $USER_POOL_ID 2) Add the serverlessCube.js to your project 3) Update your serverless.yml that it uses the new serverlessCube.js as a handler",
        "user": "U012CP32EEB",
        "ts": "1592744984.169800",
        "team": "TC0C1HURK",
        "user_team": "TC0C1HURK",
        "source_team": "TC0C1HURK",
        "user_profile": {
            "avatar_hash": "g2e8dbd00857",
            "image_72": "https:\/\/secure.gravatar.com\/avatar\/2e8dbd0085704773a8a21d802a222bd1.jpg?s=72&d=https%3A%2F%2Fa.slack-edge.com%2Fdf10d%2Fimg%2Favatars%2Fava_0002-72.png",
            "first_name": "",
            "real_name": "TobiLG",
            "display_name": "TobiLG",
            "team": "TC0C1HURK",
            "name": "tobilg",
            "is_restricted": false,
            "is_ultra_restricted": false
        },
        "blocks": [
            {
                "type": "rich_text",
                "block_id": "eNtS",
                "elements": [
                    {
                        "type": "rich_text_section",
                        "elements": [
                            {
                                "type": "text",
                                "text": "so: 1) Run getPEMs.js $USER_POOL_ID 2) Add the serverlessCube.js to your project 3) Update your serverless.yml that it uses the new serverlessCube.js as a handler"
                            }
                        ]
                    }
                ]
            }
        ],
        "thread_ts": "1592122951.108300",
        "parent_user_id": "U012CP32EEB",
        "reactions": [
            {
                "name": "+1",
                "users": [
                    "URS6PE0MQ"
                ],
                "count": 1
            }
        ]
    },
    {
        "client_msg_id": "8dfe07f1-666c-4200-a73c-2ba53435ffc3",
        "type": "message",
        "text": "will do, thank you",
        "user": "URS6PE0MQ",
        "ts": "1592745044.170100",
        "team": "TC0C1HURK",
        "user_team": "TC0C1HURK",
        "source_team": "TC0C1HURK",
        "user_profile": {
            "avatar_hash": "8b785edfd62c",
            "image_72": "https:\/\/avatars.slack-edge.com\/2020-01-03\/893039497744_8b785edfd62ce08d2761_72.png",
            "first_name": "",
            "real_name": "Hassan Khan",
            "display_name": "Hassan Khan",
            "team": "TC0C1HURK",
            "name": "contact_cubejs",
            "is_restricted": false,
            "is_ultra_restricted": false
        },
        "blocks": [
            {
                "type": "rich_text",
                "block_id": "AePBr",
                "elements": [
                    {
                        "type": "rich_text_section",
                        "elements": [
                            {
                                "type": "text",
                                "text": "will do, thank you"
                            }
                        ]
                    }
                ]
            }
        ],
        "thread_ts": "1592122951.108300",
        "parent_user_id": "U012CP32EEB"
    },
    {
        "client_msg_id": "6b92ded9-8213-4659-80f0-a5c3cea86934",
        "type": "message",
        "text": "let me know if you have questions",
        "user": "U012CP32EEB",
        "ts": "1592745158.170300",
        "team": "TC0C1HURK",
        "user_team": "TC0C1HURK",
        "source_team": "TC0C1HURK",
        "user_profile": {
            "avatar_hash": "g2e8dbd00857",
            "image_72": "https:\/\/secure.gravatar.com\/avatar\/2e8dbd0085704773a8a21d802a222bd1.jpg?s=72&d=https%3A%2F%2Fa.slack-edge.com%2Fdf10d%2Fimg%2Favatars%2Fava_0002-72.png",
            "first_name": "",
            "real_name": "TobiLG",
            "display_name": "TobiLG",
            "team": "TC0C1HURK",
            "name": "tobilg",
            "is_restricted": false,
            "is_ultra_restricted": false
        },
        "blocks": [
            {
                "type": "rich_text",
                "block_id": "KbwuV",
                "elements": [
                    {
                        "type": "rich_text_section",
                        "elements": [
                            {
                                "type": "text",
                                "text": "let me know if you have questions"
                            }
                        ]
                    }
                ]
            }
        ],
        "thread_ts": "1592122951.108300",
        "parent_user_id": "U012CP32EEB"
    },
    {
        "client_msg_id": "4db8305f-10bd-4471-ac0e-7041560dea6c",
        "type": "message",
        "text": "&gt; cube(`MyCube`, {\n&gt;   sql: `SELECT * FROM mycube WHERE ${USER_CONTEXT.customerId.filter('customer_id')}`,\n&gt; ...",
        "user": "U012CP32EEB",
        "ts": "1592745422.170500",
        "team": "TC0C1HURK",
        "user_team": "TC0C1HURK",
        "source_team": "TC0C1HURK",
        "user_profile": {
            "avatar_hash": "g2e8dbd00857",
            "image_72": "https:\/\/secure.gravatar.com\/avatar\/2e8dbd0085704773a8a21d802a222bd1.jpg?s=72&d=https%3A%2F%2Fa.slack-edge.com%2Fdf10d%2Fimg%2Favatars%2Fava_0002-72.png",
            "first_name": "",
            "real_name": "TobiLG",
            "display_name": "TobiLG",
            "team": "TC0C1HURK",
            "name": "tobilg",
            "is_restricted": false,
            "is_ultra_restricted": false
        },
        "edited": {
            "user": "U012CP32EEB",
            "ts": "1592745434.000000"
        },
        "blocks": [
            {
                "type": "rich_text",
                "block_id": "Ow3z",
                "elements": [
                    {
                        "type": "rich_text_quote",
                        "elements": [
                            {
                                "type": "text",
                                "text": "cube(`MyCube`, {\n  sql: `SELECT * FROM mycube WHERE ${USER_CONTEXT.customerId.filter('customer_id')}`,\n..."
                            }
                        ]
                    }
                ]
            }
        ],
        "thread_ts": "1592122951.108300",
        "parent_user_id": "U012CP32EEB"
    },
    {
        "client_msg_id": "92d833fc-fdd2-47cd-a151-2679e1edbdbf",
        "type": "message",
        "text": "i will do thanks, i was mainly stuck on how to decode the incoming JWT",
        "user": "URS6PE0MQ",
        "ts": "1592745935.170800",
        "team": "TC0C1HURK",
        "user_team": "TC0C1HURK",
        "source_team": "TC0C1HURK",
        "user_profile": {
            "avatar_hash": "8b785edfd62c",
            "image_72": "https:\/\/avatars.slack-edge.com\/2020-01-03\/893039497744_8b785edfd62ce08d2761_72.png",
            "first_name": "",
            "real_name": "Hassan Khan",
            "display_name": "Hassan Khan",
            "team": "TC0C1HURK",
            "name": "contact_cubejs",
            "is_restricted": false,
            "is_ultra_restricted": false
        },
        "blocks": [
            {
                "type": "rich_text",
                "block_id": "5Na",
                "elements": [
                    {
                        "type": "rich_text_section",
                        "elements": [
                            {
                                "type": "text",
                                "text": "i will do thanks, i was mainly stuck on how to decode the incoming JWT"
                            }
                        ]
                    }
                ]
            }
        ],
        "thread_ts": "1592122951.108300",
        "parent_user_id": "U012CP32EEB"
    },
    {
        "client_msg_id": "27bfea76-1084-4c6a-8bd4-35735c2aa30e",
        "type": "message",
        "text": "hi <@UC19HAUAK>! would you have any suggestions (or know of) JS libraries (paid or open-source) that would mimick the 1) query builder (with measures, dimensions, filters,...) 2) dashboard builder 3) chart builder\/formatter (ie having the options pre-configured to format a chart) ? We are looking into alternatives to the current React version that we could hook up to CubeJS. Probably the equivalent won't exist off the shelf but any modular components that could speed up the work would be very helpful. Thanks for any tips here!",
        "user": "U013N2ED1E3",
        "ts": "1592777955.174100",
        "team": "TC0C1HURK",
        "user_team": "TC0C1HURK",
        "source_team": "TC0C1HURK",
        "user_profile": {
            "avatar_hash": "g630bebb540a",
            "image_72": "https:\/\/secure.gravatar.com\/avatar\/630bebb540a8b9b54c66d5e1cee01140.jpg?s=72&d=https%3A%2F%2Fa.slack-edge.com%2Fdf10d%2Fimg%2Favatars%2Fava_0004-72.png",
            "first_name": "",
            "real_name": "David",
            "display_name": "David",
            "team": "TC0C1HURK",
            "name": "david539",
            "is_restricted": false,
            "is_ultra_restricted": false
        },
        "blocks": [
            {
                "type": "rich_text",
                "block_id": "kgk",
                "elements": [
                    {
                        "type": "rich_text_section",
                        "elements": [
                            {
                                "type": "text",
                                "text": "hi "
                            },
                            {
                                "type": "user",
                                "user_id": "UC19HAUAK"
                            },
                            {
                                "type": "text",
                                "text": "! would you have any suggestions (or know of) JS libraries (paid or open-source) that would mimick the 1) query builder (with measures, dimensions, filters,...) 2) dashboard builder 3) chart builder\/formatter (ie having the options pre-configured to format a chart) ? We are looking into alternatives to the current React version that we could hook up to CubeJS. Probably the equivalent won't exist off the shelf but any modular components that could speed up the work would be very helpful. Thanks for any tips here!"
                            }
                        ]
                    }
                ]
            }
        ],
        "thread_ts": "1592777955.174100",
        "reply_count": 6,
        "reply_users_count": 3,
        "latest_reply": "1593970719.371300",
        "reply_users": [
            "UC19HAUAK",
            "U013N2ED1E3",
            "ULKS069JN"
        ],
        "replies": [
            {
                "user": "UC19HAUAK",
                "ts": "1592851528.185700"
            },
            {
                "user": "U013N2ED1E3",
                "ts": "1592921606.195900"
            },
            {
                "user": "UC19HAUAK",
                "ts": "1592930120.198000"
            },
            {
                "user": "U013N2ED1E3",
                "ts": "1592930226.198400"
            },
            {
                "user": "ULKS069JN",
                "ts": "1593019339.209700"
            },
            {
                "user": "U013N2ED1E3",
                "ts": "1593970719.371300"
            }
        ],
        "subscribed": false
    },
    {
        "type": "message",
        "subtype": "channel_join",
        "ts": "1592799236.174300",
        "user": "U0165P1JN73",
        "text": "<@U0165P1JN73> has joined the channel"
    },
    {
        "type": "message",
        "subtype": "channel_join",
        "ts": "1592806645.174600",
        "user": "U015RS9JF53",
        "text": "<@U015RS9JF53> has joined the channel"
    },
    {
        "client_msg_id": "93fe8999-51be-43af-b086-95411f8240da",
        "type": "message",
        "text": "Hello?",
        "user": "U015RS9JF53",
        "ts": "1592806706.174800",
        "team": "TC0C1HURK",
        "user_team": "TC0C1HURK",
        "source_team": "TC0C1HURK",
        "user_profile": {
            "avatar_hash": "g62022e95170",
            "image_72": "https:\/\/secure.gravatar.com\/avatar\/62022e951704f006cb8eddc1be36e9bf.jpg?s=72&d=https%3A%2F%2Fa.slack-edge.com%2Fdf10d%2Fimg%2Favatars%2Fava_0017-72.png",
            "first_name": "",
            "real_name": "Lennox",
            "display_name": "Lennox",
            "team": "TC0C1HURK",
            "name": "zhendong.ge",
            "is_restricted": false,
            "is_ultra_restricted": false
        },
        "blocks": [
            {
                "type": "rich_text",
                "block_id": "6h+iu",
                "elements": [
                    {
                        "type": "rich_text_section",
                        "elements": [
                            {
                                "type": "text",
                                "text": "Hello?"
                            }
                        ]
                    }
                ]
            }
        ]
    },
    {
        "client_msg_id": "78a1264c-affc-4a85-b300-dee8e558bbcf",
        "type": "message",
        "text": "I got an error like 'Joins across data sources aren't supported in community edition'",
        "user": "U015RS9JF53",
        "ts": "1592806757.175300",
        "team": "TC0C1HURK",
        "user_team": "TC0C1HURK",
        "source_team": "TC0C1HURK",
        "user_profile": {
            "avatar_hash": "g62022e95170",
            "image_72": "https:\/\/secure.gravatar.com\/avatar\/62022e951704f006cb8eddc1be36e9bf.jpg?s=72&d=https%3A%2F%2Fa.slack-edge.com%2Fdf10d%2Fimg%2Favatars%2Fava_0017-72.png",
            "first_name": "",
            "real_name": "Lennox",
            "display_name": "Lennox",
            "team": "TC0C1HURK",
            "name": "zhendong.ge",
            "is_restricted": false,
            "is_ultra_restricted": false
        },
        "blocks": [
            {
                "type": "rich_text",
                "block_id": "kxZ",
                "elements": [
                    {
                        "type": "rich_text_section",
                        "elements": [
                            {
                                "type": "text",
                                "text": "I got an error like 'Joins across data sources aren't supported in community edition'"
                            }
                        ]
                    }
                ]
            }
        ]
    },
    {
        "client_msg_id": "ac76d8aa-394a-437c-88d6-2f287e2be3aa",
        "type": "message",
        "text": "But I cant find any entry to buy a premium edition on the website...",
        "user": "U015RS9JF53",
        "ts": "1592806786.176000",
        "team": "TC0C1HURK",
        "user_team": "TC0C1HURK",
        "source_team": "TC0C1HURK",
        "user_profile": {
            "avatar_hash": "g62022e95170",
            "image_72": "https:\/\/secure.gravatar.com\/avatar\/62022e951704f006cb8eddc1be36e9bf.jpg?s=72&d=https%3A%2F%2Fa.slack-edge.com%2Fdf10d%2Fimg%2Favatars%2Fava_0017-72.png",
            "first_name": "",
            "real_name": "Lennox",
            "display_name": "Lennox",
            "team": "TC0C1HURK",
            "name": "zhendong.ge",
            "is_restricted": false,
            "is_ultra_restricted": false
        },
        "blocks": [
            {
                "type": "rich_text",
                "block_id": "6foW",
                "elements": [
                    {
                        "type": "rich_text_section",
                        "elements": [
                            {
                                "type": "text",
                                "text": "But I cant find any entry to buy a premium edition on the website..."
                            }
                        ]
                    }
                ]
            }
        ],
        "thread_ts": "1592806786.176000",
        "reply_count": 1,
        "reply_users_count": 1,
        "latest_reply": "1592840317.178700",
        "reply_users": [
            "UC1HAFW4E"
        ],
        "replies": [
            {
                "user": "UC1HAFW4E",
                "ts": "1592840317.178700"
            }
        ],
        "subscribed": true,
        "last_read": "1592840317.178700"
    },
    {
        "type": "message",
        "subtype": "channel_join",
        "ts": "1592806853.176100",
        "user": "U015ZCKLAFN",
        "text": "<@U015ZCKLAFN> has joined the channel"
    },
    {
        "client_msg_id": "37678dc5-3142-4548-b952-721116afaa9d",
        "type": "message",
        "text": "Hi all,\nI wanted some help in cubejs query, is there any option to have SQL Nullif in cubejs query?",
        "user": "U015ZCKLAFN",
        "ts": "1592807176.177500",
        "team": "TC0C1HURK",
        "user_team": "TC0C1HURK",
        "source_team": "TC0C1HURK",
        "user_profile": {
            "avatar_hash": "gdd5c2ae5119",
            "image_72": "https:\/\/secure.gravatar.com\/avatar\/dd5c2ae511987f08ce23f68189b264ca.jpg?s=72&d=https%3A%2F%2Fa.slack-edge.com%2Fdf10d%2Fimg%2Favatars%2Fava_0007-72.png",
            "first_name": "",
            "real_name": "himanshu",
            "display_name": "himanshu",
            "team": "TC0C1HURK",
            "name": "himanshu.kumar394",
            "is_restricted": false,
            "is_ultra_restricted": false
        },
        "blocks": [
            {
                "type": "rich_text",
                "block_id": "6Wyct",
                "elements": [
                    {
                        "type": "rich_text_section",
                        "elements": [
                            {
                                "type": "text",
                                "text": "Hi all,\nI wanted some help in cubejs query, is there any option to have SQL Nullif in cubejs query?"
                            }
                        ]
                    }
                ]
            }
        ],
        "thread_ts": "1592807176.177500",
        "reply_count": 1,
        "reply_users_count": 1,
        "latest_reply": "1592817359.178000",
        "reply_users": [
            "U013J5CRRDW"
        ],
        "replies": [
            {
                "user": "U013J5CRRDW",
                "ts": "1592817359.178000"
            }
        ],
        "subscribed": false
    },
    {
        "client_msg_id": "edc39e06-8805-4462-b859-0bd42902587e",
        "type": "message",
        "text": "Thanks <@U013J5CRRDW>",
        "user": "U015QV08HPV",
        "ts": "1592807457.177600",
        "team": "TC0C1HURK",
        "user_team": "TC0C1HURK",
        "source_team": "TC0C1HURK",
        "user_profile": {
            "avatar_hash": "g976dcb7fa9e",
            "image_72": "https:\/\/secure.gravatar.com\/avatar\/976dcb7fa9ef65f398f72242769863f1.jpg?s=72&d=https%3A%2F%2Fa.slack-edge.com%2Fdf10d%2Fimg%2Favatars%2Fava_0020-72.png",
            "first_name": "",
            "real_name": "olafkrawczyk",
            "display_name": "olafkrawczyk",
            "team": "TC0C1HURK",
            "name": "olafkrawczyk",
            "is_restricted": false,
            "is_ultra_restricted": false
        },
        "blocks": [
            {
                "type": "rich_text",
                "block_id": "a6bg6",
                "elements": [
                    {
                        "type": "rich_text_section",
                        "elements": [
                            {
                                "type": "text",
                                "text": "Thanks "
                            },
                            {
                                "type": "user",
                                "user_id": "U013J5CRRDW"
                            }
                        ]
                    }
                ]
            }
        ],
        "thread_ts": "1592576312.153700",
        "parent_user_id": "U015QV08HPV"
    }
]