[
    {
        "client_msg_id": "31dae1e3-df1a-46de-bef2-1861f715acc0",
        "type": "message",
        "text": "Hmm I see, Is there a way to handle it in the backend side. not in the client?",
        "user": "UQVGN8Y57",
        "ts": "1579436523.018400",
        "team": "TC0C1HURK",
        "user_team": "TC0C1HURK",
        "source_team": "TC0C1HURK",
        "user_profile": {
            "avatar_hash": "gc23fd6b1e1e",
            "image_72": "https:\/\/secure.gravatar.com\/avatar\/c23fd6b1e1ebe1321063fcdc37d29c04.jpg?s=72&d=https%3A%2F%2Fa.slack-edge.com%2Fdf10d%2Fimg%2Favatars%2Fava_0022-72.png",
            "first_name": "",
            "real_name": "nthdev",
            "display_name": "nthdev",
            "team": "TC0C1HURK",
            "name": "pbartocillo",
            "is_restricted": false,
            "is_ultra_restricted": false
        },
        "blocks": [
            {
                "type": "rich_text",
                "block_id": "jPC",
                "elements": [
                    {
                        "type": "rich_text_section",
                        "elements": [
                            {
                                "type": "text",
                                "text": "Hmm I see, Is there a way to handle it in the backend side. not in the client?"
                            }
                        ]
                    }
                ]
            }
        ],
        "thread_ts": "1575005075.466600",
        "parent_user_id": "UQVGN8Y57"
    },
    {
        "client_msg_id": "e64b392b-1ce8-4532-9470-ca3df3d828bd",
        "type": "message",
        "text": "cause right now the \/cubejs\/v1\/load is not exposed outside the core server backend.",
        "user": "UQVGN8Y57",
        "ts": "1579436584.018600",
        "team": "TC0C1HURK",
        "user_team": "TC0C1HURK",
        "source_team": "TC0C1HURK",
        "user_profile": {
            "avatar_hash": "gc23fd6b1e1e",
            "image_72": "https:\/\/secure.gravatar.com\/avatar\/c23fd6b1e1ebe1321063fcdc37d29c04.jpg?s=72&d=https%3A%2F%2Fa.slack-edge.com%2Fdf10d%2Fimg%2Favatars%2Fava_0022-72.png",
            "first_name": "",
            "real_name": "nthdev",
            "display_name": "nthdev",
            "team": "TC0C1HURK",
            "name": "pbartocillo",
            "is_restricted": false,
            "is_ultra_restricted": false
        },
        "blocks": [
            {
                "type": "rich_text",
                "block_id": "gY\/3",
                "elements": [
                    {
                        "type": "rich_text_section",
                        "elements": [
                            {
                                "type": "text",
                                "text": "cause right now the \/cubejs\/v1\/load is not exposed outside the core server backend."
                            }
                        ]
                    }
                ]
            }
        ],
        "thread_ts": "1575005075.466600",
        "parent_user_id": "UQVGN8Y57"
    },
    {
        "client_msg_id": "6c05a961-b67a-4070-a1d1-64102c7a6fef",
        "type": "message",
        "text": "it's directly integrated with express app",
        "user": "UQVGN8Y57",
        "ts": "1579436670.018800",
        "team": "TC0C1HURK",
        "user_team": "TC0C1HURK",
        "source_team": "TC0C1HURK",
        "user_profile": {
            "avatar_hash": "gc23fd6b1e1e",
            "image_72": "https:\/\/secure.gravatar.com\/avatar\/c23fd6b1e1ebe1321063fcdc37d29c04.jpg?s=72&d=https%3A%2F%2Fa.slack-edge.com%2Fdf10d%2Fimg%2Favatars%2Fava_0022-72.png",
            "first_name": "",
            "real_name": "nthdev",
            "display_name": "nthdev",
            "team": "TC0C1HURK",
            "name": "pbartocillo",
            "is_restricted": false,
            "is_ultra_restricted": false
        },
        "edited": {
            "user": "UQVGN8Y57",
            "ts": "1579436748.000000"
        },
        "blocks": [
            {
                "type": "rich_text",
                "block_id": "WOw",
                "elements": [
                    {
                        "type": "rich_text_section",
                        "elements": [
                            {
                                "type": "text",
                                "text": "it's directly integrated with express app"
                            }
                        ]
                    }
                ]
            }
        ],
        "thread_ts": "1575005075.466600",
        "parent_user_id": "UQVGN8Y57"
    },
    {
        "type": "message",
        "text": "",
        "files": [
            {
                "id": "FSUMSL39T",
                "created": 1579436672,
                "timestamp": 1579436672,
                "name": "image.png",
                "title": "image.png",
                "mimetype": "image\/png",
                "filetype": "png",
                "pretty_type": "PNG",
                "user": "UQVGN8Y57",
                "editable": false,
                "size": 50967,
                "mode": "hosted",
                "is_external": false,
                "external_type": "",
                "is_public": true,
                "public_url_shared": false,
                "display_as_bot": false,
                "username": "",
                "url_private": "https:\/\/files.slack.com\/files-pri\/TC0C1HURK-FSUMSL39T\/image.png?t=xoxe-408409606869-1267807410853-1293019902560-8c9dc5fc58d3a65e0fe0837e69de048d",
                "url_private_download": "https:\/\/files.slack.com\/files-pri\/TC0C1HURK-FSUMSL39T\/download\/image.png?t=xoxe-408409606869-1267807410853-1293019902560-8c9dc5fc58d3a65e0fe0837e69de048d",
                "thumb_64": "https:\/\/files.slack.com\/files-tmb\/TC0C1HURK-FSUMSL39T-477824c6e8\/image_64.png?t=xoxe-408409606869-1267807410853-1293019902560-8c9dc5fc58d3a65e0fe0837e69de048d",
                "thumb_80": "https:\/\/files.slack.com\/files-tmb\/TC0C1HURK-FSUMSL39T-477824c6e8\/image_80.png?t=xoxe-408409606869-1267807410853-1293019902560-8c9dc5fc58d3a65e0fe0837e69de048d",
                "thumb_360": "https:\/\/files.slack.com\/files-tmb\/TC0C1HURK-FSUMSL39T-477824c6e8\/image_360.png?t=xoxe-408409606869-1267807410853-1293019902560-8c9dc5fc58d3a65e0fe0837e69de048d",
                "thumb_360_w": 360,
                "thumb_360_h": 95,
                "thumb_480": "https:\/\/files.slack.com\/files-tmb\/TC0C1HURK-FSUMSL39T-477824c6e8\/image_480.png?t=xoxe-408409606869-1267807410853-1293019902560-8c9dc5fc58d3a65e0fe0837e69de048d",
                "thumb_480_w": 480,
                "thumb_480_h": 126,
                "thumb_160": "https:\/\/files.slack.com\/files-tmb\/TC0C1HURK-FSUMSL39T-477824c6e8\/image_160.png?t=xoxe-408409606869-1267807410853-1293019902560-8c9dc5fc58d3a65e0fe0837e69de048d",
                "thumb_720": "https:\/\/files.slack.com\/files-tmb\/TC0C1HURK-FSUMSL39T-477824c6e8\/image_720.png?t=xoxe-408409606869-1267807410853-1293019902560-8c9dc5fc58d3a65e0fe0837e69de048d",
                "thumb_720_w": 720,
                "thumb_720_h": 189,
                "thumb_800": "https:\/\/files.slack.com\/files-tmb\/TC0C1HURK-FSUMSL39T-477824c6e8\/image_800.png?t=xoxe-408409606869-1267807410853-1293019902560-8c9dc5fc58d3a65e0fe0837e69de048d",
                "thumb_800_w": 800,
                "thumb_800_h": 210,
                "thumb_960": "https:\/\/files.slack.com\/files-tmb\/TC0C1HURK-FSUMSL39T-477824c6e8\/image_960.png?t=xoxe-408409606869-1267807410853-1293019902560-8c9dc5fc58d3a65e0fe0837e69de048d",
                "thumb_960_w": 960,
                "thumb_960_h": 252,
                "image_exif_rotation": 1,
                "original_w": 974,
                "original_h": 256,
                "thumb_tiny": "AwAMADCoMf3SaXA\/umm5oyaYhf8AgFIcY4XFGTRk0AJRS5NGeKAP\/9k=",
                "permalink": "https:\/\/cube-js.slack.com\/files\/UQVGN8Y57\/FSUMSL39T\/image.png",
                "permalink_public": "https:\/\/slack-files.com\/TC0C1HURK-FSUMSL39T-529a9b10de",
                "is_starred": false,
                "has_rich_preview": false
            }
        ],
        "upload": true,
        "user": "UQVGN8Y57",
        "display_as_bot": false,
        "ts": "1579436676.019000",
        "client_msg_id": "7297bcca-63c5-4388-8e88-955a548e8cc3",
        "thread_ts": "1575005075.466600",
        "parent_user_id": "UQVGN8Y57"
    },
    {
        "client_msg_id": "3e45a5c4-7f0f-4fbf-be77-72fd2822a44e",
        "type": "message",
        "text": "And routes `\/cubejs\/v1\/load` i think is inside the serverCore",
        "user": "UQVGN8Y57",
        "ts": "1579436697.019400",
        "team": "TC0C1HURK",
        "user_team": "TC0C1HURK",
        "source_team": "TC0C1HURK",
        "user_profile": {
            "avatar_hash": "gc23fd6b1e1e",
            "image_72": "https:\/\/secure.gravatar.com\/avatar\/c23fd6b1e1ebe1321063fcdc37d29c04.jpg?s=72&d=https%3A%2F%2Fa.slack-edge.com%2Fdf10d%2Fimg%2Favatars%2Fava_0022-72.png",
            "first_name": "",
            "real_name": "nthdev",
            "display_name": "nthdev",
            "team": "TC0C1HURK",
            "name": "pbartocillo",
            "is_restricted": false,
            "is_ultra_restricted": false
        },
        "blocks": [
            {
                "type": "rich_text",
                "block_id": "Wze",
                "elements": [
                    {
                        "type": "rich_text_section",
                        "elements": [
                            {
                                "type": "text",
                                "text": "And routes "
                            },
                            {
                                "type": "text",
                                "text": "\/cubejs\/v1\/load",
                                "style": {
                                    "code": true
                                }
                            },
                            {
                                "type": "text",
                                "text": " i think is inside the serverCore"
                            }
                        ]
                    }
                ]
            }
        ],
        "thread_ts": "1575005075.466600",
        "parent_user_id": "UQVGN8Y57"
    },
    {
        "client_msg_id": "bc400896-2c3f-4feb-9d3f-8c2b46d74a00",
        "type": "message",
        "text": "is there a way I could bypass that and implement long polling?",
        "user": "UQVGN8Y57",
        "ts": "1579436711.019600",
        "team": "TC0C1HURK",
        "user_team": "TC0C1HURK",
        "source_team": "TC0C1HURK",
        "user_profile": {
            "avatar_hash": "gc23fd6b1e1e",
            "image_72": "https:\/\/secure.gravatar.com\/avatar\/c23fd6b1e1ebe1321063fcdc37d29c04.jpg?s=72&d=https%3A%2F%2Fa.slack-edge.com%2Fdf10d%2Fimg%2Favatars%2Fava_0022-72.png",
            "first_name": "",
            "real_name": "nthdev",
            "display_name": "nthdev",
            "team": "TC0C1HURK",
            "name": "pbartocillo",
            "is_restricted": false,
            "is_ultra_restricted": false
        },
        "edited": {
            "user": "UQVGN8Y57",
            "ts": "1579436720.000000"
        },
        "blocks": [
            {
                "type": "rich_text",
                "block_id": "zco",
                "elements": [
                    {
                        "type": "rich_text_section",
                        "elements": [
                            {
                                "type": "text",
                                "text": "is there a way I could bypass that and implement long polling?"
                            }
                        ]
                    }
                ]
            }
        ],
        "thread_ts": "1575005075.466600",
        "parent_user_id": "UQVGN8Y57"
    },
    {
        "type": "message",
        "subtype": "channel_join",
        "ts": "1579473519.021800",
        "user": "USUU7QS8Y",
        "text": "<@USUU7QS8Y> has joined the channel"
    },
    {
        "type": "message",
        "subtype": "channel_join",
        "ts": "1579494866.022300",
        "user": "USXAF6WUW",
        "text": "<@USXAF6WUW> has joined the channel"
    },
    {
        "type": "message",
        "subtype": "channel_join",
        "ts": "1579499935.022700",
        "user": "USX1PRUUX",
        "text": "<@USX1PRUUX> has joined the channel"
    },
    {
        "type": "message",
        "subtype": "channel_join",
        "ts": "1579501513.022900",
        "user": "USX280HNK",
        "text": "<@USX280HNK> has joined the channel"
    },
    {
        "client_msg_id": "6302d4de-fafa-47e6-abcb-03e0d720ef71",
        "type": "message",
        "text": "Hi Everyone,\nI am new to this. I am trying to generate schema using api call to node js but I couldn't find which url to call and parameters format to do that. Please help me to see where I can find document to do all he cube operations using API call only with my own frontend.\nThank you so much for your help and support.\n\nI used this url to generate schema: <http:\/\/localhost:4000\/playground\/generate-schema>",
        "user": "USXAF6WUW",
        "ts": "1579504646.026500",
        "team": "TC0C1HURK",
        "user_team": "TC0C1HURK",
        "source_team": "TC0C1HURK",
        "user_profile": {
            "avatar_hash": "g6e71f35495e",
            "image_72": "https:\/\/secure.gravatar.com\/avatar\/6e71f35495ed8c7c3a4b3423b70b08ac.jpg?s=72&d=https%3A%2F%2Fa.slack-edge.com%2Fdf10d%2Fimg%2Favatars%2Fava_0001-72.png",
            "first_name": "",
            "real_name": "Teja Varma",
            "display_name": "Teja Varma",
            "team": "TC0C1HURK",
            "name": "kvarma063",
            "is_restricted": false,
            "is_ultra_restricted": false
        },
        "edited": {
            "user": "USXAF6WUW",
            "ts": "1579504920.000000"
        },
        "blocks": [
            {
                "type": "rich_text",
                "block_id": "UL4SY",
                "elements": [
                    {
                        "type": "rich_text_section",
                        "elements": [
                            {
                                "type": "text",
                                "text": "Hi Everyone,\nI am new to this. I am trying to generate schema using api call to node js but I couldn't find which url to call and parameters format to do that. Please help me to see where I can find document to do all he cube operations using API call only with my own frontend.\nThank you so much for your help and support.\n\nI used this url to generate schema: "
                            },
                            {
                                "type": "link",
                                "url": "http:\/\/localhost:4000\/playground\/generate-schema"
                            }
                        ]
                    }
                ]
            }
        ],
        "thread_ts": "1579504646.026500",
        "reply_count": 1,
        "reply_users_count": 1,
        "latest_reply": "1579505220.026700",
        "reply_users": [
            "UC1HAFW4E"
        ],
        "replies": [
            {
                "user": "UC1HAFW4E",
                "ts": "1579505220.026700"
            }
        ],
        "subscribed": true,
        "last_read": "1579505220.026700"
    },
    {
        "client_msg_id": "40f44006-1201-4da8-9ef4-183cf150fdca",
        "type": "message",
        "text": "The schema is a javascript file, which you need to create. There is no API to generate a schema. Your schema though can be dynamic, but again, you need to create a file with javascript code.\n<https:\/\/cube.dev\/docs\/getting-started-cubejs-schema>\n<https:\/\/cube.dev\/docs\/schema-generation>",
        "user": "UC1HAFW4E",
        "ts": "1579505220.026700",
        "team": "TC0C1HURK",
        "user_team": "TC0C1HURK",
        "source_team": "TC0C1HURK",
        "user_profile": {
            "avatar_hash": "ee7b69830a11",
            "image_72": "https:\/\/avatars.slack-edge.com\/2018-08-13\/414857329600_ee7b69830a119331e10e_72.jpg",
            "first_name": "Artyom",
            "real_name": "Artyom Keydunov",
            "display_name": "Artyom Keydunov",
            "team": "TC0C1HURK",
            "name": "artyom",
            "is_restricted": false,
            "is_ultra_restricted": false
        },
        "edited": {
            "user": "UC1HAFW4E",
            "ts": "1579505306.000000"
        },
        "blocks": [
            {
                "type": "rich_text",
                "block_id": "+jJ",
                "elements": [
                    {
                        "type": "rich_text_section",
                        "elements": [
                            {
                                "type": "text",
                                "text": "The schema is a javascript file, which you need to create. There is no API to generate a schema. Your schema though can be dynamic, but again, you need to create a file with javascript code.\n"
                            },
                            {
                                "type": "link",
                                "url": "https:\/\/cube.dev\/docs\/getting-started-cubejs-schema"
                            },
                            {
                                "type": "text",
                                "text": "\n"
                            },
                            {
                                "type": "link",
                                "url": "https:\/\/cube.dev\/docs\/schema-generation"
                            }
                        ]
                    }
                ]
            }
        ],
        "thread_ts": "1579504646.026500",
        "parent_user_id": "USXAF6WUW"
    }
]