[
    {
        "client_msg_id": "736fcf4f-feaa-4324-a3b0-cbbcd227fca7",
        "type": "message",
        "text": "Is there somewhere an example app which includes data points rendered on a map?",
        "user": "U012CP32EEB",
        "ts": "1592206424.113500",
        "team": "TC0C1HURK",
        "user_team": "TC0C1HURK",
        "source_team": "TC0C1HURK",
        "user_profile": {
            "avatar_hash": "g2e8dbd00857",
            "image_72": "https:\/\/secure.gravatar.com\/avatar\/2e8dbd0085704773a8a21d802a222bd1.jpg?s=72&d=https%3A%2F%2Fa.slack-edge.com%2Fdf10d%2Fimg%2Favatars%2Fava_0002-72.png",
            "first_name": "",
            "real_name": "TobiLG",
            "display_name": "TobiLG",
            "team": "TC0C1HURK",
            "name": "tobilg",
            "is_restricted": false,
            "is_ultra_restricted": false
        },
        "blocks": [
            {
                "type": "rich_text",
                "block_id": "NJ8Z5",
                "elements": [
                    {
                        "type": "rich_text_section",
                        "elements": [
                            {
                                "type": "text",
                                "text": "Is there somewhere an example app which includes data points rendered on a map?"
                            }
                        ]
                    }
                ]
            }
        ],
        "thread_ts": "1592206424.113500",
        "reply_count": 6,
        "reply_users_count": 2,
        "latest_reply": "1592207090.115100",
        "reply_users": [
            "U013J5CRRDW",
            "U012CP32EEB"
        ],
        "replies": [
            {
                "user": "U013J5CRRDW",
                "ts": "1592206675.113600"
            },
            {
                "user": "U012CP32EEB",
                "ts": "1592206775.113900"
            },
            {
                "user": "U012CP32EEB",
                "ts": "1592206857.114100"
            },
            {
                "user": "U013J5CRRDW",
                "ts": "1592206858.114300"
            },
            {
                "user": "U013J5CRRDW",
                "ts": "1592206885.114500"
            },
            {
                "user": "U012CP32EEB",
                "ts": "1592207090.115100"
            }
        ],
        "subscribed": false
    },
    {
        "client_msg_id": "ef30d36e-4f23-4e4a-97f7-898384e2561e",
        "type": "message",
        "text": "Something like this? <https:\/\/mapbox-example.cubecloudapp.dev\/#\/>",
        "user": "U013J5CRRDW",
        "ts": "1592206675.113600",
        "team": "TC0C1HURK",
        "user_team": "TC0C1HURK",
        "source_team": "TC0C1HURK",
        "user_profile": {
            "avatar_hash": "759b4f7ce0bf",
            "image_72": "https:\/\/avatars.slack-edge.com\/2020-06-23\/1224215237280_759b4f7ce0bf4b291721_72.jpg",
            "first_name": "Alex",
            "real_name": "Alex Vasilev",
            "display_name": "Alex Vasilev",
            "team": "TC0C1HURK",
            "name": "vaspiring",
            "is_restricted": false,
            "is_ultra_restricted": false
        },
        "attachments": [
            {
                "title": "Cube.js Mapbox example",
                "title_link": "https:\/\/mapbox-example.cubecloudapp.dev\/#\/",
                "text": "Web site created using create-react-app",
                "fallback": "Cube.js Mapbox example",
                "from_url": "https:\/\/mapbox-example.cubecloudapp.dev\/#\/",
                "service_icon": "https:\/\/mapbox-example.cubecloudapp.dev\/logo192.png",
                "service_name": "mapbox-example.cubecloudapp.dev",
                "id": 1,
                "original_url": "https:\/\/mapbox-example.cubecloudapp.dev\/#\/"
            }
        ],
        "blocks": [
            {
                "type": "rich_text",
                "block_id": "qvQ=l",
                "elements": [
                    {
                        "type": "rich_text_section",
                        "elements": [
                            {
                                "type": "text",
                                "text": "Something like this? "
                            },
                            {
                                "type": "link",
                                "url": "https:\/\/mapbox-example.cubecloudapp.dev\/#\/"
                            }
                        ]
                    }
                ]
            }
        ],
        "thread_ts": "1592206424.113500",
        "parent_user_id": "U012CP32EEB"
    },
    {
        "client_msg_id": "168f17b0-f76e-4758-9ce6-2b360de99ec6",
        "type": "message",
        "text": "very cool, thanks a lot! I have some edge location latency data and want to show this on a map\/heatmap, looks very useful",
        "user": "U012CP32EEB",
        "ts": "1592206775.113900",
        "team": "TC0C1HURK",
        "user_team": "TC0C1HURK",
        "source_team": "TC0C1HURK",
        "user_profile": {
            "avatar_hash": "g2e8dbd00857",
            "image_72": "https:\/\/secure.gravatar.com\/avatar\/2e8dbd0085704773a8a21d802a222bd1.jpg?s=72&d=https%3A%2F%2Fa.slack-edge.com%2Fdf10d%2Fimg%2Favatars%2Fava_0002-72.png",
            "first_name": "",
            "real_name": "TobiLG",
            "display_name": "TobiLG",
            "team": "TC0C1HURK",
            "name": "tobilg",
            "is_restricted": false,
            "is_ultra_restricted": false
        },
        "blocks": [
            {
                "type": "rich_text",
                "block_id": "h=Q",
                "elements": [
                    {
                        "type": "rich_text_section",
                        "elements": [
                            {
                                "type": "text",
                                "text": "very cool, thanks a lot! I have some edge location latency data and want to show this on a map\/heatmap, looks very useful"
                            }
                        ]
                    }
                ]
            }
        ],
        "thread_ts": "1592206424.113500",
        "parent_user_id": "U012CP32EEB"
    },
    {
        "client_msg_id": "5ed217b5-6d8e-4d05-a719-47fbb38d7386",
        "type": "message",
        "text": "just tried to access the \"view source\" links, but they just link to the website itself <@U013J5CRRDW> Any chance the sources are in a repo?",
        "user": "U012CP32EEB",
        "ts": "1592206857.114100",
        "team": "TC0C1HURK",
        "user_team": "TC0C1HURK",
        "source_team": "TC0C1HURK",
        "user_profile": {
            "avatar_hash": "g2e8dbd00857",
            "image_72": "https:\/\/secure.gravatar.com\/avatar\/2e8dbd0085704773a8a21d802a222bd1.jpg?s=72&d=https%3A%2F%2Fa.slack-edge.com%2Fdf10d%2Fimg%2Favatars%2Fava_0002-72.png",
            "first_name": "",
            "real_name": "TobiLG",
            "display_name": "TobiLG",
            "team": "TC0C1HURK",
            "name": "tobilg",
            "is_restricted": false,
            "is_ultra_restricted": false
        },
        "blocks": [
            {
                "type": "rich_text",
                "block_id": "CBib",
                "elements": [
                    {
                        "type": "rich_text_section",
                        "elements": [
                            {
                                "type": "text",
                                "text": "just tried to access the \"view source\" links, but they just link to the website itself "
                            },
                            {
                                "type": "user",
                                "user_id": "U013J5CRRDW"
                            },
                            {
                                "type": "text",
                                "text": " Any chance the sources are in a repo?"
                            }
                        ]
                    }
                ]
            }
        ],
        "thread_ts": "1592206424.113500",
        "parent_user_id": "U012CP32EEB"
    },
    {
        "client_msg_id": "dd4135dc-2917-4b0f-91d8-ebc3e5ec8c79",
        "type": "message",
        "text": "nice, but the example is not finished yet and currently is being worked on",
        "user": "U013J5CRRDW",
        "ts": "1592206858.114300",
        "team": "TC0C1HURK",
        "user_team": "TC0C1HURK",
        "source_team": "TC0C1HURK",
        "user_profile": {
            "avatar_hash": "759b4f7ce0bf",
            "image_72": "https:\/\/avatars.slack-edge.com\/2020-06-23\/1224215237280_759b4f7ce0bf4b291721_72.jpg",
            "first_name": "Alex",
            "real_name": "Alex Vasilev",
            "display_name": "Alex Vasilev",
            "team": "TC0C1HURK",
            "name": "vaspiring",
            "is_restricted": false,
            "is_ultra_restricted": false
        },
        "blocks": [
            {
                "type": "rich_text",
                "block_id": "Y=oYi",
                "elements": [
                    {
                        "type": "rich_text_section",
                        "elements": [
                            {
                                "type": "text",
                                "text": "nice, but the example is not finished yet and currently is being worked on"
                            }
                        ]
                    }
                ]
            }
        ],
        "thread_ts": "1592206424.113500",
        "parent_user_id": "U012CP32EEB"
    },
    {
        "client_msg_id": "5049baa6-d225-426e-a5a4-2f78e97e79b6",
        "type": "message",
        "text": "you can see the pull request though <https:\/\/github.com\/cube-js\/cube.js\/pull\/716\/files>",
        "user": "U013J5CRRDW",
        "ts": "1592206885.114500",
        "team": "TC0C1HURK",
        "user_team": "TC0C1HURK",
        "source_team": "TC0C1HURK",
        "user_profile": {
            "avatar_hash": "759b4f7ce0bf",
            "image_72": "https:\/\/avatars.slack-edge.com\/2020-06-23\/1224215237280_759b4f7ce0bf4b291721_72.jpg",
            "first_name": "Alex",
            "real_name": "Alex Vasilev",
            "display_name": "Alex Vasilev",
            "team": "TC0C1HURK",
            "name": "vaspiring",
            "is_restricted": false,
            "is_ultra_restricted": false
        },
        "attachments": [
            {
                "service_name": "GitHub",
                "title": "mapbox by jkotova · Pull Request #716 · cube-js\/cube.js",
                "title_link": "https:\/\/github.com\/cube-js\/cube.js\/pull\/716\/files",
                "text": "Examples: Mapbox",
                "fallback": "GitHub: mapbox by jkotova · Pull Request #716 · cube-js\/cube.js",
                "from_url": "https:\/\/github.com\/cube-js\/cube.js\/pull\/716\/files",
                "thumb_url": "https:\/\/avatars3.githubusercontent.com\/u\/753980?s=400&v=4",
                "thumb_width": 250,
                "thumb_height": 250,
                "service_icon": "https:\/\/a.slack-edge.com\/80588\/img\/unfurl_icons\/github.png",
                "id": 1,
                "original_url": "https:\/\/github.com\/cube-js\/cube.js\/pull\/716\/files"
            }
        ],
        "blocks": [
            {
                "type": "rich_text",
                "block_id": "pzEZ",
                "elements": [
                    {
                        "type": "rich_text_section",
                        "elements": [
                            {
                                "type": "text",
                                "text": "you can see the pull request though "
                            },
                            {
                                "type": "link",
                                "url": "https:\/\/github.com\/cube-js\/cube.js\/pull\/716\/files"
                            }
                        ]
                    }
                ]
            }
        ],
        "thread_ts": "1592206424.113500",
        "parent_user_id": "U012CP32EEB",
        "reactions": [
            {
                "name": "heart",
                "users": [
                    "U012CP32EEB"
                ],
                "count": 1
            }
        ]
    },
    {
        "client_msg_id": "f394af83-217f-4259-83f8-caaff5e6fc29",
        "type": "message",
        "text": "Thanks a lot!",
        "user": "U012CP32EEB",
        "ts": "1592207090.115100",
        "team": "TC0C1HURK",
        "user_team": "TC0C1HURK",
        "source_team": "TC0C1HURK",
        "user_profile": {
            "avatar_hash": "g2e8dbd00857",
            "image_72": "https:\/\/secure.gravatar.com\/avatar\/2e8dbd0085704773a8a21d802a222bd1.jpg?s=72&d=https%3A%2F%2Fa.slack-edge.com%2Fdf10d%2Fimg%2Favatars%2Fava_0002-72.png",
            "first_name": "",
            "real_name": "TobiLG",
            "display_name": "TobiLG",
            "team": "TC0C1HURK",
            "name": "tobilg",
            "is_restricted": false,
            "is_ultra_restricted": false
        },
        "blocks": [
            {
                "type": "rich_text",
                "block_id": "WaBb",
                "elements": [
                    {
                        "type": "rich_text_section",
                        "elements": [
                            {
                                "type": "text",
                                "text": "Thanks a lot!"
                            }
                        ]
                    }
                ]
            }
        ],
        "thread_ts": "1592206424.113500",
        "parent_user_id": "U012CP32EEB"
    },
    {
        "client_msg_id": "e9dc5e05-a1cf-4aca-a95a-0e7be3e8726e",
        "type": "message",
        "text": "I asked a question a few days ago but didn’t do a very good job of it.  How are people formatting their Axis labels in charts?  How are you identifying the data type that will be used on either axis?  I though of using the meta in conjunction with the query, but thought it must have already been done.  Great project by the way, loving it.",
        "user": "U0161JDSDS4",
        "ts": "1592209344.118300",
        "team": "TC0C1HURK",
        "user_team": "TC0C1HURK",
        "source_team": "TC0C1HURK",
        "user_profile": {
            "avatar_hash": "gf8a9e6f4924",
            "image_72": "https:\/\/secure.gravatar.com\/avatar\/f8a9e6f4924a0860bcc13b551cb6a2b3.jpg?s=72&d=https%3A%2F%2Fa.slack-edge.com%2Fdf10d%2Fimg%2Favatars%2Fava_0003-72.png",
            "first_name": "",
            "real_name": "Lee Spring",
            "display_name": "",
            "team": "TC0C1HURK",
            "name": "lee",
            "is_restricted": false,
            "is_ultra_restricted": false
        },
        "blocks": [
            {
                "type": "rich_text",
                "block_id": "N73",
                "elements": [
                    {
                        "type": "rich_text_section",
                        "elements": [
                            {
                                "type": "text",
                                "text": "I asked a question a few days ago but didn’t do a very good job of it.  How are people formatting their Axis labels in charts?  How are you identifying the data type that will be used on either axis?  I though of using the meta in conjunction with the query, but thought it must have already been done.  Great project by the way, loving it."
                            }
                        ]
                    }
                ]
            }
        ],
        "thread_ts": "1592209344.118300",
        "reply_count": 3,
        "reply_users_count": 2,
        "latest_reply": "1592230627.120400",
        "reply_users": [
            "U013J5CRRDW",
            "U0161JDSDS4"
        ],
        "replies": [
            {
                "user": "U013J5CRRDW",
                "ts": "1592230328.119900"
            },
            {
                "user": "U0161JDSDS4",
                "ts": "1592230396.120200"
            },
            {
                "user": "U0161JDSDS4",
                "ts": "1592230627.120400"
            }
        ],
        "subscribed": false
    },
    {
        "type": "message",
        "subtype": "thread_broadcast",
        "text": "Hi, I read your previous conversations regarding incremental pre-aggregations. Could someone please help me with few queries related to incremental pre-aggregation over time series immutable data?\n\nI want to create pre-aggregation tables with \n`granularity : 'day'` and `partitionGranularity: 'month'`\nThen I need to refresh the latest partition each day and add '_new born_' data to it from the original datasource (in my case Athena). For this I'm trying to use(but It's working as needed) the following code snippet:\n```sectorAndDate: {\n      type: `rollup`,\n      measureReferences: [amount],\n      dimensionReferences: [sector],\n      timeDimensionReference: dt,\n      granularity: `day`,\n      partitionGranularity: `month`,\n      refreshKey: {\n        every: '1 day',\n        sql: immutablePartitionRollupRefreshKey(\n          FILTER_PARAMS.UOV_PA.dt.filter\n        )\n      }```\nwith RefreshKeyHelper.js being:\n```const defaultRefreshKey = `date(current_timestamp)`;\n\nexport const refreshKeySql = `select ${defaultRefreshKey}`;\n\nexport const immutablePartitionRollupRefreshKey = (filterFn) =&gt;\n  `SELECT CASE WHEN ${filterFn(\n    (from, to) =&gt; `current_timestamp &lt; from_iso8601_timestamp(${to}) + interval '24' hour`\n  )} THEN ${defaultRefreshKey} END`;```\nI am not able to get the desired results with it. Following are a few queries to help me better understand the working if CubeJS. Anyone's expert assistance would be greatly appreciated.\n\nQueries :\n1. <@URG03MR27> were you able to achieve the desired results as mentioned here (<https:\/\/cube-js.slack.com\/archives\/CC0403RRR\/p1579611882046000>). Could you(or anyone) please help me with the exact pre aggregation settings to get there?\n2. While trying to create pre-aggregations for multiple months, the first query starts creating a pre agg table for each month; But then what I am seeing is that after finishing with one `CREATE TABLE` CubeJS doesn't automatically take up the task of creating the next one. Moreover, when I try the same query again it starts with creating the next pre- agg partition and so on. Does that mean that if i want to make 'n' pre aggregations then i'll need to hit the same query 'n' times. Is it the correct usage or am i missing something here(Can't CubeJS do the partition creation automatically after getting triggered once?). Please help\n3. Is it possible to append new rows to a pre aggregation partition with CubeJS? For example, new rows of daily data to be added in 'month' partitioned table as per my use case.\n4. Lastly, any input for achieving my use case(explained above) would be very helpful.\nThanks",
        "user": "U015CQALTD1",
        "ts": "1592209671.118400",
        "thread_ts": "1579611882.046000",
        "root": {
            "type": "message",
            "text": "Hello !\nI don't really understant how `partitionGranularity` works for pre-aggregated tables.\nIf I take the example of the attached query that is sent to the cubejs backend and the following pre-aggregation schema :\n\nWith a `partitionGranularity : 'day'`\nIt only query for one day and i get the response `{\"error\":\"Continue wait\",\"stage\":{\"stage\":\"Building pre-aggregation 1\/7\",\"timeElapsed\":3136}}%`\n\nAnd when i send the same query again, it goes for the next day and i get :\n`{\"error\":\"Continue wait\",\"stage\":{\"stage\":\"Building pre-aggregation 2\/7\",\"timeElapsed\":2463}}%`\n\nWith a `partitionGranularity : 'month'`\nIt queries for the whole month\n\nWhat I want to do is to to query each day for the last 7 days of data and update the last 7 days on the external pre-aggregated tables which is why i wanted to use this <https:\/\/cube.dev\/docs\/incremental-pre-aggregations> with 'INTERVAL 7 DAY' but if I do that with a partition by day, it will run a query for each day and not for 7 days at a time ?\nAnd what if i want to initially populate my aggregated table with 6 months of data before using a daily scheduling of refreshing those last 7 days ?",
            "files": [
                {
                    "id": "FSWKH6EMA",
                    "created": 1579611880,
                    "timestamp": 1579611880,
                    "name": "Untitled",
                    "title": "Untitled",
                    "mimetype": "text\/plain",
                    "filetype": "text",
                    "pretty_type": "Plain Text",
                    "user": "URG03MR27",
                    "editable": true,
                    "size": 875,
                    "mode": "snippet",
                    "is_external": false,
                    "external_type": "",
                    "is_public": true,
                    "public_url_shared": false,
                    "display_as_bot": false,
                    "username": "",
                    "url_private": "https:\/\/files.slack.com\/files-pri\/TC0C1HURK-FSWKH6EMA\/untitled?t=xoxe-408409606869-1267807410853-1293019902560-8c9dc5fc58d3a65e0fe0837e69de048d",
                    "url_private_download": "https:\/\/files.slack.com\/files-pri\/TC0C1HURK-FSWKH6EMA\/download\/untitled?t=xoxe-408409606869-1267807410853-1293019902560-8c9dc5fc58d3a65e0fe0837e69de048d",
                    "permalink": "https:\/\/cube-js.slack.com\/files\/URG03MR27\/FSWKH6EMA\/untitled",
                    "permalink_public": "https:\/\/slack-files.com\/TC0C1HURK-FSWKH6EMA-add8087199",
                    "edit_link": "https:\/\/cube-js.slack.com\/files\/URG03MR27\/FSWKH6EMA\/untitled\/edit",
                    "preview": "curl \\\n-G \\\n--max-time 2000 \\\n--data-urlencode 'query={\n                \"measures\": [\"action.count_action\"],",
                    "preview_highlight": "<div class=\"CodeMirror cm-s-default CodeMirrorServer\" oncopy=\"if(event.clipboardData){event.clipboardData.setData('text\/plain',window.getSelection().toString().replace(\/\\u200b\/g,''));event.preventDefault();event.stopPropagation();}\">\n<div class=\"CodeMirror-code\">\n<div><pre>curl \\<\/pre><\/div>\n<div><pre>-G \\<\/pre><\/div>\n<div><pre>--max-time 2000 \\<\/pre><\/div>\n<div><pre>--data-urlencode 'query={<\/pre><\/div>\n<div><pre>                &quot;measures&quot;: [&quot;action.count_action&quot;],<\/pre><\/div>\n<\/div>\n<\/div>\n",
                    "lines": 30,
                    "lines_more": 25,
                    "preview_is_truncated": false,
                    "is_starred": false,
                    "has_rich_preview": false
                }
            ],
            "upload": true,
            "blocks": [
                {
                    "type": "rich_text",
                    "block_id": "kPtz",
                    "elements": [
                        {
                            "type": "rich_text_section",
                            "elements": [
                                {
                                    "type": "text",
                                    "text": "Hello !\nI don't really understant how "
                                },
                                {
                                    "type": "text",
                                    "text": "partitionGranularity",
                                    "style": {
                                        "code": true
                                    }
                                },
                                {
                                    "type": "text",
                                    "text": " works for pre-aggregated tables.\nIf I take the example of the attached query that is sent to the cubejs backend and the following pre-aggregation schema :\n\nWith a "
                                },
                                {
                                    "type": "text",
                                    "text": "partitionGranularity : 'day'",
                                    "style": {
                                        "code": true
                                    }
                                },
                                {
                                    "type": "text",
                                    "text": "\nIt only query for one day and i get the response "
                                },
                                {
                                    "type": "text",
                                    "text": "{\"error\":\"Continue wait\",\"stage\":{\"stage\":\"Building pre-aggregation 1\/7\",\"timeElapsed\":3136}}%",
                                    "style": {
                                        "code": true
                                    }
                                },
                                {
                                    "type": "text",
                                    "text": "\n\nAnd when i send the same query again, it goes for the next day and i get :\n"
                                },
                                {
                                    "type": "text",
                                    "text": "{\"error\":\"Continue wait\",\"stage\":{\"stage\":\"Building pre-aggregation 2\/7\",\"timeElapsed\":2463}}%",
                                    "style": {
                                        "code": true
                                    }
                                },
                                {
                                    "type": "text",
                                    "text": "\n\nWith a "
                                },
                                {
                                    "type": "text",
                                    "text": "partitionGranularity : 'month'",
                                    "style": {
                                        "code": true
                                    }
                                },
                                {
                                    "type": "text",
                                    "text": "\nIt queries for the whole month\n\nWhat I want to do is to to query each day for the last 7 days of data and update the last 7 days on the external pre-aggregated tables which is why i wanted to use this "
                                },
                                {
                                    "type": "link",
                                    "url": "https:\/\/cube.dev\/docs\/incremental-pre-aggregations"
                                },
                                {
                                    "type": "text",
                                    "text": " with 'INTERVAL 7 DAY' but if I do that with a partition by day, it will run a query for each day and not for 7 days at a time ?\nAnd what if i want to initially populate my aggregated table with 6 months of data before using a daily scheduling of refreshing those last 7 days ?"
                                }
                            ]
                        }
                    ]
                }
            ],
            "user": "URG03MR27",
            "display_as_bot": false,
            "ts": "1579611882.046000",
            "client_msg_id": "db3a2395-5c00-48a6-9881-e88b5638f58c",
            "thread_ts": "1579611882.046000",
            "reply_count": 8,
            "reply_users_count": 3,
            "latest_reply": "1592392926.139300",
            "reply_users": [
                "UC19HAUAK",
                "URG03MR27",
                "U015CQALTD1"
            ],
            "subscribed": false
        },
        "blocks": [
            {
                "type": "rich_text",
                "block_id": "Z6cIs",
                "elements": [
                    {
                        "type": "rich_text_section",
                        "elements": [
                            {
                                "type": "text",
                                "text": "Hi, I read your previous conversations regarding incremental pre-aggregations. Could someone please help me with few queries related to incremental pre-aggregation over time series immutable data?\n\nI want to create pre-aggregation tables with \n"
                            },
                            {
                                "type": "text",
                                "text": "granularity : 'day'",
                                "style": {
                                    "code": true
                                }
                            },
                            {
                                "type": "text",
                                "text": " and "
                            },
                            {
                                "type": "text",
                                "text": "partitionGranularity: 'month'",
                                "style": {
                                    "code": true
                                }
                            },
                            {
                                "type": "text",
                                "text": "\nThen I need to refresh the latest partition each day and add '"
                            },
                            {
                                "type": "text",
                                "text": "new born",
                                "style": {
                                    "italic": true
                                }
                            },
                            {
                                "type": "text",
                                "text": "' data to it from the original datasource (in my case Athena). For this I'm trying to use(but It's working as needed) the following code snippet:\n"
                            }
                        ]
                    },
                    {
                        "type": "rich_text_preformatted",
                        "elements": [
                            {
                                "type": "text",
                                "text": "sectorAndDate: {\n      type: `rollup`,\n      measureReferences: [amount],\n      dimensionReferences: [sector],\n      timeDimensionReference: dt,\n      granularity: `day`,\n      partitionGranularity: `month`,\n      refreshKey: {\n        every: '1 day',\n        sql: immutablePartitionRollupRefreshKey(\n          FILTER_PARAMS.UOV_PA.dt.filter\n        )\n      }"
                            }
                        ]
                    },
                    {
                        "type": "rich_text_section",
                        "elements": [
                            {
                                "type": "text",
                                "text": "with RefreshKeyHelper.js being:\n"
                            }
                        ]
                    },
                    {
                        "type": "rich_text_preformatted",
                        "elements": [
                            {
                                "type": "text",
                                "text": "const defaultRefreshKey = `date(current_timestamp)`;\n\nexport const refreshKeySql = `select ${defaultRefreshKey}`;\n\nexport const immutablePartitionRollupRefreshKey = (filterFn) =>\n  `SELECT CASE WHEN ${filterFn(\n    (from, to) => `current_timestamp < from_iso8601_timestamp(${to}) + interval '24' hour`\n  )} THEN ${defaultRefreshKey} END`;"
                            }
                        ]
                    },
                    {
                        "type": "rich_text_section",
                        "elements": [
                            {
                                "type": "text",
                                "text": "I am not able to get the desired results with it. Following are a few queries to help me better understand the working if CubeJS. Anyone's expert assistance would be greatly appreciated.\n\nQueries :\n"
                            }
                        ]
                    },
                    {
                        "type": "rich_text_list",
                        "elements": [
                            {
                                "type": "rich_text_section",
                                "elements": [
                                    {
                                        "type": "user",
                                        "user_id": "URG03MR27"
                                    },
                                    {
                                        "type": "text",
                                        "text": " were you able to achieve the desired results as mentioned here ("
                                    },
                                    {
                                        "type": "link",
                                        "url": "https:\/\/cube-js.slack.com\/archives\/CC0403RRR\/p1579611882046000"
                                    },
                                    {
                                        "type": "text",
                                        "text": "). Could you(or anyone) please help me with the exact pre aggregation settings to get there?"
                                    }
                                ]
                            },
                            {
                                "type": "rich_text_section",
                                "elements": [
                                    {
                                        "type": "text",
                                        "text": "While trying to create pre-aggregations for multiple months, the first query starts creating a pre agg table for each month; But then what I am seeing is that after finishing with one "
                                    },
                                    {
                                        "type": "text",
                                        "text": "CREATE TABLE",
                                        "style": {
                                            "code": true
                                        }
                                    },
                                    {
                                        "type": "text",
                                        "text": " CubeJS doesn't automatically take up the task of creating the next one. Moreover, when I try the same query again it starts with creating the next pre- agg partition and so on. Does that mean that if i want to make 'n' pre aggregations then i'll need to hit the same query 'n' times. Is it the correct usage or am i missing something here(Can't CubeJS do the partition creation automatically after getting triggered once?). Please help"
                                    }
                                ]
                            },
                            {
                                "type": "rich_text_section",
                                "elements": [
                                    {
                                        "type": "text",
                                        "text": "Is it possible to append new rows to a pre aggregation partition with CubeJS? For example, new rows of daily data to be added in 'month' partitioned table as per my use case."
                                    }
                                ]
                            },
                            {
                                "type": "rich_text_section",
                                "elements": [
                                    {
                                        "type": "text",
                                        "text": "Lastly, any input for achieving my use case(explained above) would be very helpful."
                                    }
                                ]
                            }
                        ],
                        "style": "ordered",
                        "indent": 0
                    },
                    {
                        "type": "rich_text_section",
                        "elements": [
                            {
                                "type": "text",
                                "text": "Thanks"
                            }
                        ]
                    }
                ]
            }
        ],
        "client_msg_id": "305f43ed-f88a-4e3f-94e6-a481b007578e",
        "edited": {
            "user": "U015CQALTD1",
            "ts": "1592221395.000000"
        }
    },
    {
        "client_msg_id": "bb6e9347-f774-4d5a-adf2-f86fd0ba1b1e",
        "type": "message",
        "text": "Hello <@UC19HAUAK> hope your doing well.  I have query regarding cubejs data. we are using chart library and we have a requirement to show the target line(Horizontally) on charts ex: bar chart. can be do that with cubejs response. i mean can we handle the target line value for particular chart from cubejs Query. Hope i am clear to you.",
        "user": "UNS4PKYAK",
        "ts": "1592210717.118900",
        "team": "TC0C1HURK",
        "user_team": "TC0C1HURK",
        "source_team": "TC0C1HURK",
        "user_profile": {
            "avatar_hash": "664213ef9cf5",
            "image_72": "https:\/\/avatars.slack-edge.com\/2019-10-17\/800974914790_664213ef9cf5f85d3637_72.jpg",
            "first_name": "chintesh",
            "real_name": "chintesh kumar",
            "display_name": "chintesh kumar",
            "team": "TC0C1HURK",
            "name": "chintesh_kumar",
            "is_restricted": false,
            "is_ultra_restricted": false
        },
        "blocks": [
            {
                "type": "rich_text",
                "block_id": "C7EN",
                "elements": [
                    {
                        "type": "rich_text_section",
                        "elements": [
                            {
                                "type": "text",
                                "text": "Hello "
                            },
                            {
                                "type": "user",
                                "user_id": "UC19HAUAK"
                            },
                            {
                                "type": "text",
                                "text": " hope your doing well.  I have query regarding cubejs data. we are using chart library and we have a requirement to show the target line(Horizontally) on charts ex: bar chart. can be do that with cubejs response. i mean can we handle the target line value for particular chart from cubejs Query. Hope i am clear to you."
                            }
                        ]
                    }
                ]
            }
        ],
        "thread_ts": "1578308051.113800",
        "parent_user_id": "UNS4PKYAK"
    },
    {
        "client_msg_id": "56051347-8487-4c1e-83ff-1ad91492cfc7",
        "type": "message",
        "text": "fixed <http:\/\/issue.it|issue.it> was my bad",
        "user": "UPDLD3V6U",
        "ts": "1592226994.119200",
        "team": "TC0C1HURK",
        "user_team": "TC0C1HURK",
        "source_team": "TC0C1HURK",
        "user_profile": {
            "avatar_hash": "437407fa7760",
            "image_72": "https:\/\/avatars.slack-edge.com\/2019-10-15\/795702974496_437407fa7760c3697214_72.jpg",
            "first_name": "",
            "real_name": "chirag",
            "display_name": "chirag",
            "team": "TC0C1HURK",
            "name": "chirag.shah",
            "is_restricted": false,
            "is_ultra_restricted": false
        },
        "blocks": [
            {
                "type": "rich_text",
                "block_id": "2xyj",
                "elements": [
                    {
                        "type": "rich_text_section",
                        "elements": [
                            {
                                "type": "text",
                                "text": "fixed "
                            },
                            {
                                "type": "link",
                                "url": "http:\/\/issue.it",
                                "text": "issue.it"
                            },
                            {
                                "type": "text",
                                "text": " was my bad"
                            }
                        ]
                    }
                ]
            }
        ],
        "thread_ts": "1591958591.082900",
        "parent_user_id": "UPDLD3V6U"
    },
    {
        "client_msg_id": "d0535aa9-4ccc-4308-9075-92b5f2550d0e",
        "type": "message",
        "text": "hi <@U015XCH00QY>! Please take a look at the example <https:\/\/d3-dashboard-demo.cube.dev\/#\/>. You can also find the source code here <https:\/\/github.com\/cube-js\/cube.js\/tree\/master\/examples\/d3-dashboard>",
        "user": "U013J5CRRDW",
        "ts": "1592227867.119400",
        "team": "TC0C1HURK",
        "user_team": "TC0C1HURK",
        "source_team": "TC0C1HURK",
        "user_profile": {
            "avatar_hash": "759b4f7ce0bf",
            "image_72": "https:\/\/avatars.slack-edge.com\/2020-06-23\/1224215237280_759b4f7ce0bf4b291721_72.jpg",
            "first_name": "Alex",
            "real_name": "Alex Vasilev",
            "display_name": "Alex Vasilev",
            "team": "TC0C1HURK",
            "name": "vaspiring",
            "is_restricted": false,
            "is_ultra_restricted": false
        },
        "attachments": [
            {
                "title": "React App",
                "title_link": "https:\/\/d3-dashboard-demo.cube.dev\/#\/",
                "text": "Web site created using create-react-app",
                "fallback": "React App",
                "from_url": "https:\/\/d3-dashboard-demo.cube.dev\/#\/",
                "service_icon": "https:\/\/d3-dashboard-demo.cube.dev\/logo192.png",
                "service_name": "d3-dashboard-demo.cube.dev",
                "id": 1,
                "original_url": "https:\/\/d3-dashboard-demo.cube.dev\/#\/"
            },
            {
                "service_name": "GitHub",
                "title": "cube-js\/cube.js",
                "title_link": "https:\/\/github.com\/cube-js\/cube.js\/tree\/master\/examples\/d3-dashboard",
                "text": ":bar_chart: Cube.js - Open Source Analytics Framework. Contribute to cube-js\/cube.js development by creating an account on GitHub.",
                "fallback": "GitHub: cube-js\/cube.js",
                "from_url": "https:\/\/github.com\/cube-js\/cube.js\/tree\/master\/examples\/d3-dashboard",
                "thumb_url": "https:\/\/repository-images.githubusercontent.com\/149026292\/33deb000-42b4-11ea-8f24-e112f465ddf1",
                "thumb_width": 658,
                "thumb_height": 250,
                "service_icon": "https:\/\/a.slack-edge.com\/80588\/img\/unfurl_icons\/github.png",
                "id": 2,
                "original_url": "https:\/\/github.com\/cube-js\/cube.js\/tree\/master\/examples\/d3-dashboard"
            }
        ],
        "blocks": [
            {
                "type": "rich_text",
                "block_id": "j7V",
                "elements": [
                    {
                        "type": "rich_text_section",
                        "elements": [
                            {
                                "type": "text",
                                "text": "hi "
                            },
                            {
                                "type": "user",
                                "user_id": "U015XCH00QY"
                            },
                            {
                                "type": "text",
                                "text": "! Please take a look at the example "
                            },
                            {
                                "type": "link",
                                "url": "https:\/\/d3-dashboard-demo.cube.dev\/#\/"
                            },
                            {
                                "type": "text",
                                "text": ". You can also find the source code here "
                            },
                            {
                                "type": "link",
                                "url": "https:\/\/github.com\/cube-js\/cube.js\/tree\/master\/examples\/d3-dashboard"
                            }
                        ]
                    }
                ]
            }
        ],
        "thread_ts": "1592193566.112300",
        "parent_user_id": "U015XCH00QY"
    },
    {
        "type": "message",
        "text": "Can I know how to import dataset ecom, I am unable to import I dont know why can you send me in csv file.\nI am getting error it is in text format use psql.\nI Dont know about that.\nPlease help me\n\n\n\nSent from my Samsung Galaxy smartphone.",
        "user": "U015XCH00QY",
        "ts": "1592228910.119700",
        "team": "TC0C1HURK",
        "user_team": "TC0C1HURK",
        "source_team": "TC0C1HURK",
        "user_profile": {
            "avatar_hash": "g740c3acece4",
            "image_72": "https:\/\/secure.gravatar.com\/avatar\/740c3acece41c674b22c5c4381ffdf28.jpg?s=72&d=https%3A%2F%2Fa.slack-edge.com%2Fdf10d%2Fimg%2Favatars%2Fava_0011-72.png",
            "first_name": "",
            "real_name": "Rajasekhar.erudex",
            "display_name": "Rajasekhar.erudex",
            "team": "TC0C1HURK",
            "name": "rajamadabattula",
            "is_restricted": false,
            "is_ultra_restricted": false
        },
        "thread_ts": "1592193566.112300",
        "parent_user_id": "U015XCH00QY"
    },
    {
        "client_msg_id": "dbdadd0c-23b8-4ff6-8e9f-504dfbb95e5e",
        "type": "message",
        "text": "hi <@U0161JDSDS4>! If I understand you correctly, what you’re looking for is here `resultSet.loadResponse.annotation` There you’ll be able to find the correct `type` for each member (it’s available for .tableColumns for example)\n\nIf you have any ideas on how you can access that `type` meta feel free to create an feature request on <https:\/\/github.com\/cube-js\/cube.js\/issues>",
        "user": "U013J5CRRDW",
        "ts": "1592230328.119900",
        "team": "TC0C1HURK",
        "user_team": "TC0C1HURK",
        "source_team": "TC0C1HURK",
        "user_profile": {
            "avatar_hash": "759b4f7ce0bf",
            "image_72": "https:\/\/avatars.slack-edge.com\/2020-06-23\/1224215237280_759b4f7ce0bf4b291721_72.jpg",
            "first_name": "Alex",
            "real_name": "Alex Vasilev",
            "display_name": "Alex Vasilev",
            "team": "TC0C1HURK",
            "name": "vaspiring",
            "is_restricted": false,
            "is_ultra_restricted": false
        },
        "attachments": [
            {
                "service_name": "GitHub",
                "title": "cube-js\/cube.js",
                "title_link": "https:\/\/github.com\/cube-js\/cube.js\/issues",
                "text": ":bar_chart: Cube.js - Open Source Analytics Framework. Contribute to cube-js\/cube.js development by creating an account on GitHub.",
                "fallback": "GitHub: cube-js\/cube.js",
                "from_url": "https:\/\/github.com\/cube-js\/cube.js\/issues",
                "thumb_url": "https:\/\/repository-images.githubusercontent.com\/149026292\/33deb000-42b4-11ea-8f24-e112f465ddf1",
                "thumb_width": 658,
                "thumb_height": 250,
                "service_icon": "https:\/\/a.slack-edge.com\/80588\/img\/unfurl_icons\/github.png",
                "id": 1,
                "original_url": "https:\/\/github.com\/cube-js\/cube.js\/issues"
            }
        ],
        "blocks": [
            {
                "type": "rich_text",
                "block_id": "E7mi",
                "elements": [
                    {
                        "type": "rich_text_section",
                        "elements": [
                            {
                                "type": "text",
                                "text": "hi "
                            },
                            {
                                "type": "user",
                                "user_id": "U0161JDSDS4"
                            },
                            {
                                "type": "text",
                                "text": "! If I understand you correctly, what you’re looking for is here "
                            },
                            {
                                "type": "text",
                                "text": "resultSet.loadResponse.annotation",
                                "style": {
                                    "code": true
                                }
                            },
                            {
                                "type": "text",
                                "text": " There you’ll be able to find the correct "
                            },
                            {
                                "type": "text",
                                "text": "type",
                                "style": {
                                    "code": true
                                }
                            },
                            {
                                "type": "text",
                                "text": " for each member (it’s available for .tableColumns for example)\n\nIf you have any ideas on how you can access that "
                            },
                            {
                                "type": "text",
                                "text": "type",
                                "style": {
                                    "code": true
                                }
                            },
                            {
                                "type": "text",
                                "text": " meta feel free to create an feature request on "
                            },
                            {
                                "type": "link",
                                "url": "https:\/\/github.com\/cube-js\/cube.js\/issues"
                            }
                        ]
                    }
                ]
            }
        ],
        "thread_ts": "1592209344.118300",
        "parent_user_id": "U0161JDSDS4"
    },
    {
        "client_msg_id": "91311fe2-0bfe-4137-a051-c0198c0a49d9",
        "type": "message",
        "text": "Thank you. I’ll take a look later today.",
        "user": "U0161JDSDS4",
        "ts": "1592230396.120200",
        "team": "TC0C1HURK",
        "user_team": "TC0C1HURK",
        "source_team": "TC0C1HURK",
        "user_profile": {
            "avatar_hash": "gf8a9e6f4924",
            "image_72": "https:\/\/secure.gravatar.com\/avatar\/f8a9e6f4924a0860bcc13b551cb6a2b3.jpg?s=72&d=https%3A%2F%2Fa.slack-edge.com%2Fdf10d%2Fimg%2Favatars%2Fava_0003-72.png",
            "first_name": "",
            "real_name": "Lee Spring",
            "display_name": "",
            "team": "TC0C1HURK",
            "name": "lee",
            "is_restricted": false,
            "is_ultra_restricted": false
        },
        "blocks": [
            {
                "type": "rich_text",
                "block_id": "lOKl",
                "elements": [
                    {
                        "type": "rich_text_section",
                        "elements": [
                            {
                                "type": "text",
                                "text": "Thank you. I’ll take a look later today."
                            }
                        ]
                    }
                ]
            }
        ],
        "thread_ts": "1592209344.118300",
        "parent_user_id": "U0161JDSDS4"
    },
    {
        "client_msg_id": "e8843ab2-8fa5-44bf-bf9b-dbd8bdfddef5",
        "type": "message",
        "text": "I did initially create a quick fix where I add a meta element to the query (as we’re already storing that) that contains the type information for the query.  I build this in our Angular query builder (I based it on your react query builder).",
        "user": "U0161JDSDS4",
        "ts": "1592230627.120400",
        "team": "TC0C1HURK",
        "user_team": "TC0C1HURK",
        "source_team": "TC0C1HURK",
        "user_profile": {
            "avatar_hash": "gf8a9e6f4924",
            "image_72": "https:\/\/secure.gravatar.com\/avatar\/f8a9e6f4924a0860bcc13b551cb6a2b3.jpg?s=72&d=https%3A%2F%2Fa.slack-edge.com%2Fdf10d%2Fimg%2Favatars%2Fava_0003-72.png",
            "first_name": "",
            "real_name": "Lee Spring",
            "display_name": "",
            "team": "TC0C1HURK",
            "name": "lee",
            "is_restricted": false,
            "is_ultra_restricted": false
        },
        "blocks": [
            {
                "type": "rich_text",
                "block_id": "7mIP",
                "elements": [
                    {
                        "type": "rich_text_section",
                        "elements": [
                            {
                                "type": "text",
                                "text": "I did initially create a quick fix where I add a meta element to the query (as we’re already storing that) that contains the type information for the query.  I build this in our Angular query builder (I based it on your react query builder)."
                            }
                        ]
                    }
                ]
            }
        ],
        "thread_ts": "1592209344.118300",
        "parent_user_id": "U0161JDSDS4"
    },
    {
        "client_msg_id": "66d6c74d-002d-4d2b-9f45-94d7ea26a8de",
        "type": "message",
        "text": "<@UC19HAUAK> Hello again! I manage to get the changes to show in the app, one question I do have is that when using yarn watch the first time that rollup runs but the subsequential runs failed due to not finding corejs array dependencies, any idea on what is causing it?",
        "user": "U01556W0JT0",
        "ts": "1592244089.120700",
        "team": "TC0C1HURK",
        "user_team": "TC0C1HURK",
        "source_team": "TC0C1HURK",
        "user_profile": {
            "avatar_hash": "ge8fa93abf82",
            "image_72": "https:\/\/secure.gravatar.com\/avatar\/e8fa93abf8238e5ff056c5da989fab8b.jpg?s=72&d=https%3A%2F%2Fa.slack-edge.com%2Fdf10d%2Fimg%2Favatars%2Fava_0018-72.png",
            "first_name": "",
            "real_name": "Oscar de Jesus",
            "display_name": "Oscar de Jesus",
            "team": "TC0C1HURK",
            "name": "robertotransfor",
            "is_restricted": false,
            "is_ultra_restricted": false
        },
        "blocks": [
            {
                "type": "rich_text",
                "block_id": "EvY",
                "elements": [
                    {
                        "type": "rich_text_section",
                        "elements": [
                            {
                                "type": "user",
                                "user_id": "UC19HAUAK"
                            },
                            {
                                "type": "text",
                                "text": " Hello again! I manage to get the changes to show in the app, one question I do have is that when using yarn watch the first time that rollup runs but the subsequential runs failed due to not finding corejs array dependencies, any idea on what is causing it?"
                            }
                        ]
                    }
                ]
            }
        ],
        "thread_ts": "1591997035.099100",
        "parent_user_id": "U01556W0JT0"
    },
    {
        "client_msg_id": "585460f8-a11b-4960-9837-d8c9bdca5e5a",
        "type": "message",
        "text": "Does anyone have an example of a preaggregation without a time dimension? The doc mentions this is possible, but doesn't provide an example",
        "user": "U014RT8ED47",
        "ts": "1592250696.121400",
        "team": "TC0C1HURK",
        "user_team": "TC0C1HURK",
        "source_team": "TC0C1HURK",
        "user_profile": {
            "avatar_hash": "g7a3641da296",
            "image_72": "https:\/\/secure.gravatar.com\/avatar\/7a3641da296790dcc0acb2a47044230c.jpg?s=72&d=https%3A%2F%2Fa.slack-edge.com%2Fdf10d%2Fimg%2Favatars%2Fava_0011-72.png",
            "first_name": "",
            "real_name": "Sam Thomas",
            "display_name": "Sam Thomas",
            "team": "TC0C1HURK",
            "name": "sthomas",
            "is_restricted": false,
            "is_ultra_restricted": false
        },
        "blocks": [
            {
                "type": "rich_text",
                "block_id": "rFu0",
                "elements": [
                    {
                        "type": "rich_text_section",
                        "elements": [
                            {
                                "type": "text",
                                "text": "Does anyone have an example of a preaggregation without a time dimension? The doc mentions this is possible, but doesn't provide an example"
                            }
                        ]
                    }
                ]
            }
        ]
    },
    {
        "client_msg_id": "64a3d7b1-f095-42bb-aef8-5654e3f8ce5e",
        "type": "message",
        "text": "When I remove the time dimension\/granularity, the preagg doesn't get generated",
        "user": "U014RT8ED47",
        "ts": "1592250737.121800",
        "team": "TC0C1HURK",
        "user_team": "TC0C1HURK",
        "source_team": "TC0C1HURK",
        "user_profile": {
            "avatar_hash": "g7a3641da296",
            "image_72": "https:\/\/secure.gravatar.com\/avatar\/7a3641da296790dcc0acb2a47044230c.jpg?s=72&d=https%3A%2F%2Fa.slack-edge.com%2Fdf10d%2Fimg%2Favatars%2Fava_0011-72.png",
            "first_name": "",
            "real_name": "Sam Thomas",
            "display_name": "Sam Thomas",
            "team": "TC0C1HURK",
            "name": "sthomas",
            "is_restricted": false,
            "is_ultra_restricted": false
        },
        "blocks": [
            {
                "type": "rich_text",
                "block_id": "FJ\/u5",
                "elements": [
                    {
                        "type": "rich_text_section",
                        "elements": [
                            {
                                "type": "text",
                                "text": "When I remove the time dimension\/granularity, the preagg doesn't get generated"
                            }
                        ]
                    }
                ]
            }
        ],
        "thread_ts": "1592250737.121800",
        "reply_count": 2,
        "reply_users_count": 2,
        "latest_reply": "1592255255.127500",
        "reply_users": [
            "U015158BQBU",
            "U014RT8ED47"
        ],
        "replies": [
            {
                "user": "U015158BQBU",
                "ts": "1592252197.123200"
            },
            {
                "user": "U014RT8ED47",
                "ts": "1592255255.127500"
            }
        ],
        "subscribed": false
    },
    {
        "client_msg_id": "c63ad34c-1b4e-4893-b5ff-0b7470e835d2",
        "type": "message",
        "text": "Hi <@U014RT8ED47>, have you seen this example?\n<https:\/\/cube.dev\/docs\/pre-aggregations#rollup-rollup-examples>",
        "user": "U015158BQBU",
        "ts": "1592251147.122200",
        "team": "TC0C1HURK",
        "user_team": "TC0C1HURK",
        "source_team": "TC0C1HURK",
        "user_profile": {
            "avatar_hash": "e9a440f69935",
            "image_72": "https:\/\/avatars.slack-edge.com\/2020-06-09\/1184952686945_e9a440f6993589af2f29_72.jpg",
            "first_name": "",
            "real_name": "Aleksey Sereda",
            "display_name": "Aleksey Sereda",
            "team": "TC0C1HURK",
            "name": "sereddos",
            "is_restricted": false,
            "is_ultra_restricted": false
        },
        "blocks": [
            {
                "type": "rich_text",
                "block_id": "jTd7J",
                "elements": [
                    {
                        "type": "rich_text_section",
                        "elements": [
                            {
                                "type": "text",
                                "text": "Hi "
                            },
                            {
                                "type": "user",
                                "user_id": "U014RT8ED47"
                            },
                            {
                                "type": "text",
                                "text": ", have you seen this example?\n"
                            },
                            {
                                "type": "link",
                                "url": "https:\/\/cube.dev\/docs\/pre-aggregations#rollup-rollup-examples"
                            }
                        ]
                    }
                ]
            }
        ]
    },
    {
        "client_msg_id": "b8f1e446-a689-4817-a042-6d948dec7715",
        "type": "message",
        "text": "Hey <@UKP3H604E>, yes, I saw that. At the top of that section it says you can do a rollup without a time dimension, but the example only shows with a time dimension.",
        "user": "U014RT8ED47",
        "ts": "1592251527.123100",
        "team": "TC0C1HURK",
        "user_team": "TC0C1HURK",
        "source_team": "TC0C1HURK",
        "user_profile": {
            "avatar_hash": "g7a3641da296",
            "image_72": "https:\/\/secure.gravatar.com\/avatar\/7a3641da296790dcc0acb2a47044230c.jpg?s=72&d=https%3A%2F%2Fa.slack-edge.com%2Fdf10d%2Fimg%2Favatars%2Fava_0011-72.png",
            "first_name": "",
            "real_name": "Sam Thomas",
            "display_name": "Sam Thomas",
            "team": "TC0C1HURK",
            "name": "sthomas",
            "is_restricted": false,
            "is_ultra_restricted": false
        },
        "blocks": [
            {
                "type": "rich_text",
                "block_id": "WiMnb",
                "elements": [
                    {
                        "type": "rich_text_section",
                        "elements": [
                            {
                                "type": "text",
                                "text": "Hey "
                            },
                            {
                                "type": "user",
                                "user_id": "UKP3H604E"
                            },
                            {
                                "type": "text",
                                "text": ", yes, I saw that. At the top of that section it says you can do a rollup without a time dimension, but the example only shows with a time dimension."
                            }
                        ]
                    }
                ]
            }
        ],
        "thread_ts": "1592251527.123100",
        "reply_count": 1,
        "reply_users_count": 1,
        "latest_reply": "1592275652.128800",
        "reply_users": [
            "UC19HAUAK"
        ],
        "replies": [
            {
                "user": "UC19HAUAK",
                "ts": "1592275652.128800"
            }
        ],
        "subscribed": false
    },
    {
        "client_msg_id": "9b785c92-9c2b-4d04-a073-7f512638e536",
        "type": "message",
        "text": "are there any error messages displayed?",
        "user": "U015158BQBU",
        "ts": "1592252197.123200",
        "team": "TC0C1HURK",
        "user_team": "TC0C1HURK",
        "source_team": "TC0C1HURK",
        "user_profile": {
            "avatar_hash": "e9a440f69935",
            "image_72": "https:\/\/avatars.slack-edge.com\/2020-06-09\/1184952686945_e9a440f6993589af2f29_72.jpg",
            "first_name": "",
            "real_name": "Aleksey Sereda",
            "display_name": "Aleksey Sereda",
            "team": "TC0C1HURK",
            "name": "sereddos",
            "is_restricted": false,
            "is_ultra_restricted": false
        },
        "blocks": [
            {
                "type": "rich_text",
                "block_id": "M3hYW",
                "elements": [
                    {
                        "type": "rich_text_section",
                        "elements": [
                            {
                                "type": "text",
                                "text": "are there any error messages displayed?"
                            }
                        ]
                    }
                ]
            }
        ],
        "thread_ts": "1592250737.121800",
        "parent_user_id": "U014RT8ED47"
    },
    {
        "client_msg_id": "89d2fc0d-6097-408a-9b2c-fb677c381ae6",
        "type": "message",
        "text": "I think I answered my own question. Thanks for being willing to help!",
        "user": "U014RT8ED47",
        "ts": "1592255255.127500",
        "team": "TC0C1HURK",
        "user_team": "TC0C1HURK",
        "source_team": "TC0C1HURK",
        "user_profile": {
            "avatar_hash": "g7a3641da296",
            "image_72": "https:\/\/secure.gravatar.com\/avatar\/7a3641da296790dcc0acb2a47044230c.jpg?s=72&d=https%3A%2F%2Fa.slack-edge.com%2Fdf10d%2Fimg%2Favatars%2Fava_0011-72.png",
            "first_name": "",
            "real_name": "Sam Thomas",
            "display_name": "Sam Thomas",
            "team": "TC0C1HURK",
            "name": "sthomas",
            "is_restricted": false,
            "is_ultra_restricted": false
        },
        "blocks": [
            {
                "type": "rich_text",
                "block_id": "BXi",
                "elements": [
                    {
                        "type": "rich_text_section",
                        "elements": [
                            {
                                "type": "text",
                                "text": "I think I answered my own question. Thanks for being willing to help!"
                            }
                        ]
                    }
                ]
            }
        ],
        "thread_ts": "1592250737.121800",
        "parent_user_id": "U014RT8ED47"
    },
    {
        "client_msg_id": "d9f2b02a-2c1d-49af-86cc-df47505f7de5",
        "type": "message",
        "text": "We’re seeing a performance issue with PrestoDB, specifically with `IN` in `WHERE`clauses from filters\nWith our sample queries, we’ve seen them take approx 40s when using the default `column IN (values x, y, z)`\nTake that same query, swap the `IN` for an `OR`, like this: `(column = x OR column = y OR column = z)`, and the execution time drops to approx 4s.\nIt appears it’s this code that’s generating the `IN` clause: <https:\/\/github.com\/cube-js\/cube.js\/blob\/97577e888e56d38a42506074ecd989ed1689e90c\/packages\/cubejs-schema-compiler\/adapter\/BaseFilter.js#L155>\nSince this appears to be global, is there any appetite for having this be something PrestoDB specific?",
        "user": "U011N3FSZ0W",
        "ts": "1592255259.127700",
        "team": "TC0C1HURK",
        "user_team": "TC0C1HURK",
        "source_team": "TC0C1HURK",
        "user_profile": {
            "avatar_hash": "g190d9d0a9a4",
            "image_72": "https:\/\/secure.gravatar.com\/avatar\/190d9d0a9a4954a8d3effddb6bd33a35.jpg?s=72&d=https%3A%2F%2Fa.slack-edge.com%2Fdf10d%2Fimg%2Favatars%2Fava_0002-72.png",
            "first_name": "",
            "real_name": "James Nedila",
            "display_name": "James Nedila",
            "team": "TC0C1HURK",
            "name": "jn",
            "is_restricted": false,
            "is_ultra_restricted": false
        },
        "attachments": [
            {
                "service_name": "GitHub",
                "title": "cube-js\/cube.js",
                "title_link": "https:\/\/github.com\/cube-js\/cube.js\/blob\/97577e888e56d38a42506074ecd989ed1689e90c\/packages\/cubejs-schema-compiler\/adapter\/BaseFilter.js#L155",
                "text": ":bar_chart: Cube.js - Open Source Analytics Framework. Contribute to cube-js\/cube.js development by creating an account on GitHub.",
                "fallback": "GitHub: cube-js\/cube.js",
                "from_url": "https:\/\/github.com\/cube-js\/cube.js\/blob\/97577e888e56d38a42506074ecd989ed1689e90c\/packages\/cubejs-schema-compiler\/adapter\/BaseFilter.js#L155",
                "thumb_url": "https:\/\/repository-images.githubusercontent.com\/149026292\/33deb000-42b4-11ea-8f24-e112f465ddf1",
                "thumb_width": 658,
                "thumb_height": 250,
                "service_icon": "https:\/\/a.slack-edge.com\/80588\/img\/unfurl_icons\/github.png",
                "id": 1,
                "original_url": "https:\/\/github.com\/cube-js\/cube.js\/blob\/97577e888e56d38a42506074ecd989ed1689e90c\/packages\/cubejs-schema-compiler\/adapter\/BaseFilter.js#L155"
            }
        ],
        "blocks": [
            {
                "type": "rich_text",
                "block_id": "qmXXQ",
                "elements": [
                    {
                        "type": "rich_text_section",
                        "elements": [
                            {
                                "type": "text",
                                "text": "We’re seeing a performance issue with PrestoDB, specifically with "
                            },
                            {
                                "type": "text",
                                "text": "IN",
                                "style": {
                                    "code": true
                                }
                            },
                            {
                                "type": "text",
                                "text": " in "
                            },
                            {
                                "type": "text",
                                "text": "WHERE",
                                "style": {
                                    "code": true
                                }
                            },
                            {
                                "type": "text",
                                "text": "clauses from filters\nWith our sample queries, we’ve seen them take approx 40s when using the default "
                            },
                            {
                                "type": "text",
                                "text": "column IN (values x, y, z)",
                                "style": {
                                    "code": true
                                }
                            },
                            {
                                "type": "text",
                                "text": "\nTake that same query, swap the "
                            },
                            {
                                "type": "text",
                                "text": "IN",
                                "style": {
                                    "code": true
                                }
                            },
                            {
                                "type": "text",
                                "text": " for an "
                            },
                            {
                                "type": "text",
                                "text": "OR",
                                "style": {
                                    "code": true
                                }
                            },
                            {
                                "type": "text",
                                "text": ", like this: "
                            },
                            {
                                "type": "text",
                                "text": "(column = x OR column = y OR column = z)",
                                "style": {
                                    "code": true
                                }
                            },
                            {
                                "type": "text",
                                "text": ", and the execution time drops to approx 4s.\nIt appears it’s this code that’s generating the "
                            },
                            {
                                "type": "text",
                                "text": "IN",
                                "style": {
                                    "code": true
                                }
                            },
                            {
                                "type": "text",
                                "text": " clause: "
                            },
                            {
                                "type": "link",
                                "url": "https:\/\/github.com\/cube-js\/cube.js\/blob\/97577e888e56d38a42506074ecd989ed1689e90c\/packages\/cubejs-schema-compiler\/adapter\/BaseFilter.js#L155"
                            },
                            {
                                "type": "text",
                                "text": "\nSince this appears to be global, is there any appetite for having this be something PrestoDB specific?"
                            }
                        ]
                    }
                ]
            }
        ],
        "thread_ts": "1592255259.127700",
        "reply_count": 4,
        "reply_users_count": 2,
        "latest_reply": "1592290110.130200",
        "reply_users": [
            "U011N3FSZ0W",
            "UC19HAUAK"
        ],
        "replies": [
            {
                "user": "U011N3FSZ0W",
                "ts": "1592258384.127900"
            },
            {
                "user": "UC19HAUAK",
                "ts": "1592275281.128400"
            },
            {
                "user": "U011N3FSZ0W",
                "ts": "1592290080.129800"
            },
            {
                "user": "U011N3FSZ0W",
                "ts": "1592290110.130200"
            }
        ],
        "subscribed": false
    },
    {
        "type": "message",
        "text": "Here’s a quick example of what i’m getting at",
        "files": [
            {
                "id": "F015FK6E06N",
                "created": 1592258382,
                "timestamp": 1592258382,
                "name": "Untitled.txt",
                "title": "Untitled",
                "mimetype": "text\/plain",
                "filetype": "text",
                "pretty_type": "Plain Text",
                "user": "U011N3FSZ0W",
                "editable": true,
                "size": 224,
                "mode": "snippet",
                "is_external": false,
                "external_type": "",
                "is_public": true,
                "public_url_shared": false,
                "display_as_bot": false,
                "username": "",
                "url_private": "https:\/\/files.slack.com\/files-pri\/TC0C1HURK-F015FK6E06N\/Untitled.txt?t=xoxe-408409606869-1267807410853-1293019902560-8c9dc5fc58d3a65e0fe0837e69de048d",
                "url_private_download": "https:\/\/files.slack.com\/files-pri\/TC0C1HURK-F015FK6E06N\/download\/Untitled.txt?t=xoxe-408409606869-1267807410853-1293019902560-8c9dc5fc58d3a65e0fe0837e69de048d",
                "permalink": "https:\/\/cube-js.slack.com\/files\/U011N3FSZ0W\/F015FK6E06N\/Untitled.txt",
                "permalink_public": "https:\/\/slack-files.com\/TC0C1HURK-F015FK6E06N-4472d30603",
                "edit_link": "https:\/\/cube-js.slack.com\/files\/U011N3FSZ0W\/F015FK6E06N\/Untitled.txt\/edit",
                "is_starred": false,
                "has_rich_preview": false
            }
        ],
        "upload": true,
        "blocks": [
            {
                "type": "rich_text",
                "block_id": "Gpw2",
                "elements": [
                    {
                        "type": "rich_text_section",
                        "elements": [
                            {
                                "type": "text",
                                "text": "Here’s a quick example of what i’m getting at"
                            }
                        ]
                    }
                ]
            }
        ],
        "user": "U011N3FSZ0W",
        "display_as_bot": false,
        "ts": "1592258384.127900",
        "client_msg_id": "53310d23-ca34-4aa7-ab53-26df164caf93",
        "thread_ts": "1592255259.127700",
        "parent_user_id": "U011N3FSZ0W"
    },
    {
        "client_msg_id": "387ae390-ec85-4109-ae42-cb774864d1af",
        "type": "message",
        "text": "Hey <@U011N3FSZ0W>! Yeah. I think we're open to it. Do you know what's causing it in particular in your case? Could you please share generated SQL?",
        "user": "UC19HAUAK",
        "ts": "1592275281.128400",
        "team": "TC0C1HURK",
        "user_team": "TC0C1HURK",
        "source_team": "TC0C1HURK",
        "user_profile": {
            "avatar_hash": "066a042e018c",
            "image_72": "https:\/\/avatars.slack-edge.com\/2019-12-07\/866588520998_066a042e018ca831a195_72.png",
            "first_name": "Pavel",
            "real_name": "Pavel Tiunov",
            "display_name": "pavel",
            "team": "TC0C1HURK",
            "name": "pavel",
            "is_restricted": false,
            "is_ultra_restricted": false
        },
        "blocks": [
            {
                "type": "rich_text",
                "block_id": "rR6",
                "elements": [
                    {
                        "type": "rich_text_section",
                        "elements": [
                            {
                                "type": "text",
                                "text": "Hey "
                            },
                            {
                                "type": "user",
                                "user_id": "U011N3FSZ0W"
                            },
                            {
                                "type": "text",
                                "text": "! Yeah. I think we're open to it. Do you know what's causing it in particular in your case? Could you please share generated SQL?"
                            }
                        ]
                    }
                ]
            }
        ],
        "thread_ts": "1592255259.127700",
        "parent_user_id": "U011N3FSZ0W"
    },
    {
        "client_msg_id": "9c822fe4-7aed-4b6a-8b8d-e3fc7770cc93",
        "type": "message",
        "text": "Hey <@U015CQALTD1>! Great questions!\n2. Please see <https:\/\/cube.dev\/docs\/pre-aggregations#scheduled-refresh>\n3. We're working on it.\n4. You may want to try `refreshKey` `every` with `updateWindow` <https:\/\/cube.dev\/docs\/pre-aggregations#refresh-key>",
        "user": "UC19HAUAK",
        "ts": "1592275599.128600",
        "team": "TC0C1HURK",
        "user_team": "TC0C1HURK",
        "source_team": "TC0C1HURK",
        "user_profile": {
            "avatar_hash": "066a042e018c",
            "image_72": "https:\/\/avatars.slack-edge.com\/2019-12-07\/866588520998_066a042e018ca831a195_72.png",
            "first_name": "Pavel",
            "real_name": "Pavel Tiunov",
            "display_name": "pavel",
            "team": "TC0C1HURK",
            "name": "pavel",
            "is_restricted": false,
            "is_ultra_restricted": false
        },
        "blocks": [
            {
                "type": "rich_text",
                "block_id": "jD7",
                "elements": [
                    {
                        "type": "rich_text_section",
                        "elements": [
                            {
                                "type": "text",
                                "text": "Hey "
                            },
                            {
                                "type": "user",
                                "user_id": "U015CQALTD1"
                            },
                            {
                                "type": "text",
                                "text": "! Great questions!\n2. Please see "
                            },
                            {
                                "type": "link",
                                "url": "https:\/\/cube.dev\/docs\/pre-aggregations#scheduled-refresh"
                            },
                            {
                                "type": "text",
                                "text": "\n3. We're working on it.\n4. You may want to try "
                            },
                            {
                                "type": "text",
                                "text": "refreshKey",
                                "style": {
                                    "code": true
                                }
                            },
                            {
                                "type": "text",
                                "text": " "
                            },
                            {
                                "type": "text",
                                "text": "every",
                                "style": {
                                    "code": true
                                }
                            },
                            {
                                "type": "text",
                                "text": " with "
                            },
                            {
                                "type": "text",
                                "text": "updateWindow",
                                "style": {
                                    "code": true
                                }
                            },
                            {
                                "type": "text",
                                "text": " "
                            },
                            {
                                "type": "link",
                                "url": "https:\/\/cube.dev\/docs\/pre-aggregations#refresh-key"
                            }
                        ]
                    }
                ]
            }
        ],
        "thread_ts": "1579611882.046000",
        "parent_user_id": "URG03MR27"
    },
    {
        "client_msg_id": "7fec1d7b-c83e-4aa0-8163-c85cc47f70ab",
        "type": "message",
        "text": "Hey <@U014RT8ED47>! Could you please share your data schema and query you use?",
        "user": "UC19HAUAK",
        "ts": "1592275652.128800",
        "team": "TC0C1HURK",
        "user_team": "TC0C1HURK",
        "source_team": "TC0C1HURK",
        "user_profile": {
            "avatar_hash": "066a042e018c",
            "image_72": "https:\/\/avatars.slack-edge.com\/2019-12-07\/866588520998_066a042e018ca831a195_72.png",
            "first_name": "Pavel",
            "real_name": "Pavel Tiunov",
            "display_name": "pavel",
            "team": "TC0C1HURK",
            "name": "pavel",
            "is_restricted": false,
            "is_ultra_restricted": false
        },
        "blocks": [
            {
                "type": "rich_text",
                "block_id": "eE=U",
                "elements": [
                    {
                        "type": "rich_text_section",
                        "elements": [
                            {
                                "type": "text",
                                "text": "Hey "
                            },
                            {
                                "type": "user",
                                "user_id": "U014RT8ED47"
                            },
                            {
                                "type": "text",
                                "text": "! Could you please share your data schema and query you use?"
                            }
                        ]
                    }
                ]
            }
        ],
        "thread_ts": "1592251527.123100",
        "parent_user_id": "U014RT8ED47"
    },
    {
        "client_msg_id": "8882a6e9-222b-4ce2-b102-35177cab7195",
        "type": "message",
        "text": "`ungrouped`: If `ungrouped` is set to `true` no `GROUP BY` statement will be added to the query. Instead, the raw results after filtering and joining will be returned without grouping. By default `ungrouped` queries require a primary key as a dimension of every cube involved in the query for security purposes. To disable this behavior please see the <https:\/\/cube.dev\/docs\/@cubejs-backend-server-core#options-reference-allow-ungrouped-without-primary-key|allowUngroupedWithoutPrimaryKey> server option.    <https:\/\/cube.dev\/docs\/query-format#query-properties>",
        "user": "US1P711C1",
        "ts": "1592289387.129200",
        "team": "TC0C1HURK",
        "user_team": "TC0C1HURK",
        "source_team": "TC0C1HURK",
        "user_profile": {
            "avatar_hash": "g5842626266c",
            "image_72": "https:\/\/secure.gravatar.com\/avatar\/5842626266c4cd89c48ea10e14a1a8e0.jpg?s=72&d=https%3A%2F%2Fa.slack-edge.com%2Fdf10d%2Fimg%2Favatars%2Fava_0012-72.png",
            "first_name": "",
            "real_name": "Alice",
            "display_name": "Alice",
            "team": "TC0C1HURK",
            "name": "liuyushu1",
            "is_restricted": false,
            "is_ultra_restricted": false
        },
        "blocks": [
            {
                "type": "rich_text",
                "block_id": "pmu",
                "elements": [
                    {
                        "type": "rich_text_section",
                        "elements": [
                            {
                                "type": "text",
                                "text": "ungrouped",
                                "style": {
                                    "code": true
                                }
                            },
                            {
                                "type": "text",
                                "text": ": If "
                            },
                            {
                                "type": "text",
                                "text": "ungrouped",
                                "style": {
                                    "code": true
                                }
                            },
                            {
                                "type": "text",
                                "text": " is set to "
                            },
                            {
                                "type": "text",
                                "text": "true",
                                "style": {
                                    "code": true
                                }
                            },
                            {
                                "type": "text",
                                "text": " no "
                            },
                            {
                                "type": "text",
                                "text": "GROUP BY",
                                "style": {
                                    "code": true
                                }
                            },
                            {
                                "type": "text",
                                "text": " statement will be added to the query. Instead, the raw results after filtering and joining will be returned without grouping. By default "
                            },
                            {
                                "type": "text",
                                "text": "ungrouped",
                                "style": {
                                    "code": true
                                }
                            },
                            {
                                "type": "text",
                                "text": " queries require a primary key as a dimension of every cube involved in the query for security purposes. To disable this behavior please see the "
                            },
                            {
                                "type": "link",
                                "url": "https:\/\/cube.dev\/docs\/@cubejs-backend-server-core#options-reference-allow-ungrouped-without-primary-key",
                                "text": "allowUngroupedWithoutPrimaryKey"
                            },
                            {
                                "type": "text",
                                "text": " server option.    "
                            },
                            {
                                "type": "link",
                                "url": "https:\/\/cube.dev\/docs\/query-format#query-properties"
                            }
                        ]
                    }
                ]
            }
        ],
        "thread_ts": "1592289387.129200",
        "reply_count": 5,
        "reply_users_count": 2,
        "latest_reply": "1592314173.132400",
        "reply_users": [
            "U013J5CRRDW",
            "US1P711C1"
        ],
        "replies": [
            {
                "user": "U013J5CRRDW",
                "ts": "1592313534.131300"
            },
            {
                "user": "US1P711C1",
                "ts": "1592313800.131800"
            },
            {
                "user": "US1P711C1",
                "ts": "1592313861.132000"
            },
            {
                "user": "US1P711C1",
                "ts": "1592313870.132200"
            },
            {
                "user": "U013J5CRRDW",
                "ts": "1592314173.132400"
            }
        ],
        "subscribed": false
    },
    {
        "client_msg_id": "a7e4c1ab-1b6f-47bc-b7dd-7a3e75b197fb",
        "type": "message",
        "text": "do we have an example about what this feature is doing?",
        "user": "US1P711C1",
        "ts": "1592289398.129600",
        "team": "TC0C1HURK",
        "user_team": "TC0C1HURK",
        "source_team": "TC0C1HURK",
        "user_profile": {
            "avatar_hash": "g5842626266c",
            "image_72": "https:\/\/secure.gravatar.com\/avatar\/5842626266c4cd89c48ea10e14a1a8e0.jpg?s=72&d=https%3A%2F%2Fa.slack-edge.com%2Fdf10d%2Fimg%2Favatars%2Fava_0012-72.png",
            "first_name": "",
            "real_name": "Alice",
            "display_name": "Alice",
            "team": "TC0C1HURK",
            "name": "liuyushu1",
            "is_restricted": false,
            "is_ultra_restricted": false
        },
        "blocks": [
            {
                "type": "rich_text",
                "block_id": "jNO",
                "elements": [
                    {
                        "type": "rich_text_section",
                        "elements": [
                            {
                                "type": "text",
                                "text": "do we have an example about what this feature is doing?"
                            }
                        ]
                    }
                ]
            }
        ]
    },
    {
        "type": "message",
        "text": "Top query was original generated SQL, while the bottom was generated after we patched the BaseFilter.js `inWhere()` method",
        "files": [
            {
                "id": "F0159E4H9KQ",
                "created": 1592290079,
                "timestamp": 1592290079,
                "name": "Untitled",
                "title": "Untitled",
                "mimetype": "text\/plain",
                "filetype": "text",
                "pretty_type": "Plain Text",
                "user": "U011N3FSZ0W",
                "editable": true,
                "size": 1891,
                "mode": "snippet",
                "is_external": false,
                "external_type": "",
                "is_public": true,
                "public_url_shared": false,
                "display_as_bot": false,
                "username": "",
                "url_private": "https:\/\/files.slack.com\/files-pri\/TC0C1HURK-F0159E4H9KQ\/untitled?t=xoxe-408409606869-1267807410853-1293019902560-8c9dc5fc58d3a65e0fe0837e69de048d",
                "url_private_download": "https:\/\/files.slack.com\/files-pri\/TC0C1HURK-F0159E4H9KQ\/download\/untitled?t=xoxe-408409606869-1267807410853-1293019902560-8c9dc5fc58d3a65e0fe0837e69de048d",
                "permalink": "https:\/\/cube-js.slack.com\/files\/U011N3FSZ0W\/F0159E4H9KQ\/untitled",
                "permalink_public": "https:\/\/slack-files.com\/TC0C1HURK-F0159E4H9KQ-3b2de7f5c7",
                "edit_link": "https:\/\/cube-js.slack.com\/files\/U011N3FSZ0W\/F0159E4H9KQ\/untitled\/edit",
                "is_starred": false,
                "has_rich_preview": false
            }
        ],
        "upload": true,
        "blocks": [
            {
                "type": "rich_text",
                "block_id": "\/fE",
                "elements": [
                    {
                        "type": "rich_text_section",
                        "elements": [
                            {
                                "type": "text",
                                "text": "Top query was original generated SQL, while the bottom was generated after we patched the BaseFilter.js "
                            },
                            {
                                "type": "text",
                                "text": "inWhere()",
                                "style": {
                                    "code": true
                                }
                            },
                            {
                                "type": "text",
                                "text": " method"
                            }
                        ]
                    }
                ]
            }
        ],
        "user": "U011N3FSZ0W",
        "display_as_bot": false,
        "ts": "1592290080.129800",
        "client_msg_id": "fe01f76d-f1f2-4c43-a9ae-d6bc2e55e281",
        "thread_ts": "1592255259.127700",
        "parent_user_id": "U011N3FSZ0W"
    },
    {
        "client_msg_id": "6e727f76-9cff-4f1a-be16-ec43cafe7d32",
        "type": "message",
        "text": "Definite improvement in performance by 10 fold in our case with PrestoDB",
        "user": "U011N3FSZ0W",
        "ts": "1592290110.130200",
        "team": "TC0C1HURK",
        "user_team": "TC0C1HURK",
        "source_team": "TC0C1HURK",
        "user_profile": {
            "avatar_hash": "g190d9d0a9a4",
            "image_72": "https:\/\/secure.gravatar.com\/avatar\/190d9d0a9a4954a8d3effddb6bd33a35.jpg?s=72&d=https%3A%2F%2Fa.slack-edge.com%2Fdf10d%2Fimg%2Favatars%2Fava_0002-72.png",
            "first_name": "",
            "real_name": "James Nedila",
            "display_name": "James Nedila",
            "team": "TC0C1HURK",
            "name": "jn",
            "is_restricted": false,
            "is_ultra_restricted": false
        },
        "blocks": [
            {
                "type": "rich_text",
                "block_id": "NR\/",
                "elements": [
                    {
                        "type": "rich_text_section",
                        "elements": [
                            {
                                "type": "text",
                                "text": "Definite improvement in performance by 10 fold in our case with PrestoDB"
                            }
                        ]
                    }
                ]
            }
        ],
        "thread_ts": "1592255259.127700",
        "parent_user_id": "U011N3FSZ0W"
    }
]