[
    {
        "client_msg_id": "d2e5dea2-c61a-44be-96a6-53e8ad9d3bbb",
        "type": "message",
        "text": "Hey <@USVCEA96F>! There's a convo about that <https:\/\/github.com\/cube-js\/cube.js\/issues\/146>",
        "user": "UC19HAUAK",
        "ts": "1590649960.436900",
        "team": "TC0C1HURK",
        "user_team": "TC0C1HURK",
        "source_team": "TC0C1HURK",
        "user_profile": {
            "avatar_hash": "066a042e018c",
            "image_72": "https:\/\/avatars.slack-edge.com\/2019-12-07\/866588520998_066a042e018ca831a195_72.png",
            "first_name": "Pavel",
            "real_name": "Pavel Tiunov",
            "display_name": "pavel",
            "team": "TC0C1HURK",
            "name": "pavel",
            "is_restricted": false,
            "is_ultra_restricted": false
        },
        "attachments": [
            {
                "service_name": "GitHub",
                "title": "Option to configure cube to use independent Redis · Issue #146 · cube-js\/cube.js",
                "title_link": "https:\/\/github.com\/cube-js\/cube.js\/issues\/146",
                "text": "It would be useful to be able to configure cube to be able to use an independent Redis instance, either in addition to, or in place of its current solution. This would allow me to have a large Redi...",
                "fallback": "GitHub: Option to configure cube to use independent Redis · Issue #146 · cube-js\/cube.js",
                "from_url": "https:\/\/github.com\/cube-js\/cube.js\/issues\/146",
                "thumb_url": "https:\/\/repository-images.githubusercontent.com\/149026292\/33deb000-42b4-11ea-8f24-e112f465ddf1",
                "thumb_width": 658,
                "thumb_height": 250,
                "service_icon": "https:\/\/a.slack-edge.com\/80588\/img\/unfurl_icons\/github.png",
                "id": 1,
                "original_url": "https:\/\/github.com\/cube-js\/cube.js\/issues\/146"
            }
        ],
        "blocks": [
            {
                "type": "rich_text",
                "block_id": "P9PXu",
                "elements": [
                    {
                        "type": "rich_text_section",
                        "elements": [
                            {
                                "type": "text",
                                "text": "Hey "
                            },
                            {
                                "type": "user",
                                "user_id": "USVCEA96F"
                            },
                            {
                                "type": "text",
                                "text": "! There's a convo about that "
                            },
                            {
                                "type": "link",
                                "url": "https:\/\/github.com\/cube-js\/cube.js\/issues\/146"
                            }
                        ]
                    }
                ]
            }
        ],
        "thread_ts": "1590648402.436700",
        "parent_user_id": "USVCEA96F"
    },
    {
        "client_msg_id": "3d81f2cb-c789-409a-9168-804d6f1f5aae",
        "type": "message",
        "text": "Okay, thanks",
        "user": "USVCEA96F",
        "ts": "1590651221.437200",
        "team": "TC0C1HURK",
        "user_team": "TC0C1HURK",
        "source_team": "TC0C1HURK",
        "user_profile": {
            "avatar_hash": "4937c714c843",
            "image_72": "https:\/\/avatars.slack-edge.com\/2020-01-29\/926690519808_4937c714c84306ede884_72.jpg",
            "first_name": "Janne",
            "real_name": "Janne Saarela",
            "display_name": "janne",
            "team": "TC0C1HURK",
            "name": "janne",
            "is_restricted": false,
            "is_ultra_restricted": false
        },
        "blocks": [
            {
                "type": "rich_text",
                "block_id": "d\/x4",
                "elements": [
                    {
                        "type": "rich_text_section",
                        "elements": [
                            {
                                "type": "text",
                                "text": "Okay, thanks"
                            }
                        ]
                    }
                ]
            }
        ],
        "thread_ts": "1590648402.436700",
        "parent_user_id": "USVCEA96F"
    },
    {
        "type": "message",
        "subtype": "channel_join",
        "ts": "1590651245.437400",
        "user": "U01473XRB6J",
        "text": "<@U01473XRB6J> has joined the channel"
    },
    {
        "client_msg_id": "7ec190c8-70c4-4f7e-bcfc-57f2f065c165",
        "type": "message",
        "text": "Is there any plans to implement support for cluster mode?",
        "user": "USVCEA96F",
        "ts": "1590651550.437500",
        "team": "TC0C1HURK",
        "user_team": "TC0C1HURK",
        "source_team": "TC0C1HURK",
        "user_profile": {
            "avatar_hash": "4937c714c843",
            "image_72": "https:\/\/avatars.slack-edge.com\/2020-01-29\/926690519808_4937c714c84306ede884_72.jpg",
            "first_name": "Janne",
            "real_name": "Janne Saarela",
            "display_name": "janne",
            "team": "TC0C1HURK",
            "name": "janne",
            "is_restricted": false,
            "is_ultra_restricted": false
        },
        "blocks": [
            {
                "type": "rich_text",
                "block_id": "9ARz",
                "elements": [
                    {
                        "type": "rich_text_section",
                        "elements": [
                            {
                                "type": "text",
                                "text": "Is there any plans to implement support for cluster mode?"
                            }
                        ]
                    }
                ]
            }
        ],
        "thread_ts": "1590648402.436700",
        "parent_user_id": "USVCEA96F"
    },
    {
        "type": "message",
        "subtype": "channel_join",
        "ts": "1590680420.437800",
        "user": "U0154N9CM24",
        "text": "<@U0154N9CM24> has joined the channel"
    },
    {
        "type": "message",
        "subtype": "channel_join",
        "ts": "1590682969.437900",
        "user": "U014DL02YSH",
        "text": "<@U014DL02YSH> has joined the channel"
    },
    {
        "client_msg_id": "dbe58dd5-127b-428a-ac28-b4314a105611",
        "type": "message",
        "text": "Hey Pavel, thank you for your reply. Yes, there is a variable in \"API_URL\" in Apps.js file which was set to localhost. I feel that by default it should read .env file of the main app instead of setting it to localhost. Thanks again!",
        "user": "U0148S62NMT",
        "ts": "1590685450.438000",
        "team": "TC0C1HURK",
        "user_team": "TC0C1HURK",
        "source_team": "TC0C1HURK",
        "user_profile": {
            "avatar_hash": "g4bda09abb65",
            "image_72": "https:\/\/secure.gravatar.com\/avatar\/4bda09abb6575599c630848b0fdde627.jpg?s=72&d=https%3A%2F%2Fa.slack-edge.com%2Fdf10d%2Fimg%2Favatars%2Fava_0021-72.png",
            "first_name": "",
            "real_name": "chakmangoo",
            "display_name": "chakmangoo",
            "team": "TC0C1HURK",
            "name": "chayan",
            "is_restricted": false,
            "is_ultra_restricted": false
        },
        "blocks": [
            {
                "type": "rich_text",
                "block_id": "ywh+d",
                "elements": [
                    {
                        "type": "rich_text_section",
                        "elements": [
                            {
                                "type": "text",
                                "text": "Hey Pavel, thank you for your reply. Yes, there is a variable in \"API_URL\" in Apps.js file which was set to localhost. I feel that by default it should read .env file of the main app instead of setting it to localhost. Thanks again!"
                            }
                        ]
                    }
                ]
            }
        ],
        "thread_ts": "1590521206.414600",
        "parent_user_id": "U0148S62NMT"
    },
    {
        "type": "message",
        "subtype": "channel_join",
        "ts": "1590688174.438200",
        "user": "U014FEG5D6X",
        "text": "<@U014FEG5D6X> has joined the channel"
    },
    {
        "type": "message",
        "subtype": "channel_join",
        "ts": "1590689723.438300",
        "user": "U0140HVN015",
        "text": "<@U0140HVN015> has joined the channel"
    },
    {
        "client_msg_id": "76978aba-590d-407b-a39b-02278a2482f4",
        "type": "message",
        "text": "Hi <@U013J5CRRDW> any guidance on this?",
        "user": "U0148P3G8E7",
        "ts": "1590731134.439600",
        "team": "TC0C1HURK",
        "user_team": "TC0C1HURK",
        "source_team": "TC0C1HURK",
        "user_profile": {
            "avatar_hash": "gbb7d556a6cb",
            "image_72": "https:\/\/secure.gravatar.com\/avatar\/bb7d556a6cb224031b4c073325712b1e.jpg?s=72&d=https%3A%2F%2Fa.slack-edge.com%2Fdf10d%2Fimg%2Favatars%2Fava_0009-72.png",
            "first_name": "",
            "real_name": "Rajkumar Das",
            "display_name": "Rajkumar Das",
            "team": "TC0C1HURK",
            "name": "rajkumar",
            "is_restricted": false,
            "is_ultra_restricted": false
        },
        "blocks": [
            {
                "type": "rich_text",
                "block_id": "Fh\/",
                "elements": [
                    {
                        "type": "rich_text_section",
                        "elements": [
                            {
                                "type": "text",
                                "text": "Hi "
                            },
                            {
                                "type": "user",
                                "user_id": "U013J5CRRDW"
                            },
                            {
                                "type": "text",
                                "text": " any guidance on this?"
                            }
                        ]
                    }
                ]
            }
        ],
        "thread_ts": "1590472436.403700",
        "parent_user_id": "U0148P3G8E7"
    }
]