[
    {
        "client_msg_id": "2d4c8f98-46e3-41a9-a471-39463cd20e1e",
        "type": "message",
        "text": "So what exactly is the problem? Which steps did you take?",
        "user": "U012CP32EEB",
        "ts": "1595408238.158300",
        "team": "TC0C1HURK",
        "user_team": "TC0C1HURK",
        "source_team": "TC0C1HURK",
        "user_profile": {
            "avatar_hash": "g2e8dbd00857",
            "image_72": "https:\/\/secure.gravatar.com\/avatar\/2e8dbd0085704773a8a21d802a222bd1.jpg?s=72&d=https%3A%2F%2Fa.slack-edge.com%2Fdf10d%2Fimg%2Favatars%2Fava_0002-72.png",
            "first_name": "",
            "real_name": "TobiLG",
            "display_name": "TobiLG",
            "team": "TC0C1HURK",
            "name": "tobilg",
            "is_restricted": false,
            "is_ultra_restricted": false
        },
        "blocks": [
            {
                "type": "rich_text",
                "block_id": "so\/o",
                "elements": [
                    {
                        "type": "rich_text_section",
                        "elements": [
                            {
                                "type": "text",
                                "text": "So what exactly is the problem? Which steps did you take?"
                            }
                        ]
                    }
                ]
            }
        ],
        "thread_ts": "1595388470.158000",
        "parent_user_id": "U01753WDMDL"
    },
    {
        "client_msg_id": "3ddef8d5-8797-49be-ae9e-f302cfed3295",
        "type": "message",
        "text": "Any plans to make the Cube.js packages \"usable\" with a bundler like Webpack for tree shaking and smaller deployments? Currently, I have problems using Webpack because there's also frontend code in the packages apparently. Is there a way to exclude the frontend code somehow? Setting the NODE_ENV to production is not helping in this case",
        "user": "U012CP32EEB",
        "ts": "1595408383.160600",
        "team": "TC0C1HURK",
        "user_team": "TC0C1HURK",
        "source_team": "TC0C1HURK",
        "user_profile": {
            "avatar_hash": "g2e8dbd00857",
            "image_72": "https:\/\/secure.gravatar.com\/avatar\/2e8dbd0085704773a8a21d802a222bd1.jpg?s=72&d=https%3A%2F%2Fa.slack-edge.com%2Fdf10d%2Fimg%2Favatars%2Fava_0002-72.png",
            "first_name": "",
            "real_name": "TobiLG",
            "display_name": "TobiLG",
            "team": "TC0C1HURK",
            "name": "tobilg",
            "is_restricted": false,
            "is_ultra_restricted": false
        },
        "blocks": [
            {
                "type": "rich_text",
                "block_id": "N4U",
                "elements": [
                    {
                        "type": "rich_text_section",
                        "elements": [
                            {
                                "type": "text",
                                "text": "Any plans to make the Cube.js packages \"usable\" with a bundler like Webpack for tree shaking and smaller deployments? Currently, I have problems using Webpack because there's also frontend code in the packages apparently. Is there a way to exclude the frontend code somehow? Setting the NODE_ENV to production is not helping in this case"
                            }
                        ]
                    }
                ]
            }
        ],
        "thread_ts": "1595408383.160600",
        "reply_count": 3,
        "reply_users_count": 2,
        "latest_reply": "1595441808.168900",
        "reply_users": [
            "U012CP32EEB",
            "U013J5CRRDW"
        ],
        "replies": [
            {
                "user": "U012CP32EEB",
                "ts": "1595409534.160700"
            },
            {
                "user": "U013J5CRRDW",
                "ts": "1595440509.166600"
            },
            {
                "user": "U012CP32EEB",
                "ts": "1595441808.168900"
            }
        ],
        "subscribed": false
    },
    {
        "client_msg_id": "930a14c6-ca84-4200-a221-a534092e1e61",
        "type": "message",
        "text": "The Lambda deployment of the Cube.js backend is currently more than 29mb",
        "user": "U012CP32EEB",
        "ts": "1595409534.160700",
        "team": "TC0C1HURK",
        "user_team": "TC0C1HURK",
        "source_team": "TC0C1HURK",
        "user_profile": {
            "avatar_hash": "g2e8dbd00857",
            "image_72": "https:\/\/secure.gravatar.com\/avatar\/2e8dbd0085704773a8a21d802a222bd1.jpg?s=72&d=https%3A%2F%2Fa.slack-edge.com%2Fdf10d%2Fimg%2Favatars%2Fava_0002-72.png",
            "first_name": "",
            "real_name": "TobiLG",
            "display_name": "TobiLG",
            "team": "TC0C1HURK",
            "name": "tobilg",
            "is_restricted": false,
            "is_ultra_restricted": false
        },
        "blocks": [
            {
                "type": "rich_text",
                "block_id": "O2N",
                "elements": [
                    {
                        "type": "rich_text_section",
                        "elements": [
                            {
                                "type": "text",
                                "text": "The Lambda deployment of the Cube.js backend is currently more than 29mb"
                            }
                        ]
                    }
                ]
            }
        ],
        "thread_ts": "1595408383.160600",
        "parent_user_id": "U012CP32EEB"
    },
    {
        "type": "message",
        "subtype": "channel_join",
        "ts": "1595425062.161000",
        "user": "U017QFD7RJQ",
        "text": "<@U017QFD7RJQ> has joined the channel"
    },
    {
        "client_msg_id": "9d53c607-078a-4f2e-91c0-3cb5b2423688",
        "type": "message",
        "text": "Hi, i use Bigquery with postgres preaggregations. If i update my cube definitions, do i have to clean old preaggregations manually ? It seems do not working properly if I leave old data.",
        "user": "UTJ6465S8",
        "ts": "1595429277.163300",
        "team": "TC0C1HURK",
        "user_team": "TC0C1HURK",
        "source_team": "TC0C1HURK",
        "user_profile": {
            "avatar_hash": "g8ee2ec32aeb",
            "image_72": "https:\/\/secure.gravatar.com\/avatar\/8ee2ec32aebb8924fb34b386150c5afa.jpg?s=72&d=https%3A%2F%2Fa.slack-edge.com%2Fdf10d%2Fimg%2Favatars%2Fava_0021-72.png",
            "first_name": "",
            "real_name": "Luc V",
            "display_name": "Luc V",
            "team": "TC0C1HURK",
            "name": "luc.vauvillier",
            "is_restricted": false,
            "is_ultra_restricted": false
        },
        "blocks": [
            {
                "type": "rich_text",
                "block_id": "5Qxyu",
                "elements": [
                    {
                        "type": "rich_text_section",
                        "elements": [
                            {
                                "type": "text",
                                "text": "Hi, i use Bigquery with postgres preaggregations. If i update my cube definitions, do i have to clean old preaggregations manually ? It seems do not working properly if I leave old data."
                            }
                        ]
                    }
                ]
            }
        ],
        "thread_ts": "1595429277.163300",
        "reply_count": 4,
        "reply_users_count": 2,
        "latest_reply": "1595492491.180700",
        "reply_users": [
            "UTJ6465S8",
            "UC19HAUAK"
        ],
        "replies": [
            {
                "user": "UTJ6465S8",
                "ts": "1595432697.163400"
            },
            {
                "user": "UTJ6465S8",
                "ts": "1595432756.163600"
            },
            {
                "user": "UC19HAUAK",
                "ts": "1595442653.169100"
            },
            {
                "user": "UTJ6465S8",
                "ts": "1595492491.180700"
            }
        ],
        "subscribed": false
    },
    {
        "client_msg_id": "20e911ec-2d43-40da-bfe4-187312320f45",
        "type": "message",
        "text": "I also noticed, some duplicate entries in pre aggregation table names. Is this supposed to be managed automatically when cube definition changes or cubejs version is updated ?",
        "user": "UTJ6465S8",
        "ts": "1595432697.163400",
        "team": "TC0C1HURK",
        "user_team": "TC0C1HURK",
        "source_team": "TC0C1HURK",
        "user_profile": {
            "avatar_hash": "g8ee2ec32aeb",
            "image_72": "https:\/\/secure.gravatar.com\/avatar\/8ee2ec32aebb8924fb34b386150c5afa.jpg?s=72&d=https%3A%2F%2Fa.slack-edge.com%2Fdf10d%2Fimg%2Favatars%2Fava_0021-72.png",
            "first_name": "",
            "real_name": "Luc V",
            "display_name": "Luc V",
            "team": "TC0C1HURK",
            "name": "luc.vauvillier",
            "is_restricted": false,
            "is_ultra_restricted": false
        },
        "blocks": [
            {
                "type": "rich_text",
                "block_id": "GuW8F",
                "elements": [
                    {
                        "type": "rich_text_section",
                        "elements": [
                            {
                                "type": "text",
                                "text": "I also noticed, some duplicate entries in pre aggregation table names. Is this supposed to be managed automatically when cube definition changes or cubejs version is updated ?"
                            }
                        ]
                    }
                ]
            }
        ],
        "thread_ts": "1595429277.163300",
        "parent_user_id": "UTJ6465S8"
    },
    {
        "client_msg_id": "72cfe1da-b1b3-4aee-83b6-81a41614e0fe",
        "type": "message",
        "text": "I have to delete all tables to fix it",
        "user": "UTJ6465S8",
        "ts": "1595432756.163600",
        "team": "TC0C1HURK",
        "user_team": "TC0C1HURK",
        "source_team": "TC0C1HURK",
        "user_profile": {
            "avatar_hash": "g8ee2ec32aeb",
            "image_72": "https:\/\/secure.gravatar.com\/avatar\/8ee2ec32aebb8924fb34b386150c5afa.jpg?s=72&d=https%3A%2F%2Fa.slack-edge.com%2Fdf10d%2Fimg%2Favatars%2Fava_0021-72.png",
            "first_name": "",
            "real_name": "Luc V",
            "display_name": "Luc V",
            "team": "TC0C1HURK",
            "name": "luc.vauvillier",
            "is_restricted": false,
            "is_ultra_restricted": false
        },
        "blocks": [
            {
                "type": "rich_text",
                "block_id": "\/tWan",
                "elements": [
                    {
                        "type": "rich_text_section",
                        "elements": [
                            {
                                "type": "text",
                                "text": "I have to delete all tables to fix it"
                            }
                        ]
                    }
                ]
            }
        ],
        "thread_ts": "1595429277.163300",
        "parent_user_id": "UTJ6465S8"
    },
    {
        "client_msg_id": "c8162a13-9203-4ac1-b1a6-282a30ffb3a4",
        "type": "message",
        "text": "Hi, I'm having a bit a problem trying to acces to the resultSet of a query, every time that I try to access to one of it properties I get `Cannot read property &lt;loadResponse, rawData, tablePivot, etc...&gt; of undefined`  but if I remove that line of code, I can console log the resultSet just fine, any ideas?. Other times I've been able to access to this properties but some reason now I can't \\",
        "user": "U01556W0JT0",
        "ts": "1595433355.165400",
        "team": "TC0C1HURK",
        "user_team": "TC0C1HURK",
        "source_team": "TC0C1HURK",
        "user_profile": {
            "avatar_hash": "ge8fa93abf82",
            "image_72": "https:\/\/secure.gravatar.com\/avatar\/e8fa93abf8238e5ff056c5da989fab8b.jpg?s=72&d=https%3A%2F%2Fa.slack-edge.com%2Fdf10d%2Fimg%2Favatars%2Fava_0018-72.png",
            "first_name": "",
            "real_name": "Oscar de Jesus",
            "display_name": "Oscar de Jesus",
            "team": "TC0C1HURK",
            "name": "robertotransfor",
            "is_restricted": false,
            "is_ultra_restricted": false
        },
        "edited": {
            "user": "U01556W0JT0",
            "ts": "1595433409.000000"
        },
        "blocks": [
            {
                "type": "rich_text",
                "block_id": "ddPwo",
                "elements": [
                    {
                        "type": "rich_text_section",
                        "elements": [
                            {
                                "type": "text",
                                "text": "Hi, I'm having a bit a problem trying to acces to the resultSet of a query, every time that I try to access to one of it properties I get "
                            },
                            {
                                "type": "text",
                                "text": "Cannot read property <loadResponse, rawData, tablePivot, etc...> of undefined",
                                "style": {
                                    "code": true
                                }
                            },
                            {
                                "type": "text",
                                "text": "  but if I remove that line of code, I can console log the resultSet just fine, any ideas?. Other times I've been able to access to this properties but some reason now I can't \\"
                            }
                        ]
                    }
                ]
            }
        ],
        "thread_ts": "1595433355.165400",
        "reply_count": 2,
        "reply_users_count": 2,
        "latest_reply": "1595444669.174000",
        "reply_users": [
            "U013J5CRRDW",
            "U01556W0JT0"
        ],
        "replies": [
            {
                "user": "U013J5CRRDW",
                "ts": "1595444314.172500"
            },
            {
                "user": "U01556W0JT0",
                "ts": "1595444669.174000"
            }
        ],
        "subscribed": false
    },
    {
        "client_msg_id": "6bb7279a-3e67-4230-a04f-2d97d6621b8a",
        "type": "message",
        "text": "hey! we probably could think of a way to exclude the `playground` from `cubejs-server-core` on demand.\n\nDo you have any other suggestions how we could achieve that?",
        "user": "U013J5CRRDW",
        "ts": "1595440509.166600",
        "team": "TC0C1HURK",
        "user_team": "TC0C1HURK",
        "source_team": "TC0C1HURK",
        "user_profile": {
            "avatar_hash": "759b4f7ce0bf",
            "image_72": "https:\/\/avatars.slack-edge.com\/2020-06-23\/1224215237280_759b4f7ce0bf4b291721_72.jpg",
            "first_name": "Alex",
            "real_name": "Alex Vasilev",
            "display_name": "Alex Vasilev",
            "team": "TC0C1HURK",
            "name": "vaspiring",
            "is_restricted": false,
            "is_ultra_restricted": false
        },
        "blocks": [
            {
                "type": "rich_text",
                "block_id": "5Hl",
                "elements": [
                    {
                        "type": "rich_text_section",
                        "elements": [
                            {
                                "type": "text",
                                "text": "hey! we probably could think of a way to exclude the "
                            },
                            {
                                "type": "text",
                                "text": "playground",
                                "style": {
                                    "code": true
                                }
                            },
                            {
                                "type": "text",
                                "text": " from "
                            },
                            {
                                "type": "text",
                                "text": "cubejs-server-core",
                                "style": {
                                    "code": true
                                }
                            },
                            {
                                "type": "text",
                                "text": " on demand.\n\nDo you have any other suggestions how we could achieve that?"
                            }
                        ]
                    }
                ]
            }
        ],
        "thread_ts": "1595408383.160600",
        "parent_user_id": "U012CP32EEB"
    },
    {
        "client_msg_id": "1792f7ff-5bef-4366-895c-3b8e1c896bb6",
        "type": "message",
        "text": "I’m trying to perform a `countDistinct` on the latest timestamp in my data which resides in Postgres. Something like this:\n```cube (`LatestMetrics`, {\n  sql: `select * from public.sample_metrics_data`,\n\n  measures: {\n    latest_count: {\n      sql: `account_id`,\n      type: `countDistinct`,\n      filters: [\n        { sql: `timestamp = ${latest_timestamp}`},\n      ]\n    },\n    latest_timestamp: {\n      sql: `timestamp`,\n      type: `max`\n    }\n  }\n})```\nThis results in a nested aggregation SQL and gives this error:\n`Error: aggregate function calls cannot be nested`\nAny idea how to fix this?",
        "user": "UKSVBSG3U",
        "ts": "1595440605.167600",
        "team": "TC0C1HURK",
        "user_team": "TC0C1HURK",
        "source_team": "TC0C1HURK",
        "user_profile": {
            "avatar_hash": "gffa79e19021",
            "image_72": "https:\/\/secure.gravatar.com\/avatar\/1ffa79e19021dcbe22b9d5a47ad78e61.jpg?s=72&d=https%3A%2F%2Fa.slack-edge.com%2Fdf10d%2Fimg%2Favatars%2Fava_0004-72.png",
            "first_name": "Soheyl",
            "real_name": "Soheyl",
            "display_name": "Soheyl",
            "team": "TC0C1HURK",
            "name": "vakili",
            "is_restricted": false,
            "is_ultra_restricted": false
        },
        "edited": {
            "user": "UKSVBSG3U",
            "ts": "1595440632.000000"
        },
        "blocks": [
            {
                "type": "rich_text",
                "block_id": "wmFdt",
                "elements": [
                    {
                        "type": "rich_text_section",
                        "elements": [
                            {
                                "type": "text",
                                "text": "I’m trying to perform a "
                            },
                            {
                                "type": "text",
                                "text": "countDistinct",
                                "style": {
                                    "code": true
                                }
                            },
                            {
                                "type": "text",
                                "text": " on the latest timestamp in my data which resides in Postgres. Something like this:\n"
                            }
                        ]
                    },
                    {
                        "type": "rich_text_preformatted",
                        "elements": [
                            {
                                "type": "text",
                                "text": "cube (`LatestMetrics`, {\n  sql: `select * from public.sample_metrics_data`,\n\n  measures: {\n    latest_count: {\n      sql: `account_id`,\n      type: `countDistinct`,\n      filters: [\n        { sql: `timestamp = ${latest_timestamp}`},\n      ]\n    },\n    latest_timestamp: {\n      sql: `timestamp`,\n      type: `max`\n    }\n  }\n})"
                            }
                        ]
                    },
                    {
                        "type": "rich_text_section",
                        "elements": [
                            {
                                "type": "text",
                                "text": "This results in a nested aggregation SQL and gives this error:\n"
                            },
                            {
                                "type": "text",
                                "text": "Error: aggregate function calls cannot be nested",
                                "style": {
                                    "code": true
                                }
                            },
                            {
                                "type": "text",
                                "text": "\nAny idea how to fix this?"
                            }
                        ]
                    }
                ]
            }
        ],
        "thread_ts": "1595440605.167600",
        "reply_count": 1,
        "reply_users_count": 1,
        "latest_reply": "1595510814.187800",
        "reply_users": [
            "U013J5CRRDW"
        ],
        "replies": [
            {
                "user": "U013J5CRRDW",
                "ts": "1595510814.187800"
            }
        ],
        "subscribed": false
    },
    {
        "client_msg_id": "8517969E-EB5A-4406-825B-2B419FA3E167",
        "type": "message",
        "text": "Maybe it’d be possible to separate the playground in a own package",
        "user": "U012CP32EEB",
        "ts": "1595441808.168900",
        "team": "TC0C1HURK",
        "user_team": "TC0C1HURK",
        "source_team": "TC0C1HURK",
        "user_profile": {
            "avatar_hash": "g2e8dbd00857",
            "image_72": "https:\/\/secure.gravatar.com\/avatar\/2e8dbd0085704773a8a21d802a222bd1.jpg?s=72&d=https%3A%2F%2Fa.slack-edge.com%2Fdf10d%2Fimg%2Favatars%2Fava_0002-72.png",
            "first_name": "",
            "real_name": "TobiLG",
            "display_name": "TobiLG",
            "team": "TC0C1HURK",
            "name": "tobilg",
            "is_restricted": false,
            "is_ultra_restricted": false
        },
        "blocks": [
            {
                "type": "rich_text",
                "block_id": "aET9Q",
                "elements": [
                    {
                        "type": "rich_text_section",
                        "elements": [
                            {
                                "type": "text",
                                "text": "Maybe it’d be possible to separate the playground in a own package"
                            }
                        ]
                    }
                ]
            }
        ],
        "thread_ts": "1595408383.160600",
        "parent_user_id": "U012CP32EEB"
    },
    {
        "client_msg_id": "bccc3bae-f80f-4446-8288-aafb66060b8d",
        "type": "message",
        "text": "Hey <@UTJ6465S8>! Those are automatically garbage collected. No additional actions required to clean it up but if you change definitions by default it'll maintain it for a week and then will be dropped if it isn't used.",
        "user": "UC19HAUAK",
        "ts": "1595442653.169100",
        "team": "TC0C1HURK",
        "user_team": "TC0C1HURK",
        "source_team": "TC0C1HURK",
        "user_profile": {
            "avatar_hash": "066a042e018c",
            "image_72": "https:\/\/avatars.slack-edge.com\/2019-12-07\/866588520998_066a042e018ca831a195_72.png",
            "first_name": "Pavel",
            "real_name": "Pavel Tiunov",
            "display_name": "pavel",
            "team": "TC0C1HURK",
            "name": "pavel",
            "is_restricted": false,
            "is_ultra_restricted": false
        },
        "blocks": [
            {
                "type": "rich_text",
                "block_id": "XNE",
                "elements": [
                    {
                        "type": "rich_text_section",
                        "elements": [
                            {
                                "type": "text",
                                "text": "Hey "
                            },
                            {
                                "type": "user",
                                "user_id": "UTJ6465S8"
                            },
                            {
                                "type": "text",
                                "text": "! Those are automatically garbage collected. No additional actions required to clean it up but if you change definitions by default it'll maintain it for a week and then will be dropped if it isn't used."
                            }
                        ]
                    }
                ]
            }
        ],
        "thread_ts": "1595429277.163300",
        "parent_user_id": "UTJ6465S8"
    },
    {
        "client_msg_id": "8b4a6f86-4f90-4473-84f3-5ea61884d0da",
        "type": "message",
        "text": "Thank you!",
        "user": "U015MTX4JVC",
        "ts": "1595442987.169300",
        "team": "TC0C1HURK",
        "user_team": "TC0C1HURK",
        "source_team": "TC0C1HURK",
        "user_profile": {
            "avatar_hash": "g1bf7f830772",
            "image_72": "https:\/\/secure.gravatar.com\/avatar\/1bf7f8307726b0309cd5e269635967ef.jpg?s=72&d=https%3A%2F%2Fa.slack-edge.com%2Fdf10d%2Fimg%2Favatars%2Fava_0018-72.png",
            "first_name": "",
            "real_name": "Gokulan Vikash Babu",
            "display_name": "Gokulan Vikash Babu",
            "team": "TC0C1HURK",
            "name": "gokulan1307",
            "is_restricted": false,
            "is_ultra_restricted": false
        },
        "blocks": [
            {
                "type": "rich_text",
                "block_id": "\/Tt",
                "elements": [
                    {
                        "type": "rich_text_section",
                        "elements": [
                            {
                                "type": "text",
                                "text": "Thank you!"
                            }
                        ]
                    }
                ]
            }
        ],
        "thread_ts": "1595375326.155600",
        "parent_user_id": "U015MTX4JVC"
    },
    {
        "type": "message",
        "subtype": "channel_join",
        "ts": "1595443213.169600",
        "user": "U017RAB4U3E",
        "text": "<@U017RAB4U3E> has joined the channel"
    },
    {
        "client_msg_id": "7de6f626-20a4-49cc-b260-c52e039f60ee",
        "type": "message",
        "text": "I am able to write left join queries\/schema in Cube js. But find it difficult to write sub-queries. Can you give me a short desc on how to write a schema for this efficiently? Just what are the things that I need to use to write efficiently?\n\n`SELECT`\n        `f.id,`\n        `f.facility,`\n        `(SELECT program FROM programs WHERE id=4) as program_name,`\n        `(SELECT IFNULL(CASE WHEN COUNT(1)&gt;= 1 THEN 'YES' ELSE 'NO' END ,'NO')` \n           `FROM facility_programs WHERE facilityid=f.id AND programid=4 AND status=1) as program_enabled,`\n         `(SELECT COUNT(1) FROM inventories WHERE facilityid=f.id AND status=1 AND programid=4) completed_inventories`\n        `from facilities f`\n        `WHERE f.status=2;`",
        "user": "U015MTX4JVC",
        "ts": "1595444304.172400",
        "team": "TC0C1HURK",
        "user_team": "TC0C1HURK",
        "source_team": "TC0C1HURK",
        "user_profile": {
            "avatar_hash": "g1bf7f830772",
            "image_72": "https:\/\/secure.gravatar.com\/avatar\/1bf7f8307726b0309cd5e269635967ef.jpg?s=72&d=https%3A%2F%2Fa.slack-edge.com%2Fdf10d%2Fimg%2Favatars%2Fava_0018-72.png",
            "first_name": "",
            "real_name": "Gokulan Vikash Babu",
            "display_name": "Gokulan Vikash Babu",
            "team": "TC0C1HURK",
            "name": "gokulan1307",
            "is_restricted": false,
            "is_ultra_restricted": false
        },
        "blocks": [
            {
                "type": "rich_text",
                "block_id": "a5+k5",
                "elements": [
                    {
                        "type": "rich_text_section",
                        "elements": [
                            {
                                "type": "text",
                                "text": "I am able to write left join queries\/schema in Cube js. But find it difficult to write sub-queries. Can you give me a short desc on how to write a schema for this efficiently? Just what are the things that I need to use to write efficiently?\n\n"
                            },
                            {
                                "type": "text",
                                "text": "SELECT",
                                "style": {
                                    "code": true
                                }
                            },
                            {
                                "type": "text",
                                "text": "\n"
                            },
                            {
                                "type": "text",
                                "text": "        f.id,",
                                "style": {
                                    "code": true
                                }
                            },
                            {
                                "type": "text",
                                "text": "\n"
                            },
                            {
                                "type": "text",
                                "text": "        f.facility,",
                                "style": {
                                    "code": true
                                }
                            },
                            {
                                "type": "text",
                                "text": "\n"
                            },
                            {
                                "type": "text",
                                "text": "        (SELECT program FROM programs WHERE id=4) as program_name,",
                                "style": {
                                    "code": true
                                }
                            },
                            {
                                "type": "text",
                                "text": "\n"
                            },
                            {
                                "type": "text",
                                "text": "        (SELECT IFNULL(CASE WHEN COUNT(1)>= 1 THEN 'YES' ELSE 'NO' END ,'NO') ",
                                "style": {
                                    "code": true
                                }
                            },
                            {
                                "type": "text",
                                "text": "\n"
                            },
                            {
                                "type": "text",
                                "text": "           FROM facility_programs WHERE facilityid=f.id AND programid=4 AND status=1) as program_enabled,",
                                "style": {
                                    "code": true
                                }
                            },
                            {
                                "type": "text",
                                "text": "\n"
                            },
                            {
                                "type": "text",
                                "text": "         (SELECT COUNT(1) FROM inventories WHERE facilityid=f.id AND status=1 AND programid=4) completed_inventories",
                                "style": {
                                    "code": true
                                }
                            },
                            {
                                "type": "text",
                                "text": "\n"
                            },
                            {
                                "type": "text",
                                "text": "        from facilities f",
                                "style": {
                                    "code": true
                                }
                            },
                            {
                                "type": "text",
                                "text": "\n"
                            },
                            {
                                "type": "text",
                                "text": "        WHERE f.status=2;",
                                "style": {
                                    "code": true
                                }
                            }
                        ]
                    }
                ]
            }
        ]
    },
    {
        "client_msg_id": "8f2dc971-6c24-450b-9d40-073faa5c931a",
        "type": "message",
        "text": "hey <@U01556W0JT0>! could you post the code here?",
        "user": "U013J5CRRDW",
        "ts": "1595444314.172500",
        "team": "TC0C1HURK",
        "user_team": "TC0C1HURK",
        "source_team": "TC0C1HURK",
        "user_profile": {
            "avatar_hash": "759b4f7ce0bf",
            "image_72": "https:\/\/avatars.slack-edge.com\/2020-06-23\/1224215237280_759b4f7ce0bf4b291721_72.jpg",
            "first_name": "Alex",
            "real_name": "Alex Vasilev",
            "display_name": "Alex Vasilev",
            "team": "TC0C1HURK",
            "name": "vaspiring",
            "is_restricted": false,
            "is_ultra_restricted": false
        },
        "blocks": [
            {
                "type": "rich_text",
                "block_id": "vpgh",
                "elements": [
                    {
                        "type": "rich_text_section",
                        "elements": [
                            {
                                "type": "text",
                                "text": "hey "
                            },
                            {
                                "type": "user",
                                "user_id": "U01556W0JT0"
                            },
                            {
                                "type": "text",
                                "text": "! could you post the code here?"
                            }
                        ]
                    }
                ]
            }
        ],
        "thread_ts": "1595433355.165400",
        "parent_user_id": "U01556W0JT0"
    },
    {
        "client_msg_id": "aa16808f-abd1-468b-b50d-3a341e0831a1",
        "type": "message",
        "text": "<@U013J5CRRDW> Was able to fix it by adding a Try Catch when I was accessing the resultSet and it started to work, looks like I was miss using useCubeQuery due to it's async nature",
        "user": "U01556W0JT0",
        "ts": "1595444669.174000",
        "team": "TC0C1HURK",
        "user_team": "TC0C1HURK",
        "source_team": "TC0C1HURK",
        "user_profile": {
            "avatar_hash": "ge8fa93abf82",
            "image_72": "https:\/\/secure.gravatar.com\/avatar\/e8fa93abf8238e5ff056c5da989fab8b.jpg?s=72&d=https%3A%2F%2Fa.slack-edge.com%2Fdf10d%2Fimg%2Favatars%2Fava_0018-72.png",
            "first_name": "",
            "real_name": "Oscar de Jesus",
            "display_name": "Oscar de Jesus",
            "team": "TC0C1HURK",
            "name": "robertotransfor",
            "is_restricted": false,
            "is_ultra_restricted": false
        },
        "blocks": [
            {
                "type": "rich_text",
                "block_id": "1UW4F",
                "elements": [
                    {
                        "type": "rich_text_section",
                        "elements": [
                            {
                                "type": "user",
                                "user_id": "U013J5CRRDW"
                            },
                            {
                                "type": "text",
                                "text": " Was able to fix it by adding a Try Catch when I was accessing the resultSet and it started to work, looks like I was miss using useCubeQuery due to it's async nature"
                            }
                        ]
                    }
                ]
            }
        ],
        "thread_ts": "1595433355.165400",
        "parent_user_id": "U01556W0JT0"
    },
    {
        "client_msg_id": "a4ea91a0-2b48-4821-87d9-0e8bbee7ba5d",
        "type": "message",
        "text": "I’m trying to cubeify a SQL analysis I have, the raw query is:\n```WITH subscription_orders AS\n        (SELECT user_id,\n                date_trunc('DAY', (created_at AT TIME ZONE 'EST')) AS order_date,\n                rank () OVER (PARTITION BY user_id\n                            ORDER BY created_at ASC) AS order_number\n        FROM orders\n        WHERE user_id IS NOT NULL\n        AND tags ILIKE '%Subscription%')\n    SELECT subscription_orders.user_id,\n            subscription_orders.order_number AS order_number_1,\n            subscription_orders.order_date AS order_1_date,\n            next_subscription_order.order_number AS order_number_2,\n            next_subscription_order.order_date AS order_2_date,\n            DATE_PART('day', next_subscription_order.order_date - subscription_orders.order_date) AS reorder_days\n    FROM subscription_orders\n    LEFT JOIN subscription_orders next_subscription_order ON subscription_orders.user_id = next_subscription_order.user_id\n    AND (next_subscription_order.order_number = subscription_orders.order_number + 1)```\nWhich returns a table that looks like:\n```| user_id | order_number_1 | order_1_date           | order_number_2 | order_2_date           | reorder_days |\n|---------|----------------|------------------------|----------------|------------------------|--------------|\n|       6 |              1 | 2019-10-21 00:00:00-04 |              2 | 2019-12-05 00:00:00-05 |           45 |\n|       6 |              2 | 2019-12-05 00:00:00-05 |              3 | 2019-12-18 00:00:00-05 |           13 |\n|       6 |              3 | 2019-12-18 00:00:00-05 |              4 | 2020-01-08 00:00:00-05 |           21 |\n|       6 |              4 | 2020-01-08 00:00:00-05 |                |                        |              |```\nWhich basically says that user 6 has has 4 subscription re-orders, it also returns the number of days between each order so that you can asses if the subscriber is active, churned, or reactivated (if the reorder days is greater than the longest re-order length, they churned as then reactivated).\nSo I created a `Subscribers.js` file and defined it as below. Basically trying to agregate subscribers by\n",
        "user": "U015Q5GTLN9",
        "ts": "1595445543.179200",
        "team": "TC0C1HURK",
        "user_team": "TC0C1HURK",
        "source_team": "TC0C1HURK",
        "user_profile": {
            "avatar_hash": "15d1c5e8919e",
            "image_72": "https:\/\/avatars.slack-edge.com\/2020-06-19\/1188843393974_15d1c5e8919ec0f15516_72.jpg",
            "first_name": "",
            "real_name": "Sam Couch",
            "display_name": "Sam Couch",
            "team": "TC0C1HURK",
            "name": "sam825",
            "is_restricted": false,
            "is_ultra_restricted": false
        },
        "blocks": [
            {
                "type": "rich_text",
                "block_id": "ohFtl",
                "elements": [
                    {
                        "type": "rich_text_section",
                        "elements": [
                            {
                                "type": "text",
                                "text": "I’m trying to cubeify a SQL analysis I have, the raw query is:\n"
                            }
                        ]
                    },
                    {
                        "type": "rich_text_preformatted",
                        "elements": [
                            {
                                "type": "text",
                                "text": "WITH subscription_orders AS\n        (SELECT user_id,\n                date_trunc('DAY', (created_at AT TIME ZONE 'EST')) AS order_date,\n                rank () OVER (PARTITION BY user_id\n                            ORDER BY created_at ASC) AS order_number\n        FROM orders\n        WHERE user_id IS NOT NULL\n        AND tags ILIKE '%Subscription%')\n    SELECT subscription_orders.user_id,\n            subscription_orders.order_number AS order_number_1,\n            subscription_orders.order_date AS order_1_date,\n            next_subscription_order.order_number AS order_number_2,\n            next_subscription_order.order_date AS order_2_date,\n            DATE_PART('day', next_subscription_order.order_date - subscription_orders.order_date) AS reorder_days\n    FROM subscription_orders\n    LEFT JOIN subscription_orders next_subscription_order ON subscription_orders.user_id = next_subscription_order.user_id\n    AND (next_subscription_order.order_number = subscription_orders.order_number + 1)"
                            }
                        ]
                    },
                    {
                        "type": "rich_text_section",
                        "elements": [
                            {
                                "type": "text",
                                "text": "Which returns a table that looks like:\n"
                            }
                        ]
                    },
                    {
                        "type": "rich_text_preformatted",
                        "elements": [
                            {
                                "type": "text",
                                "text": "| user_id | order_number_1 | order_1_date           | order_number_2 | order_2_date           | reorder_days |\n|---------|----------------|------------------------|----------------|------------------------|--------------|\n|       6 |              1 | 2019-10-21 00:00:00-04 |              2 | 2019-12-05 00:00:00-05 |           45 |\n|       6 |              2 | 2019-12-05 00:00:00-05 |              3 | 2019-12-18 00:00:00-05 |           13 |\n|       6 |              3 | 2019-12-18 00:00:00-05 |              4 | 2020-01-08 00:00:00-05 |           21 |\n|       6 |              4 | 2020-01-08 00:00:00-05 |                |                        |              |"
                            }
                        ]
                    },
                    {
                        "type": "rich_text_section",
                        "elements": [
                            {
                                "type": "text",
                                "text": "Which basically says that user 6 has has 4 subscription re-orders, it also returns the number of days between each order so that you can asses if the subscriber is active, churned, or reactivated (if the reorder days is greater than the longest re-order length, they churned as then reactivated).\nSo I created a "
                            },
                            {
                                "type": "text",
                                "text": "Subscribers.js",
                                "style": {
                                    "code": true
                                }
                            },
                            {
                                "type": "text",
                                "text": " file and defined it as below. Basically trying to agregate subscribers by\n"
                            }
                        ]
                    }
                ]
            }
        ]
    },
    {
        "client_msg_id": "a4ea91a0-2b48-4821-87d9-0e8bbee7ba5d",
        "type": "message",
        "text": "```cube(`Subscribers`, {\n    sql: \n    `WITH subscription_orders AS\n        (SELECT user_id,\n                date_trunc('DAY', (created_at AT TIME ZONE 'EST')) AS order_date,\n                rank () OVER (PARTITION BY user_id\n                            ORDER BY created_at ASC) AS order_number\n        FROM public.orders\n        WHERE user_id IS NOT NULL\n        AND tags ILIKE '%Subscription%')\n    SELECT subscription_orders.user_id,\n            subscription_orders.order_number AS order_number_1,\n            subscription_orders.order_date AS order_1_date,\n            next_subscription_order.order_number AS order_number_2,\n            next_subscription_order.order_date AS order_2_date,\n            DATE_PART('day', next_subscription_order.order_date - subscription_orders.order_date) AS reorder_days\n    FROM subscription_orders\n    LEFT JOIN subscription_orders next_subscription_order ON subscription_orders.user_id = next_subscription_order.user_id\n    AND (next_subscription_order.order_number = subscription_orders.order_number + 1)`,\n\n    joins: {\n        Users: {\n            sql: `${CUBE}.user_id = ${Users}.id`,\n            relationship: `belongsTo`\n        }\n    },\n\n    measures: {\n        count: {\n            type: `count`,\n            drillMembers: [user_id]\n        }\n    },\n\n    dimensions: {\n        id: {\n            sql: `id`,\n            type: `number`,\n            primaryKey: true\n        },\n\n        subscriptionStatus: {\n            type: `string`,\n            case: {\n                when: [\n                    { sql: `${reorder_days} &gt; 40`, label: `reactivated`},\n                    { sql: `${order_number_2} IS NULL AND DATE_PART('day', NOW() - ${order_1_date}) &gt; 40`, label: `churned`}\n                ], else: {\n                    label: `active`\n                }\n            }\n        },\n\n        createdAt: {\n            sql: `order_1_date`,\n            type: `time`\n          },\n    }\n})```\nThe problem is that I get an error `ReferenceError: user_id is not defined at drillMembers` is there a different way I should be approaching this? What I am looking to do is monitor subscription statuses (churn, growth, retention) on a month-to-month basis.",
        "user": "U015Q5GTLN9",
        "ts": "1595445544.179300",
        "team": "TC0C1HURK",
        "user_team": "TC0C1HURK",
        "source_team": "TC0C1HURK",
        "user_profile": {
            "avatar_hash": "15d1c5e8919e",
            "image_72": "https:\/\/avatars.slack-edge.com\/2020-06-19\/1188843393974_15d1c5e8919ec0f15516_72.jpg",
            "first_name": "",
            "real_name": "Sam Couch",
            "display_name": "Sam Couch",
            "team": "TC0C1HURK",
            "name": "sam825",
            "is_restricted": false,
            "is_ultra_restricted": false
        },
        "blocks": [
            {
                "type": "rich_text",
                "block_id": "ohFtl-tmGvn",
                "elements": [
                    {
                        "type": "rich_text_preformatted",
                        "elements": [
                            {
                                "type": "text",
                                "text": "cube(`Subscribers`, {\n    sql: \n    `WITH subscription_orders AS\n        (SELECT user_id,\n                date_trunc('DAY', (created_at AT TIME ZONE 'EST')) AS order_date,\n                rank () OVER (PARTITION BY user_id\n                            ORDER BY created_at ASC) AS order_number\n        FROM public.orders\n        WHERE user_id IS NOT NULL\n        AND tags ILIKE '%Subscription%')\n    SELECT subscription_orders.user_id,\n            subscription_orders.order_number AS order_number_1,\n            subscription_orders.order_date AS order_1_date,\n            next_subscription_order.order_number AS order_number_2,\n            next_subscription_order.order_date AS order_2_date,\n            DATE_PART('day', next_subscription_order.order_date - subscription_orders.order_date) AS reorder_days\n    FROM subscription_orders\n    LEFT JOIN subscription_orders next_subscription_order ON subscription_orders.user_id = next_subscription_order.user_id\n    AND (next_subscription_order.order_number = subscription_orders.order_number + 1)`,\n\n    joins: {\n        Users: {\n            sql: `${CUBE}.user_id = ${Users}.id`,\n            relationship: `belongsTo`\n        }\n    },\n\n    measures: {\n        count: {\n            type: `count`,\n            drillMembers: [user_id]\n        }\n    },\n\n    dimensions: {\n        id: {\n            sql: `id`,\n            type: `number`,\n            primaryKey: true\n        },\n\n        subscriptionStatus: {\n            type: `string`,\n            case: {\n                when: [\n                    { sql: `${reorder_days} > 40`, label: `reactivated`},\n                    { sql: `${order_number_2} IS NULL AND DATE_PART('day', NOW() - ${order_1_date}) > 40`, label: `churned`}\n                ], else: {\n                    label: `active`\n                }\n            }\n        },\n\n        createdAt: {\n            sql: `order_1_date`,\n            type: `time`\n          },\n    }\n})"
                            }
                        ]
                    },
                    {
                        "type": "rich_text_section",
                        "elements": [
                            {
                                "type": "text",
                                "text": "The problem is that I get an error "
                            },
                            {
                                "type": "text",
                                "text": "ReferenceError: user_id is not defined at drillMembers",
                                "style": {
                                    "code": true
                                }
                            },
                            {
                                "type": "text",
                                "text": " is there a different way I should be approaching this? What I am looking to do is monitor subscription statuses (churn, growth, retention) on a month-to-month basis."
                            }
                        ]
                    }
                ]
            }
        ],
        "thread_ts": "1595445544.179300",
        "reply_count": 1,
        "reply_users_count": 1,
        "latest_reply": "1595457903.179400",
        "reply_users": [
            "UC19HAUAK"
        ],
        "replies": [
            {
                "user": "UC19HAUAK",
                "ts": "1595457903.179400"
            }
        ],
        "subscribed": false
    },
    {
        "client_msg_id": "900bf5a7-7930-47a9-82ed-55b87b2ed071",
        "type": "message",
        "text": "Hey <@U015Q5GTLN9>! `user_id` should be defined as a dimension of cube in order to use it in `drillMembers`.",
        "user": "UC19HAUAK",
        "ts": "1595457903.179400",
        "team": "TC0C1HURK",
        "user_team": "TC0C1HURK",
        "source_team": "TC0C1HURK",
        "user_profile": {
            "avatar_hash": "066a042e018c",
            "image_72": "https:\/\/avatars.slack-edge.com\/2019-12-07\/866588520998_066a042e018ca831a195_72.png",
            "first_name": "Pavel",
            "real_name": "Pavel Tiunov",
            "display_name": "pavel",
            "team": "TC0C1HURK",
            "name": "pavel",
            "is_restricted": false,
            "is_ultra_restricted": false
        },
        "blocks": [
            {
                "type": "rich_text",
                "block_id": "5Tsg",
                "elements": [
                    {
                        "type": "rich_text_section",
                        "elements": [
                            {
                                "type": "text",
                                "text": "Hey "
                            },
                            {
                                "type": "user",
                                "user_id": "U015Q5GTLN9"
                            },
                            {
                                "type": "text",
                                "text": "! "
                            },
                            {
                                "type": "text",
                                "text": "user_id",
                                "style": {
                                    "code": true
                                }
                            },
                            {
                                "type": "text",
                                "text": " should be defined as a dimension of cube in order to use it in "
                            },
                            {
                                "type": "text",
                                "text": "drillMembers",
                                "style": {
                                    "code": true
                                }
                            },
                            {
                                "type": "text",
                                "text": "."
                            }
                        ]
                    }
                ]
            }
        ],
        "thread_ts": "1595445544.179300",
        "parent_user_id": "U015Q5GTLN9"
    },
    {
        "type": "message",
        "subtype": "channel_join",
        "ts": "1595465483.179800",
        "user": "U017RV7C1D2",
        "text": "<@U017RV7C1D2> has joined the channel"
    },
    {
        "client_msg_id": "23aa9b4b-ee8d-42a4-898f-4236bd3654f3",
        "type": "message",
        "text": "Hi all\nIs this really powerful looking tool totally free ?",
        "user": "U017RV7C1D2",
        "ts": "1595465572.180300",
        "team": "TC0C1HURK",
        "user_team": "TC0C1HURK",
        "source_team": "TC0C1HURK",
        "user_profile": {
            "avatar_hash": "g251041a2e5c",
            "image_72": "https:\/\/secure.gravatar.com\/avatar\/251041a2e5c70087dae2aeb401d39644.jpg?s=72&d=https%3A%2F%2Fa.slack-edge.com%2Fdf10d%2Fimg%2Favatars%2Fava_0016-72.png",
            "first_name": "",
            "real_name": "Zak Hoosen",
            "display_name": "Zak Hoosen",
            "team": "TC0C1HURK",
            "name": "zak",
            "is_restricted": false,
            "is_ultra_restricted": false
        },
        "blocks": [
            {
                "type": "rich_text",
                "block_id": "Igr",
                "elements": [
                    {
                        "type": "rich_text_section",
                        "elements": [
                            {
                                "type": "text",
                                "text": "Hi all\nIs this really powerful looking tool totally free ?"
                            }
                        ]
                    }
                ]
            }
        ],
        "thread_ts": "1595465572.180300",
        "reply_count": 10,
        "reply_users_count": 2,
        "latest_reply": "1595794588.218500",
        "reply_users": [
            "UC19HAUAK",
            "U017RV7C1D2"
        ],
        "replies": [
            {
                "user": "UC19HAUAK",
                "ts": "1595468581.180400"
            },
            {
                "user": "U017RV7C1D2",
                "ts": "1595580191.208400"
            },
            {
                "user": "UC19HAUAK",
                "ts": "1595613309.210300"
            },
            {
                "user": "U017RV7C1D2",
                "ts": "1595642568.214700"
            },
            {
                "user": "UC19HAUAK",
                "ts": "1595643243.214900"
            },
            {
                "user": "U017RV7C1D2",
                "ts": "1595676989.215100"
            },
            {
                "user": "U017RV7C1D2",
                "ts": "1595677833.215300"
            },
            {
                "user": "UC19HAUAK",
                "ts": "1595705267.215600"
            },
            {
                "user": "UC19HAUAK",
                "ts": "1595705280.215900"
            },
            {
                "user": "U017RV7C1D2",
                "ts": "1595794588.218500"
            }
        ],
        "subscribed": false,
        "reactions": [
            {
                "name": "100",
                "users": [
                    "U0154105GUE"
                ],
                "count": 1
            },
            {
                "name": "heart_eyes",
                "users": [
                    "U0154105GUE"
                ],
                "count": 1
            }
        ]
    },
    {
        "client_msg_id": "0a8b8529-426e-405b-aba6-ea1d1a266041",
        "type": "message",
        "text": "Hey <@U017RV7C1D2>! Everything you see in open source is completely free.",
        "user": "UC19HAUAK",
        "ts": "1595468581.180400",
        "team": "TC0C1HURK",
        "user_team": "TC0C1HURK",
        "source_team": "TC0C1HURK",
        "user_profile": {
            "avatar_hash": "066a042e018c",
            "image_72": "https:\/\/avatars.slack-edge.com\/2019-12-07\/866588520998_066a042e018ca831a195_72.png",
            "first_name": "Pavel",
            "real_name": "Pavel Tiunov",
            "display_name": "pavel",
            "team": "TC0C1HURK",
            "name": "pavel",
            "is_restricted": false,
            "is_ultra_restricted": false
        },
        "blocks": [
            {
                "type": "rich_text",
                "block_id": "6mZqf",
                "elements": [
                    {
                        "type": "rich_text_section",
                        "elements": [
                            {
                                "type": "text",
                                "text": "Hey "
                            },
                            {
                                "type": "user",
                                "user_id": "U017RV7C1D2"
                            },
                            {
                                "type": "text",
                                "text": "! Everything you see in open source is completely free."
                            }
                        ]
                    }
                ]
            }
        ],
        "thread_ts": "1595465572.180300",
        "parent_user_id": "U017RV7C1D2"
    },
    {
        "type": "message",
        "subtype": "channel_join",
        "ts": "1595474849.180600",
        "user": "U017RUPGJTW",
        "text": "<@U017RUPGJTW> has joined the channel"
    }
]