[
    {
        "type": "message",
        "subtype": "channel_join",
        "ts": "1580199670.162800",
        "user": "USVCEA96F",
        "text": "<@USVCEA96F> has joined the channel"
    },
    {
        "client_msg_id": "cf6415a5-194b-4304-8ac7-eb742b355c12",
        "type": "message",
        "text": "Hello :wave:\n\nDoes anyone know here if it's possible to have `timeDimensions` something like\n``` timeDimensions: [{\n    dimension: 'xxx.created',\n    dateRange: 'last 24 hours', \/\/ &lt;=== is this possible somehow?\n    granularity: 'hour'\n  }]```\nSo basically I want to show data that is created within 24 hours from the current moment.\n\nI tried for example\n```dateRange: 'from 1 days ago to now',```\nbut the data is still for the current day between `00:00 - 23:00`",
        "user": "USVCEA96F",
        "ts": "1580200363.166700",
        "team": "TC0C1HURK",
        "user_team": "TC0C1HURK",
        "source_team": "TC0C1HURK",
        "user_profile": {
            "avatar_hash": "4937c714c843",
            "image_72": "https:\/\/avatars.slack-edge.com\/2020-01-29\/926690519808_4937c714c84306ede884_72.jpg",
            "first_name": "Janne",
            "real_name": "Janne Saarela",
            "display_name": "janne",
            "team": "TC0C1HURK",
            "name": "janne",
            "is_restricted": false,
            "is_ultra_restricted": false
        },
        "blocks": [
            {
                "type": "rich_text",
                "block_id": "0e8b",
                "elements": [
                    {
                        "type": "rich_text_section",
                        "elements": [
                            {
                                "type": "text",
                                "text": "Hello "
                            },
                            {
                                "type": "emoji",
                                "name": "wave"
                            },
                            {
                                "type": "text",
                                "text": "\n\nDoes anyone know here if it's possible to have "
                            },
                            {
                                "type": "text",
                                "text": "timeDimensions",
                                "style": {
                                    "code": true
                                }
                            },
                            {
                                "type": "text",
                                "text": " something like\n"
                            }
                        ]
                    },
                    {
                        "type": "rich_text_preformatted",
                        "elements": [
                            {
                                "type": "text",
                                "text": " timeDimensions: [{\n    dimension: 'xxx.created',\n    dateRange: 'last 24 hours', \/\/ <=== is this possible somehow?\n    granularity: 'hour'\n  }]"
                            }
                        ]
                    },
                    {
                        "type": "rich_text_section",
                        "elements": [
                            {
                                "type": "text",
                                "text": "So basically I want to show data that is created within 24 hours from the current moment.\n\nI tried for example\n"
                            }
                        ]
                    },
                    {
                        "type": "rich_text_preformatted",
                        "elements": [
                            {
                                "type": "text",
                                "text": "dateRange: 'from 1 days ago to now',"
                            }
                        ]
                    },
                    {
                        "type": "rich_text_section",
                        "elements": [
                            {
                                "type": "text",
                                "text": "but the data is still for the current day between "
                            },
                            {
                                "type": "text",
                                "text": "00:00 - 23:00",
                                "style": {
                                    "code": true
                                }
                            }
                        ]
                    }
                ]
            }
        ],
        "thread_ts": "1580200363.166700",
        "reply_count": 16,
        "reply_users_count": 2,
        "latest_reply": "1580454299.235400",
        "reply_users": [
            "UC19HAUAK",
            "USVCEA96F"
        ],
        "replies": [
            {
                "user": "UC19HAUAK",
                "ts": "1580230438.168300"
            },
            {
                "user": "USVCEA96F",
                "ts": "1580278657.170900"
            },
            {
                "user": "UC19HAUAK",
                "ts": "1580278964.171100"
            },
            {
                "user": "USVCEA96F",
                "ts": "1580279004.171300"
            },
            {
                "user": "USVCEA96F",
                "ts": "1580280256.171600"
            },
            {
                "user": "USVCEA96F",
                "ts": "1580280423.171800"
            },
            {
                "user": "USVCEA96F",
                "ts": "1580280625.172200"
            },
            {
                "user": "UC19HAUAK",
                "ts": "1580317978.173000"
            },
            {
                "user": "USVCEA96F",
                "ts": "1580319126.176300"
            },
            {
                "user": "UC19HAUAK",
                "ts": "1580327471.176500"
            },
            {
                "user": "USVCEA96F",
                "ts": "1580328223.179900"
            },
            {
                "user": "UC19HAUAK",
                "ts": "1580334533.185500"
            },
            {
                "user": "USVCEA96F",
                "ts": "1580362765.193300"
            },
            {
                "user": "USVCEA96F",
                "ts": "1580374174.196400"
            },
            {
                "user": "UC19HAUAK",
                "ts": "1580403494.204500"
            },
            {
                "user": "USVCEA96F",
                "ts": "1580454299.235400"
            }
        ],
        "subscribed": false
    },
    {
        "client_msg_id": "ea1a817f-6563-4ba8-99ee-32f111d3b521",
        "type": "message",
        "text": "hello! I have a quick question regarding the chart interaction. Is there a way we can capture the click event on the chart and update other charts in a dashboard? Is there a way to do this ?",
        "user": "UM3QHLT71",
        "ts": "1580207880.166800",
        "team": "TC0C1HURK",
        "user_team": "TC0C1HURK",
        "source_team": "TC0C1HURK",
        "user_profile": {
            "avatar_hash": "gf0c4e31ad2a",
            "image_72": "https:\/\/secure.gravatar.com\/avatar\/cf0c4e31ad2ab024bacd079c7dca3b4b.jpg?s=72&d=https%3A%2F%2Fa.slack-edge.com%2Fdf10d%2Fimg%2Favatars%2Fava_0001-72.png",
            "first_name": "",
            "real_name": "Sandeep",
            "display_name": "Sandeep",
            "team": "TC0C1HURK",
            "name": "sandeepravi.bits",
            "is_restricted": false,
            "is_ultra_restricted": false
        },
        "blocks": [
            {
                "type": "rich_text",
                "block_id": "HO=\/",
                "elements": [
                    {
                        "type": "rich_text_section",
                        "elements": [
                            {
                                "type": "text",
                                "text": "hello! I have a quick question regarding the chart interaction. Is there a way we can capture the click event on the chart and update other charts in a dashboard? Is there a way to do this ?"
                            }
                        ]
                    }
                ]
            }
        ],
        "thread_ts": "1580207880.166800",
        "reply_count": 1,
        "reply_users_count": 1,
        "latest_reply": "1580230484.169600",
        "reply_users": [
            "UC19HAUAK"
        ],
        "replies": [
            {
                "user": "UC19HAUAK",
                "ts": "1580230484.169600"
            }
        ],
        "subscribed": false
    },
    {
        "type": "message",
        "subtype": "channel_join",
        "ts": "1580221108.167000",
        "user": "USVR636R1",
        "text": "<@USVR636R1> has joined the channel"
    },
    {
        "client_msg_id": "FFED44C3-5C6C-4AAE-86FF-08413CE3B524",
        "type": "message",
        "text": "Hey <@USVCEA96F> ! Last 24 hours is supported. What version of cube.js do you use?",
        "user": "UC19HAUAK",
        "ts": "1580230438.168300",
        "team": "TC0C1HURK",
        "user_team": "TC0C1HURK",
        "source_team": "TC0C1HURK",
        "user_profile": {
            "avatar_hash": "066a042e018c",
            "image_72": "https:\/\/avatars.slack-edge.com\/2019-12-07\/866588520998_066a042e018ca831a195_72.png",
            "first_name": "Pavel",
            "real_name": "Pavel Tiunov",
            "display_name": "pavel",
            "team": "TC0C1HURK",
            "name": "pavel",
            "is_restricted": false,
            "is_ultra_restricted": false
        },
        "blocks": [
            {
                "type": "rich_text",
                "block_id": "wm09W",
                "elements": [
                    {
                        "type": "rich_text_section",
                        "elements": [
                            {
                                "type": "text",
                                "text": "Hey "
                            },
                            {
                                "type": "user",
                                "user_id": "USVCEA96F"
                            },
                            {
                                "type": "text",
                                "text": " ! Last 24 hours is supported. What version of cube.js do you use?"
                            }
                        ]
                    }
                ]
            }
        ],
        "thread_ts": "1580200363.166700",
        "parent_user_id": "USVCEA96F"
    },
    {
        "client_msg_id": "CEF516E0-CD9D-4DC5-BB28-D8702A9E1BCA",
        "type": "message",
        "text": "Hey <@UM3QHLT71> ! Certainly. Most of charting libraries support it. Please refer to your charting library doc.",
        "user": "UC19HAUAK",
        "ts": "1580230484.169600",
        "team": "TC0C1HURK",
        "user_team": "TC0C1HURK",
        "source_team": "TC0C1HURK",
        "user_profile": {
            "avatar_hash": "066a042e018c",
            "image_72": "https:\/\/avatars.slack-edge.com\/2019-12-07\/866588520998_066a042e018ca831a195_72.png",
            "first_name": "Pavel",
            "real_name": "Pavel Tiunov",
            "display_name": "pavel",
            "team": "TC0C1HURK",
            "name": "pavel",
            "is_restricted": false,
            "is_ultra_restricted": false
        },
        "blocks": [
            {
                "type": "rich_text",
                "block_id": "3Vtw",
                "elements": [
                    {
                        "type": "rich_text_section",
                        "elements": [
                            {
                                "type": "text",
                                "text": "Hey "
                            },
                            {
                                "type": "user",
                                "user_id": "UM3QHLT71"
                            },
                            {
                                "type": "text",
                                "text": " ! Certainly. Most of charting libraries support it. Please refer to your charting library doc."
                            }
                        ]
                    }
                ]
            }
        ],
        "thread_ts": "1580207880.166800",
        "parent_user_id": "UM3QHLT71"
    },
    {
        "client_msg_id": "22685e26-f37d-42ca-9b5c-c3cf30664640",
        "type": "message",
        "text": "Hello guys, I am integrating cube.js with our existing application where front-end is in knockout js.\nI am posting this question again as I need a best way to transform cubejs api response to chart js input data. As cube js supports various dynamic options, It is bit difficult to do it manually. Has anyone done this kind of transformation?",
        "user": "USYDGGPEZ",
        "ts": "1580256050.170000",
        "team": "TC0C1HURK",
        "user_team": "TC0C1HURK",
        "source_team": "TC0C1HURK",
        "user_profile": {
            "avatar_hash": "g6174a480e95",
            "image_72": "https:\/\/secure.gravatar.com\/avatar\/6174a480e953022b3b0a431046fa9a11.jpg?s=72&d=https%3A%2F%2Fa.slack-edge.com%2Fdf10d%2Fimg%2Favatars%2Fava_0023-72.png",
            "first_name": "",
            "real_name": "Abhishek Prajapati",
            "display_name": "Abhishek Prajapati",
            "team": "TC0C1HURK",
            "name": "abhishek192",
            "is_restricted": false,
            "is_ultra_restricted": false
        },
        "blocks": [
            {
                "type": "rich_text",
                "block_id": "16U",
                "elements": [
                    {
                        "type": "rich_text_section",
                        "elements": [
                            {
                                "type": "text",
                                "text": "Hello guys, I am integrating cube.js with our existing application where front-end is in knockout js.\nI am posting this question again as I need a best way to transform cubejs api response to chart js input data. As cube js supports various dynamic options, It is bit difficult to do it manually. Has anyone done this kind of transformation?"
                            }
                        ]
                    }
                ]
            }
        ],
        "thread_ts": "1580256050.170000",
        "reply_count": 2,
        "reply_users_count": 2,
        "latest_reply": "1580345016.187400",
        "reply_users": [
            "UC19HAUAK",
            "USYDGGPEZ"
        ],
        "replies": [
            {
                "user": "UC19HAUAK",
                "ts": "1580277296.170100"
            },
            {
                "user": "USYDGGPEZ",
                "ts": "1580345016.187400"
            }
        ],
        "subscribed": false
    },
    {
        "client_msg_id": "356941e6-7b66-4bd4-8803-91f8fa8326f0",
        "type": "message",
        "text": "Hey <@USYDGGPEZ>! Please find vanilla JS example here: <https:\/\/codesandbox.io\/s\/chartjs-dynamic-data-example-yebll?from-embed>",
        "user": "UC19HAUAK",
        "ts": "1580277296.170100",
        "team": "TC0C1HURK",
        "user_team": "TC0C1HURK",
        "source_team": "TC0C1HURK",
        "user_profile": {
            "avatar_hash": "066a042e018c",
            "image_72": "https:\/\/avatars.slack-edge.com\/2019-12-07\/866588520998_066a042e018ca831a195_72.png",
            "first_name": "Pavel",
            "real_name": "Pavel Tiunov",
            "display_name": "pavel",
            "team": "TC0C1HURK",
            "name": "pavel",
            "is_restricted": false,
            "is_ultra_restricted": false
        },
        "attachments": [
            {
                "service_name": "CodeSandbox",
                "title": "Chart.js Dynamic Data Example - CodeSandbox",
                "title_link": "https:\/\/codesandbox.io\/s\/chartjs-dynamic-data-example-yebll?from-embed",
                "text": "Chart.js Dynamic Data Example by keydunov using @cubejs-client\/core",
                "fallback": "CodeSandbox: Chart.js Dynamic Data Example - CodeSandbox",
                "image_url": "https:\/\/codesandbox.io\/api\/v1\/sandboxes\/yebll\/screenshot.png",
                "image_width": 476,
                "image_height": 250,
                "ts": 1569311341,
                "from_url": "https:\/\/codesandbox.io\/s\/chartjs-dynamic-data-example-yebll?from-embed",
                "image_bytes": 46070,
                "service_icon": "https:\/\/codesandbox.io\/favicon.ico",
                "id": 1,
                "original_url": "https:\/\/codesandbox.io\/s\/chartjs-dynamic-data-example-yebll?from-embed"
            }
        ],
        "blocks": [
            {
                "type": "rich_text",
                "block_id": "zjZ",
                "elements": [
                    {
                        "type": "rich_text_section",
                        "elements": [
                            {
                                "type": "text",
                                "text": "Hey "
                            },
                            {
                                "type": "user",
                                "user_id": "USYDGGPEZ"
                            },
                            {
                                "type": "text",
                                "text": "! Please find vanilla JS example here: "
                            },
                            {
                                "type": "link",
                                "url": "https:\/\/codesandbox.io\/s\/chartjs-dynamic-data-example-yebll?from-embed"
                            }
                        ]
                    }
                ]
            }
        ],
        "thread_ts": "1580256050.170000",
        "parent_user_id": "USYDGGPEZ"
    },
    {
        "client_msg_id": "8ffed7ef-46ce-457f-920d-4a57e396c310",
        "type": "message",
        "text": "<@UNE1YNPDW> It isn't reliable solution. I believe better to provide PR where this option is configurable.",
        "user": "UC19HAUAK",
        "ts": "1580277865.170400",
        "team": "TC0C1HURK",
        "user_team": "TC0C1HURK",
        "source_team": "TC0C1HURK",
        "user_profile": {
            "avatar_hash": "066a042e018c",
            "image_72": "https:\/\/avatars.slack-edge.com\/2019-12-07\/866588520998_066a042e018ca831a195_72.png",
            "first_name": "Pavel",
            "real_name": "Pavel Tiunov",
            "display_name": "pavel",
            "team": "TC0C1HURK",
            "name": "pavel",
            "is_restricted": false,
            "is_ultra_restricted": false
        },
        "edited": {
            "user": "UC19HAUAK",
            "ts": "1580277874.000000"
        },
        "blocks": [
            {
                "type": "rich_text",
                "block_id": "rQfR",
                "elements": [
                    {
                        "type": "rich_text_section",
                        "elements": [
                            {
                                "type": "user",
                                "user_id": "UNE1YNPDW"
                            },
                            {
                                "type": "text",
                                "text": " It isn't reliable solution. I believe better to provide PR where this option is configurable."
                            }
                        ]
                    }
                ]
            }
        ],
        "thread_ts": "1579788959.105900",
        "parent_user_id": "UNE1YNPDW"
    },
    {
        "client_msg_id": "f19d96c2-998a-4667-9b76-dd3a90cf7793",
        "type": "message",
        "text": "Frontend\n`@cubejs-client\/core` and `@cubejs-client\/react` are `0.10.61`\n\nThen in backend\n```\"@cubejs-backend\/postgres-driver\": \"0.11.18\",\n    \"@cubejs-backend\/server\": \"0.11.18\",\n    \"@cubejs-backend\/serverless\": \"^0.11.24\",\n    \"@cubejs-backend\/serverless-aws\": \"^0.11.24\",```",
        "user": "USVCEA96F",
        "ts": "1580278657.170900",
        "team": "TC0C1HURK",
        "user_team": "TC0C1HURK",
        "source_team": "TC0C1HURK",
        "user_profile": {
            "avatar_hash": "4937c714c843",
            "image_72": "https:\/\/avatars.slack-edge.com\/2020-01-29\/926690519808_4937c714c84306ede884_72.jpg",
            "first_name": "Janne",
            "real_name": "Janne Saarela",
            "display_name": "janne",
            "team": "TC0C1HURK",
            "name": "janne",
            "is_restricted": false,
            "is_ultra_restricted": false
        },
        "blocks": [
            {
                "type": "rich_text",
                "block_id": "UQci",
                "elements": [
                    {
                        "type": "rich_text_section",
                        "elements": [
                            {
                                "type": "text",
                                "text": "Frontend\n"
                            },
                            {
                                "type": "text",
                                "text": "@cubejs-client\/core",
                                "style": {
                                    "code": true
                                }
                            },
                            {
                                "type": "text",
                                "text": " and "
                            },
                            {
                                "type": "text",
                                "text": "@cubejs-client\/react",
                                "style": {
                                    "code": true
                                }
                            },
                            {
                                "type": "text",
                                "text": " are "
                            },
                            {
                                "type": "text",
                                "text": "0.10.61",
                                "style": {
                                    "code": true
                                }
                            },
                            {
                                "type": "text",
                                "text": "\n\nThen in backend\n"
                            }
                        ]
                    },
                    {
                        "type": "rich_text_preformatted",
                        "elements": [
                            {
                                "type": "text",
                                "text": "\"@cubejs-backend\/postgres-driver\": \"0.11.18\",\n    \"@cubejs-backend\/server\": \"0.11.18\",\n    \"@cubejs-backend\/serverless\": \"^0.11.24\",\n    \"@cubejs-backend\/serverless-aws\": \"^0.11.24\","
                            }
                        ]
                    }
                ]
            }
        ],
        "thread_ts": "1580200363.166700",
        "parent_user_id": "USVCEA96F"
    },
    {
        "client_msg_id": "e5c78874-deea-47d7-8847-18f85ea6d5f3",
        "type": "message",
        "text": "<@USVCEA96F> Yep. Those are old versions for backend. You should upgrade to the latest one in order to make it work.",
        "user": "UC19HAUAK",
        "ts": "1580278964.171100",
        "team": "TC0C1HURK",
        "user_team": "TC0C1HURK",
        "source_team": "TC0C1HURK",
        "user_profile": {
            "avatar_hash": "066a042e018c",
            "image_72": "https:\/\/avatars.slack-edge.com\/2019-12-07\/866588520998_066a042e018ca831a195_72.png",
            "first_name": "Pavel",
            "real_name": "Pavel Tiunov",
            "display_name": "pavel",
            "team": "TC0C1HURK",
            "name": "pavel",
            "is_restricted": false,
            "is_ultra_restricted": false
        },
        "blocks": [
            {
                "type": "rich_text",
                "block_id": "AJj",
                "elements": [
                    {
                        "type": "rich_text_section",
                        "elements": [
                            {
                                "type": "user",
                                "user_id": "USVCEA96F"
                            },
                            {
                                "type": "text",
                                "text": " Yep. Those are old versions for backend. You should upgrade to the latest one in order to make it work."
                            }
                        ]
                    }
                ]
            }
        ],
        "thread_ts": "1580200363.166700",
        "parent_user_id": "USVCEA96F"
    },
    {
        "client_msg_id": "cccfa13a-05a7-453c-9559-584152045330",
        "type": "message",
        "text": "okay, thanks :+1:",
        "user": "USVCEA96F",
        "ts": "1580279004.171300",
        "team": "TC0C1HURK",
        "user_team": "TC0C1HURK",
        "source_team": "TC0C1HURK",
        "user_profile": {
            "avatar_hash": "4937c714c843",
            "image_72": "https:\/\/avatars.slack-edge.com\/2020-01-29\/926690519808_4937c714c84306ede884_72.jpg",
            "first_name": "Janne",
            "real_name": "Janne Saarela",
            "display_name": "janne",
            "team": "TC0C1HURK",
            "name": "janne",
            "is_restricted": false,
            "is_ultra_restricted": false
        },
        "blocks": [
            {
                "type": "rich_text",
                "block_id": "T2bK",
                "elements": [
                    {
                        "type": "rich_text_section",
                        "elements": [
                            {
                                "type": "text",
                                "text": "okay, thanks "
                            },
                            {
                                "type": "emoji",
                                "name": "+1"
                            }
                        ]
                    }
                ]
            }
        ],
        "thread_ts": "1580200363.166700",
        "parent_user_id": "USVCEA96F",
        "reactions": [
            {
                "name": "raised_hands",
                "users": [
                    "UC19HAUAK"
                ],
                "count": 1
            }
        ]
    },
    {
        "client_msg_id": "fcd77383-b276-4e75-9c20-e0561db55a99",
        "type": "message",
        "text": "<@UC19HAUAK> hmm it still seems to return data for \"current day\". Is this dateRange correct? `dateRange: \"from 1 days ago to now\"`",
        "user": "USVCEA96F",
        "ts": "1580280256.171600",
        "team": "TC0C1HURK",
        "user_team": "TC0C1HURK",
        "source_team": "TC0C1HURK",
        "user_profile": {
            "avatar_hash": "4937c714c843",
            "image_72": "https:\/\/avatars.slack-edge.com\/2020-01-29\/926690519808_4937c714c84306ede884_72.jpg",
            "first_name": "Janne",
            "real_name": "Janne Saarela",
            "display_name": "janne",
            "team": "TC0C1HURK",
            "name": "janne",
            "is_restricted": false,
            "is_ultra_restricted": false
        },
        "blocks": [
            {
                "type": "rich_text",
                "block_id": "ur3Ld",
                "elements": [
                    {
                        "type": "rich_text_section",
                        "elements": [
                            {
                                "type": "user",
                                "user_id": "UC19HAUAK"
                            },
                            {
                                "type": "text",
                                "text": " hmm it still seems to return data for \"current day\". Is this dateRange correct? "
                            },
                            {
                                "type": "text",
                                "text": "dateRange: \"from 1 days ago to now\"",
                                "style": {
                                    "code": true
                                }
                            }
                        ]
                    }
                ]
            }
        ],
        "thread_ts": "1580200363.166700",
        "parent_user_id": "USVCEA96F"
    },
    {
        "client_msg_id": "20563789-8030-4df5-8f2b-be8371c8294e",
        "type": "message",
        "text": "the whole query is\n```{\"limit\":10000,\"measures\":[\"XXX.count\"],\"timeDimensions\":[{\"dimension\":\"XXX.createdat\",\"granularity\":\"hour\",\"dateRange\":\"from 1 days ago to now\"}]}```",
        "user": "USVCEA96F",
        "ts": "1580280423.171800",
        "team": "TC0C1HURK",
        "user_team": "TC0C1HURK",
        "source_team": "TC0C1HURK",
        "user_profile": {
            "avatar_hash": "4937c714c843",
            "image_72": "https:\/\/avatars.slack-edge.com\/2020-01-29\/926690519808_4937c714c84306ede884_72.jpg",
            "first_name": "Janne",
            "real_name": "Janne Saarela",
            "display_name": "janne",
            "team": "TC0C1HURK",
            "name": "janne",
            "is_restricted": false,
            "is_ultra_restricted": false
        },
        "blocks": [
            {
                "type": "rich_text",
                "block_id": "tiA",
                "elements": [
                    {
                        "type": "rich_text_section",
                        "elements": [
                            {
                                "type": "text",
                                "text": "the whole query is\n"
                            }
                        ]
                    },
                    {
                        "type": "rich_text_preformatted",
                        "elements": [
                            {
                                "type": "text",
                                "text": "{\"limit\":10000,\"measures\":[\"XXX.count\"],\"timeDimensions\":[{\"dimension\":\"XXX.createdat\",\"granularity\":\"hour\",\"dateRange\":\"from 1 days ago to now\"}]}"
                            }
                        ]
                    }
                ]
            }
        ],
        "thread_ts": "1580200363.166700",
        "parent_user_id": "USVCEA96F"
    },
    {
        "type": "message",
        "subtype": "channel_join",
        "ts": "1580280580.172100",
        "user": "UT8LVB07J",
        "text": "<@UT8LVB07J> has joined the channel"
    },
    {
        "client_msg_id": "d802904e-f299-415c-a454-7eccd7a4ca6c",
        "type": "message",
        "text": "I also tried that `last 24 hours` but same result",
        "user": "USVCEA96F",
        "ts": "1580280625.172200",
        "team": "TC0C1HURK",
        "user_team": "TC0C1HURK",
        "source_team": "TC0C1HURK",
        "user_profile": {
            "avatar_hash": "4937c714c843",
            "image_72": "https:\/\/avatars.slack-edge.com\/2020-01-29\/926690519808_4937c714c84306ede884_72.jpg",
            "first_name": "Janne",
            "real_name": "Janne Saarela",
            "display_name": "janne",
            "team": "TC0C1HURK",
            "name": "janne",
            "is_restricted": false,
            "is_ultra_restricted": false
        },
        "blocks": [
            {
                "type": "rich_text",
                "block_id": "jwTfp",
                "elements": [
                    {
                        "type": "rich_text_section",
                        "elements": [
                            {
                                "type": "text",
                                "text": "I also tried that "
                            },
                            {
                                "type": "text",
                                "text": "last 24 hours",
                                "style": {
                                    "code": true
                                }
                            },
                            {
                                "type": "text",
                                "text": " but same result"
                            }
                        ]
                    }
                ]
            }
        ],
        "thread_ts": "1580200363.166700",
        "parent_user_id": "USVCEA96F"
    }
]