[
    {
        "type": "message",
        "subtype": "channel_join",
        "ts": "1583997437.196200",
        "user": "UV9C3NLUQ",
        "text": "<@UV9C3NLUQ> has joined the channel"
    },
    {
        "client_msg_id": "45dede4b-447d-46dd-8774-b93998203096",
        "type": "message",
        "text": "hi",
        "user": "UT267C0PL",
        "ts": "1584015326.196300",
        "team": "TC0C1HURK",
        "user_team": "TC0C1HURK",
        "source_team": "TC0C1HURK",
        "user_profile": {
            "avatar_hash": "gb4dcb9de59f",
            "image_72": "https:\/\/secure.gravatar.com\/avatar\/b4dcb9de59f7c1587f79c7692ec803bc.jpg?s=72&d=https%3A%2F%2Fa.slack-edge.com%2Fdf10d%2Fimg%2Favatars%2Fava_0022-72.png",
            "first_name": "",
            "real_name": "Madhu",
            "display_name": "Madhu",
            "team": "TC0C1HURK",
            "name": "madhusudhan.l",
            "is_restricted": false,
            "is_ultra_restricted": false
        },
        "blocks": [
            {
                "type": "rich_text",
                "block_id": "Qs\/f",
                "elements": [
                    {
                        "type": "rich_text_section",
                        "elements": [
                            {
                                "type": "text",
                                "text": "hi"
                            }
                        ]
                    }
                ]
            }
        ],
        "thread_ts": "1583132925.098000",
        "parent_user_id": "UT267C0PL"
    },
    {
        "type": "message",
        "subtype": "tombstone",
        "text": "This message was deleted.",
        "user": "USLACKBOT",
        "hidden": true,
        "ts": "1584015888.200300",
        "thread_ts": "1584015888.200300",
        "reply_count": 1,
        "reply_users_count": 1,
        "latest_reply": "1584032714.213000",
        "reply_users": [
            "UC19HAUAK"
        ],
        "replies": [
            {
                "user": "UC19HAUAK",
                "ts": "1584032714.213000"
            }
        ],
        "subscribed": false
    },
    {
        "client_msg_id": "f2049276-ad3f-4240-a671-b1e62fd2b2b6",
        "type": "message",
        "text": "Hello!",
        "user": "UQGF0N4FM",
        "ts": "1584022402.200700",
        "team": "TC0C1HURK",
        "user_team": "TC0C1HURK",
        "source_team": "TC0C1HURK",
        "user_profile": {
            "avatar_hash": "gd93d5cb3986",
            "image_72": "https:\/\/secure.gravatar.com\/avatar\/d93d5cb39864821e725b066eab825e6a.jpg?s=72&d=https%3A%2F%2Fa.slack-edge.com%2Fdf10d%2Fimg%2Favatars%2Fava_0014-72.png",
            "first_name": "Vicente",
            "real_name": "Vicente Fuenzalida Marin",
            "display_name": "vicente",
            "team": "TC0C1HURK",
            "name": "vicente",
            "is_restricted": false,
            "is_ultra_restricted": false
        },
        "blocks": [
            {
                "type": "rich_text",
                "block_id": "HG6iX",
                "elements": [
                    {
                        "type": "rich_text_section",
                        "elements": [
                            {
                                "type": "text",
                                "text": "Hello!"
                            }
                        ]
                    }
                ]
            }
        ]
    },
    {
        "client_msg_id": "cf64bafd-5bda-48b7-bf76-5f5269362d02",
        "type": "message",
        "text": "If I'm using the \"avg\" measure type, is there a way to get cube.js to round the result?\n\nI'm trying to compute the NPS score for a bunch of survey results - users submit a score from 1-10, 9 and 10 are \"promoters\", 7-8 are \"neutral\", and everyone else is a \"detractor\".   The NPS score is usually calculated as \"(promoters - detractors) \/ count * 100\", which gives you a final score from -100 to +100.  So, I'm doing this with:\n\n```        npsScore: {\n            type: `avg`,\n            sql: `case ${nps_type} when 'detractor' then -100 when 'promoter' then 100 else 0 end`,\n        }```\nwhich works well enough, except all my scores end up being \"96.77419354...\" and it'd be nicer if it was just \"97\".  :stuck_out_tongue:",
        "user": "UUQKEFF38",
        "ts": "1584023300.204800",
        "team": "TC0C1HURK",
        "user_team": "TC0C1HURK",
        "source_team": "TC0C1HURK",
        "user_profile": {
            "avatar_hash": "4702b2313766",
            "image_72": "https:\/\/avatars.slack-edge.com\/2020-03-02\/977636791508_4702b2313766ac7f62ad_72.jpg",
            "first_name": "",
            "real_name": "Jason Walton",
            "display_name": "Jason Walton",
            "team": "TC0C1HURK",
            "name": "dev481",
            "is_restricted": false,
            "is_ultra_restricted": false
        },
        "edited": {
            "user": "UUQKEFF38",
            "ts": "1584023435.000000"
        },
        "blocks": [
            {
                "type": "rich_text",
                "block_id": "3\/eO",
                "elements": [
                    {
                        "type": "rich_text_section",
                        "elements": [
                            {
                                "type": "text",
                                "text": "If I'm using the \"avg\" measure type, is there a way to get cube.js to round the result?\n\nI'm trying to compute the NPS score for a bunch of survey results - users submit a score from 1-10, 9 and 10 are \"promoters\", 7-8 are \"neutral\", and everyone else is a \"detractor\".   The NPS score is usually calculated as \"(promoters - detractors) \/ count * 100\", which gives you a final score from -100 to +100.  So, I'm doing this with:\n\n"
                            }
                        ]
                    },
                    {
                        "type": "rich_text_preformatted",
                        "elements": [
                            {
                                "type": "text",
                                "text": "        npsScore: {\n            type: `avg`,\n            sql: `case ${nps_type} when 'detractor' then -100 when 'promoter' then 100 else 0 end`,\n        }"
                            }
                        ]
                    },
                    {
                        "type": "rich_text_section",
                        "elements": [
                            {
                                "type": "text",
                                "text": "\nwhich works well enough, except all my scores end up being \"96.77419354...\" and it'd be nicer if it was just \"97\".  "
                            },
                            {
                                "type": "emoji",
                                "name": "stuck_out_tongue"
                            }
                        ]
                    }
                ]
            }
        ],
        "thread_ts": "1584023300.204800",
        "reply_count": 6,
        "reply_users_count": 2,
        "latest_reply": "1584045529.233000",
        "reply_users": [
            "UC19HAUAK",
            "UUQKEFF38"
        ],
        "replies": [
            {
                "user": "UC19HAUAK",
                "ts": "1584032629.212800"
            },
            {
                "user": "UUQKEFF38",
                "ts": "1584039280.218000"
            },
            {
                "user": "UUQKEFF38",
                "ts": "1584045231.232400"
            },
            {
                "user": "UUQKEFF38",
                "ts": "1584045432.232600"
            },
            {
                "user": "UUQKEFF38",
                "ts": "1584045488.232800"
            },
            {
                "user": "UUQKEFF38",
                "ts": "1584045529.233000"
            }
        ],
        "subscribed": false
    },
    {
        "client_msg_id": "e68b97c9-ca96-4e36-8587-a40afd3a7dd2",
        "type": "message",
        "text": "I have a measure of type `max` that gets the most recent date for something. My issue is that I use the `type`  field in my frontend for parsing purposes, but in this case the date is being labeled as a `number` instead of a date. Is there any workaround to mantain the `time`  type??",
        "user": "UQGF0N4FM",
        "ts": "1584023683.206600",
        "team": "TC0C1HURK",
        "user_team": "TC0C1HURK",
        "source_team": "TC0C1HURK",
        "user_profile": {
            "avatar_hash": "gd93d5cb3986",
            "image_72": "https:\/\/secure.gravatar.com\/avatar\/d93d5cb39864821e725b066eab825e6a.jpg?s=72&d=https%3A%2F%2Fa.slack-edge.com%2Fdf10d%2Fimg%2Favatars%2Fava_0014-72.png",
            "first_name": "Vicente",
            "real_name": "Vicente Fuenzalida Marin",
            "display_name": "vicente",
            "team": "TC0C1HURK",
            "name": "vicente",
            "is_restricted": false,
            "is_ultra_restricted": false
        },
        "blocks": [
            {
                "type": "rich_text",
                "block_id": "7ZD",
                "elements": [
                    {
                        "type": "rich_text_section",
                        "elements": [
                            {
                                "type": "text",
                                "text": "I have a measure of type "
                            },
                            {
                                "type": "text",
                                "text": "max",
                                "style": {
                                    "code": true
                                }
                            },
                            {
                                "type": "text",
                                "text": " that gets the most recent date for something. My issue is that I use the "
                            },
                            {
                                "type": "text",
                                "text": "type",
                                "style": {
                                    "code": true
                                }
                            },
                            {
                                "type": "text",
                                "text": "  field in my frontend for parsing purposes, but in this case the date is being labeled as a "
                            },
                            {
                                "type": "text",
                                "text": "number",
                                "style": {
                                    "code": true
                                }
                            },
                            {
                                "type": "text",
                                "text": " instead of a date. Is there any workaround to mantain the "
                            },
                            {
                                "type": "text",
                                "text": "time",
                                "style": {
                                    "code": true
                                }
                            },
                            {
                                "type": "text",
                                "text": "  type??"
                            }
                        ]
                    }
                ]
            }
        ]
    },
    {
        "client_msg_id": "f757d660-8776-4f0d-be06-f57f3e2eae05",
        "type": "message",
        "text": "```    lastOrder: {\n      sql: `${CUBE}.orderdt`,\n      title: `Last Order Data`,\n      type: `max`\n    }```",
        "user": "UQGF0N4FM",
        "ts": "1584023705.206900",
        "team": "TC0C1HURK",
        "user_team": "TC0C1HURK",
        "source_team": "TC0C1HURK",
        "user_profile": {
            "avatar_hash": "gd93d5cb3986",
            "image_72": "https:\/\/secure.gravatar.com\/avatar\/d93d5cb39864821e725b066eab825e6a.jpg?s=72&d=https%3A%2F%2Fa.slack-edge.com%2Fdf10d%2Fimg%2Favatars%2Fava_0014-72.png",
            "first_name": "Vicente",
            "real_name": "Vicente Fuenzalida Marin",
            "display_name": "vicente",
            "team": "TC0C1HURK",
            "name": "vicente",
            "is_restricted": false,
            "is_ultra_restricted": false
        },
        "blocks": [
            {
                "type": "rich_text",
                "block_id": "tsKg9",
                "elements": [
                    {
                        "type": "rich_text_preformatted",
                        "elements": [
                            {
                                "type": "text",
                                "text": "    lastOrder: {\n      sql: `${CUBE}.orderdt`,\n      title: `Last Order Data`,\n      type: `max`\n    }"
                            }
                        ]
                    }
                ]
            }
        ],
        "thread_ts": "1584023705.206900",
        "reply_count": 10,
        "reply_users_count": 2,
        "latest_reply": "1584037030.217500",
        "reply_users": [
            "UC19HAUAK",
            "UQGF0N4FM"
        ],
        "replies": [
            {
                "user": "UC19HAUAK",
                "ts": "1584031747.212400"
            },
            {
                "user": "UQGF0N4FM",
                "ts": "1584033041.213300"
            },
            {
                "user": "UC19HAUAK",
                "ts": "1584033560.213700"
            },
            {
                "user": "UQGF0N4FM",
                "ts": "1584033611.213900"
            },
            {
                "user": "UC19HAUAK",
                "ts": "1584033847.214200"
            },
            {
                "user": "UQGF0N4FM",
                "ts": "1584036284.216500"
            },
            {
                "user": "UQGF0N4FM",
                "ts": "1584036302.216700"
            },
            {
                "user": "UC19HAUAK",
                "ts": "1584036874.217100"
            },
            {
                "user": "UQGF0N4FM",
                "ts": "1584037023.217300"
            },
            {
                "user": "UQGF0N4FM",
                "ts": "1584037030.217500"
            }
        ],
        "subscribed": false
    },
    {
        "client_msg_id": "4b2c9b3c-6917-463f-90eb-b8dd8716024b",
        "type": "message",
        "text": "I`ve tried this:\n```    maxOrder: {\n      sql: `${CUBE}.orderdt`,\n      type: `max`\n    },\n\n    lastOrder: {\n      sql: `${CUBE.maxOrder}`,\n      type: `time`\n    },```",
        "user": "UQGF0N4FM",
        "ts": "1584023737.207200",
        "team": "TC0C1HURK",
        "user_team": "TC0C1HURK",
        "source_team": "TC0C1HURK",
        "user_profile": {
            "avatar_hash": "gd93d5cb3986",
            "image_72": "https:\/\/secure.gravatar.com\/avatar\/d93d5cb39864821e725b066eab825e6a.jpg?s=72&d=https%3A%2F%2Fa.slack-edge.com%2Fdf10d%2Fimg%2Favatars%2Fava_0014-72.png",
            "first_name": "Vicente",
            "real_name": "Vicente Fuenzalida Marin",
            "display_name": "vicente",
            "team": "TC0C1HURK",
            "name": "vicente",
            "is_restricted": false,
            "is_ultra_restricted": false
        },
        "blocks": [
            {
                "type": "rich_text",
                "block_id": "m+VB",
                "elements": [
                    {
                        "type": "rich_text_section",
                        "elements": [
                            {
                                "type": "text",
                                "text": "I`ve tried this:\n"
                            }
                        ]
                    },
                    {
                        "type": "rich_text_preformatted",
                        "elements": [
                            {
                                "type": "text",
                                "text": "    maxOrder: {\n      sql: `${CUBE}.orderdt`,\n      type: `max`\n    },\n\n    lastOrder: {\n      sql: `${CUBE.maxOrder}`,\n      type: `time`\n    },"
                            }
                        ]
                    }
                ]
            }
        ]
    },
    {
        "client_msg_id": "8d7b3a5b-c941-486c-8ec1-bab0f0742b09",
        "type": "message",
        "text": "and this:\n\n```    lastOrder: {\n      sql: `MAX(${CUBE}.orderdt)`,\n      title: `Fecha Última Orden`,\n      type: `time`\n    },```",
        "user": "UQGF0N4FM",
        "ts": "1584023761.207500",
        "team": "TC0C1HURK",
        "user_team": "TC0C1HURK",
        "source_team": "TC0C1HURK",
        "user_profile": {
            "avatar_hash": "gd93d5cb3986",
            "image_72": "https:\/\/secure.gravatar.com\/avatar\/d93d5cb39864821e725b066eab825e6a.jpg?s=72&d=https%3A%2F%2Fa.slack-edge.com%2Fdf10d%2Fimg%2Favatars%2Fava_0014-72.png",
            "first_name": "Vicente",
            "real_name": "Vicente Fuenzalida Marin",
            "display_name": "vicente",
            "team": "TC0C1HURK",
            "name": "vicente",
            "is_restricted": false,
            "is_ultra_restricted": false
        },
        "blocks": [
            {
                "type": "rich_text",
                "block_id": "M5K",
                "elements": [
                    {
                        "type": "rich_text_section",
                        "elements": [
                            {
                                "type": "text",
                                "text": "and this:\n\n"
                            }
                        ]
                    },
                    {
                        "type": "rich_text_preformatted",
                        "elements": [
                            {
                                "type": "text",
                                "text": "    lastOrder: {\n      sql: `MAX(${CUBE}.orderdt)`,\n      title: `Fecha Última Orden`,\n      type: `time`\n    },"
                            }
                        ]
                    }
                ]
            }
        ]
    },
    {
        "client_msg_id": "615c8cb7-907f-423a-989a-86293e70e18d",
        "type": "message",
        "text": "but apparently measures cant have types other than number, max, min, etc (other operators)",
        "user": "UQGF0N4FM",
        "ts": "1584023788.208100",
        "team": "TC0C1HURK",
        "user_team": "TC0C1HURK",
        "source_team": "TC0C1HURK",
        "user_profile": {
            "avatar_hash": "gd93d5cb3986",
            "image_72": "https:\/\/secure.gravatar.com\/avatar\/d93d5cb39864821e725b066eab825e6a.jpg?s=72&d=https%3A%2F%2Fa.slack-edge.com%2Fdf10d%2Fimg%2Favatars%2Fava_0014-72.png",
            "first_name": "Vicente",
            "real_name": "Vicente Fuenzalida Marin",
            "display_name": "vicente",
            "team": "TC0C1HURK",
            "name": "vicente",
            "is_restricted": false,
            "is_ultra_restricted": false
        },
        "blocks": [
            {
                "type": "rich_text",
                "block_id": "d6Z29",
                "elements": [
                    {
                        "type": "rich_text_section",
                        "elements": [
                            {
                                "type": "text",
                                "text": "but apparently measures cant have types other than number, max, min, etc (other operators)"
                            }
                        ]
                    }
                ]
            }
        ]
    },
    {
        "client_msg_id": "209499b3-447a-49ee-b7aa-9eb603ed0b3b",
        "type": "message",
        "text": "<@UC19HAUAK> help me out please :pray:",
        "user": "UQGF0N4FM",
        "ts": "1584023806.208500",
        "team": "TC0C1HURK",
        "user_team": "TC0C1HURK",
        "source_team": "TC0C1HURK",
        "user_profile": {
            "avatar_hash": "gd93d5cb3986",
            "image_72": "https:\/\/secure.gravatar.com\/avatar\/d93d5cb39864821e725b066eab825e6a.jpg?s=72&d=https%3A%2F%2Fa.slack-edge.com%2Fdf10d%2Fimg%2Favatars%2Fava_0014-72.png",
            "first_name": "Vicente",
            "real_name": "Vicente Fuenzalida Marin",
            "display_name": "vicente",
            "team": "TC0C1HURK",
            "name": "vicente",
            "is_restricted": false,
            "is_ultra_restricted": false
        },
        "blocks": [
            {
                "type": "rich_text",
                "block_id": "neX",
                "elements": [
                    {
                        "type": "rich_text_section",
                        "elements": [
                            {
                                "type": "user",
                                "user_id": "UC19HAUAK"
                            },
                            {
                                "type": "text",
                                "text": " help me out please "
                            },
                            {
                                "type": "emoji",
                                "name": "pray"
                            }
                        ]
                    }
                ]
            }
        ]
    },
    {
        "client_msg_id": "2ba1e5da-40b4-46dd-8eda-e7b7dbf73c39",
        "type": "message",
        "text": "Does CubeJS support rowlevel access to single database (multi-tenancy) ? So a dashboard connected to one database will be shared with multiple tenants and each tenant will only have access to their data\/record based on their tenantID. Use case for embedding dashboard in application.  If yes, how does it work in CubeJS ? Is it supported by default in the framework?",
        "user": "URG2GJK71",
        "ts": "1584027064.212000",
        "team": "TC0C1HURK",
        "user_team": "TC0C1HURK",
        "source_team": "TC0C1HURK",
        "user_profile": {
            "avatar_hash": "g532572ba5cb",
            "image_72": "https:\/\/secure.gravatar.com\/avatar\/532572ba5cb474d3c05f03a7ddf286fa.jpg?s=72&d=https%3A%2F%2Fa.slack-edge.com%2Fdf10d%2Fimg%2Favatars%2Fava_0006-72.png",
            "first_name": "",
            "real_name": "Birkoff",
            "display_name": "",
            "team": "TC0C1HURK",
            "name": "hayaza_slack",
            "is_restricted": false,
            "is_ultra_restricted": false
        },
        "blocks": [
            {
                "type": "rich_text",
                "block_id": "7lRX",
                "elements": [
                    {
                        "type": "rich_text_section",
                        "elements": [
                            {
                                "type": "text",
                                "text": "Does CubeJS support rowlevel access to single database (multi-tenancy) ? So a dashboard connected to one database will be shared with multiple tenants and each tenant will only have access to their data\/record based on their tenantID. Use case for embedding dashboard in application.  If yes, how does it work in CubeJS ? Is it supported by default in the framework?"
                            }
                        ]
                    }
                ]
            }
        ],
        "thread_ts": "1584027064.212000",
        "reply_count": 2,
        "reply_users_count": 2,
        "latest_reply": "1584089339.235200",
        "reply_users": [
            "UQV98J5M1",
            "URG2GJK71"
        ],
        "replies": [
            {
                "user": "UQV98J5M1",
                "ts": "1584027190.212100"
            },
            {
                "user": "URG2GJK71",
                "ts": "1584089339.235200"
            }
        ],
        "subscribed": false
    },
    {
        "client_msg_id": "d993e40d-6292-4953-825e-de4f385e7398",
        "type": "message",
        "text": "Yes, it is supported out of the box. See <https:\/\/cube.dev\/docs\/multitenancy-setup#same-db-instance-with-per-tenant-row-level-security>",
        "user": "UQV98J5M1",
        "ts": "1584027190.212100",
        "team": "TC0C1HURK",
        "user_team": "TC0C1HURK",
        "source_team": "TC0C1HURK",
        "user_profile": {
            "avatar_hash": "117613ce265a",
            "image_72": "https:\/\/avatars.slack-edge.com\/2019-12-05\/862064587488_117613ce265a35836f93_72.jpg",
            "first_name": "",
            "real_name": "Will Hausman",
            "display_name": "Will Hausman",
            "team": "TC0C1HURK",
            "name": "will.hausman",
            "is_restricted": false,
            "is_ultra_restricted": false
        },
        "edited": {
            "user": "UQV98J5M1",
            "ts": "1584027219.000000"
        },
        "blocks": [
            {
                "type": "rich_text",
                "block_id": "Z68",
                "elements": [
                    {
                        "type": "rich_text_section",
                        "elements": [
                            {
                                "type": "text",
                                "text": "Yes, it is supported out of the box. See "
                            },
                            {
                                "type": "link",
                                "url": "https:\/\/cube.dev\/docs\/multitenancy-setup#same-db-instance-with-per-tenant-row-level-security"
                            }
                        ]
                    }
                ]
            }
        ],
        "thread_ts": "1584027064.212000",
        "parent_user_id": "URG2GJK71"
    },
    {
        "client_msg_id": "2b035bc6-3adf-42cf-8cd9-befca98665e2",
        "type": "message",
        "text": "Hey <@UQGF0N4FM>! You can use sub query dimension with type `time` <https:\/\/cube.dev\/docs\/subquery#top>",
        "user": "UC19HAUAK",
        "ts": "1584031747.212400",
        "team": "TC0C1HURK",
        "user_team": "TC0C1HURK",
        "source_team": "TC0C1HURK",
        "user_profile": {
            "avatar_hash": "066a042e018c",
            "image_72": "https:\/\/avatars.slack-edge.com\/2019-12-07\/866588520998_066a042e018ca831a195_72.png",
            "first_name": "Pavel",
            "real_name": "Pavel Tiunov",
            "display_name": "pavel",
            "team": "TC0C1HURK",
            "name": "pavel",
            "is_restricted": false,
            "is_ultra_restricted": false
        },
        "blocks": [
            {
                "type": "rich_text",
                "block_id": "treo",
                "elements": [
                    {
                        "type": "rich_text_section",
                        "elements": [
                            {
                                "type": "text",
                                "text": "Hey "
                            },
                            {
                                "type": "user",
                                "user_id": "UQGF0N4FM"
                            },
                            {
                                "type": "text",
                                "text": "! You can use sub query dimension with type "
                            },
                            {
                                "type": "text",
                                "text": "time",
                                "style": {
                                    "code": true
                                }
                            },
                            {
                                "type": "text",
                                "text": " "
                            },
                            {
                                "type": "link",
                                "url": "https:\/\/cube.dev\/docs\/subquery#top"
                            }
                        ]
                    }
                ]
            }
        ],
        "thread_ts": "1584023705.206900",
        "parent_user_id": "UQGF0N4FM"
    },
    {
        "type": "message",
        "subtype": "channel_join",
        "ts": "1584032076.212700",
        "user": "UVCQPUX2A",
        "text": "<@UVCQPUX2A> has joined the channel"
    },
    {
        "client_msg_id": "84b66ec0-2fec-4fb5-a019-292d93b401f6",
        "type": "message",
        "text": "<@UUQKEFF38> Yep. You can do it like:\n```roundedNps: {\n  sql: `ROUND(${npsScore})`,\n  type: `number`\n}```",
        "user": "UC19HAUAK",
        "ts": "1584032629.212800",
        "team": "TC0C1HURK",
        "user_team": "TC0C1HURK",
        "source_team": "TC0C1HURK",
        "user_profile": {
            "avatar_hash": "066a042e018c",
            "image_72": "https:\/\/avatars.slack-edge.com\/2019-12-07\/866588520998_066a042e018ca831a195_72.png",
            "first_name": "Pavel",
            "real_name": "Pavel Tiunov",
            "display_name": "pavel",
            "team": "TC0C1HURK",
            "name": "pavel",
            "is_restricted": false,
            "is_ultra_restricted": false
        },
        "blocks": [
            {
                "type": "rich_text",
                "block_id": "92V",
                "elements": [
                    {
                        "type": "rich_text_section",
                        "elements": [
                            {
                                "type": "user",
                                "user_id": "UUQKEFF38"
                            },
                            {
                                "type": "text",
                                "text": " Yep. You can do it like:\n"
                            }
                        ]
                    },
                    {
                        "type": "rich_text_preformatted",
                        "elements": [
                            {
                                "type": "text",
                                "text": "roundedNps: {\n  sql: `ROUND(${npsScore})`,\n  type: `number`\n}"
                            }
                        ]
                    }
                ]
            }
        ],
        "thread_ts": "1584023300.204800",
        "parent_user_id": "UUQKEFF38",
        "reactions": [
            {
                "name": "+1",
                "users": [
                    "UUQKEFF38"
                ],
                "count": 1
            }
        ]
    },
    {
        "client_msg_id": "09d46733-ebc2-4d33-843a-c607895bedce",
        "type": "message",
        "text": "Hey <@UT267C0PL>! I believe question is how many cubes to create? Here's simillar conversation: <https:\/\/cube-js.slack.com\/archives\/CC0403RRR\/p1583204199111800?thread_ts=1583191791.111700>",
        "user": "UC19HAUAK",
        "ts": "1584032714.213000",
        "team": "TC0C1HURK",
        "user_team": "TC0C1HURK",
        "source_team": "TC0C1HURK",
        "user_profile": {
            "avatar_hash": "066a042e018c",
            "image_72": "https:\/\/avatars.slack-edge.com\/2019-12-07\/866588520998_066a042e018ca831a195_72.png",
            "first_name": "Pavel",
            "real_name": "Pavel Tiunov",
            "display_name": "pavel",
            "team": "TC0C1HURK",
            "name": "pavel",
            "is_restricted": false,
            "is_ultra_restricted": false
        },
        "attachments": [
            {
                "from_url": "https:\/\/cube-js.slack.com\/archives\/CC0403RRR\/p1583204199111800?thread_ts=1583191791.111700",
                "fallback": "[March 2nd, 2020 6:56 PM] pavel: Hey <@USVTNT16D>! It's a great question! In fact there's no right answer to it. It depends if some cube definitions can be reused or not and in simple case tables are mapped to cubes 1 to 1. As a rule of thumb more granular you define cube.js schema more leverage cube.js has to optimize queries and more flexibility you have to re-use your SQL definitions.",
                "ts": "1583204199.111800",
                "author_id": "UC19HAUAK",
                "author_subname": "Pavel Tiunov",
                "channel_id": "CC0403RRR",
                "channel_name": "general",
                "is_msg_unfurl": true,
                "is_reply_unfurl": true,
                "text": "Hey <@USVTNT16D>! It's a great question! In fact there's no right answer to it. It depends if some cube definitions can be reused or not and in simple case tables are mapped to cubes 1 to 1. As a rule of thumb more granular you define cube.js schema more leverage cube.js has to optimize queries and more flexibility you have to re-use your SQL definitions.",
                "author_name": "Pavel Tiunov",
                "author_link": "https:\/\/cube-js.slack.com\/team\/UC19HAUAK",
                "author_icon": "https:\/\/avatars.slack-edge.com\/2019-12-07\/866588520998_066a042e018ca831a195_48.png",
                "mrkdwn_in": [
                    "text"
                ],
                "id": 1,
                "original_url": "https:\/\/cube-js.slack.com\/archives\/CC0403RRR\/p1583204199111800?thread_ts=1583191791.111700",
                "footer": "From a thread in #general"
            }
        ],
        "blocks": [
            {
                "type": "rich_text",
                "block_id": "sX9w",
                "elements": [
                    {
                        "type": "rich_text_section",
                        "elements": [
                            {
                                "type": "text",
                                "text": "Hey "
                            },
                            {
                                "type": "user",
                                "user_id": "UT267C0PL"
                            },
                            {
                                "type": "text",
                                "text": "! I believe question is how many cubes to create? Here's simillar conversation: "
                            },
                            {
                                "type": "link",
                                "url": "https:\/\/cube-js.slack.com\/archives\/CC0403RRR\/p1583204199111800?thread_ts=1583191791.111700"
                            }
                        ]
                    }
                ]
            }
        ],
        "thread_ts": "1584015888.200300",
        "parent_user_id": "UT267C0PL"
    },
    {
        "client_msg_id": "a4e14f06-3bd3-40b9-a24f-e272a9e4f8df",
        "type": "message",
        "text": "Can I do it  within the same cube? like defining my measure as before (using max) and then, in the same cube, create a sub query dimension of type `time`",
        "user": "UQGF0N4FM",
        "ts": "1584033041.213300",
        "team": "TC0C1HURK",
        "user_team": "TC0C1HURK",
        "source_team": "TC0C1HURK",
        "user_profile": {
            "avatar_hash": "gd93d5cb3986",
            "image_72": "https:\/\/secure.gravatar.com\/avatar\/d93d5cb39864821e725b066eab825e6a.jpg?s=72&d=https%3A%2F%2Fa.slack-edge.com%2Fdf10d%2Fimg%2Favatars%2Fava_0014-72.png",
            "first_name": "Vicente",
            "real_name": "Vicente Fuenzalida Marin",
            "display_name": "vicente",
            "team": "TC0C1HURK",
            "name": "vicente",
            "is_restricted": false,
            "is_ultra_restricted": false
        },
        "blocks": [
            {
                "type": "rich_text",
                "block_id": "Jebym",
                "elements": [
                    {
                        "type": "rich_text_section",
                        "elements": [
                            {
                                "type": "text",
                                "text": "Can I do it  within the same cube? like defining my measure as before (using max) and then, in the same cube, create a sub query dimension of type "
                            },
                            {
                                "type": "text",
                                "text": "time",
                                "style": {
                                    "code": true
                                }
                            }
                        ]
                    }
                ]
            }
        ],
        "thread_ts": "1584023705.206900",
        "parent_user_id": "UQGF0N4FM"
    },
    {
        "type": "message",
        "subtype": "channel_join",
        "ts": "1584033451.213600",
        "user": "UVCSNTK4N",
        "text": "<@UVCSNTK4N> has joined the channel"
    },
    {
        "client_msg_id": "a9493087-91f2-4733-a30e-545142ab92b4",
        "type": "message",
        "text": "<@UQGF0N4FM> It depends on your objectives. Could you please share what chart do you want to build?",
        "user": "UC19HAUAK",
        "ts": "1584033560.213700",
        "team": "TC0C1HURK",
        "user_team": "TC0C1HURK",
        "source_team": "TC0C1HURK",
        "user_profile": {
            "avatar_hash": "066a042e018c",
            "image_72": "https:\/\/avatars.slack-edge.com\/2019-12-07\/866588520998_066a042e018ca831a195_72.png",
            "first_name": "Pavel",
            "real_name": "Pavel Tiunov",
            "display_name": "pavel",
            "team": "TC0C1HURK",
            "name": "pavel",
            "is_restricted": false,
            "is_ultra_restricted": false
        },
        "blocks": [
            {
                "type": "rich_text",
                "block_id": "zsT",
                "elements": [
                    {
                        "type": "rich_text_section",
                        "elements": [
                            {
                                "type": "user",
                                "user_id": "UQGF0N4FM"
                            },
                            {
                                "type": "text",
                                "text": " It depends on your objectives. Could you please share what chart do you want to build?"
                            }
                        ]
                    }
                ]
            }
        ],
        "thread_ts": "1584023705.206900",
        "parent_user_id": "UQGF0N4FM"
    },
    {
        "client_msg_id": "1b8091bc-2646-447c-bbe9-7df2ab1f4123",
        "type": "message",
        "text": "I simply want to display the last date (orderdt)\nbut for the moment im reading all the measures and dimensions, and casting to number the ones that have the number type",
        "user": "UQGF0N4FM",
        "ts": "1584033611.213900",
        "team": "TC0C1HURK",
        "user_team": "TC0C1HURK",
        "source_team": "TC0C1HURK",
        "user_profile": {
            "avatar_hash": "gd93d5cb3986",
            "image_72": "https:\/\/secure.gravatar.com\/avatar\/d93d5cb39864821e725b066eab825e6a.jpg?s=72&d=https%3A%2F%2Fa.slack-edge.com%2Fdf10d%2Fimg%2Favatars%2Fava_0014-72.png",
            "first_name": "Vicente",
            "real_name": "Vicente Fuenzalida Marin",
            "display_name": "vicente",
            "team": "TC0C1HURK",
            "name": "vicente",
            "is_restricted": false,
            "is_ultra_restricted": false
        },
        "edited": {
            "user": "UQGF0N4FM",
            "ts": "1584033636.000000"
        },
        "blocks": [
            {
                "type": "rich_text",
                "block_id": "rgFEl",
                "elements": [
                    {
                        "type": "rich_text_section",
                        "elements": [
                            {
                                "type": "text",
                                "text": "I simply want to display the last date (orderdt)\nbut for the moment im reading all the measures and dimensions, and casting to number the ones that have the number type"
                            }
                        ]
                    }
                ]
            }
        ],
        "thread_ts": "1584023705.206900",
        "parent_user_id": "UQGF0N4FM"
    },
    {
        "client_msg_id": "c580c8d2-2c19-461e-b7bb-af1aa3e9618d",
        "type": "message",
        "text": "<@UQGF0N4FM> I see. So do you experience issue on client side? I believe you are affected with this one: <https:\/\/github.com\/cube-js\/cube.js\/issues\/493>",
        "user": "UC19HAUAK",
        "ts": "1584033847.214200",
        "team": "TC0C1HURK",
        "user_team": "TC0C1HURK",
        "source_team": "TC0C1HURK",
        "user_profile": {
            "avatar_hash": "066a042e018c",
            "image_72": "https:\/\/avatars.slack-edge.com\/2019-12-07\/866588520998_066a042e018ca831a195_72.png",
            "first_name": "Pavel",
            "real_name": "Pavel Tiunov",
            "display_name": "pavel",
            "team": "TC0C1HURK",
            "name": "pavel",
            "is_restricted": false,
            "is_ultra_restricted": false
        },
        "attachments": [
            {
                "service_name": "GitHub",
                "title": "Max usage with dates · Issue #493 · cube-js\/cube.js",
                "title_link": "https:\/\/github.com\/cube-js\/cube.js\/issues\/493",
                "text": "Describe the bug When using the type: max in a measure over a date type field @cubejs-server\/core generates the correct response but treats the field as a number, so when @cubejs-client\/core parses...",
                "fallback": "GitHub: Max usage with dates · Issue #493 · cube-js\/cube.js",
                "from_url": "https:\/\/github.com\/cube-js\/cube.js\/issues\/493",
                "thumb_url": "https:\/\/repository-images.githubusercontent.com\/149026292\/33deb000-42b4-11ea-8f24-e112f465ddf1",
                "thumb_width": 658,
                "thumb_height": 250,
                "service_icon": "https:\/\/a.slack-edge.com\/80588\/img\/unfurl_icons\/github.png",
                "id": 1,
                "original_url": "https:\/\/github.com\/cube-js\/cube.js\/issues\/493"
            }
        ],
        "blocks": [
            {
                "type": "rich_text",
                "block_id": "u9fI",
                "elements": [
                    {
                        "type": "rich_text_section",
                        "elements": [
                            {
                                "type": "user",
                                "user_id": "UQGF0N4FM"
                            },
                            {
                                "type": "text",
                                "text": " I see. So do you experience issue on client side? I believe you are affected with this one: "
                            },
                            {
                                "type": "link",
                                "url": "https:\/\/github.com\/cube-js\/cube.js\/issues\/493"
                            }
                        ]
                    }
                ]
            }
        ],
        "thread_ts": "1584023705.206900",
        "parent_user_id": "UQGF0N4FM"
    },
    {
        "client_msg_id": "69d32139-4e92-42be-a659-fd21ae7768dd",
        "type": "message",
        "text": "Hello guys, where do the *contexts* should located ? Please answer, who knows.",
        "user": "UVCSNTK4N",
        "ts": "1584034941.216400",
        "team": "TC0C1HURK",
        "user_team": "TC0C1HURK",
        "source_team": "TC0C1HURK",
        "user_profile": {
            "avatar_hash": "3a03692cb374",
            "image_72": "https:\/\/avatars.slack-edge.com\/2020-03-12\/996771674880_3a03692cb3747cb18cc6_72.jpg",
            "first_name": "",
            "real_name": "Nikita Lukashev",
            "display_name": "Nikita Lukashev",
            "team": "TC0C1HURK",
            "name": "lnv161297",
            "is_restricted": false,
            "is_ultra_restricted": false
        },
        "blocks": [
            {
                "type": "rich_text",
                "block_id": "Ew26",
                "elements": [
                    {
                        "type": "rich_text_section",
                        "elements": [
                            {
                                "type": "text",
                                "text": "Hello guys, where do the "
                            },
                            {
                                "type": "text",
                                "text": "contexts",
                                "style": {
                                    "bold": true
                                }
                            },
                            {
                                "type": "text",
                                "text": " should located ? Please answer, who knows."
                            }
                        ]
                    }
                ]
            }
        ],
        "thread_ts": "1584034941.216400",
        "reply_count": 2,
        "reply_users_count": 2,
        "latest_reply": "1584037143.217700",
        "reply_users": [
            "UC19HAUAK",
            "UVCSNTK4N"
        ],
        "replies": [
            {
                "user": "UC19HAUAK",
                "ts": "1584036833.216900"
            },
            {
                "user": "UVCSNTK4N",
                "ts": "1584037143.217700"
            }
        ],
        "subscribed": false
    },
    {
        "client_msg_id": "dc2bc6e7-1b83-41fa-bf69-b6f74c4df53e",
        "type": "message",
        "text": "That’s exactly the problem! Thank you. Hope you can fix it soon :smile:",
        "user": "UQGF0N4FM",
        "ts": "1584036284.216500",
        "team": "TC0C1HURK",
        "user_team": "TC0C1HURK",
        "source_team": "TC0C1HURK",
        "user_profile": {
            "avatar_hash": "gd93d5cb3986",
            "image_72": "https:\/\/secure.gravatar.com\/avatar\/d93d5cb39864821e725b066eab825e6a.jpg?s=72&d=https%3A%2F%2Fa.slack-edge.com%2Fdf10d%2Fimg%2Favatars%2Fava_0014-72.png",
            "first_name": "Vicente",
            "real_name": "Vicente Fuenzalida Marin",
            "display_name": "vicente",
            "team": "TC0C1HURK",
            "name": "vicente",
            "is_restricted": false,
            "is_ultra_restricted": false
        },
        "blocks": [
            {
                "type": "rich_text",
                "block_id": "0r0f",
                "elements": [
                    {
                        "type": "rich_text_section",
                        "elements": [
                            {
                                "type": "text",
                                "text": "That’s exactly the problem! Thank you. Hope you can fix it soon "
                            },
                            {
                                "type": "emoji",
                                "name": "smile"
                            }
                        ]
                    }
                ]
            }
        ],
        "thread_ts": "1584023705.206900",
        "parent_user_id": "UQGF0N4FM"
    },
    {
        "client_msg_id": "9727d51f-cc7e-4e95-bb97-fc9c41a2d314",
        "type": "message",
        "text": "In the meantime I’ll fix it locally",
        "user": "UQGF0N4FM",
        "ts": "1584036302.216700",
        "team": "TC0C1HURK",
        "user_team": "TC0C1HURK",
        "source_team": "TC0C1HURK",
        "user_profile": {
            "avatar_hash": "gd93d5cb3986",
            "image_72": "https:\/\/secure.gravatar.com\/avatar\/d93d5cb39864821e725b066eab825e6a.jpg?s=72&d=https%3A%2F%2Fa.slack-edge.com%2Fdf10d%2Fimg%2Favatars%2Fava_0014-72.png",
            "first_name": "Vicente",
            "real_name": "Vicente Fuenzalida Marin",
            "display_name": "vicente",
            "team": "TC0C1HURK",
            "name": "vicente",
            "is_restricted": false,
            "is_ultra_restricted": false
        },
        "blocks": [
            {
                "type": "rich_text",
                "block_id": "itmMh",
                "elements": [
                    {
                        "type": "rich_text_section",
                        "elements": [
                            {
                                "type": "text",
                                "text": "In the meantime I’ll fix it locally"
                            }
                        ]
                    }
                ]
            }
        ],
        "thread_ts": "1584023705.206900",
        "parent_user_id": "UQGF0N4FM"
    },
    {
        "client_msg_id": "6f49f1a1-3a08-4460-8571-47a8385fc430",
        "type": "message",
        "text": "Hey <@UVCSNTK4N>! Contexts are not exposed as an API in open source right now. There're only internal bindings you can use to provide them in your own API.",
        "user": "UC19HAUAK",
        "ts": "1584036833.216900",
        "team": "TC0C1HURK",
        "user_team": "TC0C1HURK",
        "source_team": "TC0C1HURK",
        "user_profile": {
            "avatar_hash": "066a042e018c",
            "image_72": "https:\/\/avatars.slack-edge.com\/2019-12-07\/866588520998_066a042e018ca831a195_72.png",
            "first_name": "Pavel",
            "real_name": "Pavel Tiunov",
            "display_name": "pavel",
            "team": "TC0C1HURK",
            "name": "pavel",
            "is_restricted": false,
            "is_ultra_restricted": false
        },
        "blocks": [
            {
                "type": "rich_text",
                "block_id": "8Ws\/",
                "elements": [
                    {
                        "type": "rich_text_section",
                        "elements": [
                            {
                                "type": "text",
                                "text": "Hey "
                            },
                            {
                                "type": "user",
                                "user_id": "UVCSNTK4N"
                            },
                            {
                                "type": "text",
                                "text": "! Contexts are not exposed as an API in open source right now. There're only internal bindings you can use to provide them in your own API."
                            }
                        ]
                    }
                ]
            }
        ],
        "thread_ts": "1584034941.216400",
        "parent_user_id": "UVCSNTK4N"
    },
    {
        "client_msg_id": "4961e8a3-7f8d-442c-96e2-cc8cb24f85f5",
        "type": "message",
        "text": "<@UQGF0N4FM> We're looking for a volounteer to fix it.",
        "user": "UC19HAUAK",
        "ts": "1584036874.217100",
        "team": "TC0C1HURK",
        "user_team": "TC0C1HURK",
        "source_team": "TC0C1HURK",
        "user_profile": {
            "avatar_hash": "066a042e018c",
            "image_72": "https:\/\/avatars.slack-edge.com\/2019-12-07\/866588520998_066a042e018ca831a195_72.png",
            "first_name": "Pavel",
            "real_name": "Pavel Tiunov",
            "display_name": "pavel",
            "team": "TC0C1HURK",
            "name": "pavel",
            "is_restricted": false,
            "is_ultra_restricted": false
        },
        "blocks": [
            {
                "type": "rich_text",
                "block_id": "pgh8",
                "elements": [
                    {
                        "type": "rich_text_section",
                        "elements": [
                            {
                                "type": "user",
                                "user_id": "UQGF0N4FM"
                            },
                            {
                                "type": "text",
                                "text": " We're looking for a volounteer to fix it."
                            }
                        ]
                    }
                ]
            }
        ],
        "thread_ts": "1584023705.206900",
        "parent_user_id": "UQGF0N4FM"
    },
    {
        "client_msg_id": "73b117d1-49e5-4d56-9f50-d1d6017ee100",
        "type": "message",
        "text": "I could give it a look, but I’m going on vacation today until next weekend",
        "user": "UQGF0N4FM",
        "ts": "1584037023.217300",
        "team": "TC0C1HURK",
        "user_team": "TC0C1HURK",
        "source_team": "TC0C1HURK",
        "user_profile": {
            "avatar_hash": "gd93d5cb3986",
            "image_72": "https:\/\/secure.gravatar.com\/avatar\/d93d5cb39864821e725b066eab825e6a.jpg?s=72&d=https%3A%2F%2Fa.slack-edge.com%2Fdf10d%2Fimg%2Favatars%2Fava_0014-72.png",
            "first_name": "Vicente",
            "real_name": "Vicente Fuenzalida Marin",
            "display_name": "vicente",
            "team": "TC0C1HURK",
            "name": "vicente",
            "is_restricted": false,
            "is_ultra_restricted": false
        },
        "blocks": [
            {
                "type": "rich_text",
                "block_id": "a9M",
                "elements": [
                    {
                        "type": "rich_text_section",
                        "elements": [
                            {
                                "type": "text",
                                "text": "I could give it a look, but I’m going on vacation today until next weekend"
                            }
                        ]
                    }
                ]
            }
        ],
        "thread_ts": "1584023705.206900",
        "parent_user_id": "UQGF0N4FM"
    },
    {
        "client_msg_id": "e1878a0c-06c5-47a1-9970-03b38b5c485f",
        "type": "message",
        "text": "then I can issue a PR",
        "user": "UQGF0N4FM",
        "ts": "1584037030.217500",
        "team": "TC0C1HURK",
        "user_team": "TC0C1HURK",
        "source_team": "TC0C1HURK",
        "user_profile": {
            "avatar_hash": "gd93d5cb3986",
            "image_72": "https:\/\/secure.gravatar.com\/avatar\/d93d5cb39864821e725b066eab825e6a.jpg?s=72&d=https%3A%2F%2Fa.slack-edge.com%2Fdf10d%2Fimg%2Favatars%2Fava_0014-72.png",
            "first_name": "Vicente",
            "real_name": "Vicente Fuenzalida Marin",
            "display_name": "vicente",
            "team": "TC0C1HURK",
            "name": "vicente",
            "is_restricted": false,
            "is_ultra_restricted": false
        },
        "blocks": [
            {
                "type": "rich_text",
                "block_id": "iQYR",
                "elements": [
                    {
                        "type": "rich_text_section",
                        "elements": [
                            {
                                "type": "text",
                                "text": "then I can issue a PR"
                            }
                        ]
                    }
                ]
            }
        ],
        "thread_ts": "1584023705.206900",
        "parent_user_id": "UQGF0N4FM"
    },
    {
        "client_msg_id": "b8592cee-9384-48de-8a6d-912ca2709c22",
        "type": "message",
        "text": "Thanks for fast response :grinning:",
        "user": "UVCSNTK4N",
        "ts": "1584037143.217700",
        "team": "TC0C1HURK",
        "user_team": "TC0C1HURK",
        "source_team": "TC0C1HURK",
        "user_profile": {
            "avatar_hash": "3a03692cb374",
            "image_72": "https:\/\/avatars.slack-edge.com\/2020-03-12\/996771674880_3a03692cb3747cb18cc6_72.jpg",
            "first_name": "",
            "real_name": "Nikita Lukashev",
            "display_name": "Nikita Lukashev",
            "team": "TC0C1HURK",
            "name": "lnv161297",
            "is_restricted": false,
            "is_ultra_restricted": false
        },
        "blocks": [
            {
                "type": "rich_text",
                "block_id": "zWl",
                "elements": [
                    {
                        "type": "rich_text_section",
                        "elements": [
                            {
                                "type": "text",
                                "text": "Thanks for fast response "
                            },
                            {
                                "type": "emoji",
                                "name": "grinning"
                            }
                        ]
                    }
                ]
            }
        ],
        "thread_ts": "1584034941.216400",
        "parent_user_id": "UVCSNTK4N",
        "reactions": [
            {
                "name": "raised_hands",
                "users": [
                    "UC19HAUAK"
                ],
                "count": 1
            }
        ]
    },
    {
        "client_msg_id": "22c852fd-0a82-4c7d-8b1f-2ee3c2eaa001",
        "type": "message",
        "text": "Thanks Pavel!  That's pretty slick.  :)",
        "user": "UUQKEFF38",
        "ts": "1584039280.218000",
        "team": "TC0C1HURK",
        "user_team": "TC0C1HURK",
        "source_team": "TC0C1HURK",
        "user_profile": {
            "avatar_hash": "4702b2313766",
            "image_72": "https:\/\/avatars.slack-edge.com\/2020-03-02\/977636791508_4702b2313766ac7f62ad_72.jpg",
            "first_name": "",
            "real_name": "Jason Walton",
            "display_name": "Jason Walton",
            "team": "TC0C1HURK",
            "name": "dev481",
            "is_restricted": false,
            "is_ultra_restricted": false
        },
        "blocks": [
            {
                "type": "rich_text",
                "block_id": "mu6",
                "elements": [
                    {
                        "type": "rich_text_section",
                        "elements": [
                            {
                                "type": "text",
                                "text": "Thanks Pavel!  That's pretty slick.  :)"
                            }
                        ]
                    }
                ]
            }
        ],
        "thread_ts": "1584023300.204800",
        "parent_user_id": "UUQKEFF38",
        "reactions": [
            {
                "name": "raised_hands",
                "users": [
                    "UC19HAUAK"
                ],
                "count": 1
            }
        ]
    },
    {
        "client_msg_id": "913917F7-2529-4F28-B53C-1EA08B5F8BDF",
        "type": "message",
        "text": "Hi everyone,\nWe are using Cubejs in production and we were facing an issue with the connection pool size in combination with `pgbounce`. \n\nThe connection pool used in the postgres driver had a higher number of max connections configured then the number that was configured in `pgbounce`. This mismatch was leading to every strange behaviour  and random slow query execution times (30sec instead of 200ms)\n\nNow I was wondering why the default pool size in the pg driver is hardcoded with max. 8 connections. Is this number intended like this or is it just not configurable with env variables at the moment. If so, I would be happy to provide a PR.",
        "user": "UJ0P225EY",
        "ts": "1584042941.229900",
        "team": "TC0C1HURK",
        "user_team": "TC0C1HURK",
        "source_team": "TC0C1HURK",
        "user_profile": {
            "avatar_hash": "g0b04c1f86b1",
            "image_72": "https:\/\/secure.gravatar.com\/avatar\/40b04c1f86b19c1a4ea23de639325636.jpg?s=72&d=https%3A%2F%2Fa.slack-edge.com%2Fdf10d%2Fimg%2Favatars%2Fava_0014-72.png",
            "first_name": "",
            "real_name": "Chris",
            "display_name": "Chris",
            "team": "TC0C1HURK",
            "name": "christoph.haselmann",
            "is_restricted": false,
            "is_ultra_restricted": false
        },
        "edited": {
            "user": "UJ0P225EY",
            "ts": "1584043106.000000"
        },
        "blocks": [
            {
                "type": "rich_text",
                "block_id": "fCX",
                "elements": [
                    {
                        "type": "rich_text_section",
                        "elements": [
                            {
                                "type": "text",
                                "text": "Hi everyone,\nWe are using Cubejs in production and we were facing an issue with the connection pool size in combination with "
                            },
                            {
                                "type": "text",
                                "text": "pgbounce",
                                "style": {
                                    "code": true
                                }
                            },
                            {
                                "type": "text",
                                "text": ". \n\nThe connection pool used in the postgres driver had a higher number of max connections configured then the number that was configured in "
                            },
                            {
                                "type": "text",
                                "text": "pgbounce",
                                "style": {
                                    "code": true
                                }
                            },
                            {
                                "type": "text",
                                "text": ". This mismatch was leading to every strange behaviour  and random slow query execution times (30sec instead of 200ms)\n\nNow I was wondering why the default pool size in the pg driver is hardcoded with max. 8 connections. Is this number intended like this or is it just not configurable with env variables at the moment. If so, I would be happy to provide a PR."
                            }
                        ]
                    }
                ]
            }
        ],
        "thread_ts": "1584042941.229900",
        "reply_count": 5,
        "reply_users_count": 2,
        "latest_reply": "1584896104.343900",
        "reply_users": [
            "UC19HAUAK",
            "UJ0P225EY"
        ],
        "replies": [
            {
                "user": "UC19HAUAK",
                "ts": "1584056413.234300"
            },
            {
                "user": "UJ0P225EY",
                "ts": "1584105711.241600"
            },
            {
                "user": "UC19HAUAK",
                "ts": "1584115789.247100"
            },
            {
                "user": "UC19HAUAK",
                "ts": "1584115856.247300"
            },
            {
                "user": "UJ0P225EY",
                "ts": "1584896104.343900"
            }
        ],
        "subscribed": false
    },
    {
        "client_msg_id": "1daf81ba-9158-4b85-9282-a269c3ace0f8",
        "type": "message",
        "text": "We are having issues with hitting the max query string limit with the `QueryRenderer` from cubejs. We need to be able to change this to post, is that an option?",
        "user": "UMDCERJTY",
        "ts": "1584043367.231100",
        "team": "TC0C1HURK",
        "user_team": "TC0C1HURK",
        "source_team": "TC0C1HURK",
        "user_profile": {
            "avatar_hash": "gf46f10cd674",
            "image_72": "https:\/\/secure.gravatar.com\/avatar\/8f46f10cd67464c3bf73d8e2a635b7ff.jpg?s=72&d=https%3A%2F%2Fa.slack-edge.com%2Fdf10d%2Fimg%2Favatars%2Fava_0009-72.png",
            "first_name": "",
            "real_name": "Sam",
            "display_name": "Sam",
            "team": "TC0C1HURK",
            "name": "sam",
            "is_restricted": false,
            "is_ultra_restricted": false
        },
        "blocks": [
            {
                "type": "rich_text",
                "block_id": "Poi",
                "elements": [
                    {
                        "type": "rich_text_section",
                        "elements": [
                            {
                                "type": "text",
                                "text": "We are having issues with hitting the max query string limit with the "
                            },
                            {
                                "type": "text",
                                "text": "QueryRenderer",
                                "style": {
                                    "code": true
                                }
                            },
                            {
                                "type": "text",
                                "text": " from cubejs. We need to be able to change this to post, is that an option?"
                            }
                        ]
                    }
                ]
            }
        ],
        "thread_ts": "1584043367.231100",
        "reply_count": 3,
        "reply_users_count": 2,
        "latest_reply": "1584117840.250600",
        "reply_users": [
            "UC19HAUAK",
            "UMDCERJTY"
        ],
        "replies": [
            {
                "user": "UC19HAUAK",
                "ts": "1584056528.234500"
            },
            {
                "user": "UMDCERJTY",
                "ts": "1584117807.250400"
            },
            {
                "user": "UMDCERJTY",
                "ts": "1584117840.250600"
            }
        ],
        "subscribed": false
    },
    {
        "client_msg_id": "d36cc7b9-9628-466d-8270-faa2807f7733",
        "type": "message",
        "text": "Hi. Testing out Cube js for the first time. I got my bigquery connection working just fine and I can use it in the Playground but I cannot add those to dashboard. I get a spinning icon and if I check the console I see this `WebSocket connection to '<ws:\/\/localhost:4000\/>' failed: Error during WebSocket handshake: Unexpected response code: 200`",
        "user": "UUDFW1J1H",
        "ts": "1584043464.232300",
        "team": "TC0C1HURK",
        "user_team": "TC0C1HURK",
        "source_team": "TC0C1HURK",
        "user_profile": {
            "avatar_hash": "g935b1054441",
            "image_72": "https:\/\/secure.gravatar.com\/avatar\/935b105444155c46b550a7e4631e17fd.jpg?s=72&d=https%3A%2F%2Fa.slack-edge.com%2Fdf10d%2Fimg%2Favatars%2Fava_0022-72.png",
            "first_name": "",
            "real_name": "M Halme",
            "display_name": "M Halme",
            "team": "TC0C1HURK",
            "name": "martti.halme",
            "is_restricted": false,
            "is_ultra_restricted": false
        },
        "blocks": [
            {
                "type": "rich_text",
                "block_id": "0KpSy",
                "elements": [
                    {
                        "type": "rich_text_section",
                        "elements": [
                            {
                                "type": "text",
                                "text": "Hi. Testing out Cube js for the first time. I got my bigquery connection working just fine and I can use it in the Playground but I cannot add those to dashboard. I get a spinning icon and if I check the console I see this "
                            },
                            {
                                "type": "text",
                                "text": "WebSocket connection to '",
                                "style": {
                                    "code": true
                                }
                            },
                            {
                                "type": "link",
                                "url": "ws:\/\/localhost:4000\/",
                                "style": {
                                    "code": true
                                }
                            },
                            {
                                "type": "text",
                                "text": "' failed: Error during WebSocket handshake: Unexpected response code: 200",
                                "style": {
                                    "code": true
                                }
                            }
                        ]
                    }
                ]
            }
        ],
        "thread_ts": "1584043464.232300",
        "reply_count": 1,
        "reply_users_count": 1,
        "latest_reply": "1584046093.233600",
        "reply_users": [
            "UUDFW1J1H"
        ],
        "replies": [
            {
                "user": "UUDFW1J1H",
                "ts": "1584046093.233600"
            }
        ],
        "subscribed": false
    },
    {
        "client_msg_id": "cb790266-b0fd-4dc8-b62a-042d86cf59ac",
        "type": "message",
        "text": "Well... it's almost slick.  :slightly_smiling_face:  I suspect I'm doing something wrong...\n\nLet's make this a little more complicated.  Every survey has a \"location\"; this is a physical location (like a store, or a restaurant) where there's maybe a kiosk, or maybe someone picked this location from a web form.  There's a row in my \"locations\" table for every location.  But, to make this interesting, locations can have a \"parent\".  So I might have a restaurant in Ottawa, and another restaurant in Toronto, and these two restaurants might both have a parent location called \"Eastern Canada\".\n\nSo, I have a very standard looking bridge table called \"locations_with_ancestors\" which has two columns \"location_id\" and \"ancestor_id\", and for my restaurant in Ottawa, I'd have basically ('ottawa', 'ottawa') and ('ottawa', 'easternCanada') in this table, so given a location, I can find all the ancestors of the location, including itself.  The idea here is, when I split by the \"Location\" dimension, if there's a reply in Ottawa, I want to see that data in both the \"Ottawa\" location and the \"Eastern Canada\" location.",
        "user": "UUQKEFF38",
        "ts": "1584045231.232400",
        "team": "TC0C1HURK",
        "user_team": "TC0C1HURK",
        "source_team": "TC0C1HURK",
        "user_profile": {
            "avatar_hash": "4702b2313766",
            "image_72": "https:\/\/avatars.slack-edge.com\/2020-03-02\/977636791508_4702b2313766ac7f62ad_72.jpg",
            "first_name": "",
            "real_name": "Jason Walton",
            "display_name": "Jason Walton",
            "team": "TC0C1HURK",
            "name": "dev481",
            "is_restricted": false,
            "is_ultra_restricted": false
        },
        "blocks": [
            {
                "type": "rich_text",
                "block_id": "ruw",
                "elements": [
                    {
                        "type": "rich_text_section",
                        "elements": [
                            {
                                "type": "text",
                                "text": "Well... it's almost slick.  "
                            },
                            {
                                "type": "emoji",
                                "name": "slightly_smiling_face"
                            },
                            {
                                "type": "text",
                                "text": "  I suspect I'm doing something wrong...\n\nLet's make this a little more complicated.  Every survey has a \"location\"; this is a physical location (like a store, or a restaurant) where there's maybe a kiosk, or maybe someone picked this location from a web form.  There's a row in my \"locations\" table for every location.  But, to make this interesting, locations can have a \"parent\".  So I might have a restaurant in Ottawa, and another restaurant in Toronto, and these two restaurants might both have a parent location called \"Eastern Canada\".\n\nSo, I have a very standard looking bridge table called \"locations_with_ancestors\" which has two columns \"location_id\" and \"ancestor_id\", and for my restaurant in Ottawa, I'd have basically ('ottawa', 'ottawa') and ('ottawa', 'easternCanada') in this table, so given a location, I can find all the ancestors of the location, including itself.  The idea here is, when I split by the \"Location\" dimension, if there's a reply in Ottawa, I want to see that data in both the \"Ottawa\" location and the \"Eastern Canada\" location."
                            }
                        ]
                    }
                ]
            }
        ],
        "thread_ts": "1584023300.204800",
        "parent_user_id": "UUQKEFF38"
    },
    {
        "client_msg_id": "ff7ca4e7-df93-42fd-a250-70435170f86d",
        "type": "message",
        "text": "So I have three cubes; Locations, LocationAncestors, and NpsSurveyResponses:\n\n```cube(`Locations`, {\n    sql: `SELECT * FROM locations`,\n\n    joins: {\n        Locations: {\n            sql: `${CUBE}.id = ${LocationAncestors}.location_id`,\n            relationship: `hasMany`,\n        },\n    },\n\n    measures: {},\n\n    dimensions: {\n        title: {\n            sql: `title`,\n            type: `string`,\n        },\n\n        id: {\n            sql: `id`,\n            type: `string`,\n            primaryKey: true,\n        },\n    },\n});\n\ncube(`LocationAncestors`, {\n    sql: `SELECT * FROM location_with_ancestors`,\n\n    joins: {\n        NpsSurveyResponses: {\n            relationship: 'hasMany',\n            sql: `${CUBE}.location_id = ${NpsSurveyResponses}.location_id`,\n        },\n        Locations: {\n            relationship: 'hasMany',\n            sql: `${CUBE}.ancestor_id = ${Locations}.id`,\n        },\n    },\n});\n\ncube(`NpsSurveyResponses`, {\n    sql: `SELECT * FROM nps_responses`,\n\n    joins: {\n        LocationAncestors: {\n            sql: `${CUBE}.location_id = ${LocationAncestors}.location_id`,\n            relationship: `belongsTo`,\n        },\n    },\n\n    measures: {\n        rawNpsScore: {\n            type: `avg`,\n            sql: `\n                case ${NpsDimension.type}\n                    when 'detractor' then -100\n                    when 'promoter' then 100\n                    when 'passive' then 0\n                    else null\n                end\n            `,\n        },\n\n        npsScore: {\n            sql: `ROUND(${rawNpsScore})`,\n            type: `number`,\n        },\n\n        \/\/ blah blah blah\n    },\n\n    dimensions: {\n        id: {\n            sql: `${CUBE}.response_id || '-' || ${CUBE}.category_id`,\n            type: `string`,\n            primaryKey: true,\n        },\n        \/\/ blah blah blah\n    },\n});```",
        "user": "UUQKEFF38",
        "ts": "1584045432.232600",
        "team": "TC0C1HURK",
        "user_team": "TC0C1HURK",
        "source_team": "TC0C1HURK",
        "user_profile": {
            "avatar_hash": "4702b2313766",
            "image_72": "https:\/\/avatars.slack-edge.com\/2020-03-02\/977636791508_4702b2313766ac7f62ad_72.jpg",
            "first_name": "",
            "real_name": "Jason Walton",
            "display_name": "Jason Walton",
            "team": "TC0C1HURK",
            "name": "dev481",
            "is_restricted": false,
            "is_ultra_restricted": false
        },
        "blocks": [
            {
                "type": "rich_text",
                "block_id": "sIWyj",
                "elements": [
                    {
                        "type": "rich_text_section",
                        "elements": [
                            {
                                "type": "text",
                                "text": "So I have three cubes; Locations, LocationAncestors, and NpsSurveyResponses:\n\n"
                            }
                        ]
                    },
                    {
                        "type": "rich_text_preformatted",
                        "elements": [
                            {
                                "type": "text",
                                "text": "cube(`Locations`, {\n    sql: `SELECT * FROM locations`,\n\n    joins: {\n        Locations: {\n            sql: `${CUBE}.id = ${LocationAncestors}.location_id`,\n            relationship: `hasMany`,\n        },\n    },\n\n    measures: {},\n\n    dimensions: {\n        title: {\n            sql: `title`,\n            type: `string`,\n        },\n\n        id: {\n            sql: `id`,\n            type: `string`,\n            primaryKey: true,\n        },\n    },\n});\n\ncube(`LocationAncestors`, {\n    sql: `SELECT * FROM location_with_ancestors`,\n\n    joins: {\n        NpsSurveyResponses: {\n            relationship: 'hasMany',\n            sql: `${CUBE}.location_id = ${NpsSurveyResponses}.location_id`,\n        },\n        Locations: {\n            relationship: 'hasMany',\n            sql: `${CUBE}.ancestor_id = ${Locations}.id`,\n        },\n    },\n});\n\ncube(`NpsSurveyResponses`, {\n    sql: `SELECT * FROM nps_responses`,\n\n    joins: {\n        LocationAncestors: {\n            sql: `${CUBE}.location_id = ${LocationAncestors}.location_id`,\n            relationship: `belongsTo`,\n        },\n    },\n\n    measures: {\n        rawNpsScore: {\n            type: `avg`,\n            sql: `\n                case ${NpsDimension.type}\n                    when 'detractor' then -100\n                    when 'promoter' then 100\n                    when 'passive' then 0\n                    else null\n                end\n            `,\n        },\n\n        npsScore: {\n            sql: `ROUND(${rawNpsScore})`,\n            type: `number`,\n        },\n\n        \/\/ blah blah blah\n    },\n\n    dimensions: {\n        id: {\n            sql: `${CUBE}.response_id || '-' || ${CUBE}.category_id`,\n            type: `string`,\n            primaryKey: true,\n        },\n        \/\/ blah blah blah\n    },\n});"
                            }
                        ]
                    }
                ]
            }
        ],
        "thread_ts": "1584023300.204800",
        "parent_user_id": "UUQKEFF38"
    },
    {
        "client_msg_id": "a5270e1d-55fa-4ce0-8513-37e84ce0d53c",
        "type": "message",
        "text": "When I try to get NPS score dimensioned by location, though:\n\n```{\n  \"measures\": [\n    \"NpsSurveyResponses.npsScore\"\n  ],\n  \"timeDimensions\": [\n    {\n      \"dimension\": \"NpsSurveyResponses.date\"\n    }\n  ],\n  \"dimensions\": [\n    \"Locations.title\"\n  ],\n  \"filters\": []\n}```\nI get the error: `Error: Error: column \"nps_survey_responses_key___nps_survey_responses.nps_survey_responses__nps_score\" must appear in the GROUP BY clause or be used in an aggregate function`",
        "user": "UUQKEFF38",
        "ts": "1584045488.232800",
        "team": "TC0C1HURK",
        "user_team": "TC0C1HURK",
        "source_team": "TC0C1HURK",
        "user_profile": {
            "avatar_hash": "4702b2313766",
            "image_72": "https:\/\/avatars.slack-edge.com\/2020-03-02\/977636791508_4702b2313766ac7f62ad_72.jpg",
            "first_name": "",
            "real_name": "Jason Walton",
            "display_name": "Jason Walton",
            "team": "TC0C1HURK",
            "name": "dev481",
            "is_restricted": false,
            "is_ultra_restricted": false
        },
        "blocks": [
            {
                "type": "rich_text",
                "block_id": "zfh",
                "elements": [
                    {
                        "type": "rich_text_section",
                        "elements": [
                            {
                                "type": "text",
                                "text": "When I try to get NPS score dimensioned by location, though:\n\n"
                            }
                        ]
                    },
                    {
                        "type": "rich_text_preformatted",
                        "elements": [
                            {
                                "type": "text",
                                "text": "{\n  \"measures\": [\n    \"NpsSurveyResponses.npsScore\"\n  ],\n  \"timeDimensions\": [\n    {\n      \"dimension\": \"NpsSurveyResponses.date\"\n    }\n  ],\n  \"dimensions\": [\n    \"Locations.title\"\n  ],\n  \"filters\": []\n}"
                            }
                        ]
                    },
                    {
                        "type": "rich_text_section",
                        "elements": [
                            {
                                "type": "text",
                                "text": "\nI get the error: "
                            },
                            {
                                "type": "text",
                                "text": "Error: Error: column \"nps_survey_responses_key___nps_survey_responses.nps_survey_responses__nps_score\" must appear in the GROUP BY clause or be used in an aggregate function",
                                "style": {
                                    "code": true
                                }
                            }
                        ]
                    }
                ]
            }
        ],
        "thread_ts": "1584023300.204800",
        "parent_user_id": "UUQKEFF38"
    },
    {
        "client_msg_id": "49a04ca4-f584-443c-bef9-e67f34553d36",
        "type": "message",
        "text": "If I try to do the exact same query using \"raw nps score\" (the un-rounded one) it seems to work, though.",
        "user": "UUQKEFF38",
        "ts": "1584045529.233000",
        "team": "TC0C1HURK",
        "user_team": "TC0C1HURK",
        "source_team": "TC0C1HURK",
        "user_profile": {
            "avatar_hash": "4702b2313766",
            "image_72": "https:\/\/avatars.slack-edge.com\/2020-03-02\/977636791508_4702b2313766ac7f62ad_72.jpg",
            "first_name": "",
            "real_name": "Jason Walton",
            "display_name": "Jason Walton",
            "team": "TC0C1HURK",
            "name": "dev481",
            "is_restricted": false,
            "is_ultra_restricted": false
        },
        "blocks": [
            {
                "type": "rich_text",
                "block_id": "AXwp5",
                "elements": [
                    {
                        "type": "rich_text_section",
                        "elements": [
                            {
                                "type": "text",
                                "text": "If I try to do the exact same query using \"raw nps score\" (the un-rounded one) it seems to work, though."
                            }
                        ]
                    }
                ]
            }
        ],
        "thread_ts": "1584023300.204800",
        "parent_user_id": "UUQKEFF38"
    },
    {
        "client_msg_id": "e62bffa9-ba2e-4bb3-a02a-4c3f550792e6",
        "type": "message",
        "text": "strike that. Just follow the tutorial <https:\/\/real-time-dashboard.cube.dev\/frontend-dashboard>",
        "user": "UUDFW1J1H",
        "ts": "1584046093.233600",
        "team": "TC0C1HURK",
        "user_team": "TC0C1HURK",
        "source_team": "TC0C1HURK",
        "user_profile": {
            "avatar_hash": "g935b1054441",
            "image_72": "https:\/\/secure.gravatar.com\/avatar\/935b105444155c46b550a7e4631e17fd.jpg?s=72&d=https%3A%2F%2Fa.slack-edge.com%2Fdf10d%2Fimg%2Favatars%2Fava_0022-72.png",
            "first_name": "",
            "real_name": "M Halme",
            "display_name": "M Halme",
            "team": "TC0C1HURK",
            "name": "martti.halme",
            "is_restricted": false,
            "is_ultra_restricted": false
        },
        "attachments": [
            {
                "title": "Frontend Dashboard",
                "title_link": "https:\/\/real-time-dashboard.cube.dev\/frontend-dashboard",
                "text": "In the previous part we've successfully configured a database, BigQuery or MongoDB, and created a Cube.js schema for the real-time dashboard…",
                "fallback": "Frontend Dashboard",
                "image_url": "https:\/\/real-time-dashboard.cube.dev\/logos\/preview.png",
                "from_url": "https:\/\/real-time-dashboard.cube.dev\/frontend-dashboard",
                "image_width": 371,
                "image_height": 250,
                "image_bytes": 95241,
                "service_icon": "https:\/\/real-time-dashboard.cube.dev\/icons\/icon-48x48.png?v=16380c9963f943e0a0053ad8cfd0e8f2",
                "service_name": "real-time-dashboard.cube.dev",
                "id": 1,
                "original_url": "https:\/\/real-time-dashboard.cube.dev\/frontend-dashboard"
            }
        ],
        "blocks": [
            {
                "type": "rich_text",
                "block_id": "=bkpO",
                "elements": [
                    {
                        "type": "rich_text_section",
                        "elements": [
                            {
                                "type": "text",
                                "text": "strike that. Just follow the tutorial "
                            },
                            {
                                "type": "link",
                                "url": "https:\/\/real-time-dashboard.cube.dev\/frontend-dashboard"
                            }
                        ]
                    }
                ]
            }
        ],
        "thread_ts": "1584043464.232300",
        "parent_user_id": "UUDFW1J1H",
        "reactions": [
            {
                "name": "raised_hands",
                "users": [
                    "UC19HAUAK"
                ],
                "count": 1
            }
        ]
    },
    {
        "type": "message",
        "subtype": "channel_join",
        "ts": "1584053750.234000",
        "user": "UVD8USY31",
        "text": "<@UVD8USY31> has joined the channel"
    },
    {
        "type": "message",
        "subtype": "channel_join",
        "ts": "1584056130.234200",
        "user": "UVBF2V337",
        "text": "<@UVBF2V337> has joined the channel"
    },
    {
        "client_msg_id": "adb6dd7f-b9fd-40a6-b5e5-3321521f0c0d",
        "type": "message",
        "text": "Hey <@UJ0P225EY>! Great question. So 8 connections is empirically corresponds to default settings for queue which requires at least 3 active db connection at any time that can probably burst to more some time. Was it too low for you or too high?",
        "user": "UC19HAUAK",
        "ts": "1584056413.234300",
        "team": "TC0C1HURK",
        "user_team": "TC0C1HURK",
        "source_team": "TC0C1HURK",
        "user_profile": {
            "avatar_hash": "066a042e018c",
            "image_72": "https:\/\/avatars.slack-edge.com\/2019-12-07\/866588520998_066a042e018ca831a195_72.png",
            "first_name": "Pavel",
            "real_name": "Pavel Tiunov",
            "display_name": "pavel",
            "team": "TC0C1HURK",
            "name": "pavel",
            "is_restricted": false,
            "is_ultra_restricted": false
        },
        "blocks": [
            {
                "type": "rich_text",
                "block_id": "3ZOMD",
                "elements": [
                    {
                        "type": "rich_text_section",
                        "elements": [
                            {
                                "type": "text",
                                "text": "Hey "
                            },
                            {
                                "type": "user",
                                "user_id": "UJ0P225EY"
                            },
                            {
                                "type": "text",
                                "text": "! Great question. So 8 connections is empirically corresponds to default settings for queue which requires at least 3 active db connection at any time that can probably burst to more some time. Was it too low for you or too high?"
                            }
                        ]
                    }
                ]
            }
        ],
        "thread_ts": "1584042941.229900",
        "parent_user_id": "UJ0P225EY"
    },
    {
        "client_msg_id": "a7a59847-d553-4cbe-9919-db643d906e5d",
        "type": "message",
        "text": "Hey <@UMDCERJTY>! You can either switch to websockets <https:\/\/cube.dev\/docs\/real-time-data-fetch#web-sockets>. I think it makes sense to create an issue for POST transport on github. It'd be great to support this option for REST API.",
        "user": "UC19HAUAK",
        "ts": "1584056528.234500",
        "team": "TC0C1HURK",
        "user_team": "TC0C1HURK",
        "source_team": "TC0C1HURK",
        "user_profile": {
            "avatar_hash": "066a042e018c",
            "image_72": "https:\/\/avatars.slack-edge.com\/2019-12-07\/866588520998_066a042e018ca831a195_72.png",
            "first_name": "Pavel",
            "real_name": "Pavel Tiunov",
            "display_name": "pavel",
            "team": "TC0C1HURK",
            "name": "pavel",
            "is_restricted": false,
            "is_ultra_restricted": false
        },
        "blocks": [
            {
                "type": "rich_text",
                "block_id": "E0EaL",
                "elements": [
                    {
                        "type": "rich_text_section",
                        "elements": [
                            {
                                "type": "text",
                                "text": "Hey "
                            },
                            {
                                "type": "user",
                                "user_id": "UMDCERJTY"
                            },
                            {
                                "type": "text",
                                "text": "! You can either switch to websockets "
                            },
                            {
                                "type": "link",
                                "url": "https:\/\/cube.dev\/docs\/real-time-data-fetch#web-sockets"
                            },
                            {
                                "type": "text",
                                "text": ". I think it makes sense to create an issue for POST transport on github. It'd be great to support this option for REST API."
                            }
                        ]
                    }
                ]
            }
        ],
        "thread_ts": "1584043367.231100",
        "parent_user_id": "UMDCERJTY"
    },
    {
        "type": "message",
        "subtype": "channel_join",
        "ts": "1584080167.234900",
        "user": "UUZ393JNN",
        "text": "<@UUZ393JNN> has joined the channel"
    },
    {
        "type": "message",
        "subtype": "channel_join",
        "ts": "1584081777.235100",
        "user": "UV1QU9XFT",
        "text": "<@UV1QU9XFT> has joined the channel"
    }
]