[
    {
        "type": "message",
        "subtype": "channel_join",
        "ts": "1589738194.306300",
        "user": "U013LAWRS6S",
        "text": "<@U013LAWRS6S> has joined the channel"
    },
    {
        "type": "message",
        "text": "Hi, silly question. I'm following this tutorial (<https:\/\/react-dashboard.cube.dev\/overview-and-analytics-backend>) and I keep getting a Network request failed loading the schema.",
        "files": [
            {
                "id": "F014GVA5M0Q",
                "created": 1589745630,
                "timestamp": 1589745630,
                "name": "CleanShot 2020-05-17 at 14.59.44@2x.png",
                "title": "CleanShot 2020-05-17 at 14.59.44@2x.png",
                "mimetype": "image\/png",
                "filetype": "png",
                "pretty_type": "PNG",
                "user": "UJR7GK49H",
                "editable": false,
                "size": 33750,
                "mode": "hosted",
                "is_external": false,
                "external_type": "",
                "is_public": true,
                "public_url_shared": false,
                "display_as_bot": false,
                "username": "",
                "url_private": "https:\/\/files.slack.com\/files-pri\/TC0C1HURK-F014GVA5M0Q\/cleanshot_2020-05-17_at_14.59.44_2x.png?t=xoxe-408409606869-1267807410853-1293019902560-8c9dc5fc58d3a65e0fe0837e69de048d",
                "url_private_download": "https:\/\/files.slack.com\/files-pri\/TC0C1HURK-F014GVA5M0Q\/download\/cleanshot_2020-05-17_at_14.59.44_2x.png?t=xoxe-408409606869-1267807410853-1293019902560-8c9dc5fc58d3a65e0fe0837e69de048d",
                "thumb_64": "https:\/\/files.slack.com\/files-tmb\/TC0C1HURK-F014GVA5M0Q-577154a6c9\/cleanshot_2020-05-17_at_14.59.44_2x_64.png?t=xoxe-408409606869-1267807410853-1293019902560-8c9dc5fc58d3a65e0fe0837e69de048d",
                "thumb_80": "https:\/\/files.slack.com\/files-tmb\/TC0C1HURK-F014GVA5M0Q-577154a6c9\/cleanshot_2020-05-17_at_14.59.44_2x_80.png?t=xoxe-408409606869-1267807410853-1293019902560-8c9dc5fc58d3a65e0fe0837e69de048d",
                "thumb_360": "https:\/\/files.slack.com\/files-tmb\/TC0C1HURK-F014GVA5M0Q-577154a6c9\/cleanshot_2020-05-17_at_14.59.44_2x_360.png?t=xoxe-408409606869-1267807410853-1293019902560-8c9dc5fc58d3a65e0fe0837e69de048d",
                "thumb_360_w": 360,
                "thumb_360_h": 206,
                "thumb_480": "https:\/\/files.slack.com\/files-tmb\/TC0C1HURK-F014GVA5M0Q-577154a6c9\/cleanshot_2020-05-17_at_14.59.44_2x_480.png?t=xoxe-408409606869-1267807410853-1293019902560-8c9dc5fc58d3a65e0fe0837e69de048d",
                "thumb_480_w": 480,
                "thumb_480_h": 275,
                "thumb_160": "https:\/\/files.slack.com\/files-tmb\/TC0C1HURK-F014GVA5M0Q-577154a6c9\/cleanshot_2020-05-17_at_14.59.44_2x_160.png?t=xoxe-408409606869-1267807410853-1293019902560-8c9dc5fc58d3a65e0fe0837e69de048d",
                "original_w": 608,
                "original_h": 348,
                "thumb_tiny": "AwAbADDSJ9MUDB9KQtg9\/wAqN\/OOfyoAU57AUtM8we\/5Ub\/r+VAD6TvSBsnv+VLmgBCD2OKMH+8fyp1FADcH+8fypMN\/eP5U+igBoBHUk0tLRQB\/\/9k=",
                "permalink": "https:\/\/cube-js.slack.com\/files\/UJR7GK49H\/F014GVA5M0Q\/cleanshot_2020-05-17_at_14.59.44_2x.png",
                "permalink_public": "https:\/\/slack-files.com\/TC0C1HURK-F014GVA5M0Q-4111c8c6b9",
                "is_starred": false,
                "has_rich_preview": false
            }
        ],
        "upload": true,
        "blocks": [
            {
                "type": "rich_text",
                "block_id": "pQ3T9",
                "elements": [
                    {
                        "type": "rich_text_section",
                        "elements": [
                            {
                                "type": "text",
                                "text": "Hi, silly question. I'm following this tutorial ("
                            },
                            {
                                "type": "link",
                                "url": "https:\/\/react-dashboard.cube.dev\/overview-and-analytics-backend"
                            },
                            {
                                "type": "text",
                                "text": ") and I keep getting a Network request failed loading the schema."
                            }
                        ]
                    }
                ]
            }
        ],
        "user": "UJR7GK49H",
        "display_as_bot": false,
        "ts": "1589745632.307200",
        "client_msg_id": "6de21528-8bd9-49c6-952e-b3cfbeef2926",
        "thread_ts": "1589745632.307200",
        "reply_count": 1,
        "reply_users_count": 1,
        "latest_reply": "1589748228.307500",
        "reply_users": [
            "UJR7GK49H"
        ],
        "replies": [
            {
                "user": "UJR7GK49H",
                "ts": "1589748228.307500"
            }
        ],
        "subscribed": false
    },
    {
        "client_msg_id": "a626933a-d679-4f9b-9576-fd922081d0fc",
        "type": "message",
        "text": "45 minutes later... node 14.2.0 doesn't work. I've used homebrew to install `node@12` and all is well...",
        "user": "UJR7GK49H",
        "ts": "1589748228.307500",
        "team": "TC0C1HURK",
        "user_team": "TC0C1HURK",
        "source_team": "TC0C1HURK",
        "user_profile": {
            "avatar_hash": "g47c78374952",
            "image_72": "https:\/\/secure.gravatar.com\/avatar\/247c783749528c7b9646952a55f0f297.jpg?s=72&d=https%3A%2F%2Fa.slack-edge.com%2Fdf10d%2Fimg%2Favatars%2Fava_0001-72.png",
            "first_name": "",
            "real_name": "Joel Friedman",
            "display_name": "Joel Friedman",
            "team": "TC0C1HURK",
            "name": "joel",
            "is_restricted": false,
            "is_ultra_restricted": false
        },
        "blocks": [
            {
                "type": "rich_text",
                "block_id": "486qK",
                "elements": [
                    {
                        "type": "rich_text_section",
                        "elements": [
                            {
                                "type": "text",
                                "text": "45 minutes later... node 14.2.0 doesn't work. I've used homebrew to install "
                            },
                            {
                                "type": "text",
                                "text": "node@12",
                                "style": {
                                    "code": true
                                }
                            },
                            {
                                "type": "text",
                                "text": " and all is well..."
                            }
                        ]
                    }
                ]
            }
        ],
        "thread_ts": "1589745632.307200",
        "parent_user_id": "UJR7GK49H"
    },
    {
        "client_msg_id": "456034dc-e3f8-4325-bdbc-a4eb9370bba6",
        "type": "message",
        "text": "Hi guys, got a question, my cubejs query complains.\n\n*Error: Filter for partner is required*\n\nBut I definitely have have the field defined, see below.\n```cube(`MyDataset`, {\n  sql: `SELECT * FROM table where ${USER_CONTEXT.partner_name.requiredFilter('partner')} ` ,\n  dimensions: {\n    partner: {\n      sql: `${CUBE}.\\`Partner\\``,\n      type: `string`,\n    }\n}```",
        "user": "U013E9J3LDT",
        "ts": "1589771203.309800",
        "team": "TC0C1HURK",
        "user_team": "TC0C1HURK",
        "source_team": "TC0C1HURK",
        "user_profile": {
            "avatar_hash": "g1edef1be9af",
            "image_72": "https:\/\/secure.gravatar.com\/avatar\/1edef1be9af3a07a4c6709b11bb82593.jpg?s=72&d=https%3A%2F%2Fa.slack-edge.com%2Fdf10d%2Fimg%2Favatars%2Fava_0024-72.png",
            "first_name": "",
            "real_name": "Lihan",
            "display_name": "Lihan",
            "team": "TC0C1HURK",
            "name": "llihan673",
            "is_restricted": false,
            "is_ultra_restricted": false
        },
        "blocks": [
            {
                "type": "rich_text",
                "block_id": "1X7",
                "elements": [
                    {
                        "type": "rich_text_section",
                        "elements": [
                            {
                                "type": "text",
                                "text": "Hi guys, got a question, my cubejs query complains.\n\n"
                            },
                            {
                                "type": "text",
                                "text": "Error: Filter for partner is required",
                                "style": {
                                    "bold": true
                                }
                            },
                            {
                                "type": "text",
                                "text": "\n\nBut I definitely have have the field defined, see below.\n"
                            }
                        ]
                    },
                    {
                        "type": "rich_text_preformatted",
                        "elements": [
                            {
                                "type": "text",
                                "text": "cube(`MyDataset`, {\n  sql: `SELECT * FROM table where ${USER_CONTEXT.partner_name.requiredFilter('partner')} ` ,\n  dimensions: {\n    partner: {\n      sql: `${CUBE}.\\`Partner\\``,\n      type: `string`,\n    }\n}"
                            }
                        ]
                    }
                ]
            }
        ],
        "thread_ts": "1589771203.309800",
        "reply_count": 1,
        "reply_users_count": 1,
        "latest_reply": "1589945621.342300",
        "reply_users": [
            "UC19HAUAK"
        ],
        "replies": [
            {
                "user": "UC19HAUAK",
                "ts": "1589945621.342300"
            }
        ],
        "subscribed": false
    }
]