[
    {
        "type": "message",
        "subtype": "channel_join",
        "ts": "1593771506.363500",
        "user": "U015LJNDWMV",
        "text": "<@U015LJNDWMV> has joined the channel"
    },
    {
        "client_msg_id": "f0c95883-2e14-4ae9-9885-9144e25f0034",
        "type": "message",
        "text": "hi <@U01556W0JT0>! Sure, you can do that",
        "user": "U013J5CRRDW",
        "ts": "1593776157.363600",
        "team": "TC0C1HURK",
        "user_team": "TC0C1HURK",
        "source_team": "TC0C1HURK",
        "user_profile": {
            "avatar_hash": "759b4f7ce0bf",
            "image_72": "https:\/\/avatars.slack-edge.com\/2020-06-23\/1224215237280_759b4f7ce0bf4b291721_72.jpg",
            "first_name": "Alex",
            "real_name": "Alex Vasilev",
            "display_name": "Alex Vasilev",
            "team": "TC0C1HURK",
            "name": "vaspiring",
            "is_restricted": false,
            "is_ultra_restricted": false
        },
        "blocks": [
            {
                "type": "rich_text",
                "block_id": "\/WG",
                "elements": [
                    {
                        "type": "rich_text_section",
                        "elements": [
                            {
                                "type": "text",
                                "text": "hi "
                            },
                            {
                                "type": "user",
                                "user_id": "U01556W0JT0"
                            },
                            {
                                "type": "text",
                                "text": "! Sure, you can do that"
                            }
                        ]
                    }
                ]
            }
        ],
        "thread_ts": "1593725671.361500",
        "parent_user_id": "U01556W0JT0"
    },
    {
        "client_msg_id": "3f493ed8-3697-4325-a28e-604efc2574f1",
        "type": "message",
        "text": "hi <@U016B0X1S2W>! could you enable log tracing `CUBEJS_LOG_LEVEL=trace` and share the logs?",
        "user": "U013J5CRRDW",
        "ts": "1593778098.363800",
        "team": "TC0C1HURK",
        "user_team": "TC0C1HURK",
        "source_team": "TC0C1HURK",
        "user_profile": {
            "avatar_hash": "759b4f7ce0bf",
            "image_72": "https:\/\/avatars.slack-edge.com\/2020-06-23\/1224215237280_759b4f7ce0bf4b291721_72.jpg",
            "first_name": "Alex",
            "real_name": "Alex Vasilev",
            "display_name": "Alex Vasilev",
            "team": "TC0C1HURK",
            "name": "vaspiring",
            "is_restricted": false,
            "is_ultra_restricted": false
        },
        "blocks": [
            {
                "type": "rich_text",
                "block_id": "Mn1p",
                "elements": [
                    {
                        "type": "rich_text_section",
                        "elements": [
                            {
                                "type": "text",
                                "text": "hi "
                            },
                            {
                                "type": "user",
                                "user_id": "U016B0X1S2W"
                            },
                            {
                                "type": "text",
                                "text": "! could you enable log tracing "
                            },
                            {
                                "type": "text",
                                "text": "CUBEJS_LOG_LEVEL=trace",
                                "style": {
                                    "code": true
                                }
                            },
                            {
                                "type": "text",
                                "text": " and share the logs?"
                            }
                        ]
                    }
                ]
            }
        ],
        "thread_ts": "1593713902.355400",
        "parent_user_id": "U016B0X1S2W"
    },
    {
        "client_msg_id": "602dafd2-b347-4cea-95fe-dc919ae70ed0",
        "type": "message",
        "text": "hi <@UTX86JSMS>! I think you can pass your own `Transport` (eg: packages\/cubejs-client-core\/src\/HttpTransport.js) to `cubejs(url, { transport: YourTransport })` and tweak the fetch options according to your needs",
        "user": "U013J5CRRDW",
        "ts": "1593779443.364000",
        "team": "TC0C1HURK",
        "user_team": "TC0C1HURK",
        "source_team": "TC0C1HURK",
        "user_profile": {
            "avatar_hash": "759b4f7ce0bf",
            "image_72": "https:\/\/avatars.slack-edge.com\/2020-06-23\/1224215237280_759b4f7ce0bf4b291721_72.jpg",
            "first_name": "Alex",
            "real_name": "Alex Vasilev",
            "display_name": "Alex Vasilev",
            "team": "TC0C1HURK",
            "name": "vaspiring",
            "is_restricted": false,
            "is_ultra_restricted": false
        },
        "blocks": [
            {
                "type": "rich_text",
                "block_id": "AkMRF",
                "elements": [
                    {
                        "type": "rich_text_section",
                        "elements": [
                            {
                                "type": "text",
                                "text": "hi "
                            },
                            {
                                "type": "user",
                                "user_id": "UTX86JSMS"
                            },
                            {
                                "type": "text",
                                "text": "! I think you can pass your own "
                            },
                            {
                                "type": "text",
                                "text": "Transport",
                                "style": {
                                    "code": true
                                }
                            },
                            {
                                "type": "text",
                                "text": " (eg: packages\/cubejs-client-core\/src\/HttpTransport.js) to "
                            },
                            {
                                "type": "text",
                                "text": "cubejs(url, { transport: YourTransport })",
                                "style": {
                                    "code": true
                                }
                            },
                            {
                                "type": "text",
                                "text": " and tweak the fetch options according to your needs"
                            }
                        ]
                    }
                ]
            }
        ],
        "thread_ts": "1593723283.360600",
        "parent_user_id": "UTX86JSMS"
    },
    {
        "type": "message",
        "subtype": "channel_join",
        "ts": "1593783420.364300",
        "user": "U016HHRKWJE",
        "text": "<@U016HHRKWJE> has joined the channel"
    },
    {
        "client_msg_id": "969481d3-fdfa-4692-a6b5-2e90c6d36491",
        "type": "message",
        "text": "Hey guys, started working with cubejs yesterday and its being amazing but im stucked in something here... I want to show the evolution of a measure by month... but what im getting is the measure for each month and not the sum of the previous month with the next month. Not sure if it was well explained",
        "user": "U016HHRKWJE",
        "ts": "1593783686.366500",
        "team": "TC0C1HURK",
        "user_team": "TC0C1HURK",
        "source_team": "TC0C1HURK",
        "user_profile": {
            "avatar_hash": "gc2934361232",
            "image_72": "https:\/\/secure.gravatar.com\/avatar\/c29343612320a7aace9213499b1080ac.jpg?s=72&d=https%3A%2F%2Fa.slack-edge.com%2Fdf10d%2Fimg%2Favatars%2Fava_0006-72.png",
            "first_name": "",
            "real_name": "Caique Porfirio",
            "display_name": "Caique Porfirio",
            "team": "TC0C1HURK",
            "name": "caique.porfirio",
            "is_restricted": false,
            "is_ultra_restricted": false
        },
        "blocks": [
            {
                "type": "rich_text",
                "block_id": "Rtjo",
                "elements": [
                    {
                        "type": "rich_text_section",
                        "elements": [
                            {
                                "type": "text",
                                "text": "Hey guys, started working with cubejs yesterday and its being amazing but im stucked in something here... I want to show the evolution of a measure by month... but what im getting is the measure for each month and not the sum of the previous month with the next month. Not sure if it was well explained"
                            }
                        ]
                    }
                ]
            }
        ],
        "thread_ts": "1593783686.366500",
        "reply_count": 2,
        "reply_users_count": 2,
        "latest_reply": "1593825972.369900",
        "reply_users": [
            "UC19HAUAK",
            "U016HHRKWJE"
        ],
        "replies": [
            {
                "user": "UC19HAUAK",
                "ts": "1593809654.369700"
            },
            {
                "user": "U016HHRKWJE",
                "ts": "1593825972.369900"
            }
        ],
        "subscribed": false
    },
    {
        "type": "message",
        "text": "Like in this month the quantity was nine",
        "files": [
            {
                "id": "F016HQ637SP",
                "created": 1593783737,
                "timestamp": 1593783737,
                "name": "image.png",
                "title": "image.png",
                "mimetype": "image\/png",
                "filetype": "png",
                "pretty_type": "PNG",
                "user": "U016HHRKWJE",
                "editable": false,
                "size": 18220,
                "mode": "hosted",
                "is_external": false,
                "external_type": "",
                "is_public": true,
                "public_url_shared": false,
                "display_as_bot": false,
                "username": "",
                "url_private": "https:\/\/files.slack.com\/files-pri\/TC0C1HURK-F016HQ637SP\/image.png?t=xoxe-408409606869-1267807410853-1293019902560-8c9dc5fc58d3a65e0fe0837e69de048d",
                "url_private_download": "https:\/\/files.slack.com\/files-pri\/TC0C1HURK-F016HQ637SP\/download\/image.png?t=xoxe-408409606869-1267807410853-1293019902560-8c9dc5fc58d3a65e0fe0837e69de048d",
                "thumb_64": "https:\/\/files.slack.com\/files-tmb\/TC0C1HURK-F016HQ637SP-669d1859ca\/image_64.png?t=xoxe-408409606869-1267807410853-1293019902560-8c9dc5fc58d3a65e0fe0837e69de048d",
                "thumb_80": "https:\/\/files.slack.com\/files-tmb\/TC0C1HURK-F016HQ637SP-669d1859ca\/image_80.png?t=xoxe-408409606869-1267807410853-1293019902560-8c9dc5fc58d3a65e0fe0837e69de048d",
                "thumb_360": "https:\/\/files.slack.com\/files-tmb\/TC0C1HURK-F016HQ637SP-669d1859ca\/image_360.png?t=xoxe-408409606869-1267807410853-1293019902560-8c9dc5fc58d3a65e0fe0837e69de048d",
                "thumb_360_w": 360,
                "thumb_360_h": 218,
                "thumb_480": "https:\/\/files.slack.com\/files-tmb\/TC0C1HURK-F016HQ637SP-669d1859ca\/image_480.png?t=xoxe-408409606869-1267807410853-1293019902560-8c9dc5fc58d3a65e0fe0837e69de048d",
                "thumb_480_w": 480,
                "thumb_480_h": 291,
                "thumb_160": "https:\/\/files.slack.com\/files-tmb\/TC0C1HURK-F016HQ637SP-669d1859ca\/image_160.png?t=xoxe-408409606869-1267807410853-1293019902560-8c9dc5fc58d3a65e0fe0837e69de048d",
                "original_w": 629,
                "original_h": 381,
                "thumb_tiny": "AwAdADDRbI53HFABIB3GiT7ppV+6PpQAo6dc0UUjfdP0oAUc9KKjhYbAvoKepDDI6U2rAJJ9w0mRlR\/ep9JgelIA20yViMAHqeafgUbR6U0BDD1P+6Kkh\/1Yp20elAAB4FNu4kj\/2Q==",
                "permalink": "https:\/\/cube-js.slack.com\/files\/U016HHRKWJE\/F016HQ637SP\/image.png",
                "permalink_public": "https:\/\/slack-files.com\/TC0C1HURK-F016HQ637SP-7d788314ef",
                "is_starred": false,
                "has_rich_preview": false
            }
        ],
        "upload": false,
        "blocks": [
            {
                "type": "rich_text",
                "block_id": "kHzLC",
                "elements": [
                    {
                        "type": "rich_text_section",
                        "elements": [
                            {
                                "type": "text",
                                "text": "Like in this month the quantity was nine"
                            }
                        ]
                    }
                ]
            }
        ],
        "user": "U016HHRKWJE",
        "display_as_bot": false,
        "ts": "1593783750.366800"
    },
    {
        "type": "message",
        "text": "in the next it should be 6+9 from the previous",
        "files": [
            {
                "id": "F0177D8JESC",
                "created": 1593783765,
                "timestamp": 1593783765,
                "name": "image.png",
                "title": "image.png",
                "mimetype": "image\/png",
                "filetype": "png",
                "pretty_type": "PNG",
                "user": "U016HHRKWJE",
                "editable": false,
                "size": 18880,
                "mode": "hosted",
                "is_external": false,
                "external_type": "",
                "is_public": true,
                "public_url_shared": false,
                "display_as_bot": false,
                "username": "",
                "url_private": "https:\/\/files.slack.com\/files-pri\/TC0C1HURK-F0177D8JESC\/image.png?t=xoxe-408409606869-1267807410853-1293019902560-8c9dc5fc58d3a65e0fe0837e69de048d",
                "url_private_download": "https:\/\/files.slack.com\/files-pri\/TC0C1HURK-F0177D8JESC\/download\/image.png?t=xoxe-408409606869-1267807410853-1293019902560-8c9dc5fc58d3a65e0fe0837e69de048d",
                "thumb_64": "https:\/\/files.slack.com\/files-tmb\/TC0C1HURK-F0177D8JESC-eb26f53588\/image_64.png?t=xoxe-408409606869-1267807410853-1293019902560-8c9dc5fc58d3a65e0fe0837e69de048d",
                "thumb_80": "https:\/\/files.slack.com\/files-tmb\/TC0C1HURK-F0177D8JESC-eb26f53588\/image_80.png?t=xoxe-408409606869-1267807410853-1293019902560-8c9dc5fc58d3a65e0fe0837e69de048d",
                "thumb_360": "https:\/\/files.slack.com\/files-tmb\/TC0C1HURK-F0177D8JESC-eb26f53588\/image_360.png?t=xoxe-408409606869-1267807410853-1293019902560-8c9dc5fc58d3a65e0fe0837e69de048d",
                "thumb_360_w": 360,
                "thumb_360_h": 218,
                "thumb_480": "https:\/\/files.slack.com\/files-tmb\/TC0C1HURK-F0177D8JESC-eb26f53588\/image_480.png?t=xoxe-408409606869-1267807410853-1293019902560-8c9dc5fc58d3a65e0fe0837e69de048d",
                "thumb_480_w": 480,
                "thumb_480_h": 291,
                "thumb_160": "https:\/\/files.slack.com\/files-tmb\/TC0C1HURK-F0177D8JESC-eb26f53588\/image_160.png?t=xoxe-408409606869-1267807410853-1293019902560-8c9dc5fc58d3a65e0fe0837e69de048d",
                "original_w": 628,
                "original_h": 381,
                "thumb_tiny": "AwAdADDRIOev6Uh4xyefYU89KZJ\/D9aAHAY680uKKKAAYPTFGKjiOPlIOeTTwwYcU2hA33T9KjByiE81LSYHpSGG0U1iEGf5U7Ao2j0oAjVg0ufali+6fqaftHpRgA9KbYrH\/9k=",
                "permalink": "https:\/\/cube-js.slack.com\/files\/U016HHRKWJE\/F0177D8JESC\/image.png",
                "permalink_public": "https:\/\/slack-files.com\/TC0C1HURK-F0177D8JESC-215f951036",
                "is_starred": false,
                "has_rich_preview": false
            }
        ],
        "upload": false,
        "blocks": [
            {
                "type": "rich_text",
                "block_id": "5RMn",
                "elements": [
                    {
                        "type": "rich_text_section",
                        "elements": [
                            {
                                "type": "text",
                                "text": "in the next it should be 6+9 from the previous"
                            }
                        ]
                    }
                ]
            }
        ],
        "user": "U016HHRKWJE",
        "display_as_bot": false,
        "ts": "1593783777.367400"
    },
    {
        "client_msg_id": "755f06a3-54a8-4fd5-85d3-337057dabc48",
        "type": "message",
        "text": "anyone know how to do that?",
        "user": "U016HHRKWJE",
        "ts": "1593783789.367900",
        "team": "TC0C1HURK",
        "user_team": "TC0C1HURK",
        "source_team": "TC0C1HURK",
        "user_profile": {
            "avatar_hash": "gc2934361232",
            "image_72": "https:\/\/secure.gravatar.com\/avatar\/c29343612320a7aace9213499b1080ac.jpg?s=72&d=https%3A%2F%2Fa.slack-edge.com%2Fdf10d%2Fimg%2Favatars%2Fava_0006-72.png",
            "first_name": "",
            "real_name": "Caique Porfirio",
            "display_name": "Caique Porfirio",
            "team": "TC0C1HURK",
            "name": "caique.porfirio",
            "is_restricted": false,
            "is_ultra_restricted": false
        },
        "blocks": [
            {
                "type": "rich_text",
                "block_id": "YzO",
                "elements": [
                    {
                        "type": "rich_text_section",
                        "elements": [
                            {
                                "type": "text",
                                "text": "anyone know how to do that?"
                            }
                        ]
                    }
                ]
            }
        ]
    },
    {
        "client_msg_id": "b3197135-52ad-4eef-a801-9e6557b7f6ad",
        "type": "message",
        "text": "~Thanks Alex, I’ll give this a try.~ Unfortunately, this doesn’t work in our case. Rather than having a JWT to attach, we’ve got session cookies that we need to pass over, and you can’t just attach them this way. The browser needs the `credentials` setting to attach the cookie for us.",
        "user": "UTX86JSMS",
        "ts": "1593787881.368000",
        "team": "TC0C1HURK",
        "user_team": "TC0C1HURK",
        "source_team": "TC0C1HURK",
        "user_profile": {
            "avatar_hash": "g815b03d1f72",
            "image_72": "https:\/\/secure.gravatar.com\/avatar\/815b03d1f725553a8cd97a14489bfed9.jpg?s=72&d=https%3A%2F%2Fa.slack-edge.com%2Fdf10d%2Fimg%2Favatars%2Fava_0001-72.png",
            "first_name": "",
            "real_name": "Cole Fichter",
            "display_name": "Cole Fichter",
            "team": "TC0C1HURK",
            "name": "cole.f",
            "is_restricted": false,
            "is_ultra_restricted": false
        },
        "edited": {
            "user": "UTX86JSMS",
            "ts": "1593789299.000000"
        },
        "blocks": [
            {
                "type": "rich_text",
                "block_id": "eab6G",
                "elements": [
                    {
                        "type": "rich_text_section",
                        "elements": [
                            {
                                "type": "text",
                                "text": "Thanks Alex, I’ll give this a try.",
                                "style": {
                                    "strike": true
                                }
                            },
                            {
                                "type": "text",
                                "text": " Unfortunately, this doesn’t work in our case. Rather than having a JWT to attach, we’ve got session cookies that we need to pass over, and you can’t just attach them this way. The browser needs the "
                            },
                            {
                                "type": "text",
                                "text": "credentials",
                                "style": {
                                    "code": true
                                }
                            },
                            {
                                "type": "text",
                                "text": " setting to attach the cookie for us."
                            }
                        ]
                    }
                ]
            }
        ],
        "thread_ts": "1593723283.360600",
        "parent_user_id": "UTX86JSMS"
    },
    {
        "client_msg_id": "4a5dd269-7b0d-4602-8a2b-4d00e537ed6e",
        "type": "message",
        "text": "Is it possible to get the total # of rows on a cube after you’ve already grouped a measure by a dimension?\n\nE.X\n```{\n  \"measures\": [\n    \"Project.count\"\n  ],\n  \"timeDimensions\": [],\n  \"dimensions\": [\n    \"Project.name\"\n  ],\n  \"filters\": []\n}```\nLet’s say I have this query, now count is grouped by name. I’d like to add an additional measure to see what % of the total projects each name has. But I can’t do that because any calculation involving `project.count` is now grouped by row, and isn’t the total # of rows from the table anymore",
        "user": "UT558G868",
        "ts": "1593788256.368900",
        "team": "TC0C1HURK",
        "user_team": "TC0C1HURK",
        "source_team": "TC0C1HURK",
        "user_profile": {
            "avatar_hash": "g1868dbc79ce",
            "image_72": "https:\/\/secure.gravatar.com\/avatar\/1868dbc79ce0c0049480bce877f697e5.jpg?s=72&d=https%3A%2F%2Fa.slack-edge.com%2Fdf10d%2Fimg%2Favatars%2Fava_0008-72.png",
            "first_name": "",
            "real_name": "Gideon",
            "display_name": "Gideon",
            "team": "TC0C1HURK",
            "name": "gfeldberg",
            "is_restricted": false,
            "is_ultra_restricted": false
        },
        "edited": {
            "user": "UT558G868",
            "ts": "1593788325.000000"
        },
        "blocks": [
            {
                "type": "rich_text",
                "block_id": "ABN",
                "elements": [
                    {
                        "type": "rich_text_section",
                        "elements": [
                            {
                                "type": "text",
                                "text": "Is it possible to get the total # of rows on a cube after you’ve already grouped a measure by a dimension?\n\nE.X\n"
                            }
                        ]
                    },
                    {
                        "type": "rich_text_preformatted",
                        "elements": [
                            {
                                "type": "text",
                                "text": "{\n  \"measures\": [\n    \"Project.count\"\n  ],\n  \"timeDimensions\": [],\n  \"dimensions\": [\n    \"Project.name\"\n  ],\n  \"filters\": []\n}"
                            }
                        ]
                    },
                    {
                        "type": "rich_text_section",
                        "elements": [
                            {
                                "type": "text",
                                "text": "Let’s say I have this query, now count is grouped by name. I’d like to add an additional measure to see what % of the total projects each name has. But I can’t do that because any calculation involving "
                            },
                            {
                                "type": "text",
                                "text": "project.count",
                                "style": {
                                    "code": true
                                }
                            },
                            {
                                "type": "text",
                                "text": " is now grouped by row, and isn’t the total # of rows from the table anymore"
                            }
                        ]
                    }
                ]
            }
        ],
        "thread_ts": "1593788256.368900",
        "reply_count": 3,
        "reply_users_count": 2,
        "latest_reply": "1594042220.372300",
        "reply_users": [
            "UT558G868",
            "UC19HAUAK"
        ],
        "replies": [
            {
                "user": "UT558G868",
                "ts": "1594011163.371700"
            },
            {
                "user": "UC19HAUAK",
                "ts": "1594012532.371900"
            },
            {
                "user": "UT558G868",
                "ts": "1594042220.372300"
            }
        ],
        "subscribed": true,
        "last_read": "1594049239.469154"
    },
    {
        "type": "message",
        "subtype": "channel_join",
        "ts": "1593789307.369300",
        "user": "U01630S8WGP",
        "text": "<@U01630S8WGP> has joined the channel"
    },
    {
        "client_msg_id": "d5fbc75c-b01f-4747-9b8f-ebe258829bce",
        "type": "message",
        "text": "<@UC19HAUAK> I had some trouble with the build process and pushing a branch, so this is kind of hacky, but I’ve created an issue and attached a zipped patch file that should solve our problem here. Can you have a quick peek when you’ve got a moment and let me know if this is something that you’d be comfortable adding into the cube client? Thanks! <https:\/\/github.com\/cube-js\/cube.js\/issues\/788>",
        "user": "UTX86JSMS",
        "ts": "1593793710.369400",
        "team": "TC0C1HURK",
        "user_team": "TC0C1HURK",
        "source_team": "TC0C1HURK",
        "user_profile": {
            "avatar_hash": "g815b03d1f72",
            "image_72": "https:\/\/secure.gravatar.com\/avatar\/815b03d1f725553a8cd97a14489bfed9.jpg?s=72&d=https%3A%2F%2Fa.slack-edge.com%2Fdf10d%2Fimg%2Favatars%2Fava_0001-72.png",
            "first_name": "",
            "real_name": "Cole Fichter",
            "display_name": "Cole Fichter",
            "team": "TC0C1HURK",
            "name": "cole.f",
            "is_restricted": false,
            "is_ultra_restricted": false
        },
        "attachments": [
            {
                "service_name": "GitHub",
                "title": "Adjust Cube.js Client to support the Fetch API 'credentials' option · Issue #788 · cube-js\/cube.js",
                "title_link": "https:\/\/github.com\/cube-js\/cube.js\/issues\/788",
                "text": "Is your feature request related to a problem? Please describe. The Fetch API supports a credentials option to control the session cookies sent along with a request. By adjusting the Cube.js Client ...",
                "fallback": "GitHub: Adjust Cube.js Client to support the Fetch API 'credentials' option · Issue #788 · cube-js\/cube.js",
                "from_url": "https:\/\/github.com\/cube-js\/cube.js\/issues\/788",
                "thumb_url": "https:\/\/repository-images.githubusercontent.com\/149026292\/33deb000-42b4-11ea-8f24-e112f465ddf1",
                "thumb_width": 658,
                "thumb_height": 250,
                "service_icon": "https:\/\/a.slack-edge.com\/80588\/img\/unfurl_icons\/github.png",
                "id": 1,
                "original_url": "https:\/\/github.com\/cube-js\/cube.js\/issues\/788"
            }
        ],
        "blocks": [
            {
                "type": "rich_text",
                "block_id": "yYk",
                "elements": [
                    {
                        "type": "rich_text_section",
                        "elements": [
                            {
                                "type": "user",
                                "user_id": "UC19HAUAK"
                            },
                            {
                                "type": "text",
                                "text": " I had some trouble with the build process and pushing a branch, so this is kind of hacky, but I’ve created an issue and attached a zipped patch file that should solve our problem here. Can you have a quick peek when you’ve got a moment and let me know if this is something that you’d be comfortable adding into the cube client? Thanks! "
                            },
                            {
                                "type": "link",
                                "url": "https:\/\/github.com\/cube-js\/cube.js\/issues\/788"
                            }
                        ]
                    }
                ]
            }
        ],
        "thread_ts": "1593723283.360600",
        "parent_user_id": "UTX86JSMS"
    },
    {
        "client_msg_id": "b93146a5-e2eb-4119-bcd4-f9220bfc4419",
        "type": "message",
        "text": "Hey <@U016HHRKWJE>! I believe you're looking for <https:\/\/cube.dev\/docs\/measures#parameters-rolling-window>",
        "user": "UC19HAUAK",
        "ts": "1593809654.369700",
        "team": "TC0C1HURK",
        "user_team": "TC0C1HURK",
        "source_team": "TC0C1HURK",
        "user_profile": {
            "avatar_hash": "066a042e018c",
            "image_72": "https:\/\/avatars.slack-edge.com\/2019-12-07\/866588520998_066a042e018ca831a195_72.png",
            "first_name": "Pavel",
            "real_name": "Pavel Tiunov",
            "display_name": "pavel",
            "team": "TC0C1HURK",
            "name": "pavel",
            "is_restricted": false,
            "is_ultra_restricted": false
        },
        "blocks": [
            {
                "type": "rich_text",
                "block_id": "MqnA",
                "elements": [
                    {
                        "type": "rich_text_section",
                        "elements": [
                            {
                                "type": "text",
                                "text": "Hey "
                            },
                            {
                                "type": "user",
                                "user_id": "U016HHRKWJE"
                            },
                            {
                                "type": "text",
                                "text": "! I believe you're looking for "
                            },
                            {
                                "type": "link",
                                "url": "https:\/\/cube.dev\/docs\/measures#parameters-rolling-window"
                            }
                        ]
                    }
                ]
            }
        ],
        "thread_ts": "1593783686.366500",
        "parent_user_id": "U016HHRKWJE"
    },
    {
        "client_msg_id": "7d596ea6-18dd-40f1-94d9-45965a8b3098",
        "type": "message",
        "text": "Exactly that, thank you",
        "user": "U016HHRKWJE",
        "ts": "1593825972.369900",
        "team": "TC0C1HURK",
        "user_team": "TC0C1HURK",
        "source_team": "TC0C1HURK",
        "user_profile": {
            "avatar_hash": "gc2934361232",
            "image_72": "https:\/\/secure.gravatar.com\/avatar\/c29343612320a7aace9213499b1080ac.jpg?s=72&d=https%3A%2F%2Fa.slack-edge.com%2Fdf10d%2Fimg%2Favatars%2Fava_0006-72.png",
            "first_name": "",
            "real_name": "Caique Porfirio",
            "display_name": "Caique Porfirio",
            "team": "TC0C1HURK",
            "name": "caique.porfirio",
            "is_restricted": false,
            "is_ultra_restricted": false
        },
        "blocks": [
            {
                "type": "rich_text",
                "block_id": "djl8",
                "elements": [
                    {
                        "type": "rich_text_section",
                        "elements": [
                            {
                                "type": "text",
                                "text": "Exactly that, thank you"
                            }
                        ]
                    }
                ]
            }
        ],
        "thread_ts": "1593783686.366500",
        "parent_user_id": "U016HHRKWJE"
    }
]