[
    {
        "type": "message",
        "subtype": "channel_join",
        "ts": "1588578506.145700",
        "user": "U013C2TNWLR",
        "text": "<@U013C2TNWLR> has joined the channel"
    },
    {
        "client_msg_id": "47cdf77b-7827-4b7c-bb12-7d0acc59d001",
        "type": "message",
        "text": "Hello!\n\nI have subscribe logic like this (React)\n```const cubejsApi = useSelector(getCubejsApiUrl);\nconst subscribe = useSelector(getSubscribe); \/\/ boolean\nconst { resultSet, error, isLoading } = useCubeQuery(query, {\n  cubejsApi,\n  subscribe,\n});```\nBut it seems that `subscribe` isn't updated dynamically for the `useCubeQuery` if the value is changed and I have to reload the page to update the `subscribe` . Can that be implemented somehow so that I don't need to reload the page?",
        "user": "USVCEA96F",
        "ts": "1588588934.148100",
        "team": "TC0C1HURK",
        "user_team": "TC0C1HURK",
        "source_team": "TC0C1HURK",
        "user_profile": {
            "avatar_hash": "4937c714c843",
            "image_72": "https:\/\/avatars.slack-edge.com\/2020-01-29\/926690519808_4937c714c84306ede884_72.jpg",
            "first_name": "Janne",
            "real_name": "Janne Saarela",
            "display_name": "janne",
            "team": "TC0C1HURK",
            "name": "janne",
            "is_restricted": false,
            "is_ultra_restricted": false
        },
        "blocks": [
            {
                "type": "rich_text",
                "block_id": "4XKF",
                "elements": [
                    {
                        "type": "rich_text_section",
                        "elements": [
                            {
                                "type": "text",
                                "text": "Hello!\n\nI have subscribe logic like this (React)\n"
                            }
                        ]
                    },
                    {
                        "type": "rich_text_preformatted",
                        "elements": [
                            {
                                "type": "text",
                                "text": "const cubejsApi = useSelector(getCubejsApiUrl);\nconst subscribe = useSelector(getSubscribe); \/\/ boolean\nconst { resultSet, error, isLoading } = useCubeQuery(query, {\n  cubejsApi,\n  subscribe,\n});"
                            }
                        ]
                    },
                    {
                        "type": "rich_text_section",
                        "elements": [
                            {
                                "type": "text",
                                "text": "But it seems that "
                            },
                            {
                                "type": "text",
                                "text": "subscribe",
                                "style": {
                                    "code": true
                                }
                            },
                            {
                                "type": "text",
                                "text": " isn't updated dynamically for the "
                            },
                            {
                                "type": "text",
                                "text": "useCubeQuery",
                                "style": {
                                    "code": true
                                }
                            },
                            {
                                "type": "text",
                                "text": " if the value is changed and I have to reload the page to update the "
                            },
                            {
                                "type": "text",
                                "text": "subscribe",
                                "style": {
                                    "code": true
                                }
                            },
                            {
                                "type": "text",
                                "text": " . Can that be implemented somehow so that I don't need to reload the page?"
                            }
                        ]
                    }
                ]
            }
        ],
        "thread_ts": "1588588934.148100",
        "reply_count": 2,
        "reply_users_count": 2,
        "latest_reply": "1588616220.149400",
        "reply_users": [
            "U013J5CRRDW",
            "USVCEA96F"
        ],
        "replies": [
            {
                "user": "U013J5CRRDW",
                "ts": "1588596418.148200"
            },
            {
                "user": "USVCEA96F",
                "ts": "1588616220.149400"
            }
        ],
        "subscribed": false
    },
    {
        "client_msg_id": "ada46c56-e63b-4612-9ea5-51883725344a",
        "type": "message",
        "text": "hey! you're right. I can see that `options.subscribe` isn't passed as a dependency here `packages\/cubejs-client-react\/src\/useCubeQuery.js:68` I guess this should be fixed\n\nAs I hacky workaround you can try to modify the `query` based on the flag (subscribe)  in a way that it doesn't change the response",
        "user": "U013J5CRRDW",
        "ts": "1588596418.148200",
        "team": "TC0C1HURK",
        "user_team": "TC0C1HURK",
        "source_team": "TC0C1HURK",
        "user_profile": {
            "avatar_hash": "759b4f7ce0bf",
            "image_72": "https:\/\/avatars.slack-edge.com\/2020-06-23\/1224215237280_759b4f7ce0bf4b291721_72.jpg",
            "first_name": "Alex",
            "real_name": "Alex Vasilev",
            "display_name": "Alex Vasilev",
            "team": "TC0C1HURK",
            "name": "vaspiring",
            "is_restricted": false,
            "is_ultra_restricted": false
        },
        "blocks": [
            {
                "type": "rich_text",
                "block_id": "WvQ3F",
                "elements": [
                    {
                        "type": "rich_text_section",
                        "elements": [
                            {
                                "type": "text",
                                "text": "hey! you're right. I can see that "
                            },
                            {
                                "type": "text",
                                "text": "options.subscribe",
                                "style": {
                                    "code": true
                                }
                            },
                            {
                                "type": "text",
                                "text": " isn't passed as a dependency here "
                            },
                            {
                                "type": "text",
                                "text": "packages\/cubejs-client-react\/src\/useCubeQuery.js:68",
                                "style": {
                                    "code": true
                                }
                            },
                            {
                                "type": "text",
                                "text": " I guess this should be fixed\n\nAs I hacky workaround you can try to modify the "
                            },
                            {
                                "type": "text",
                                "text": "query",
                                "style": {
                                    "code": true
                                }
                            },
                            {
                                "type": "text",
                                "text": " based on the flag (subscribe)  in a way that it doesn't change the response"
                            }
                        ]
                    }
                ]
            }
        ],
        "thread_ts": "1588588934.148100",
        "parent_user_id": "USVCEA96F"
    },
    {
        "type": "message",
        "subtype": "channel_join",
        "ts": "1588597652.148500",
        "user": "U012T8WTEFQ",
        "text": "<@U012T8WTEFQ> has joined the channel"
    },
    {
        "client_msg_id": "5985600d-fe0d-4e84-b774-7d832e5d5f17",
        "type": "message",
        "text": "<@U013J5CRRDW> I went into more detail here <https:\/\/cube-js.slack.com\/archives\/CC0403RRR\/p1588286109093800> but I am trying to just create a history graph for values that change over time, but I'm not sure an aggregation is necessary for that and the default measures\/dimensions aren't grouping the points correctly",
        "user": "U0127E76EAD",
        "ts": "1588613992.148600",
        "team": "TC0C1HURK",
        "user_team": "TC0C1HURK",
        "source_team": "TC0C1HURK",
        "user_profile": {
            "avatar_hash": "gbd4dfb76ec8",
            "image_72": "https:\/\/secure.gravatar.com\/avatar\/bd4dfb76ec897814f547e8ae5da5719d.jpg?s=72&d=https%3A%2F%2Fa.slack-edge.com%2Fdf10d%2Fimg%2Favatars%2Fava_0004-72.png",
            "first_name": "",
            "real_name": "Jesse Holden",
            "display_name": "Jesse Holden",
            "team": "TC0C1HURK",
            "name": "jesse",
            "is_restricted": false,
            "is_ultra_restricted": false
        },
        "attachments": [
            {
                "from_url": "https:\/\/cube-js.slack.com\/archives\/CC0403RRR\/p1588286109093800",
                "fallback": "[April 30th, 2020 3:35 PM] jesse: Hey there looking for help generating the query for the type of graph I'm trying to produce. I have here in table view the dimensions I am trying to graph, but when I switch to line graph it is not presenting how I need it",
                "ts": "1588286109.093800",
                "author_id": "U0127E76EAD",
                "author_subname": "Jesse Holden",
                "channel_id": "CC0403RRR",
                "channel_name": "general",
                "is_msg_unfurl": true,
                "is_thread_root_unfurl": true,
                "text": "Hey there looking for help generating the query for the type of graph I'm trying to produce. I have here in table view the dimensions I am trying to graph, but when I switch to line graph it is not presenting how I need it",
                "author_name": "Jesse Holden",
                "author_link": "https:\/\/cube-js.slack.com\/team\/U0127E76EAD",
                "author_icon": "https:\/\/secure.gravatar.com\/avatar\/bd4dfb76ec897814f547e8ae5da5719d.jpg?s=48&d=https%3A%2F%2Fa.slack-edge.com%2Fdf10d%2Fimg%2Favatars%2Fava_0004-48.png",
                "mrkdwn_in": [
                    "text"
                ],
                "files": [
                    {
                        "id": "F012F04FK3R",
                        "created": 1588286107,
                        "timestamp": 1588286107,
                        "name": "image.png",
                        "title": "image.png",
                        "mimetype": "image\/png",
                        "filetype": "png",
                        "pretty_type": "PNG",
                        "user": "U0127E76EAD",
                        "editable": false,
                        "size": 84713,
                        "mode": "hosted",
                        "is_external": false,
                        "external_type": "",
                        "is_public": true,
                        "public_url_shared": false,
                        "display_as_bot": false,
                        "username": "",
                        "url_private": "https:\/\/files.slack.com\/files-pri\/TC0C1HURK-F012F04FK3R\/image.png",
                        "url_private_download": "https:\/\/files.slack.com\/files-pri\/TC0C1HURK-F012F04FK3R\/download\/image.png",
                        "thumb_64": "https:\/\/files.slack.com\/files-tmb\/TC0C1HURK-F012F04FK3R-35fbe141a5\/image_64.png",
                        "thumb_80": "https:\/\/files.slack.com\/files-tmb\/TC0C1HURK-F012F04FK3R-35fbe141a5\/image_80.png",
                        "thumb_360": "https:\/\/files.slack.com\/files-tmb\/TC0C1HURK-F012F04FK3R-35fbe141a5\/image_360.png",
                        "thumb_360_w": 360,
                        "thumb_360_h": 169,
                        "thumb_480": "https:\/\/files.slack.com\/files-tmb\/TC0C1HURK-F012F04FK3R-35fbe141a5\/image_480.png",
                        "thumb_480_w": 480,
                        "thumb_480_h": 225,
                        "thumb_160": "https:\/\/files.slack.com\/files-tmb\/TC0C1HURK-F012F04FK3R-35fbe141a5\/image_160.png",
                        "thumb_720": "https:\/\/files.slack.com\/files-tmb\/TC0C1HURK-F012F04FK3R-35fbe141a5\/image_720.png",
                        "thumb_720_w": 720,
                        "thumb_720_h": 338,
                        "thumb_800": "https:\/\/files.slack.com\/files-tmb\/TC0C1HURK-F012F04FK3R-35fbe141a5\/image_800.png",
                        "thumb_800_w": 800,
                        "thumb_800_h": 376,
                        "thumb_960": "https:\/\/files.slack.com\/files-tmb\/TC0C1HURK-F012F04FK3R-35fbe141a5\/image_960.png",
                        "thumb_960_w": 960,
                        "thumb_960_h": 451,
                        "thumb_1024": "https:\/\/files.slack.com\/files-tmb\/TC0C1HURK-F012F04FK3R-35fbe141a5\/image_1024.png",
                        "thumb_1024_w": 1024,
                        "thumb_1024_h": 481,
                        "original_w": 1557,
                        "original_h": 731,
                        "thumb_tiny": "AwAWADDSCj0owKKWgBMUYFLSCgAwKMClooASlopKAFpKKWgAopKKAP\/Z",
                        "permalink": "https:\/\/cube-js.slack.com\/files\/U0127E76EAD\/F012F04FK3R\/image.png",
                        "permalink_public": "https:\/\/slack-files.com\/TC0C1HURK-F012F04FK3R-19b2c56fad",
                        "has_rich_preview": false
                    }
                ],
                "id": 1,
                "original_url": "https:\/\/cube-js.slack.com\/archives\/CC0403RRR\/p1588286109093800",
                "footer": "Thread in #general"
            }
        ],
        "blocks": [
            {
                "type": "rich_text",
                "block_id": "fPIkG",
                "elements": [
                    {
                        "type": "rich_text_section",
                        "elements": [
                            {
                                "type": "user",
                                "user_id": "U013J5CRRDW"
                            },
                            {
                                "type": "text",
                                "text": " I went into more detail here "
                            },
                            {
                                "type": "link",
                                "url": "https:\/\/cube-js.slack.com\/archives\/CC0403RRR\/p1588286109093800"
                            },
                            {
                                "type": "text",
                                "text": " but I am trying to just create a history graph for values that change over time, but I'm not sure an aggregation is necessary for that and the default measures\/dimensions aren't grouping the points correctly"
                            }
                        ]
                    }
                ]
            }
        ],
        "thread_ts": "1588354458.123600",
        "parent_user_id": "U0127E76EAD"
    },
    {
        "client_msg_id": "E7E71EB9-A30E-4C24-9D77-64C7C04DE6CE",
        "type": "message",
        "text": "Alright, thank you :+1:",
        "user": "USVCEA96F",
        "ts": "1588616220.149400",
        "team": "TC0C1HURK",
        "user_team": "TC0C1HURK",
        "source_team": "TC0C1HURK",
        "user_profile": {
            "avatar_hash": "4937c714c843",
            "image_72": "https:\/\/avatars.slack-edge.com\/2020-01-29\/926690519808_4937c714c84306ede884_72.jpg",
            "first_name": "Janne",
            "real_name": "Janne Saarela",
            "display_name": "janne",
            "team": "TC0C1HURK",
            "name": "janne",
            "is_restricted": false,
            "is_ultra_restricted": false
        },
        "blocks": [
            {
                "type": "rich_text",
                "block_id": "5rEU=",
                "elements": [
                    {
                        "type": "rich_text_section",
                        "elements": [
                            {
                                "type": "text",
                                "text": "Alright, thank you "
                            },
                            {
                                "type": "emoji",
                                "name": "+1"
                            }
                        ]
                    }
                ]
            }
        ],
        "thread_ts": "1588588934.148100",
        "parent_user_id": "USVCEA96F"
    },
    {
        "client_msg_id": "993db996-ab8b-4ed2-bb92-84f404bb78cd",
        "type": "message",
        "text": "I believe, if you want to make a line graph you need to use `avg` (or maybe `min`\/`max` depending on what you want to display). Because grouping is done by time period (let's say by day) it may happen that you'll have more than one `value` for a specific kpi for that period.",
        "user": "U013J5CRRDW",
        "ts": "1588619445.149600",
        "team": "TC0C1HURK",
        "user_team": "TC0C1HURK",
        "source_team": "TC0C1HURK",
        "user_profile": {
            "avatar_hash": "759b4f7ce0bf",
            "image_72": "https:\/\/avatars.slack-edge.com\/2020-06-23\/1224215237280_759b4f7ce0bf4b291721_72.jpg",
            "first_name": "Alex",
            "real_name": "Alex Vasilev",
            "display_name": "Alex Vasilev",
            "team": "TC0C1HURK",
            "name": "vaspiring",
            "is_restricted": false,
            "is_ultra_restricted": false
        },
        "blocks": [
            {
                "type": "rich_text",
                "block_id": "wnrq",
                "elements": [
                    {
                        "type": "rich_text_section",
                        "elements": [
                            {
                                "type": "text",
                                "text": "I believe, if you want to make a line graph you need to use "
                            },
                            {
                                "type": "text",
                                "text": "avg",
                                "style": {
                                    "code": true
                                }
                            },
                            {
                                "type": "text",
                                "text": " (or maybe "
                            },
                            {
                                "type": "text",
                                "text": "min",
                                "style": {
                                    "code": true
                                }
                            },
                            {
                                "type": "text",
                                "text": "\/"
                            },
                            {
                                "type": "text",
                                "text": "max",
                                "style": {
                                    "code": true
                                }
                            },
                            {
                                "type": "text",
                                "text": " depending on what you want to display). Because grouping is done by time period (let's say by day) it may happen that you'll have more than one "
                            },
                            {
                                "type": "text",
                                "text": "value",
                                "style": {
                                    "code": true
                                }
                            },
                            {
                                "type": "text",
                                "text": " for a specific kpi for that period."
                            }
                        ]
                    }
                ]
            }
        ],
        "thread_ts": "1588354458.123600",
        "parent_user_id": "U0127E76EAD"
    },
    {
        "type": "message",
        "text": "<@U013J5CRRDW> thanks I was able to get the lines I needed by setting the type to 'avg' and adding a 'by day' grouping option at the top. I am having an issue though where days without metrics are reporting a value of `0` in the graph, do you know how I could create the query so that the value for missing time defaults to the previous value? In other words I need the graph to show a steady rise as opposed to a drop back down to `0` in-between dates\/points in the graph",
        "files": [
            {
                "id": "F013785GW5S",
                "created": 1588621839,
                "timestamp": 1588621839,
                "name": "image.png",
                "title": "image.png",
                "mimetype": "image\/png",
                "filetype": "png",
                "pretty_type": "PNG",
                "user": "U0127E76EAD",
                "editable": false,
                "size": 64040,
                "mode": "hosted",
                "is_external": false,
                "external_type": "",
                "is_public": true,
                "public_url_shared": false,
                "display_as_bot": false,
                "username": "",
                "url_private": "https:\/\/files.slack.com\/files-pri\/TC0C1HURK-F013785GW5S\/image.png?t=xoxe-408409606869-1267807410853-1293019902560-8c9dc5fc58d3a65e0fe0837e69de048d",
                "url_private_download": "https:\/\/files.slack.com\/files-pri\/TC0C1HURK-F013785GW5S\/download\/image.png?t=xoxe-408409606869-1267807410853-1293019902560-8c9dc5fc58d3a65e0fe0837e69de048d",
                "thumb_64": "https:\/\/files.slack.com\/files-tmb\/TC0C1HURK-F013785GW5S-788cc51391\/image_64.png?t=xoxe-408409606869-1267807410853-1293019902560-8c9dc5fc58d3a65e0fe0837e69de048d",
                "thumb_80": "https:\/\/files.slack.com\/files-tmb\/TC0C1HURK-F013785GW5S-788cc51391\/image_80.png?t=xoxe-408409606869-1267807410853-1293019902560-8c9dc5fc58d3a65e0fe0837e69de048d",
                "thumb_360": "https:\/\/files.slack.com\/files-tmb\/TC0C1HURK-F013785GW5S-788cc51391\/image_360.png?t=xoxe-408409606869-1267807410853-1293019902560-8c9dc5fc58d3a65e0fe0837e69de048d",
                "thumb_360_w": 360,
                "thumb_360_h": 152,
                "thumb_480": "https:\/\/files.slack.com\/files-tmb\/TC0C1HURK-F013785GW5S-788cc51391\/image_480.png?t=xoxe-408409606869-1267807410853-1293019902560-8c9dc5fc58d3a65e0fe0837e69de048d",
                "thumb_480_w": 480,
                "thumb_480_h": 203,
                "thumb_160": "https:\/\/files.slack.com\/files-tmb\/TC0C1HURK-F013785GW5S-788cc51391\/image_160.png?t=xoxe-408409606869-1267807410853-1293019902560-8c9dc5fc58d3a65e0fe0837e69de048d",
                "thumb_720": "https:\/\/files.slack.com\/files-tmb\/TC0C1HURK-F013785GW5S-788cc51391\/image_720.png?t=xoxe-408409606869-1267807410853-1293019902560-8c9dc5fc58d3a65e0fe0837e69de048d",
                "thumb_720_w": 720,
                "thumb_720_h": 305,
                "thumb_800": "https:\/\/files.slack.com\/files-tmb\/TC0C1HURK-F013785GW5S-788cc51391\/image_800.png?t=xoxe-408409606869-1267807410853-1293019902560-8c9dc5fc58d3a65e0fe0837e69de048d",
                "thumb_800_w": 800,
                "thumb_800_h": 339,
                "thumb_960": "https:\/\/files.slack.com\/files-tmb\/TC0C1HURK-F013785GW5S-788cc51391\/image_960.png?t=xoxe-408409606869-1267807410853-1293019902560-8c9dc5fc58d3a65e0fe0837e69de048d",
                "thumb_960_w": 960,
                "thumb_960_h": 406,
                "thumb_1024": "https:\/\/files.slack.com\/files-tmb\/TC0C1HURK-F013785GW5S-788cc51391\/image_1024.png?t=xoxe-408409606869-1267807410853-1293019902560-8c9dc5fc58d3a65e0fe0837e69de048d",
                "thumb_1024_w": 1024,
                "thumb_1024_h": 434,
                "original_w": 1540,
                "original_h": 652,
                "thumb_tiny": "AwAUADDTooooAKKKKACignFFABRiiigAooooAMUUUUAf\/9k=",
                "permalink": "https:\/\/cube-js.slack.com\/files\/U0127E76EAD\/F013785GW5S\/image.png",
                "permalink_public": "https:\/\/slack-files.com\/TC0C1HURK-F013785GW5S-e0b2eb38ae",
                "is_starred": false,
                "has_rich_preview": false
            }
        ],
        "upload": true,
        "blocks": [
            {
                "type": "rich_text",
                "block_id": "avrNU",
                "elements": [
                    {
                        "type": "rich_text_section",
                        "elements": [
                            {
                                "type": "user",
                                "user_id": "U013J5CRRDW"
                            },
                            {
                                "type": "text",
                                "text": " thanks I was able to get the lines I needed by setting the type to 'avg' and adding a 'by day' grouping option at the top. I am having an issue though where days without metrics are reporting a value of "
                            },
                            {
                                "type": "text",
                                "text": "0",
                                "style": {
                                    "code": true
                                }
                            },
                            {
                                "type": "text",
                                "text": " in the graph, do you know how I could create the query so that the value for missing time defaults to the previous value? In other words I need the graph to show a steady rise as opposed to a drop back down to "
                            },
                            {
                                "type": "text",
                                "text": "0",
                                "style": {
                                    "code": true
                                }
                            },
                            {
                                "type": "text",
                                "text": " in-between dates\/points in the graph"
                            }
                        ]
                    }
                ]
            }
        ],
        "user": "U0127E76EAD",
        "display_as_bot": false,
        "ts": "1588621842.149900",
        "client_msg_id": "effd6a6f-8480-4eb0-9c4c-f1b9532c341c",
        "thread_ts": "1588354458.123600",
        "parent_user_id": "U0127E76EAD"
    },
    {
        "client_msg_id": "6191dbb9-a7c9-42c4-a0ca-7389c1bbdb36",
        "type": "message",
        "text": "a little more detail about this project is that I am simply storing value\/date\/time\/title entries into a database, so I am trying to just load up all of the data into a group where each line represents a unique title, and each plot point is a time\/value point of time, but each value represents an updated value from the previous plot point",
        "user": "U0127E76EAD",
        "ts": "1588622047.150300",
        "team": "TC0C1HURK",
        "user_team": "TC0C1HURK",
        "source_team": "TC0C1HURK",
        "user_profile": {
            "avatar_hash": "gbd4dfb76ec8",
            "image_72": "https:\/\/secure.gravatar.com\/avatar\/bd4dfb76ec897814f547e8ae5da5719d.jpg?s=72&d=https%3A%2F%2Fa.slack-edge.com%2Fdf10d%2Fimg%2Favatars%2Fava_0004-72.png",
            "first_name": "",
            "real_name": "Jesse Holden",
            "display_name": "Jesse Holden",
            "team": "TC0C1HURK",
            "name": "jesse",
            "is_restricted": false,
            "is_ultra_restricted": false
        },
        "blocks": [
            {
                "type": "rich_text",
                "block_id": "WtZZh",
                "elements": [
                    {
                        "type": "rich_text_section",
                        "elements": [
                            {
                                "type": "text",
                                "text": "a little more detail about this project is that I am simply storing value\/date\/time\/title entries into a database, so I am trying to just load up all of the data into a group where each line represents a unique title, and each plot point is a time\/value point of time, but each value represents an updated value from the previous plot point"
                            }
                        ]
                    }
                ]
            }
        ],
        "thread_ts": "1588354458.123600",
        "parent_user_id": "U0127E76EAD"
    },
    {
        "client_msg_id": "1b85faa8-9959-40d3-917b-13daf0267f9f",
        "type": "message",
        "text": "Hey <@U012CP32EEB> ! Please see <https:\/\/stackoverflow.com\/questions\/60943814\/error-continue-wait-issue-on-cube-js-backend>",
        "user": "UC19HAUAK",
        "ts": "1588625102.150500",
        "team": "TC0C1HURK",
        "user_team": "TC0C1HURK",
        "source_team": "TC0C1HURK",
        "user_profile": {
            "avatar_hash": "066a042e018c",
            "image_72": "https:\/\/avatars.slack-edge.com\/2019-12-07\/866588520998_066a042e018ca831a195_72.png",
            "first_name": "Pavel",
            "real_name": "Pavel Tiunov",
            "display_name": "pavel",
            "team": "TC0C1HURK",
            "name": "pavel",
            "is_restricted": false,
            "is_ultra_restricted": false
        },
        "attachments": [
            {
                "service_name": "Stack Overflow",
                "title": "Error Continue wait issue on Cube.js backend",
                "title_link": "https:\/\/stackoverflow.com\/questions\/60943814\/error-continue-wait-issue-on-cube-js-backend",
                "text": "I'm having some trouble connecting to the cube.js backend on AWS serverless and executing the \/cubejs-api\/v1\/load request in the frontend dashboard. I keep getting {\"error\":\"Continue wait\"} instead...",
                "fallback": "Stack Overflow: Error Continue wait issue on Cube.js backend",
                "thumb_url": "https:\/\/cdn.sstatic.net\/Sites\/stackoverflow\/img\/apple-touch-icon@2.png?v=73d79a89bded",
                "from_url": "https:\/\/stackoverflow.com\/questions\/60943814\/error-continue-wait-issue-on-cube-js-backend",
                "thumb_width": 316,
                "thumb_height": 316,
                "service_icon": "https:\/\/cdn.sstatic.net\/Sites\/stackoverflow\/img\/apple-touch-icon.png?v=c78bd457575a",
                "id": 1,
                "original_url": "https:\/\/stackoverflow.com\/questions\/60943814\/error-continue-wait-issue-on-cube-js-backend"
            }
        ],
        "blocks": [
            {
                "type": "rich_text",
                "block_id": "cF=M=",
                "elements": [
                    {
                        "type": "rich_text_section",
                        "elements": [
                            {
                                "type": "text",
                                "text": "Hey "
                            },
                            {
                                "type": "user",
                                "user_id": "U012CP32EEB"
                            },
                            {
                                "type": "text",
                                "text": " ! Please see "
                            },
                            {
                                "type": "link",
                                "url": "https:\/\/stackoverflow.com\/questions\/60943814\/error-continue-wait-issue-on-cube-js-backend"
                            }
                        ]
                    }
                ]
            }
        ],
        "thread_ts": "1588497397.132600",
        "parent_user_id": "U012CP32EEB"
    },
    {
        "client_msg_id": "a60c5a82-9a75-45ee-bcf9-f32e2be27087",
        "type": "message",
        "text": "<@U0127E76EAD> I don't think the query itself can\/should be changed to achieve that. It's more related to the charting library and how the data is passed. This may help though <https:\/\/cube.dev\/docs\/@cubejs-client-core#result-set-pivot> (`fillMissingDates: false`)",
        "user": "U013J5CRRDW",
        "ts": "1588625599.150800",
        "team": "TC0C1HURK",
        "user_team": "TC0C1HURK",
        "source_team": "TC0C1HURK",
        "user_profile": {
            "avatar_hash": "759b4f7ce0bf",
            "image_72": "https:\/\/avatars.slack-edge.com\/2020-06-23\/1224215237280_759b4f7ce0bf4b291721_72.jpg",
            "first_name": "Alex",
            "real_name": "Alex Vasilev",
            "display_name": "Alex Vasilev",
            "team": "TC0C1HURK",
            "name": "vaspiring",
            "is_restricted": false,
            "is_ultra_restricted": false
        },
        "edited": {
            "user": "U013J5CRRDW",
            "ts": "1588625632.000000"
        },
        "blocks": [
            {
                "type": "rich_text",
                "block_id": "coTpw",
                "elements": [
                    {
                        "type": "rich_text_section",
                        "elements": [
                            {
                                "type": "user",
                                "user_id": "U0127E76EAD"
                            },
                            {
                                "type": "text",
                                "text": " I don't think the query itself can\/should be changed to achieve that. It's more related to the charting library and how the data is passed. This may help though "
                            },
                            {
                                "type": "link",
                                "url": "https:\/\/cube.dev\/docs\/@cubejs-client-core#result-set-pivot"
                            },
                            {
                                "type": "text",
                                "text": " ("
                            },
                            {
                                "type": "text",
                                "text": "fillMissingDates: false",
                                "style": {
                                    "code": true
                                }
                            },
                            {
                                "type": "text",
                                "text": ")"
                            }
                        ]
                    }
                ]
            }
        ],
        "thread_ts": "1588354458.123600",
        "parent_user_id": "U0127E76EAD",
        "reactions": [
            {
                "name": "+1",
                "users": [
                    "U0127E76EAD"
                ],
                "count": 1
            }
        ]
    },
    {
        "client_msg_id": "a355167e-5462-40e2-a76c-096c3eb33831",
        "type": "message",
        "text": "okay thanks Alex that's helpful, just for testing purposes is there an easy way I can configure that from the cubejs playground? I haven't seen an option for customizing the client charts from within the playground",
        "user": "U0127E76EAD",
        "ts": "1588627122.151200",
        "team": "TC0C1HURK",
        "user_team": "TC0C1HURK",
        "source_team": "TC0C1HURK",
        "user_profile": {
            "avatar_hash": "gbd4dfb76ec8",
            "image_72": "https:\/\/secure.gravatar.com\/avatar\/bd4dfb76ec897814f547e8ae5da5719d.jpg?s=72&d=https%3A%2F%2Fa.slack-edge.com%2Fdf10d%2Fimg%2Favatars%2Fava_0004-72.png",
            "first_name": "",
            "real_name": "Jesse Holden",
            "display_name": "Jesse Holden",
            "team": "TC0C1HURK",
            "name": "jesse",
            "is_restricted": false,
            "is_ultra_restricted": false
        },
        "blocks": [
            {
                "type": "rich_text",
                "block_id": "U6Kg",
                "elements": [
                    {
                        "type": "rich_text_section",
                        "elements": [
                            {
                                "type": "text",
                                "text": "okay thanks Alex that's helpful, just for testing purposes is there an easy way I can configure that from the cubejs playground? I haven't seen an option for customizing the client charts from within the playground"
                            }
                        ]
                    }
                ]
            }
        ],
        "thread_ts": "1588354458.123600",
        "parent_user_id": "U0127E76EAD"
    },
    {
        "client_msg_id": "cdb83ab0-8b1d-43fd-8b45-0e58887382a1",
        "type": "message",
        "text": "not yet : )",
        "user": "U013J5CRRDW",
        "ts": "1588627234.151500",
        "team": "TC0C1HURK",
        "user_team": "TC0C1HURK",
        "source_team": "TC0C1HURK",
        "user_profile": {
            "avatar_hash": "759b4f7ce0bf",
            "image_72": "https:\/\/avatars.slack-edge.com\/2020-06-23\/1224215237280_759b4f7ce0bf4b291721_72.jpg",
            "first_name": "Alex",
            "real_name": "Alex Vasilev",
            "display_name": "Alex Vasilev",
            "team": "TC0C1HURK",
            "name": "vaspiring",
            "is_restricted": false,
            "is_ultra_restricted": false
        },
        "blocks": [
            {
                "type": "rich_text",
                "block_id": "+wE6",
                "elements": [
                    {
                        "type": "rich_text_section",
                        "elements": [
                            {
                                "type": "text",
                                "text": "not yet : )"
                            }
                        ]
                    }
                ]
            }
        ],
        "thread_ts": "1588354458.123600",
        "parent_user_id": "U0127E76EAD",
        "reactions": [
            {
                "name": "+1",
                "users": [
                    "U0127E76EAD"
                ],
                "count": 1
            }
        ]
    },
    {
        "client_msg_id": "a703d1d3-ee1a-454c-9ee7-a7abce9954a1",
        "type": "message",
        "text": "Hey <@U013E59QJ0G>! Is it for any measure\/dimension you select?",
        "user": "UC19HAUAK",
        "ts": "1588630117.151800",
        "team": "TC0C1HURK",
        "user_team": "TC0C1HURK",
        "source_team": "TC0C1HURK",
        "user_profile": {
            "avatar_hash": "066a042e018c",
            "image_72": "https:\/\/avatars.slack-edge.com\/2019-12-07\/866588520998_066a042e018ca831a195_72.png",
            "first_name": "Pavel",
            "real_name": "Pavel Tiunov",
            "display_name": "pavel",
            "team": "TC0C1HURK",
            "name": "pavel",
            "is_restricted": false,
            "is_ultra_restricted": false
        },
        "blocks": [
            {
                "type": "rich_text",
                "block_id": "6AC",
                "elements": [
                    {
                        "type": "rich_text_section",
                        "elements": [
                            {
                                "type": "text",
                                "text": "Hey "
                            },
                            {
                                "type": "user",
                                "user_id": "U013E59QJ0G"
                            },
                            {
                                "type": "text",
                                "text": "! Is it for any measure\/dimension you select?"
                            }
                        ]
                    }
                ]
            }
        ],
        "thread_ts": "1588561494.140200",
        "parent_user_id": "U013E59QJ0G"
    },
    {
        "client_msg_id": "a010bcc9-e09c-4e22-bcf7-975733f1c306",
        "type": "message",
        "text": "Or only specific ones?",
        "user": "UC19HAUAK",
        "ts": "1588630125.152000",
        "team": "TC0C1HURK",
        "user_team": "TC0C1HURK",
        "source_team": "TC0C1HURK",
        "user_profile": {
            "avatar_hash": "066a042e018c",
            "image_72": "https:\/\/avatars.slack-edge.com\/2019-12-07\/866588520998_066a042e018ca831a195_72.png",
            "first_name": "Pavel",
            "real_name": "Pavel Tiunov",
            "display_name": "pavel",
            "team": "TC0C1HURK",
            "name": "pavel",
            "is_restricted": false,
            "is_ultra_restricted": false
        },
        "blocks": [
            {
                "type": "rich_text",
                "block_id": "+a4",
                "elements": [
                    {
                        "type": "rich_text_section",
                        "elements": [
                            {
                                "type": "text",
                                "text": "Or only specific ones?"
                            }
                        ]
                    }
                ]
            }
        ],
        "thread_ts": "1588561494.140200",
        "parent_user_id": "U013E59QJ0G"
    },
    {
        "client_msg_id": "6a62ef51-c94c-47ed-a24e-8347f95a2270",
        "type": "message",
        "text": "And seems like you built playground yourself?",
        "user": "UC19HAUAK",
        "ts": "1588630158.152200",
        "team": "TC0C1HURK",
        "user_team": "TC0C1HURK",
        "source_team": "TC0C1HURK",
        "user_profile": {
            "avatar_hash": "066a042e018c",
            "image_72": "https:\/\/avatars.slack-edge.com\/2019-12-07\/866588520998_066a042e018ca831a195_72.png",
            "first_name": "Pavel",
            "real_name": "Pavel Tiunov",
            "display_name": "pavel",
            "team": "TC0C1HURK",
            "name": "pavel",
            "is_restricted": false,
            "is_ultra_restricted": false
        },
        "blocks": [
            {
                "type": "rich_text",
                "block_id": "PRW3r",
                "elements": [
                    {
                        "type": "rich_text_section",
                        "elements": [
                            {
                                "type": "text",
                                "text": "And seems like you built playground yourself?"
                            }
                        ]
                    }
                ]
            }
        ],
        "thread_ts": "1588561494.140200",
        "parent_user_id": "U013E59QJ0G"
    },
    {
        "client_msg_id": "259435f7-64cf-4aff-860b-75a686b54e91",
        "type": "message",
        "text": "Hey <@U012VKQN3MH>! Could you please share your data schema and query you use?",
        "user": "UC19HAUAK",
        "ts": "1588630250.152400",
        "team": "TC0C1HURK",
        "user_team": "TC0C1HURK",
        "source_team": "TC0C1HURK",
        "user_profile": {
            "avatar_hash": "066a042e018c",
            "image_72": "https:\/\/avatars.slack-edge.com\/2019-12-07\/866588520998_066a042e018ca831a195_72.png",
            "first_name": "Pavel",
            "real_name": "Pavel Tiunov",
            "display_name": "pavel",
            "team": "TC0C1HURK",
            "name": "pavel",
            "is_restricted": false,
            "is_ultra_restricted": false
        },
        "blocks": [
            {
                "type": "rich_text",
                "block_id": "i62zU",
                "elements": [
                    {
                        "type": "rich_text_section",
                        "elements": [
                            {
                                "type": "text",
                                "text": "Hey "
                            },
                            {
                                "type": "user",
                                "user_id": "U012VKQN3MH"
                            },
                            {
                                "type": "text",
                                "text": "! Could you please share your data schema and query you use?"
                            }
                        ]
                    }
                ]
            }
        ],
        "thread_ts": "1588567212.144000",
        "parent_user_id": "U012VKQN3MH"
    },
    {
        "client_msg_id": "42f23e12-36f5-424f-98d1-b1ed2d008cef",
        "type": "message",
        "text": "Hey <@UC19HAUAK> thanks for replying.  I was able to work around the problem by just linking the package I had made changes in to a separate app i created via the CLI so probably not worth spending any time on.\n\nThat said, the problem seemed to have something to do with `@babel\/runtime\/helpers` being undefined for the code that was generated for the `react-source-render` component (so after the results returned, regardless of which measure\/dimension selected).\n\nYes, I was building playground myself when hitting this, maybe I am reading that section of the CONTRIBUTING file wrong but it seemed like that's what it was suggesting to do?\n\n&gt; Linking Server Core for Development\n&gt; It's convenient to link `@cubejs-backend\/server-core` into your project for manual tests of changes of backend code. Cube.js uses `yarn` as package manager instead of `npm`. In order to link `@cubejs-backend\/server-core`:\n&gt; Install yarn: `npm install -g yarn`.\n&gt; Link server-core package: `yarn link` inside `packages\/cubejs-server-core`.\n&gt; Link all drivers and dependent packages where you make changes in `packages\/cubejs-server-core`.\n&gt; *Run `yarn build` in `packages\/cubejs-playground`.*\n&gt; Install dependencies in all linked packages using `yarn`.",
        "user": "U013E59QJ0G",
        "ts": "1588630886.152600",
        "team": "TC0C1HURK",
        "user_team": "TC0C1HURK",
        "source_team": "TC0C1HURK",
        "user_profile": {
            "avatar_hash": "g87774e9bbb0",
            "image_72": "https:\/\/secure.gravatar.com\/avatar\/87774e9bbb0bfaefd4062b8a8100326e.jpg?s=72&d=https%3A%2F%2Fa.slack-edge.com%2Fdf10d%2Fimg%2Favatars%2Fava_0013-72.png",
            "first_name": "",
            "real_name": "Andrew Keller",
            "display_name": "Andrew Keller",
            "team": "TC0C1HURK",
            "name": "andrew625",
            "is_restricted": false,
            "is_ultra_restricted": false
        },
        "edited": {
            "user": "U013E59QJ0G",
            "ts": "1588631096.000000"
        },
        "blocks": [
            {
                "type": "rich_text",
                "block_id": "jZoPL",
                "elements": [
                    {
                        "type": "rich_text_section",
                        "elements": [
                            {
                                "type": "text",
                                "text": "Hey "
                            },
                            {
                                "type": "user",
                                "user_id": "UC19HAUAK"
                            },
                            {
                                "type": "text",
                                "text": " thanks for replying.  I was able to work around the problem by just linking the package I had made changes in to a separate app i created via the CLI so probably not worth spending any time on.\n\nThat said, the problem seemed to have something to do with "
                            },
                            {
                                "type": "text",
                                "text": "@babel\/runtime\/helpers",
                                "style": {
                                    "code": true
                                }
                            },
                            {
                                "type": "text",
                                "text": " being undefined for the code that was generated for the "
                            },
                            {
                                "type": "text",
                                "text": "react-source-render",
                                "style": {
                                    "code": true
                                }
                            },
                            {
                                "type": "text",
                                "text": " component (so after the results returned, regardless of which measure\/dimension selected).\n\nYes, I was building playground myself when hitting this, maybe I am reading that section of the CONTRIBUTING file wrong but it seemed like that's what it was suggesting to do?\n\n"
                            }
                        ]
                    },
                    {
                        "type": "rich_text_quote",
                        "elements": [
                            {
                                "type": "text",
                                "text": "Linking Server Core for Development\nIt's convenient to link "
                            },
                            {
                                "type": "text",
                                "text": "@cubejs-backend\/server-core",
                                "style": {
                                    "code": true
                                }
                            },
                            {
                                "type": "text",
                                "text": " into your project for manual tests of changes of backend code. Cube.js uses "
                            },
                            {
                                "type": "text",
                                "text": "yarn",
                                "style": {
                                    "code": true
                                }
                            },
                            {
                                "type": "text",
                                "text": " as package manager instead of "
                            },
                            {
                                "type": "text",
                                "text": "npm",
                                "style": {
                                    "code": true
                                }
                            },
                            {
                                "type": "text",
                                "text": ". In order to link "
                            },
                            {
                                "type": "text",
                                "text": "@cubejs-backend\/server-core",
                                "style": {
                                    "code": true
                                }
                            },
                            {
                                "type": "text",
                                "text": ":\nInstall yarn: "
                            },
                            {
                                "type": "text",
                                "text": "npm install -g yarn",
                                "style": {
                                    "code": true
                                }
                            },
                            {
                                "type": "text",
                                "text": ".\nLink server-core package: "
                            },
                            {
                                "type": "text",
                                "text": "yarn link",
                                "style": {
                                    "code": true
                                }
                            },
                            {
                                "type": "text",
                                "text": " inside "
                            },
                            {
                                "type": "text",
                                "text": "packages\/cubejs-server-core",
                                "style": {
                                    "code": true
                                }
                            },
                            {
                                "type": "text",
                                "text": ".\nLink all drivers and dependent packages where you make changes in "
                            },
                            {
                                "type": "text",
                                "text": "packages\/cubejs-server-core",
                                "style": {
                                    "code": true
                                }
                            },
                            {
                                "type": "text",
                                "text": ".\n"
                            },
                            {
                                "type": "text",
                                "text": "Run ",
                                "style": {
                                    "bold": true
                                }
                            },
                            {
                                "type": "text",
                                "text": "yarn build",
                                "style": {
                                    "bold": true,
                                    "code": true
                                }
                            },
                            {
                                "type": "text",
                                "text": " in ",
                                "style": {
                                    "bold": true
                                }
                            },
                            {
                                "type": "text",
                                "text": "packages\/cubejs-playground",
                                "style": {
                                    "bold": true,
                                    "code": true
                                }
                            },
                            {
                                "type": "text",
                                "text": ".",
                                "style": {
                                    "bold": true
                                }
                            },
                            {
                                "type": "text",
                                "text": "\nInstall dependencies in all linked packages using "
                            },
                            {
                                "type": "text",
                                "text": "yarn",
                                "style": {
                                    "code": true
                                }
                            },
                            {
                                "type": "text",
                                "text": "."
                            }
                        ]
                    }
                ]
            }
        ],
        "thread_ts": "1588561494.140200",
        "parent_user_id": "U013E59QJ0G"
    },
    {
        "client_msg_id": "3aedd654-cab7-439d-8596-73e2d0543166",
        "type": "message",
        "text": "Hey <@UURJZ8Y9X>! I believe you see timeout errors due to concurrency. You'd need either increase pool or reduce concurrency.",
        "user": "UC19HAUAK",
        "ts": "1588631146.152900",
        "team": "TC0C1HURK",
        "user_team": "TC0C1HURK",
        "source_team": "TC0C1HURK",
        "user_profile": {
            "avatar_hash": "066a042e018c",
            "image_72": "https:\/\/avatars.slack-edge.com\/2019-12-07\/866588520998_066a042e018ca831a195_72.png",
            "first_name": "Pavel",
            "real_name": "Pavel Tiunov",
            "display_name": "pavel",
            "team": "TC0C1HURK",
            "name": "pavel",
            "is_restricted": false,
            "is_ultra_restricted": false
        },
        "blocks": [
            {
                "type": "rich_text",
                "block_id": "Q5vvX",
                "elements": [
                    {
                        "type": "rich_text_section",
                        "elements": [
                            {
                                "type": "text",
                                "text": "Hey "
                            },
                            {
                                "type": "user",
                                "user_id": "UURJZ8Y9X"
                            },
                            {
                                "type": "text",
                                "text": "! I believe you see timeout errors due to concurrency. You'd need either increase pool or reduce concurrency."
                            }
                        ]
                    }
                ]
            }
        ],
        "thread_ts": "1588534585.136500",
        "parent_user_id": "UURJZ8Y9X"
    },
    {
        "client_msg_id": "44449fa5-a20f-44b3-a052-a8d4e81949a6",
        "type": "message",
        "text": "to filter by date I must convert to timestamp or yyyy-mm-dd format. Which is the best option?",
        "user": "UV8E3H1AN",
        "ts": "1588635493.153200",
        "team": "TC0C1HURK",
        "user_team": "TC0C1HURK",
        "source_team": "TC0C1HURK",
        "user_profile": {
            "avatar_hash": "g79af3767b00",
            "image_72": "https:\/\/secure.gravatar.com\/avatar\/79af3767b00fd9c09eac518ae14495e7.jpg?s=72&d=https%3A%2F%2Fa.slack-edge.com%2Fdf10d%2Fimg%2Favatars%2Fava_0023-72.png",
            "first_name": "",
            "real_name": "Denis Lopez",
            "display_name": "Denis Lopez",
            "team": "TC0C1HURK",
            "name": "denis.l",
            "is_restricted": false,
            "is_ultra_restricted": false
        },
        "blocks": [
            {
                "type": "rich_text",
                "block_id": "+pon",
                "elements": [
                    {
                        "type": "rich_text_section",
                        "elements": [
                            {
                                "type": "text",
                                "text": "to filter by date I must convert to timestamp or yyyy-mm-dd format. Which is the best option?"
                            }
                        ]
                    }
                ]
            }
        ]
    },
    {
        "type": "message",
        "subtype": "channel_join",
        "ts": "1588640865.153400",
        "user": "U0137NM2M8C",
        "text": "<@U0137NM2M8C> has joined the channel"
    },
    {
        "client_msg_id": "405c8451-4514-48b5-ac47-cbdfaf986d94",
        "type": "message",
        "text": "+1 I am also having same issue",
        "user": "U012Q7B6NQL",
        "ts": "1588653830.153500",
        "team": "TC0C1HURK",
        "user_team": "TC0C1HURK",
        "source_team": "TC0C1HURK",
        "user_profile": {
            "avatar_hash": "gb9d8b8a7ddd",
            "image_72": "https:\/\/secure.gravatar.com\/avatar\/b9d8b8a7dddc6198a7022de85f479b84.jpg?s=72&d=https%3A%2F%2Fa.slack-edge.com%2Fdf10d%2Fimg%2Favatars%2Fava_0009-72.png",
            "first_name": "",
            "real_name": "Mayank Jain",
            "display_name": "Mayank Jain",
            "team": "TC0C1HURK",
            "name": "mayank.jainbina",
            "is_restricted": false,
            "is_ultra_restricted": false
        },
        "blocks": [
            {
                "type": "rich_text",
                "block_id": "wpuMW",
                "elements": [
                    {
                        "type": "rich_text_section",
                        "elements": [
                            {
                                "type": "text",
                                "text": "+1 I am also having same issue"
                            }
                        ]
                    }
                ]
            }
        ],
        "thread_ts": "1588286109.093800",
        "parent_user_id": "U0127E76EAD"
    },
    {
        "type": "message",
        "subtype": "channel_join",
        "ts": "1588657824.153800",
        "user": "U0131PRHL90",
        "text": "<@U0131PRHL90> has joined the channel"
    },
    {
        "client_msg_id": "b7898632-5158-4a04-99e1-e56c3f9b4f63",
        "type": "message",
        "text": "Hey everyone!\nI'm looking for open source projects that can help with creating new cubes based on other cube with some transformations.\nFor example we have cube \"A\" with measures a_measure_1 and a_measure_2.\nAnd we want to create new cube with formula measure.\nWe have json configuration of this transformation:\n`{`\n   `\"transformation_type\":\"add_formula_field\",`\n   `\"transformation_argument\":{`\n      `\"new_measure_name\":\"a_measure_3\",`\n      `\"formula\":\"a_measure_1 \/ a_measure_2\"`\n   `}`\n`}`\nPerhaps someone found similar projects?",
        "user": "U013C2TNWLR",
        "ts": "1588659614.154500",
        "team": "TC0C1HURK",
        "user_team": "TC0C1HURK",
        "source_team": "TC0C1HURK",
        "user_profile": {
            "avatar_hash": "g6d9f4d92429",
            "image_72": "https:\/\/secure.gravatar.com\/avatar\/6d9f4d9242954901988ce596968b7ec6.jpg?s=72&d=https%3A%2F%2Fa.slack-edge.com%2Fdf10d%2Fimg%2Favatars%2Fava_0025-72.png",
            "first_name": "",
            "real_name": "Sergey Kharitonchuk",
            "display_name": "Sergey Kharitonchuk",
            "team": "TC0C1HURK",
            "name": "sergeyk",
            "is_restricted": false,
            "is_ultra_restricted": false
        },
        "blocks": [
            {
                "type": "rich_text",
                "block_id": "f4z",
                "elements": [
                    {
                        "type": "rich_text_section",
                        "elements": [
                            {
                                "type": "text",
                                "text": "Hey everyone!\nI'm looking for open source projects that can help with creating new cubes based on other cube with some transformations.\nFor example we have cube \"A\" with measures a_measure_1 and a_measure_2.\nAnd we want to create new cube with formula measure.\nWe have json configuration of this transformation:\n"
                            },
                            {
                                "type": "text",
                                "text": "{",
                                "style": {
                                    "code": true
                                }
                            },
                            {
                                "type": "text",
                                "text": "\n"
                            },
                            {
                                "type": "text",
                                "text": "   \"transformation_type\":\"add_formula_field\",",
                                "style": {
                                    "code": true
                                }
                            },
                            {
                                "type": "text",
                                "text": "\n"
                            },
                            {
                                "type": "text",
                                "text": "   \"transformation_argument\":{",
                                "style": {
                                    "code": true
                                }
                            },
                            {
                                "type": "text",
                                "text": "\n"
                            },
                            {
                                "type": "text",
                                "text": "      \"new_measure_name\":\"a_measure_3\",",
                                "style": {
                                    "code": true
                                }
                            },
                            {
                                "type": "text",
                                "text": "\n"
                            },
                            {
                                "type": "text",
                                "text": "      \"formula\":\"a_measure_1 \/ a_measure_2\"",
                                "style": {
                                    "code": true
                                }
                            },
                            {
                                "type": "text",
                                "text": "\n"
                            },
                            {
                                "type": "text",
                                "text": "   }",
                                "style": {
                                    "code": true
                                }
                            },
                            {
                                "type": "text",
                                "text": "\n"
                            },
                            {
                                "type": "text",
                                "text": "}",
                                "style": {
                                    "code": true
                                }
                            },
                            {
                                "type": "text",
                                "text": "\nPerhaps someone found similar projects?"
                            }
                        ]
                    }
                ]
            }
        ],
        "thread_ts": "1588659614.154500",
        "reply_count": 2,
        "reply_users_count": 2,
        "latest_reply": "1588795391.164200",
        "reply_users": [
            "UC19HAUAK",
            "U013C2TNWLR"
        ],
        "replies": [
            {
                "user": "UC19HAUAK",
                "ts": "1588699173.156300"
            },
            {
                "user": "U013C2TNWLR",
                "ts": "1588795391.164200"
            }
        ],
        "subscribed": false
    },
    {
        "type": "message",
        "subtype": "channel_join",
        "ts": "1588660912.154700",
        "user": "U0131R9CZJ6",
        "text": "<@U0131R9CZJ6> has joined the channel"
    }
]