[
    {
        "client_msg_id": "b7f42f05-f017-46a9-8a06-c9d8dfc12afe",
        "type": "message",
        "text": "Hey <@US84FE02C>! What DB do you use?",
        "user": "UC19HAUAK",
        "ts": "1578214779.108600",
        "team": "TC0C1HURK",
        "user_team": "TC0C1HURK",
        "source_team": "TC0C1HURK",
        "user_profile": {
            "avatar_hash": "066a042e018c",
            "image_72": "https:\/\/avatars.slack-edge.com\/2019-12-07\/866588520998_066a042e018ca831a195_72.png",
            "first_name": "Pavel",
            "real_name": "Pavel Tiunov",
            "display_name": "pavel",
            "team": "TC0C1HURK",
            "name": "pavel",
            "is_restricted": false,
            "is_ultra_restricted": false
        },
        "blocks": [
            {
                "type": "rich_text",
                "block_id": "8AIYs",
                "elements": [
                    {
                        "type": "rich_text_section",
                        "elements": [
                            {
                                "type": "text",
                                "text": "Hey "
                            },
                            {
                                "type": "user",
                                "user_id": "US84FE02C"
                            },
                            {
                                "type": "text",
                                "text": "! What DB do you use?"
                            }
                        ]
                    }
                ]
            }
        ],
        "thread_ts": "1578205778.108400",
        "parent_user_id": "US84FE02C"
    }
]