[
    {
        "client_msg_id": "38fb21ea-010d-4254-9da9-8707a2444c10",
        "type": "message",
        "text": "great to hear that!",
        "user": "U013N2ED1E3",
        "ts": "1591526210.022700",
        "team": "TC0C1HURK",
        "user_team": "TC0C1HURK",
        "source_team": "TC0C1HURK",
        "user_profile": {
            "avatar_hash": "g630bebb540a",
            "image_72": "https:\/\/secure.gravatar.com\/avatar\/630bebb540a8b9b54c66d5e1cee01140.jpg?s=72&d=https%3A%2F%2Fa.slack-edge.com%2Fdf10d%2Fimg%2Favatars%2Fava_0004-72.png",
            "first_name": "",
            "real_name": "David",
            "display_name": "David",
            "team": "TC0C1HURK",
            "name": "david539",
            "is_restricted": false,
            "is_ultra_restricted": false
        },
        "blocks": [
            {
                "type": "rich_text",
                "block_id": "AMX",
                "elements": [
                    {
                        "type": "rich_text_section",
                        "elements": [
                            {
                                "type": "text",
                                "text": "great to hear that!"
                            }
                        ]
                    }
                ]
            }
        ],
        "thread_ts": "1591473771.021500",
        "parent_user_id": "U013N2ED1E3"
    },
    {
        "type": "message",
        "subtype": "channel_join",
        "ts": "1591528332.023100",
        "user": "U014XT7A1LM",
        "text": "<@U014XT7A1LM> has joined the channel"
    },
    {
        "client_msg_id": "fd4abcc4-6d7a-4c5c-a9ca-1871d571805c",
        "type": "message",
        "text": "Hi, is there any way to remove the `GROUP BY` from the SQL query?",
        "user": "U014XT7A1LM",
        "ts": "1591528448.024200",
        "team": "TC0C1HURK",
        "user_team": "TC0C1HURK",
        "source_team": "TC0C1HURK",
        "user_profile": {
            "avatar_hash": "g93c41ddedce",
            "image_72": "https:\/\/secure.gravatar.com\/avatar\/93c41ddedce54e7766b6ef2745a58369.jpg?s=72&d=https%3A%2F%2Fa.slack-edge.com%2Fdf10d%2Fimg%2Favatars%2Fava_0016-72.png",
            "first_name": "",
            "real_name": "Gabriel Martín Blázquez",
            "display_name": "Gabriel Martín Blázquez",
            "team": "TC0C1HURK",
            "name": "gmartinbdev",
            "is_restricted": false,
            "is_ultra_restricted": false
        },
        "edited": {
            "user": "U014XT7A1LM",
            "ts": "1591528466.000000"
        },
        "blocks": [
            {
                "type": "rich_text",
                "block_id": "W2SLy",
                "elements": [
                    {
                        "type": "rich_text_section",
                        "elements": [
                            {
                                "type": "text",
                                "text": "Hi, is there any way to remove the "
                            },
                            {
                                "type": "text",
                                "text": "GROUP BY",
                                "style": {
                                    "code": true
                                }
                            },
                            {
                                "type": "text",
                                "text": " from the SQL query?"
                            }
                        ]
                    }
                ]
            }
        ],
        "thread_ts": "1591528448.024200",
        "reply_count": 1,
        "reply_users_count": 1,
        "latest_reply": "1591555013.025200",
        "reply_users": [
            "UC1HAFW4E"
        ],
        "replies": [
            {
                "user": "UC1HAFW4E",
                "ts": "1591555013.025200"
            }
        ],
        "subscribed": true,
        "last_read": "1591555013.025200"
    },
    {
        "client_msg_id": "6D81D604-02A7-4006-9EFA-992793BF14D6",
        "type": "message",
        "text": "You can use set ungrouped: true with your query \n<https:\/\/cube.dev\/docs\/query-format#query-properties>",
        "user": "UC1HAFW4E",
        "ts": "1591555013.025200",
        "team": "TC0C1HURK",
        "user_team": "TC0C1HURK",
        "source_team": "TC0C1HURK",
        "user_profile": {
            "avatar_hash": "ee7b69830a11",
            "image_72": "https:\/\/avatars.slack-edge.com\/2018-08-13\/414857329600_ee7b69830a119331e10e_72.jpg",
            "first_name": "Artyom",
            "real_name": "Artyom Keydunov",
            "display_name": "Artyom Keydunov",
            "team": "TC0C1HURK",
            "name": "artyom",
            "is_restricted": false,
            "is_ultra_restricted": false
        },
        "thread_ts": "1591528448.024200",
        "parent_user_id": "U014XT7A1LM"
    },
    {
        "client_msg_id": "1dfe1fd8-1dd6-46b1-8c2e-3e3c24abb0a8",
        "type": "message",
        "text": "I see an `Error: Access Denied (Service: Amazon S3; Status Code: 403; Error Code: AccessDenied)` when trying to run the Serverless backend installation together with Athena. Any hints?",
        "user": "U012CP32EEB",
        "ts": "1591565099.026200",
        "team": "TC0C1HURK",
        "user_team": "TC0C1HURK",
        "source_team": "TC0C1HURK",
        "user_profile": {
            "avatar_hash": "g2e8dbd00857",
            "image_72": "https:\/\/secure.gravatar.com\/avatar\/2e8dbd0085704773a8a21d802a222bd1.jpg?s=72&d=https%3A%2F%2Fa.slack-edge.com%2Fdf10d%2Fimg%2Favatars%2Fava_0002-72.png",
            "first_name": "",
            "real_name": "TobiLG",
            "display_name": "TobiLG",
            "team": "TC0C1HURK",
            "name": "tobilg",
            "is_restricted": false,
            "is_ultra_restricted": false
        },
        "blocks": [
            {
                "type": "rich_text",
                "block_id": "SwMCK",
                "elements": [
                    {
                        "type": "rich_text_section",
                        "elements": [
                            {
                                "type": "text",
                                "text": "I see an "
                            },
                            {
                                "type": "text",
                                "text": "Error: Access Denied (Service: Amazon S3; Status Code: 403; Error Code: AccessDenied)",
                                "style": {
                                    "code": true
                                }
                            },
                            {
                                "type": "text",
                                "text": " when trying to run the Serverless backend installation together with Athena. Any hints?"
                            }
                        ]
                    }
                ]
            }
        ],
        "thread_ts": "1591565099.026200",
        "reply_count": 16,
        "reply_users_count": 2,
        "latest_reply": "1591567334.029600",
        "reply_users": [
            "UC19HAUAK",
            "U012CP32EEB"
        ],
        "replies": [
            {
                "user": "UC19HAUAK",
                "ts": "1591565155.026300"
            },
            {
                "user": "U012CP32EEB",
                "ts": "1591565351.026500"
            },
            {
                "user": "U012CP32EEB",
                "ts": "1591565401.026700"
            },
            {
                "user": "UC19HAUAK",
                "ts": "1591565523.026900"
            },
            {
                "user": "U012CP32EEB",
                "ts": "1591565951.027100"
            },
            {
                "user": "U012CP32EEB",
                "ts": "1591565983.027300"
            },
            {
                "user": "UC19HAUAK",
                "ts": "1591566021.027500"
            },
            {
                "user": "U012CP32EEB",
                "ts": "1591566049.027700"
            },
            {
                "user": "U012CP32EEB",
                "ts": "1591566071.027900"
            },
            {
                "user": "U012CP32EEB",
                "ts": "1591566123.028100"
            },
            {
                "user": "U012CP32EEB",
                "ts": "1591566274.028300"
            },
            {
                "user": "UC19HAUAK",
                "ts": "1591566356.028500"
            },
            {
                "user": "U012CP32EEB",
                "ts": "1591566444.028700"
            },
            {
                "user": "U012CP32EEB",
                "ts": "1591566503.028900"
            },
            {
                "user": "U012CP32EEB",
                "ts": "1591567275.029300"
            },
            {
                "user": "UC19HAUAK",
                "ts": "1591567334.029600"
            }
        ],
        "subscribed": false
    },
    {
        "client_msg_id": "31421dc7-6ad7-417f-883b-09bb8a5860c8",
        "type": "message",
        "text": "Hey <@U012CP32EEB>! Please see <https:\/\/aws.amazon.com\/premiumsupport\/knowledge-center\/access-denied-athena\/>",
        "user": "UC19HAUAK",
        "ts": "1591565155.026300",
        "team": "TC0C1HURK",
        "user_team": "TC0C1HURK",
        "source_team": "TC0C1HURK",
        "user_profile": {
            "avatar_hash": "066a042e018c",
            "image_72": "https:\/\/avatars.slack-edge.com\/2019-12-07\/866588520998_066a042e018ca831a195_72.png",
            "first_name": "Pavel",
            "real_name": "Pavel Tiunov",
            "display_name": "pavel",
            "team": "TC0C1HURK",
            "name": "pavel",
            "is_restricted": false,
            "is_ultra_restricted": false
        },
        "blocks": [
            {
                "type": "rich_text",
                "block_id": "qRRlt",
                "elements": [
                    {
                        "type": "rich_text_section",
                        "elements": [
                            {
                                "type": "text",
                                "text": "Hey "
                            },
                            {
                                "type": "user",
                                "user_id": "U012CP32EEB"
                            },
                            {
                                "type": "text",
                                "text": "! Please see "
                            },
                            {
                                "type": "link",
                                "url": "https:\/\/aws.amazon.com\/premiumsupport\/knowledge-center\/access-denied-athena\/"
                            }
                        ]
                    }
                ]
            }
        ],
        "thread_ts": "1591565099.026200",
        "parent_user_id": "U012CP32EEB"
    },
    {
        "client_msg_id": "7d0160bd-7909-487c-b0e4-6d10158e1a2c",
        "type": "message",
        "text": "Athena is able to write to the respective bucket, but the error persists anyways unfortunately",
        "user": "U012CP32EEB",
        "ts": "1591565351.026500",
        "team": "TC0C1HURK",
        "user_team": "TC0C1HURK",
        "source_team": "TC0C1HURK",
        "user_profile": {
            "avatar_hash": "g2e8dbd00857",
            "image_72": "https:\/\/secure.gravatar.com\/avatar\/2e8dbd0085704773a8a21d802a222bd1.jpg?s=72&d=https%3A%2F%2Fa.slack-edge.com%2Fdf10d%2Fimg%2Favatars%2Fava_0002-72.png",
            "first_name": "",
            "real_name": "TobiLG",
            "display_name": "TobiLG",
            "team": "TC0C1HURK",
            "name": "tobilg",
            "is_restricted": false,
            "is_ultra_restricted": false
        },
        "blocks": [
            {
                "type": "rich_text",
                "block_id": "6vbli",
                "elements": [
                    {
                        "type": "rich_text_section",
                        "elements": [
                            {
                                "type": "text",
                                "text": "Athena is able to write to the respective bucket, but the error persists anyways unfortunately"
                            }
                        ]
                    }
                ]
            }
        ],
        "thread_ts": "1591565099.026200",
        "parent_user_id": "U012CP32EEB"
    },
    {
        "client_msg_id": "876585e0-43a3-4012-adfe-768d05c9f5c9",
        "type": "message",
        "text": "It's configured via CUBEJS_AWS_S3_OUTPUT_LOCATION",
        "user": "U012CP32EEB",
        "ts": "1591565401.026700",
        "team": "TC0C1HURK",
        "user_team": "TC0C1HURK",
        "source_team": "TC0C1HURK",
        "user_profile": {
            "avatar_hash": "g2e8dbd00857",
            "image_72": "https:\/\/secure.gravatar.com\/avatar\/2e8dbd0085704773a8a21d802a222bd1.jpg?s=72&d=https%3A%2F%2Fa.slack-edge.com%2Fdf10d%2Fimg%2Favatars%2Fava_0002-72.png",
            "first_name": "",
            "real_name": "TobiLG",
            "display_name": "TobiLG",
            "team": "TC0C1HURK",
            "name": "tobilg",
            "is_restricted": false,
            "is_ultra_restricted": false
        },
        "blocks": [
            {
                "type": "rich_text",
                "block_id": "58h",
                "elements": [
                    {
                        "type": "rich_text_section",
                        "elements": [
                            {
                                "type": "text",
                                "text": "It's configured via CUBEJS_AWS_S3_OUTPUT_LOCATION"
                            }
                        ]
                    }
                ]
            }
        ],
        "thread_ts": "1591565099.026200",
        "parent_user_id": "U012CP32EEB"
    },
    {
        "client_msg_id": "578d6797-b13a-4620-914f-992a37251623",
        "type": "message",
        "text": "<@U012CP32EEB> Please ensure Athena has access to all of buckets it accesses: reads and writes. You may want to make sure Athena console can run queries against tables of interest before connecting to cube.js.",
        "user": "UC19HAUAK",
        "ts": "1591565523.026900",
        "team": "TC0C1HURK",
        "user_team": "TC0C1HURK",
        "source_team": "TC0C1HURK",
        "user_profile": {
            "avatar_hash": "066a042e018c",
            "image_72": "https:\/\/avatars.slack-edge.com\/2019-12-07\/866588520998_066a042e018ca831a195_72.png",
            "first_name": "Pavel",
            "real_name": "Pavel Tiunov",
            "display_name": "pavel",
            "team": "TC0C1HURK",
            "name": "pavel",
            "is_restricted": false,
            "is_ultra_restricted": false
        },
        "blocks": [
            {
                "type": "rich_text",
                "block_id": "IJt",
                "elements": [
                    {
                        "type": "rich_text_section",
                        "elements": [
                            {
                                "type": "user",
                                "user_id": "U012CP32EEB"
                            },
                            {
                                "type": "text",
                                "text": " Please ensure Athena has access to all of buckets it accesses: reads and writes. You may want to make sure Athena console can run queries against tables of interest before connecting to cube.js."
                            }
                        ]
                    }
                ]
            }
        ],
        "thread_ts": "1591565099.026200",
        "parent_user_id": "U012CP32EEB"
    },
    {
        "client_msg_id": "e5e14240-504e-49ac-82d3-17029963ec02",
        "type": "message",
        "text": "Sorry, but I'm a bit confused... I have a default bucket for Athena query results, but created another bucket for the cube.js backend, I don't want to give s3:* on all S3 resources. What's the recommended setting?",
        "user": "U012CP32EEB",
        "ts": "1591565951.027100",
        "team": "TC0C1HURK",
        "user_team": "TC0C1HURK",
        "source_team": "TC0C1HURK",
        "user_profile": {
            "avatar_hash": "g2e8dbd00857",
            "image_72": "https:\/\/secure.gravatar.com\/avatar\/2e8dbd0085704773a8a21d802a222bd1.jpg?s=72&d=https%3A%2F%2Fa.slack-edge.com%2Fdf10d%2Fimg%2Favatars%2Fava_0002-72.png",
            "first_name": "",
            "real_name": "TobiLG",
            "display_name": "TobiLG",
            "team": "TC0C1HURK",
            "name": "tobilg",
            "is_restricted": false,
            "is_ultra_restricted": false
        },
        "blocks": [
            {
                "type": "rich_text",
                "block_id": "q8e1e",
                "elements": [
                    {
                        "type": "rich_text_section",
                        "elements": [
                            {
                                "type": "text",
                                "text": "Sorry, but I'm a bit confused... I have a default bucket for Athena query results, but created another bucket for the cube.js backend, I don't want to give s3:* on all S3 resources. What's the recommended setting?"
                            }
                        ]
                    }
                ]
            }
        ],
        "thread_ts": "1591565099.026200",
        "parent_user_id": "U012CP32EEB"
    },
    {
        "client_msg_id": "6f48c368-10b9-4e6c-9ba2-6a2f5a4421f3",
        "type": "message",
        "text": "and, as a I said, Athena writes keys to the S3 bucket, but apparently the Lambda can't read them",
        "user": "U012CP32EEB",
        "ts": "1591565983.027300",
        "team": "TC0C1HURK",
        "user_team": "TC0C1HURK",
        "source_team": "TC0C1HURK",
        "user_profile": {
            "avatar_hash": "g2e8dbd00857",
            "image_72": "https:\/\/secure.gravatar.com\/avatar\/2e8dbd0085704773a8a21d802a222bd1.jpg?s=72&d=https%3A%2F%2Fa.slack-edge.com%2Fdf10d%2Fimg%2Favatars%2Fava_0002-72.png",
            "first_name": "",
            "real_name": "TobiLG",
            "display_name": "TobiLG",
            "team": "TC0C1HURK",
            "name": "tobilg",
            "is_restricted": false,
            "is_ultra_restricted": false
        },
        "blocks": [
            {
                "type": "rich_text",
                "block_id": "1DuYj",
                "elements": [
                    {
                        "type": "rich_text_section",
                        "elements": [
                            {
                                "type": "text",
                                "text": "and, as a I said, Athena writes keys to the S3 bucket, but apparently the Lambda can't read them"
                            }
                        ]
                    }
                ]
            }
        ],
        "thread_ts": "1591565099.026200",
        "parent_user_id": "U012CP32EEB"
    },
    {
        "client_msg_id": "89e7364d-3a08-472f-92a0-7a86112a6345",
        "type": "message",
        "text": "<@U012CP32EEB> You should allow access to all buckets where your data is.",
        "user": "UC19HAUAK",
        "ts": "1591566021.027500",
        "team": "TC0C1HURK",
        "user_team": "TC0C1HURK",
        "source_team": "TC0C1HURK",
        "user_profile": {
            "avatar_hash": "066a042e018c",
            "image_72": "https:\/\/avatars.slack-edge.com\/2019-12-07\/866588520998_066a042e018ca831a195_72.png",
            "first_name": "Pavel",
            "real_name": "Pavel Tiunov",
            "display_name": "pavel",
            "team": "TC0C1HURK",
            "name": "pavel",
            "is_restricted": false,
            "is_ultra_restricted": false
        },
        "blocks": [
            {
                "type": "rich_text",
                "block_id": "pYhxj",
                "elements": [
                    {
                        "type": "rich_text_section",
                        "elements": [
                            {
                                "type": "user",
                                "user_id": "U012CP32EEB"
                            },
                            {
                                "type": "text",
                                "text": " You should allow access to all buckets where your data is."
                            }
                        ]
                    }
                ]
            }
        ],
        "thread_ts": "1591565099.026200",
        "parent_user_id": "U012CP32EEB"
    },
    {
        "client_msg_id": "46dcfe15-177e-45f1-a064-81acfbc03a21",
        "type": "message",
        "text": "I see... This is somehow missing in the docs I guess",
        "user": "U012CP32EEB",
        "ts": "1591566049.027700",
        "team": "TC0C1HURK",
        "user_team": "TC0C1HURK",
        "source_team": "TC0C1HURK",
        "user_profile": {
            "avatar_hash": "g2e8dbd00857",
            "image_72": "https:\/\/secure.gravatar.com\/avatar\/2e8dbd0085704773a8a21d802a222bd1.jpg?s=72&d=https%3A%2F%2Fa.slack-edge.com%2Fdf10d%2Fimg%2Favatars%2Fava_0002-72.png",
            "first_name": "",
            "real_name": "TobiLG",
            "display_name": "TobiLG",
            "team": "TC0C1HURK",
            "name": "tobilg",
            "is_restricted": false,
            "is_ultra_restricted": false
        },
        "blocks": [
            {
                "type": "rich_text",
                "block_id": "ExXF",
                "elements": [
                    {
                        "type": "rich_text_section",
                        "elements": [
                            {
                                "type": "text",
                                "text": "I see... This is somehow missing in the docs I guess"
                            }
                        ]
                    }
                ]
            }
        ],
        "thread_ts": "1591565099.026200",
        "parent_user_id": "U012CP32EEB"
    },
    {
        "client_msg_id": "9d2995e2-f962-46ea-8ce6-58a590ee1cb0",
        "type": "message",
        "text": "(well, there s3:* on * in the docs, but that's not a realworld setting)",
        "user": "U012CP32EEB",
        "ts": "1591566071.027900",
        "team": "TC0C1HURK",
        "user_team": "TC0C1HURK",
        "source_team": "TC0C1HURK",
        "user_profile": {
            "avatar_hash": "g2e8dbd00857",
            "image_72": "https:\/\/secure.gravatar.com\/avatar\/2e8dbd0085704773a8a21d802a222bd1.jpg?s=72&d=https%3A%2F%2Fa.slack-edge.com%2Fdf10d%2Fimg%2Favatars%2Fava_0002-72.png",
            "first_name": "",
            "real_name": "TobiLG",
            "display_name": "TobiLG",
            "team": "TC0C1HURK",
            "name": "tobilg",
            "is_restricted": false,
            "is_ultra_restricted": false
        },
        "blocks": [
            {
                "type": "rich_text",
                "block_id": "q8v",
                "elements": [
                    {
                        "type": "rich_text_section",
                        "elements": [
                            {
                                "type": "text",
                                "text": "(well, there s3:* on * in the docs, but that's not a realworld setting)"
                            }
                        ]
                    }
                ]
            }
        ],
        "thread_ts": "1591565099.026200",
        "parent_user_id": "U012CP32EEB"
    },
    {
        "client_msg_id": "178e8d36-bd52-4c76-9f43-d96219191c01",
        "type": "message",
        "text": "I also added VPC Endpoints for SNS, Athena and S3 (which are about half the cost of the recommended NAT Gateway)",
        "user": "U012CP32EEB",
        "ts": "1591566123.028100",
        "team": "TC0C1HURK",
        "user_team": "TC0C1HURK",
        "source_team": "TC0C1HURK",
        "user_profile": {
            "avatar_hash": "g2e8dbd00857",
            "image_72": "https:\/\/secure.gravatar.com\/avatar\/2e8dbd0085704773a8a21d802a222bd1.jpg?s=72&d=https%3A%2F%2Fa.slack-edge.com%2Fdf10d%2Fimg%2Favatars%2Fava_0002-72.png",
            "first_name": "",
            "real_name": "TobiLG",
            "display_name": "TobiLG",
            "team": "TC0C1HURK",
            "name": "tobilg",
            "is_restricted": false,
            "is_ultra_restricted": false
        },
        "blocks": [
            {
                "type": "rich_text",
                "block_id": "zrO\/",
                "elements": [
                    {
                        "type": "rich_text_section",
                        "elements": [
                            {
                                "type": "text",
                                "text": "I also added VPC Endpoints for SNS, Athena and S3 (which are about half the cost of the recommended NAT Gateway)"
                            }
                        ]
                    }
                ]
            }
        ],
        "thread_ts": "1591565099.026200",
        "parent_user_id": "U012CP32EEB"
    },
    {
        "client_msg_id": "abd9697a-a6ff-4f11-a1a4-210c1dceff42",
        "type": "message",
        "text": "would you be interested in a working and complete serverless example?",
        "user": "U012CP32EEB",
        "ts": "1591566274.028300",
        "team": "TC0C1HURK",
        "user_team": "TC0C1HURK",
        "source_team": "TC0C1HURK",
        "user_profile": {
            "avatar_hash": "g2e8dbd00857",
            "image_72": "https:\/\/secure.gravatar.com\/avatar\/2e8dbd0085704773a8a21d802a222bd1.jpg?s=72&d=https%3A%2F%2Fa.slack-edge.com%2Fdf10d%2Fimg%2Favatars%2Fava_0002-72.png",
            "first_name": "",
            "real_name": "TobiLG",
            "display_name": "TobiLG",
            "team": "TC0C1HURK",
            "name": "tobilg",
            "is_restricted": false,
            "is_ultra_restricted": false
        },
        "blocks": [
            {
                "type": "rich_text",
                "block_id": "pg4",
                "elements": [
                    {
                        "type": "rich_text_section",
                        "elements": [
                            {
                                "type": "text",
                                "text": "would you be interested in a working and complete serverless example?"
                            }
                        ]
                    }
                ]
            }
        ],
        "thread_ts": "1591565099.026200",
        "parent_user_id": "U012CP32EEB"
    },
    {
        "client_msg_id": "ee0a0d0d-983d-4e63-ac59-e74ce616b54e",
        "type": "message",
        "text": "<@U012CP32EEB> Yeah. Definitely! We can even make it as a blog post. Would love if you can share it.",
        "user": "UC19HAUAK",
        "ts": "1591566356.028500",
        "team": "TC0C1HURK",
        "user_team": "TC0C1HURK",
        "source_team": "TC0C1HURK",
        "user_profile": {
            "avatar_hash": "066a042e018c",
            "image_72": "https:\/\/avatars.slack-edge.com\/2019-12-07\/866588520998_066a042e018ca831a195_72.png",
            "first_name": "Pavel",
            "real_name": "Pavel Tiunov",
            "display_name": "pavel",
            "team": "TC0C1HURK",
            "name": "pavel",
            "is_restricted": false,
            "is_ultra_restricted": false
        },
        "blocks": [
            {
                "type": "rich_text",
                "block_id": "AZr9",
                "elements": [
                    {
                        "type": "rich_text_section",
                        "elements": [
                            {
                                "type": "user",
                                "user_id": "U012CP32EEB"
                            },
                            {
                                "type": "text",
                                "text": " Yeah. Definitely! We can even make it as a blog post. Would love if you can share it."
                            }
                        ]
                    }
                ]
            }
        ],
        "thread_ts": "1591565099.026200",
        "parent_user_id": "U012CP32EEB"
    },
    {
        "client_msg_id": "b6bc6848-c3b6-4c3b-ad1e-b6453d9fd95b",
        "type": "message",
        "text": "ok, once I have a working setup I'll ping you",
        "user": "U012CP32EEB",
        "ts": "1591566444.028700",
        "team": "TC0C1HURK",
        "user_team": "TC0C1HURK",
        "source_team": "TC0C1HURK",
        "user_profile": {
            "avatar_hash": "g2e8dbd00857",
            "image_72": "https:\/\/secure.gravatar.com\/avatar\/2e8dbd0085704773a8a21d802a222bd1.jpg?s=72&d=https%3A%2F%2Fa.slack-edge.com%2Fdf10d%2Fimg%2Favatars%2Fava_0002-72.png",
            "first_name": "",
            "real_name": "TobiLG",
            "display_name": "TobiLG",
            "team": "TC0C1HURK",
            "name": "tobilg",
            "is_restricted": false,
            "is_ultra_restricted": false
        },
        "blocks": [
            {
                "type": "rich_text",
                "block_id": "jJQvV",
                "elements": [
                    {
                        "type": "rich_text_section",
                        "elements": [
                            {
                                "type": "text",
                                "text": "ok, once I have a working setup I'll ping you"
                            }
                        ]
                    }
                ]
            }
        ],
        "thread_ts": "1591565099.026200",
        "parent_user_id": "U012CP32EEB",
        "reactions": [
            {
                "name": "+1",
                "users": [
                    "UC19HAUAK"
                ],
                "count": 1
            }
        ]
    },
    {
        "client_msg_id": "9452c8f5-3a65-4c18-aa9c-e4fb740761c5",
        "type": "message",
        "text": "I just gave access to the bucket the Parquet files reside in  to the Lambda as well, but still no success :confused:",
        "user": "U012CP32EEB",
        "ts": "1591566503.028900",
        "team": "TC0C1HURK",
        "user_team": "TC0C1HURK",
        "source_team": "TC0C1HURK",
        "user_profile": {
            "avatar_hash": "g2e8dbd00857",
            "image_72": "https:\/\/secure.gravatar.com\/avatar\/2e8dbd0085704773a8a21d802a222bd1.jpg?s=72&d=https%3A%2F%2Fa.slack-edge.com%2Fdf10d%2Fimg%2Favatars%2Fava_0002-72.png",
            "first_name": "",
            "real_name": "TobiLG",
            "display_name": "TobiLG",
            "team": "TC0C1HURK",
            "name": "tobilg",
            "is_restricted": false,
            "is_ultra_restricted": false
        },
        "edited": {
            "user": "U012CP32EEB",
            "ts": "1591566518.000000"
        },
        "blocks": [
            {
                "type": "rich_text",
                "block_id": "oLQ8y",
                "elements": [
                    {
                        "type": "rich_text_section",
                        "elements": [
                            {
                                "type": "text",
                                "text": "I just gave access to the bucket the Parquet files reside in  to the Lambda as well, but still no success "
                            },
                            {
                                "type": "emoji",
                                "name": "confused"
                            }
                        ]
                    }
                ]
            }
        ],
        "thread_ts": "1591565099.026200",
        "parent_user_id": "U012CP32EEB"
    },
    {
        "client_msg_id": "39206aaa-d4e5-4ea4-aca9-a8e1d0278e9d",
        "type": "message",
        "text": "Well, s3:* and * works obviously, now I need to work backwards to restrict it again. Thanks",
        "user": "U012CP32EEB",
        "ts": "1591567275.029300",
        "team": "TC0C1HURK",
        "user_team": "TC0C1HURK",
        "source_team": "TC0C1HURK",
        "user_profile": {
            "avatar_hash": "g2e8dbd00857",
            "image_72": "https:\/\/secure.gravatar.com\/avatar\/2e8dbd0085704773a8a21d802a222bd1.jpg?s=72&d=https%3A%2F%2Fa.slack-edge.com%2Fdf10d%2Fimg%2Favatars%2Fava_0002-72.png",
            "first_name": "",
            "real_name": "TobiLG",
            "display_name": "TobiLG",
            "team": "TC0C1HURK",
            "name": "tobilg",
            "is_restricted": false,
            "is_ultra_restricted": false
        },
        "blocks": [
            {
                "type": "rich_text",
                "block_id": "=UO",
                "elements": [
                    {
                        "type": "rich_text_section",
                        "elements": [
                            {
                                "type": "text",
                                "text": "Well, s3:* and * works obviously, now I need to work backwards to restrict it again. Thanks"
                            }
                        ]
                    }
                ]
            }
        ],
        "thread_ts": "1591565099.026200",
        "parent_user_id": "U012CP32EEB"
    },
    {
        "client_msg_id": "41a62886-a768-441d-b4cc-28cab99ee766",
        "type": "message",
        "text": "Yep. That's way to go.",
        "user": "UC19HAUAK",
        "ts": "1591567334.029600",
        "team": "TC0C1HURK",
        "user_team": "TC0C1HURK",
        "source_team": "TC0C1HURK",
        "user_profile": {
            "avatar_hash": "066a042e018c",
            "image_72": "https:\/\/avatars.slack-edge.com\/2019-12-07\/866588520998_066a042e018ca831a195_72.png",
            "first_name": "Pavel",
            "real_name": "Pavel Tiunov",
            "display_name": "pavel",
            "team": "TC0C1HURK",
            "name": "pavel",
            "is_restricted": false,
            "is_ultra_restricted": false
        },
        "blocks": [
            {
                "type": "rich_text",
                "block_id": "l5v",
                "elements": [
                    {
                        "type": "rich_text_section",
                        "elements": [
                            {
                                "type": "text",
                                "text": "Yep. That's way to go."
                            }
                        ]
                    }
                ]
            }
        ],
        "thread_ts": "1591565099.026200",
        "parent_user_id": "U012CP32EEB",
        "reactions": [
            {
                "name": "+1",
                "users": [
                    "U012CP32EEB"
                ],
                "count": 1
            }
        ]
    },
    {
        "type": "message",
        "subtype": "channel_join",
        "ts": "1591597686.030000",
        "user": "U015CGNRP6V",
        "text": "<@U015CGNRP6V> has joined the channel"
    }
]