[
    {
        "client_msg_id": "0249a1d0-3059-4b5a-8814-4bed65c838ee",
        "type": "message",
        "text": "Hi how can i refresh redis cache?",
        "user": "U010C6SFXEU",
        "ts": "1588230217.080500",
        "team": "TC0C1HURK",
        "user_team": "TC0C1HURK",
        "source_team": "TC0C1HURK",
        "user_profile": {
            "avatar_hash": "g27d47bc11d1",
            "image_72": "https:\/\/secure.gravatar.com\/avatar\/27d47bc11d16bd9170d88eceea57d3c7.jpg?s=72&d=https%3A%2F%2Fa.slack-edge.com%2Fdf10d%2Fimg%2Favatars%2Fava_0019-72.png",
            "first_name": "",
            "real_name": "Enkhtuvshin",
            "display_name": "Enkhtuvshin",
            "team": "TC0C1HURK",
            "name": "enhtuwshinn",
            "is_restricted": false,
            "is_ultra_restricted": false
        },
        "blocks": [
            {
                "type": "rich_text",
                "block_id": "tN8",
                "elements": [
                    {
                        "type": "rich_text_section",
                        "elements": [
                            {
                                "type": "text",
                                "text": "Hi how can i refresh redis cache?"
                            }
                        ]
                    }
                ]
            }
        ],
        "thread_ts": "1588230217.080500",
        "reply_count": 1,
        "reply_users_count": 1,
        "latest_reply": "1588360199.123700",
        "reply_users": [
            "UC19HAUAK"
        ],
        "replies": [
            {
                "user": "UC19HAUAK",
                "ts": "1588360199.123700"
            }
        ],
        "subscribed": false
    },
    {
        "client_msg_id": "2101d0d5-508d-49fd-8f45-40ea37d940b4",
        "type": "message",
        "text": "i need to get  dimensions with only value  is it possible?",
        "user": "U010C6SFXEU",
        "ts": "1588230487.082900",
        "team": "TC0C1HURK",
        "user_team": "TC0C1HURK",
        "source_team": "TC0C1HURK",
        "user_profile": {
            "avatar_hash": "g27d47bc11d1",
            "image_72": "https:\/\/secure.gravatar.com\/avatar\/27d47bc11d16bd9170d88eceea57d3c7.jpg?s=72&d=https%3A%2F%2Fa.slack-edge.com%2Fdf10d%2Fimg%2Favatars%2Fava_0019-72.png",
            "first_name": "",
            "real_name": "Enkhtuvshin",
            "display_name": "Enkhtuvshin",
            "team": "TC0C1HURK",
            "name": "enhtuwshinn",
            "is_restricted": false,
            "is_ultra_restricted": false
        },
        "edited": {
            "user": "U010C6SFXEU",
            "ts": "1588230718.000000"
        },
        "blocks": [
            {
                "type": "rich_text",
                "block_id": "S1JW",
                "elements": [
                    {
                        "type": "rich_text_section",
                        "elements": [
                            {
                                "type": "text",
                                "text": "i need to get  dimensions with only value  is it possible?"
                            }
                        ]
                    }
                ]
            }
        ]
    },
    {
        "client_msg_id": "ce3e8f9e-91b9-4d4f-b74a-c0fbff2c5182",
        "type": "message",
        "text": "Sure spark-hive-thriftserver_2.11-2.2.3.9, but the error is from the Struct the initiate the connection full error:\nError: TApplicationException: Required field ‘client_protocol’ is unset! Struct:TOpenSessionReq(client_protocol:null, username:cassandra, password:cassandra) at node_modules\/jshs2\/lib\/HiveConnection.js:57:18 at client._reqs.&lt;computed&gt; (node_modules\/thrift\/lib\/nodejs\/lib\/thrift\/connection.js:151:13) at exports.Client.TCLIServiceClient.recv_OpenSession (node_modules\/jshs2\/idl\/Thrift_0.9.3_Hive_2.1.1\/TCLIService.js:2327:12) at node_modules\/thrift\/lib\/nodejs\/lib\/thrift\/connection.js:157:41 at node_modules\/thrift\/lib\/nodejs\/lib\/thrift\/buffered_transport.js:48:5 at node_modules\/@cubejs-backend\/hive-driver\/driver\/TSaslTransport.js:105:52 at Array.map (&lt;anonymous&gt;) at Socket.&lt;anonymous&gt; (node_modules\/@cubejs-backend\/hive-driver\/driver\/TSaslTransport.js:105:43) at Socket.emit (events.js:315:20) at addChunk (_stream_readable.js:296:12)",
        "user": "U012FSCGXFB",
        "ts": "1588232475.083100",
        "team": "TC0C1HURK",
        "user_team": "TC0C1HURK",
        "source_team": "TC0C1HURK",
        "user_profile": {
            "avatar_hash": "g358248a0424",
            "image_72": "https:\/\/secure.gravatar.com\/avatar\/358248a04244d98418968ff3933483e1.jpg?s=72&d=https%3A%2F%2Fa.slack-edge.com%2Fdf10d%2Fimg%2Favatars%2Fava_0016-72.png",
            "first_name": "",
            "real_name": "Rafael Mor",
            "display_name": "Rafael Mor",
            "team": "TC0C1HURK",
            "name": "hello142",
            "is_restricted": false,
            "is_ultra_restricted": false
        },
        "blocks": [
            {
                "type": "rich_text",
                "block_id": "FxE",
                "elements": [
                    {
                        "type": "rich_text_section",
                        "elements": [
                            {
                                "type": "text",
                                "text": "Sure spark-hive-thriftserver_2.11-2.2.3.9, but the error is from the Struct the initiate the connection full error:\nError: TApplicationException: Required field ‘client_protocol’ is unset! Struct:TOpenSessionReq(client_protocol:null, username:cassandra, password:cassandra) at node_modules\/jshs2\/lib\/HiveConnection.js:57:18 at client._reqs.<computed> (node_modules\/thrift\/lib\/nodejs\/lib\/thrift\/connection.js:151:13) at exports.Client.TCLIServiceClient.recv_OpenSession (node_modules\/jshs2\/idl\/Thrift_0.9.3_Hive_2.1.1\/TCLIService.js:2327:12) at node_modules\/thrift\/lib\/nodejs\/lib\/thrift\/connection.js:157:41 at node_modules\/thrift\/lib\/nodejs\/lib\/thrift\/buffered_transport.js:48:5 at node_modules\/@cubejs-backend\/hive-driver\/driver\/TSaslTransport.js:105:52 at Array.map (<anonymous>) at Socket.<anonymous> (node_modules\/@cubejs-backend\/hive-driver\/driver\/TSaslTransport.js:105:43) at Socket.emit (events.js:315:20) at addChunk (_stream_readable.js:296:12)"
                            }
                        ]
                    }
                ]
            }
        ],
        "thread_ts": "1588188424.067200",
        "parent_user_id": "U012FSCGXFB"
    },
    {
        "type": "message",
        "subtype": "channel_join",
        "ts": "1588233655.083300",
        "user": "U012KB50DSA",
        "text": "<@U012KB50DSA> has joined the channel"
    },
    {
        "client_msg_id": "d4a5f231-b128-4573-b107-9d1f0494bc78",
        "type": "message",
        "text": "Hi, I’ve a quick question here\n`preAggregations: {`\n        account: {\n            type: `rollup`,\n            measureReferences: [AssetZonePath.AvgDwellTime, AssetZonePath.SumDwellTime, AssetZonePath.RowsCount],\n            dimensionReferences: [AssetZonePath.account_id,AssetZonePath.zone_id,AssetZonePath.uuid],\n            timeDimensionReference: AssetZonePath.last_seen_timestamp,\n            granularity: `day`\n        }\n    }\nThis is my `preAggregations`  settings, So would it work for query like\n1. Give AvgDwellTime  by dimension AssetZonePath.account, AssetZonePath.zone_id\n2. Give AvgDwellTime by  dimension AssetZonePath.account, AssetZonePath.uuid\n3. Give AvgDwellTime without any dimension\nPlease tell me which of the above 3 will user `preAggregations` . Because I’m trying that out and “usedPreAggregations” key in API response comes as {}",
        "user": "U012NFHKWKD",
        "ts": "1588248628.083900",
        "team": "TC0C1HURK",
        "user_team": "TC0C1HURK",
        "source_team": "TC0C1HURK",
        "user_profile": {
            "avatar_hash": "g30754c211f5",
            "image_72": "https:\/\/secure.gravatar.com\/avatar\/30754c211f58be5ad1a4d790d6a1a125.jpg?s=72&d=https%3A%2F%2Fa.slack-edge.com%2Fdf10d%2Fimg%2Favatars%2Fava_0012-72.png",
            "first_name": "",
            "real_name": "Dinesh",
            "display_name": "Dinesh",
            "team": "TC0C1HURK",
            "name": "dagrawal",
            "is_restricted": false,
            "is_ultra_restricted": false
        },
        "edited": {
            "user": "U012NFHKWKD",
            "ts": "1588248926.000000"
        },
        "blocks": [
            {
                "type": "rich_text",
                "block_id": "RVZYi",
                "elements": [
                    {
                        "type": "rich_text_section",
                        "elements": [
                            {
                                "type": "text",
                                "text": "Hi, I’ve a quick question here\n"
                            },
                            {
                                "type": "text",
                                "text": "preAggregations: {",
                                "style": {
                                    "code": true
                                }
                            },
                            {
                                "type": "text",
                                "text": "\n        account: {\n            type: `rollup`,\n            measureReferences: [AssetZonePath.AvgDwellTime, AssetZonePath.SumDwellTime, AssetZonePath.RowsCount],\n            dimensionReferences: [AssetZonePath.account_id,AssetZonePath.zone_id,AssetZonePath.uuid],\n            timeDimensionReference: AssetZonePath.last_seen_timestamp,\n            granularity: `day`\n        }\n    }\nThis is my "
                            },
                            {
                                "type": "text",
                                "text": "preAggregations",
                                "style": {
                                    "code": true
                                }
                            },
                            {
                                "type": "text",
                                "text": "  settings, So would it work for query like\n"
                            }
                        ]
                    },
                    {
                        "type": "rich_text_list",
                        "elements": [
                            {
                                "type": "rich_text_section",
                                "elements": [
                                    {
                                        "type": "text",
                                        "text": "Give AvgDwellTime  by dimension AssetZonePath.account, AssetZonePath.zone_id"
                                    }
                                ]
                            },
                            {
                                "type": "rich_text_section",
                                "elements": [
                                    {
                                        "type": "text",
                                        "text": "Give AvgDwellTime by  dimension AssetZonePath.account, AssetZonePath.uuid"
                                    }
                                ]
                            },
                            {
                                "type": "rich_text_section",
                                "elements": [
                                    {
                                        "type": "text",
                                        "text": "Give AvgDwellTime without any dimension"
                                    }
                                ]
                            }
                        ],
                        "style": "ordered",
                        "indent": 0
                    },
                    {
                        "type": "rich_text_section",
                        "elements": [
                            {
                                "type": "text",
                                "text": "\nPlease tell me which of the above 3 will user "
                            },
                            {
                                "type": "text",
                                "text": "preAggregations",
                                "style": {
                                    "code": true
                                }
                            },
                            {
                                "type": "text",
                                "text": " . Because I’m trying that out and “usedPreAggregations” key in API response comes as {}"
                            }
                        ]
                    }
                ]
            }
        ],
        "thread_ts": "1588248628.083900",
        "reply_count": 1,
        "reply_users_count": 1,
        "latest_reply": "1588292868.094800",
        "reply_users": [
            "UC19HAUAK"
        ],
        "replies": [
            {
                "user": "UC19HAUAK",
                "ts": "1588292868.094800"
            }
        ],
        "subscribed": false
    },
    {
        "type": "message",
        "subtype": "channel_join",
        "ts": "1588254291.084400",
        "user": "U013J5CRRDW",
        "text": "<@U013J5CRRDW> has joined the channel"
    },
    {
        "client_msg_id": "85f753ba-1bd7-453e-aa15-ae08f2b7bfd5",
        "type": "message",
        "text": "is there a general way to merge\/consolidate queries and then split result-sets? I'm building a page that have multiple charts and KPIs that all share a common set of filters (date range, etc), and my ideal is to issue one query to my backend and have that query return results for all of the N charts on the page. Is this possible? Am I thinking about this clearly?",
        "user": "U012NV1LH6E",
        "ts": "1588263475.086500",
        "team": "TC0C1HURK",
        "user_team": "TC0C1HURK",
        "source_team": "TC0C1HURK",
        "user_profile": {
            "avatar_hash": "gb6848da1856",
            "image_72": "https:\/\/secure.gravatar.com\/avatar\/b6848da18564b35fadc20c75ca3cd1ad.jpg?s=72&d=https%3A%2F%2Fa.slack-edge.com%2Fdf10d%2Fimg%2Favatars%2Fava_0024-72.png",
            "first_name": "",
            "real_name": "Emmanuel Gomez",
            "display_name": "Emmanuel Gomez",
            "team": "TC0C1HURK",
            "name": "egomez",
            "is_restricted": false,
            "is_ultra_restricted": false
        },
        "blocks": [
            {
                "type": "rich_text",
                "block_id": "2GJM",
                "elements": [
                    {
                        "type": "rich_text_section",
                        "elements": [
                            {
                                "type": "text",
                                "text": "is there a general way to merge\/consolidate queries and then split result-sets? I'm building a page that have multiple charts and KPIs that all share a common set of filters (date range, etc), and my ideal is to issue one query to my backend and have that query return results for all of the N charts on the page. Is this possible? Am I thinking about this clearly?"
                            }
                        ]
                    }
                ]
            }
        ],
        "thread_ts": "1588263475.086500",
        "reply_count": 6,
        "reply_users_count": 2,
        "latest_reply": "1588284763.090700",
        "reply_users": [
            "UC19HAUAK",
            "U012NV1LH6E"
        ],
        "replies": [
            {
                "user": "UC19HAUAK",
                "ts": "1588284538.089500"
            },
            {
                "user": "U012NV1LH6E",
                "ts": "1588284568.089800"
            },
            {
                "user": "U012NV1LH6E",
                "ts": "1588284604.090000"
            },
            {
                "user": "UC19HAUAK",
                "ts": "1588284633.090200"
            },
            {
                "user": "U012NV1LH6E",
                "ts": "1588284633.090400"
            },
            {
                "user": "U012NV1LH6E",
                "ts": "1588284763.090700"
            }
        ],
        "subscribed": false
    },
    {
        "client_msg_id": "f046a2df-d88a-411a-b370-06540d7b5687",
        "type": "message",
        "text": "How can I change the root path of the CubejsServerCore? When I load up the playground I can see that the network requests are trying to load from <http:\/\/localhost\/playground\/files> but I need them to load from <http:\/\/localhost\/api\/playground\/files>",
        "user": "U0127E76EAD",
        "ts": "1588268303.087500",
        "team": "TC0C1HURK",
        "user_team": "TC0C1HURK",
        "source_team": "TC0C1HURK",
        "user_profile": {
            "avatar_hash": "gbd4dfb76ec8",
            "image_72": "https:\/\/secure.gravatar.com\/avatar\/bd4dfb76ec897814f547e8ae5da5719d.jpg?s=72&d=https%3A%2F%2Fa.slack-edge.com%2Fdf10d%2Fimg%2Favatars%2Fava_0004-72.png",
            "first_name": "",
            "real_name": "Jesse Holden",
            "display_name": "Jesse Holden",
            "team": "TC0C1HURK",
            "name": "jesse",
            "is_restricted": false,
            "is_ultra_restricted": false
        },
        "blocks": [
            {
                "type": "rich_text",
                "block_id": "r8s",
                "elements": [
                    {
                        "type": "rich_text_section",
                        "elements": [
                            {
                                "type": "text",
                                "text": "How can I change the root path of the CubejsServerCore? When I load up the playground I can see that the network requests are trying to load from "
                            },
                            {
                                "type": "link",
                                "url": "http:\/\/localhost\/playground\/files"
                            },
                            {
                                "type": "text",
                                "text": " but I need them to load from "
                            },
                            {
                                "type": "link",
                                "url": "http:\/\/localhost\/api\/playground\/files"
                            }
                        ]
                    }
                ]
            }
        ],
        "thread_ts": "1588268303.087500",
        "reply_count": 2,
        "reply_users_count": 2,
        "latest_reply": "1588286034.093600",
        "reply_users": [
            "UC19HAUAK",
            "U0127E76EAD"
        ],
        "replies": [
            {
                "user": "UC19HAUAK",
                "ts": "1588284371.089200"
            },
            {
                "user": "U0127E76EAD",
                "ts": "1588286034.093600"
            }
        ],
        "subscribed": false
    },
    {
        "type": "message",
        "subtype": "channel_join",
        "ts": "1588274589.087700",
        "user": "U012EGKPY3H",
        "text": "<@U012EGKPY3H> has joined the channel"
    },
    {
        "type": "message",
        "subtype": "channel_join",
        "ts": "1588274826.087900",
        "user": "U012EHHQ6VD",
        "text": "<@U012EHHQ6VD> has joined the channel"
    },
    {
        "type": "message",
        "subtype": "channel_join",
        "ts": "1588277079.088100",
        "user": "U012VJKS95Z",
        "text": "<@U012VJKS95Z> has joined the channel"
    },
    {
        "client_msg_id": "20703796-7e8a-4a42-9303-fe83f8ac90f4",
        "type": "message",
        "text": "thanks pavel! and one more thing, how could i implement external database in serverless template?",
        "user": "UNHS5GGUT",
        "ts": "1588277415.088200",
        "team": "TC0C1HURK",
        "user_team": "TC0C1HURK",
        "source_team": "TC0C1HURK",
        "user_profile": {
            "avatar_hash": "gbdf0a397856",
            "image_72": "https:\/\/secure.gravatar.com\/avatar\/bdf0a3978562bacb40fc4bb4d1133a72.jpg?s=72&d=https%3A%2F%2Fa.slack-edge.com%2Fdf10d%2Fimg%2Favatars%2Fava_0000-72.png",
            "first_name": "",
            "real_name": "Camilo Jose Sepulveda Zuñiga",
            "display_name": "Camilo Jose Sepulveda Zuñiga",
            "team": "TC0C1HURK",
            "name": "camilo.sepulveda",
            "is_restricted": false,
            "is_ultra_restricted": false
        },
        "blocks": [
            {
                "type": "rich_text",
                "block_id": "GPmi",
                "elements": [
                    {
                        "type": "rich_text_section",
                        "elements": [
                            {
                                "type": "text",
                                "text": "thanks pavel! and one more thing, how could i implement external database in serverless template?"
                            }
                        ]
                    }
                ]
            }
        ],
        "thread_ts": "1588115461.052800",
        "parent_user_id": "UNHS5GGUT"
    },
    {
        "type": "message",
        "subtype": "channel_join",
        "ts": "1588278165.088600",
        "user": "U012VKQN3MH",
        "text": "<@U012VKQN3MH> has joined the channel"
    },
    {
        "type": "message",
        "subtype": "channel_join",
        "ts": "1588282895.088800",
        "user": "U0136895W73",
        "text": "<@U0136895W73> has joined the channel"
    },
    {
        "client_msg_id": "3375a4b9-4157-4f3c-92ba-f8abe25e73b3",
        "type": "message",
        "text": "Hey <@U012CP32EEB>! Please see <https:\/\/cube.dev\/docs\/deployment#serverless>",
        "user": "UC19HAUAK",
        "ts": "1588283845.088900",
        "team": "TC0C1HURK",
        "user_team": "TC0C1HURK",
        "source_team": "TC0C1HURK",
        "user_profile": {
            "avatar_hash": "066a042e018c",
            "image_72": "https:\/\/avatars.slack-edge.com\/2019-12-07\/866588520998_066a042e018ca831a195_72.png",
            "first_name": "Pavel",
            "real_name": "Pavel Tiunov",
            "display_name": "pavel",
            "team": "TC0C1HURK",
            "name": "pavel",
            "is_restricted": false,
            "is_ultra_restricted": false
        },
        "blocks": [
            {
                "type": "rich_text",
                "block_id": "byNi9",
                "elements": [
                    {
                        "type": "rich_text_section",
                        "elements": [
                            {
                                "type": "text",
                                "text": "Hey "
                            },
                            {
                                "type": "user",
                                "user_id": "U012CP32EEB"
                            },
                            {
                                "type": "text",
                                "text": "! Please see "
                            },
                            {
                                "type": "link",
                                "url": "https:\/\/cube.dev\/docs\/deployment#serverless"
                            }
                        ]
                    }
                ]
            }
        ],
        "thread_ts": "1588229758.080000",
        "parent_user_id": "U012CP32EEB"
    },
    {
        "client_msg_id": "3a24c35c-a21f-40be-9f61-57d46b77fd2b",
        "type": "message",
        "text": "Hey <@U0127E76EAD>! There's an issue for it <https:\/\/github.com\/cube-js\/cube.js\/issues\/377>",
        "user": "UC19HAUAK",
        "ts": "1588284371.089200",
        "team": "TC0C1HURK",
        "user_team": "TC0C1HURK",
        "source_team": "TC0C1HURK",
        "user_profile": {
            "avatar_hash": "066a042e018c",
            "image_72": "https:\/\/avatars.slack-edge.com\/2019-12-07\/866588520998_066a042e018ca831a195_72.png",
            "first_name": "Pavel",
            "real_name": "Pavel Tiunov",
            "display_name": "pavel",
            "team": "TC0C1HURK",
            "name": "pavel",
            "is_restricted": false,
            "is_ultra_restricted": false
        },
        "attachments": [
            {
                "service_name": "GitHub",
                "title": "Update of API BasePath does not apply for playground: Unexpected token &lt; in JSON at position 0 · Issue #377 · cube-js\/cube.js",
                "title_link": "https:\/\/github.com\/cube-js\/cube.js\/issues\/377",
                "text": "Describe the bug By explicitly defining a basePath in the ServerCore options, playground will still call the default basePath of &amp;#39;\/cubejs-api&amp;#39;. To Reproduce Steps to reproduce the behavior:...",
                "fallback": "GitHub: Update of API BasePath does not apply for playground: Unexpected token &lt; in JSON at position 0 · Issue #377 · cube-js\/cube.js",
                "from_url": "https:\/\/github.com\/cube-js\/cube.js\/issues\/377",
                "thumb_url": "https:\/\/repository-images.githubusercontent.com\/149026292\/33deb000-42b4-11ea-8f24-e112f465ddf1",
                "thumb_width": 658,
                "thumb_height": 250,
                "service_icon": "https:\/\/a.slack-edge.com\/80588\/img\/unfurl_icons\/github.png",
                "id": 1,
                "original_url": "https:\/\/github.com\/cube-js\/cube.js\/issues\/377"
            }
        ],
        "blocks": [
            {
                "type": "rich_text",
                "block_id": "+Z9H",
                "elements": [
                    {
                        "type": "rich_text_section",
                        "elements": [
                            {
                                "type": "text",
                                "text": "Hey "
                            },
                            {
                                "type": "user",
                                "user_id": "U0127E76EAD"
                            },
                            {
                                "type": "text",
                                "text": "! There's an issue for it "
                            },
                            {
                                "type": "link",
                                "url": "https:\/\/github.com\/cube-js\/cube.js\/issues\/377"
                            }
                        ]
                    }
                ]
            }
        ],
        "thread_ts": "1588268303.087500",
        "parent_user_id": "U0127E76EAD"
    },
    {
        "client_msg_id": "047e0522-3708-4b0d-a7d8-a332e3dd1f24",
        "type": "message",
        "text": "Hey <@U012NV1LH6E>! Could you please elaborate on why do you want to consolidate queries?",
        "user": "UC19HAUAK",
        "ts": "1588284538.089500",
        "team": "TC0C1HURK",
        "user_team": "TC0C1HURK",
        "source_team": "TC0C1HURK",
        "user_profile": {
            "avatar_hash": "066a042e018c",
            "image_72": "https:\/\/avatars.slack-edge.com\/2019-12-07\/866588520998_066a042e018ca831a195_72.png",
            "first_name": "Pavel",
            "real_name": "Pavel Tiunov",
            "display_name": "pavel",
            "team": "TC0C1HURK",
            "name": "pavel",
            "is_restricted": false,
            "is_ultra_restricted": false
        },
        "edited": {
            "user": "UC19HAUAK",
            "ts": "1588284541.000000"
        },
        "blocks": [
            {
                "type": "rich_text",
                "block_id": "UrU",
                "elements": [
                    {
                        "type": "rich_text_section",
                        "elements": [
                            {
                                "type": "text",
                                "text": "Hey "
                            },
                            {
                                "type": "user",
                                "user_id": "U012NV1LH6E"
                            },
                            {
                                "type": "text",
                                "text": "! Could you please elaborate on why do you want to consolidate queries?"
                            }
                        ]
                    }
                ]
            }
        ],
        "thread_ts": "1588263475.086500",
        "parent_user_id": "U012NV1LH6E"
    },
    {
        "client_msg_id": "3997a618-da02-4fd9-a7de-9a2cde199580",
        "type": "message",
        "text": "optimization (perhaps premature)",
        "user": "U012NV1LH6E",
        "ts": "1588284568.089800",
        "team": "TC0C1HURK",
        "user_team": "TC0C1HURK",
        "source_team": "TC0C1HURK",
        "user_profile": {
            "avatar_hash": "gb6848da1856",
            "image_72": "https:\/\/secure.gravatar.com\/avatar\/b6848da18564b35fadc20c75ca3cd1ad.jpg?s=72&d=https%3A%2F%2Fa.slack-edge.com%2Fdf10d%2Fimg%2Favatars%2Fava_0024-72.png",
            "first_name": "",
            "real_name": "Emmanuel Gomez",
            "display_name": "Emmanuel Gomez",
            "team": "TC0C1HURK",
            "name": "egomez",
            "is_restricted": false,
            "is_ultra_restricted": false
        },
        "blocks": [
            {
                "type": "rich_text",
                "block_id": "YtBiX",
                "elements": [
                    {
                        "type": "rich_text_section",
                        "elements": [
                            {
                                "type": "text",
                                "text": "optimization (perhaps premature)"
                            }
                        ]
                    }
                ]
            }
        ],
        "thread_ts": "1588263475.086500",
        "parent_user_id": "U012NV1LH6E"
    },
    {
        "client_msg_id": "9af9fefc-7393-4371-a89b-db3cb5a6848d",
        "type": "message",
        "text": "my intuition is to reduce the load on the DB by traversing the data as few times as possible",
        "user": "U012NV1LH6E",
        "ts": "1588284604.090000",
        "team": "TC0C1HURK",
        "user_team": "TC0C1HURK",
        "source_team": "TC0C1HURK",
        "user_profile": {
            "avatar_hash": "gb6848da1856",
            "image_72": "https:\/\/secure.gravatar.com\/avatar\/b6848da18564b35fadc20c75ca3cd1ad.jpg?s=72&d=https%3A%2F%2Fa.slack-edge.com%2Fdf10d%2Fimg%2Favatars%2Fava_0024-72.png",
            "first_name": "",
            "real_name": "Emmanuel Gomez",
            "display_name": "Emmanuel Gomez",
            "team": "TC0C1HURK",
            "name": "egomez",
            "is_restricted": false,
            "is_ultra_restricted": false
        },
        "blocks": [
            {
                "type": "rich_text",
                "block_id": "TAt",
                "elements": [
                    {
                        "type": "rich_text_section",
                        "elements": [
                            {
                                "type": "text",
                                "text": "my intuition is to reduce the load on the DB by traversing the data as few times as possible"
                            }
                        ]
                    }
                ]
            }
        ],
        "thread_ts": "1588263475.086500",
        "parent_user_id": "U012NV1LH6E"
    },
    {
        "client_msg_id": "5b136153-869c-4f85-94bc-bc024b22f1d4",
        "type": "message",
        "text": "<@U012NV1LH6E> Gotcha. You'd need to use <https:\/\/cube.dev\/docs\/pre-aggregations#top> for that.",
        "user": "UC19HAUAK",
        "ts": "1588284633.090200",
        "team": "TC0C1HURK",
        "user_team": "TC0C1HURK",
        "source_team": "TC0C1HURK",
        "user_profile": {
            "avatar_hash": "066a042e018c",
            "image_72": "https:\/\/avatars.slack-edge.com\/2019-12-07\/866588520998_066a042e018ca831a195_72.png",
            "first_name": "Pavel",
            "real_name": "Pavel Tiunov",
            "display_name": "pavel",
            "team": "TC0C1HURK",
            "name": "pavel",
            "is_restricted": false,
            "is_ultra_restricted": false
        },
        "blocks": [
            {
                "type": "rich_text",
                "block_id": "XtLN",
                "elements": [
                    {
                        "type": "rich_text_section",
                        "elements": [
                            {
                                "type": "user",
                                "user_id": "U012NV1LH6E"
                            },
                            {
                                "type": "text",
                                "text": " Gotcha. You'd need to use "
                            },
                            {
                                "type": "link",
                                "url": "https:\/\/cube.dev\/docs\/pre-aggregations#top"
                            },
                            {
                                "type": "text",
                                "text": " for that."
                            }
                        ]
                    }
                ]
            }
        ],
        "thread_ts": "1588263475.086500",
        "parent_user_id": "U012NV1LH6E"
    },
    {
        "client_msg_id": "caf1a420-435e-403f-ac79-87201d6d4060",
        "type": "message",
        "text": "also: hi <@UC19HAUAK>! :slightly_smiling_face:",
        "user": "U012NV1LH6E",
        "ts": "1588284633.090400",
        "team": "TC0C1HURK",
        "user_team": "TC0C1HURK",
        "source_team": "TC0C1HURK",
        "user_profile": {
            "avatar_hash": "gb6848da1856",
            "image_72": "https:\/\/secure.gravatar.com\/avatar\/b6848da18564b35fadc20c75ca3cd1ad.jpg?s=72&d=https%3A%2F%2Fa.slack-edge.com%2Fdf10d%2Fimg%2Favatars%2Fava_0024-72.png",
            "first_name": "",
            "real_name": "Emmanuel Gomez",
            "display_name": "Emmanuel Gomez",
            "team": "TC0C1HURK",
            "name": "egomez",
            "is_restricted": false,
            "is_ultra_restricted": false
        },
        "blocks": [
            {
                "type": "rich_text",
                "block_id": "LT=Q",
                "elements": [
                    {
                        "type": "rich_text_section",
                        "elements": [
                            {
                                "type": "text",
                                "text": "also: hi "
                            },
                            {
                                "type": "user",
                                "user_id": "UC19HAUAK"
                            },
                            {
                                "type": "text",
                                "text": "! "
                            },
                            {
                                "type": "emoji",
                                "name": "slightly_smiling_face"
                            }
                        ]
                    }
                ]
            }
        ],
        "thread_ts": "1588263475.086500",
        "parent_user_id": "U012NV1LH6E",
        "reactions": [
            {
                "name": "wave",
                "users": [
                    "UC19HAUAK"
                ],
                "count": 1
            }
        ]
    },
    {
        "client_msg_id": "0bba00ca-9f47-452c-991f-2c7c251f1a6c",
        "type": "message",
        "text": "thank you <@UC19HAUAK>. That is exactly what I had in mind. I had even bumped into pre-aggregations in the docs previously, but I didn't have enough context at that time to understand the use-case. now I get it :smile:",
        "user": "U012NV1LH6E",
        "ts": "1588284763.090700",
        "team": "TC0C1HURK",
        "user_team": "TC0C1HURK",
        "source_team": "TC0C1HURK",
        "user_profile": {
            "avatar_hash": "gb6848da1856",
            "image_72": "https:\/\/secure.gravatar.com\/avatar\/b6848da18564b35fadc20c75ca3cd1ad.jpg?s=72&d=https%3A%2F%2Fa.slack-edge.com%2Fdf10d%2Fimg%2Favatars%2Fava_0024-72.png",
            "first_name": "",
            "real_name": "Emmanuel Gomez",
            "display_name": "Emmanuel Gomez",
            "team": "TC0C1HURK",
            "name": "egomez",
            "is_restricted": false,
            "is_ultra_restricted": false
        },
        "blocks": [
            {
                "type": "rich_text",
                "block_id": "\/72Z",
                "elements": [
                    {
                        "type": "rich_text_section",
                        "elements": [
                            {
                                "type": "text",
                                "text": "thank you "
                            },
                            {
                                "type": "user",
                                "user_id": "UC19HAUAK"
                            },
                            {
                                "type": "text",
                                "text": ". That is exactly what I had in mind. I had even bumped into pre-aggregations in the docs previously, but I didn't have enough context at that time to understand the use-case. now I get it "
                            },
                            {
                                "type": "emoji",
                                "name": "smile"
                            }
                        ]
                    }
                ]
            }
        ],
        "thread_ts": "1588263475.086500",
        "parent_user_id": "U012NV1LH6E",
        "reactions": [
            {
                "name": "raised_hands",
                "users": [
                    "UC19HAUAK"
                ],
                "count": 1
            }
        ]
    },
    {
        "client_msg_id": "528a3e40-6cdf-494d-b898-ed89219f3cc2",
        "type": "message",
        "text": "How can I do performance tuning of the queries cubejs issues? I'm using a PostgreSQL backend right now, so my question is really: how can I capture the SQL queries that cubejs is issuing to my backend (including parameters) so that I can do some investigation with `EXPLAIN ANALYZE`?",
        "user": "U012NV1LH6E",
        "ts": "1588284953.093000",
        "team": "TC0C1HURK",
        "user_team": "TC0C1HURK",
        "source_team": "TC0C1HURK",
        "user_profile": {
            "avatar_hash": "gb6848da1856",
            "image_72": "https:\/\/secure.gravatar.com\/avatar\/b6848da18564b35fadc20c75ca3cd1ad.jpg?s=72&d=https%3A%2F%2Fa.slack-edge.com%2Fdf10d%2Fimg%2Favatars%2Fava_0024-72.png",
            "first_name": "",
            "real_name": "Emmanuel Gomez",
            "display_name": "Emmanuel Gomez",
            "team": "TC0C1HURK",
            "name": "egomez",
            "is_restricted": false,
            "is_ultra_restricted": false
        },
        "blocks": [
            {
                "type": "rich_text",
                "block_id": "mzzd",
                "elements": [
                    {
                        "type": "rich_text_section",
                        "elements": [
                            {
                                "type": "text",
                                "text": "How can I do performance tuning of the queries cubejs issues? I'm using a PostgreSQL backend right now, so my question is really: how can I capture the SQL queries that cubejs is issuing to my backend (including parameters) so that I can do some investigation with "
                            },
                            {
                                "type": "text",
                                "text": "EXPLAIN ANALYZE",
                                "style": {
                                    "code": true
                                }
                            },
                            {
                                "type": "text",
                                "text": "?"
                            }
                        ]
                    }
                ]
            }
        ],
        "thread_ts": "1588284953.093000",
        "reply_count": 2,
        "reply_users_count": 2,
        "latest_reply": "1588285778.093300",
        "reply_users": [
            "UC19HAUAK",
            "U012NV1LH6E"
        ],
        "replies": [
            {
                "user": "UC19HAUAK",
                "ts": "1588285760.093100"
            },
            {
                "user": "U012NV1LH6E",
                "ts": "1588285778.093300"
            }
        ],
        "subscribed": false
    },
    {
        "client_msg_id": "4df90f0a-4680-47ff-958d-37d63505d05f",
        "type": "message",
        "text": "<@U012NV1LH6E> There's cube cloud for it. I'll follow up with an access shortly.",
        "user": "UC19HAUAK",
        "ts": "1588285760.093100",
        "team": "TC0C1HURK",
        "user_team": "TC0C1HURK",
        "source_team": "TC0C1HURK",
        "user_profile": {
            "avatar_hash": "066a042e018c",
            "image_72": "https:\/\/avatars.slack-edge.com\/2019-12-07\/866588520998_066a042e018ca831a195_72.png",
            "first_name": "Pavel",
            "real_name": "Pavel Tiunov",
            "display_name": "pavel",
            "team": "TC0C1HURK",
            "name": "pavel",
            "is_restricted": false,
            "is_ultra_restricted": false
        },
        "blocks": [
            {
                "type": "rich_text",
                "block_id": "e8Ic",
                "elements": [
                    {
                        "type": "rich_text_section",
                        "elements": [
                            {
                                "type": "user",
                                "user_id": "U012NV1LH6E"
                            },
                            {
                                "type": "text",
                                "text": " There's cube cloud for it. I'll follow up with an access shortly."
                            }
                        ]
                    }
                ]
            }
        ],
        "thread_ts": "1588284953.093000",
        "parent_user_id": "U012NV1LH6E"
    },
    {
        "client_msg_id": "bc427bcd-4301-419d-bb52-015f78661f83",
        "type": "message",
        "text": "thank you! :100:",
        "user": "U012NV1LH6E",
        "ts": "1588285778.093300",
        "team": "TC0C1HURK",
        "user_team": "TC0C1HURK",
        "source_team": "TC0C1HURK",
        "user_profile": {
            "avatar_hash": "gb6848da1856",
            "image_72": "https:\/\/secure.gravatar.com\/avatar\/b6848da18564b35fadc20c75ca3cd1ad.jpg?s=72&d=https%3A%2F%2Fa.slack-edge.com%2Fdf10d%2Fimg%2Favatars%2Fava_0024-72.png",
            "first_name": "",
            "real_name": "Emmanuel Gomez",
            "display_name": "Emmanuel Gomez",
            "team": "TC0C1HURK",
            "name": "egomez",
            "is_restricted": false,
            "is_ultra_restricted": false
        },
        "edited": {
            "user": "U012NV1LH6E",
            "ts": "1588285792.000000"
        },
        "blocks": [
            {
                "type": "rich_text",
                "block_id": "BQx",
                "elements": [
                    {
                        "type": "rich_text_section",
                        "elements": [
                            {
                                "type": "text",
                                "text": "thank you! "
                            },
                            {
                                "type": "emoji",
                                "name": "100"
                            }
                        ]
                    }
                ]
            }
        ],
        "thread_ts": "1588284953.093000",
        "parent_user_id": "U012NV1LH6E"
    },
    {
        "client_msg_id": "07f963ef-5ea4-46da-8fc5-bbe05d8fc72d",
        "type": "message",
        "text": "Thanks! I was able to come up with a temp fix by redirecting \/playground routes to the API",
        "user": "U0127E76EAD",
        "ts": "1588286034.093600",
        "team": "TC0C1HURK",
        "user_team": "TC0C1HURK",
        "source_team": "TC0C1HURK",
        "user_profile": {
            "avatar_hash": "gbd4dfb76ec8",
            "image_72": "https:\/\/secure.gravatar.com\/avatar\/bd4dfb76ec897814f547e8ae5da5719d.jpg?s=72&d=https%3A%2F%2Fa.slack-edge.com%2Fdf10d%2Fimg%2Favatars%2Fava_0004-72.png",
            "first_name": "",
            "real_name": "Jesse Holden",
            "display_name": "Jesse Holden",
            "team": "TC0C1HURK",
            "name": "jesse",
            "is_restricted": false,
            "is_ultra_restricted": false
        },
        "blocks": [
            {
                "type": "rich_text",
                "block_id": "Cak9",
                "elements": [
                    {
                        "type": "rich_text_section",
                        "elements": [
                            {
                                "type": "text",
                                "text": "Thanks! I was able to come up with a temp fix by redirecting \/playground routes to the API"
                            }
                        ]
                    }
                ]
            }
        ],
        "thread_ts": "1588268303.087500",
        "parent_user_id": "U0127E76EAD",
        "reactions": [
            {
                "name": "raised_hands",
                "users": [
                    "UC19HAUAK"
                ],
                "count": 1
            }
        ]
    },
    {
        "type": "message",
        "text": "Hey there looking for help generating the query for the type of graph I'm trying to produce. I have here in table view the dimensions I am trying to graph, but when I switch to line graph it is not presenting how I need it",
        "files": [
            {
                "id": "F012F04FK3R",
                "created": 1588286107,
                "timestamp": 1588286107,
                "name": "image.png",
                "title": "image.png",
                "mimetype": "image\/png",
                "filetype": "png",
                "pretty_type": "PNG",
                "user": "U0127E76EAD",
                "editable": false,
                "size": 84713,
                "mode": "hosted",
                "is_external": false,
                "external_type": "",
                "is_public": true,
                "public_url_shared": false,
                "display_as_bot": false,
                "username": "",
                "url_private": "https:\/\/files.slack.com\/files-pri\/TC0C1HURK-F012F04FK3R\/image.png?t=xoxe-408409606869-1267807410853-1293019902560-8c9dc5fc58d3a65e0fe0837e69de048d",
                "url_private_download": "https:\/\/files.slack.com\/files-pri\/TC0C1HURK-F012F04FK3R\/download\/image.png?t=xoxe-408409606869-1267807410853-1293019902560-8c9dc5fc58d3a65e0fe0837e69de048d",
                "thumb_64": "https:\/\/files.slack.com\/files-tmb\/TC0C1HURK-F012F04FK3R-35fbe141a5\/image_64.png?t=xoxe-408409606869-1267807410853-1293019902560-8c9dc5fc58d3a65e0fe0837e69de048d",
                "thumb_80": "https:\/\/files.slack.com\/files-tmb\/TC0C1HURK-F012F04FK3R-35fbe141a5\/image_80.png?t=xoxe-408409606869-1267807410853-1293019902560-8c9dc5fc58d3a65e0fe0837e69de048d",
                "thumb_360": "https:\/\/files.slack.com\/files-tmb\/TC0C1HURK-F012F04FK3R-35fbe141a5\/image_360.png?t=xoxe-408409606869-1267807410853-1293019902560-8c9dc5fc58d3a65e0fe0837e69de048d",
                "thumb_360_w": 360,
                "thumb_360_h": 169,
                "thumb_480": "https:\/\/files.slack.com\/files-tmb\/TC0C1HURK-F012F04FK3R-35fbe141a5\/image_480.png?t=xoxe-408409606869-1267807410853-1293019902560-8c9dc5fc58d3a65e0fe0837e69de048d",
                "thumb_480_w": 480,
                "thumb_480_h": 225,
                "thumb_160": "https:\/\/files.slack.com\/files-tmb\/TC0C1HURK-F012F04FK3R-35fbe141a5\/image_160.png?t=xoxe-408409606869-1267807410853-1293019902560-8c9dc5fc58d3a65e0fe0837e69de048d",
                "thumb_720": "https:\/\/files.slack.com\/files-tmb\/TC0C1HURK-F012F04FK3R-35fbe141a5\/image_720.png?t=xoxe-408409606869-1267807410853-1293019902560-8c9dc5fc58d3a65e0fe0837e69de048d",
                "thumb_720_w": 720,
                "thumb_720_h": 338,
                "thumb_800": "https:\/\/files.slack.com\/files-tmb\/TC0C1HURK-F012F04FK3R-35fbe141a5\/image_800.png?t=xoxe-408409606869-1267807410853-1293019902560-8c9dc5fc58d3a65e0fe0837e69de048d",
                "thumb_800_w": 800,
                "thumb_800_h": 376,
                "thumb_960": "https:\/\/files.slack.com\/files-tmb\/TC0C1HURK-F012F04FK3R-35fbe141a5\/image_960.png?t=xoxe-408409606869-1267807410853-1293019902560-8c9dc5fc58d3a65e0fe0837e69de048d",
                "thumb_960_w": 960,
                "thumb_960_h": 451,
                "thumb_1024": "https:\/\/files.slack.com\/files-tmb\/TC0C1HURK-F012F04FK3R-35fbe141a5\/image_1024.png?t=xoxe-408409606869-1267807410853-1293019902560-8c9dc5fc58d3a65e0fe0837e69de048d",
                "thumb_1024_w": 1024,
                "thumb_1024_h": 481,
                "original_w": 1557,
                "original_h": 731,
                "thumb_tiny": "AwAWADDSCj0owKKWgBMUYFLSCgAwKMClooASlopKAFpKKWgAopKKAP\/Z",
                "permalink": "https:\/\/cube-js.slack.com\/files\/U0127E76EAD\/F012F04FK3R\/image.png",
                "permalink_public": "https:\/\/slack-files.com\/TC0C1HURK-F012F04FK3R-19b2c56fad",
                "is_starred": false,
                "has_rich_preview": false
            }
        ],
        "upload": true,
        "blocks": [
            {
                "type": "rich_text",
                "block_id": "KVwah",
                "elements": [
                    {
                        "type": "rich_text_section",
                        "elements": [
                            {
                                "type": "text",
                                "text": "Hey there looking for help generating the query for the type of graph I'm trying to produce. I have here in table view the dimensions I am trying to graph, but when I switch to line graph it is not presenting how I need it"
                            }
                        ]
                    }
                ]
            }
        ],
        "user": "U0127E76EAD",
        "display_as_bot": false,
        "ts": "1588286109.093800",
        "client_msg_id": "af86c5ee-a2c5-4108-87e6-aa74b0605b8b",
        "thread_ts": "1588286109.093800",
        "reply_count": 3,
        "reply_users_count": 2,
        "latest_reply": "1588653830.153500",
        "reply_users": [
            "U0127E76EAD",
            "U012Q7B6NQL"
        ],
        "replies": [
            {
                "user": "U0127E76EAD",
                "ts": "1588286151.094100"
            },
            {
                "user": "U0127E76EAD",
                "ts": "1588286206.094600"
            },
            {
                "user": "U012Q7B6NQL",
                "ts": "1588653830.153500"
            }
        ],
        "subscribed": false
    },
    {
        "type": "message",
        "text": "here's what it looks like in line graph view",
        "files": [
            {
                "id": "F013KGXA848",
                "created": 1588286148,
                "timestamp": 1588286148,
                "name": "image.png",
                "title": "image.png",
                "mimetype": "image\/png",
                "filetype": "png",
                "pretty_type": "PNG",
                "user": "U0127E76EAD",
                "editable": false,
                "size": 82116,
                "mode": "hosted",
                "is_external": false,
                "external_type": "",
                "is_public": true,
                "public_url_shared": false,
                "display_as_bot": false,
                "username": "",
                "url_private": "https:\/\/files.slack.com\/files-pri\/TC0C1HURK-F013KGXA848\/image.png?t=xoxe-408409606869-1267807410853-1293019902560-8c9dc5fc58d3a65e0fe0837e69de048d",
                "url_private_download": "https:\/\/files.slack.com\/files-pri\/TC0C1HURK-F013KGXA848\/download\/image.png?t=xoxe-408409606869-1267807410853-1293019902560-8c9dc5fc58d3a65e0fe0837e69de048d",
                "thumb_64": "https:\/\/files.slack.com\/files-tmb\/TC0C1HURK-F013KGXA848-e153d0ccc1\/image_64.png?t=xoxe-408409606869-1267807410853-1293019902560-8c9dc5fc58d3a65e0fe0837e69de048d",
                "thumb_80": "https:\/\/files.slack.com\/files-tmb\/TC0C1HURK-F013KGXA848-e153d0ccc1\/image_80.png?t=xoxe-408409606869-1267807410853-1293019902560-8c9dc5fc58d3a65e0fe0837e69de048d",
                "thumb_360": "https:\/\/files.slack.com\/files-tmb\/TC0C1HURK-F013KGXA848-e153d0ccc1\/image_360.png?t=xoxe-408409606869-1267807410853-1293019902560-8c9dc5fc58d3a65e0fe0837e69de048d",
                "thumb_360_w": 360,
                "thumb_360_h": 174,
                "thumb_480": "https:\/\/files.slack.com\/files-tmb\/TC0C1HURK-F013KGXA848-e153d0ccc1\/image_480.png?t=xoxe-408409606869-1267807410853-1293019902560-8c9dc5fc58d3a65e0fe0837e69de048d",
                "thumb_480_w": 480,
                "thumb_480_h": 231,
                "thumb_160": "https:\/\/files.slack.com\/files-tmb\/TC0C1HURK-F013KGXA848-e153d0ccc1\/image_160.png?t=xoxe-408409606869-1267807410853-1293019902560-8c9dc5fc58d3a65e0fe0837e69de048d",
                "thumb_720": "https:\/\/files.slack.com\/files-tmb\/TC0C1HURK-F013KGXA848-e153d0ccc1\/image_720.png?t=xoxe-408409606869-1267807410853-1293019902560-8c9dc5fc58d3a65e0fe0837e69de048d",
                "thumb_720_w": 720,
                "thumb_720_h": 347,
                "thumb_800": "https:\/\/files.slack.com\/files-tmb\/TC0C1HURK-F013KGXA848-e153d0ccc1\/image_800.png?t=xoxe-408409606869-1267807410853-1293019902560-8c9dc5fc58d3a65e0fe0837e69de048d",
                "thumb_800_w": 800,
                "thumb_800_h": 386,
                "thumb_960": "https:\/\/files.slack.com\/files-tmb\/TC0C1HURK-F013KGXA848-e153d0ccc1\/image_960.png?t=xoxe-408409606869-1267807410853-1293019902560-8c9dc5fc58d3a65e0fe0837e69de048d",
                "thumb_960_w": 960,
                "thumb_960_h": 463,
                "thumb_1024": "https:\/\/files.slack.com\/files-tmb\/TC0C1HURK-F013KGXA848-e153d0ccc1\/image_1024.png?t=xoxe-408409606869-1267807410853-1293019902560-8c9dc5fc58d3a65e0fe0837e69de048d",
                "thumb_1024_w": 1024,
                "thumb_1024_h": 494,
                "original_w": 1547,
                "original_h": 746,
                "thumb_tiny": "AwAXADDSCj0owKWigBMUYFLSZ5oAMCjAozS0AFFFFABRRRQAUUUUAf\/Z",
                "permalink": "https:\/\/cube-js.slack.com\/files\/U0127E76EAD\/F013KGXA848\/image.png",
                "permalink_public": "https:\/\/slack-files.com\/TC0C1HURK-F013KGXA848-12463800bd",
                "is_starred": false,
                "has_rich_preview": false
            }
        ],
        "upload": true,
        "blocks": [
            {
                "type": "rich_text",
                "block_id": "JO6",
                "elements": [
                    {
                        "type": "rich_text_section",
                        "elements": [
                            {
                                "type": "text",
                                "text": "here's what it looks like in line graph view"
                            }
                        ]
                    }
                ]
            }
        ],
        "user": "U0127E76EAD",
        "display_as_bot": false,
        "ts": "1588286151.094100",
        "client_msg_id": "2f2f791c-e36f-49a4-8690-1eb2a705bcf7",
        "thread_ts": "1588286109.093800",
        "parent_user_id": "U0127E76EAD"
    },
    {
        "client_msg_id": "9144042e-2e48-41ca-80a8-aabd1a7875ef",
        "type": "message",
        "text": "So what I need is each line should be grouped by title or id, then the values should show their history based on the created_at timestamp for that entry",
        "user": "U0127E76EAD",
        "ts": "1588286206.094600",
        "team": "TC0C1HURK",
        "user_team": "TC0C1HURK",
        "source_team": "TC0C1HURK",
        "user_profile": {
            "avatar_hash": "gbd4dfb76ec8",
            "image_72": "https:\/\/secure.gravatar.com\/avatar\/bd4dfb76ec897814f547e8ae5da5719d.jpg?s=72&d=https%3A%2F%2Fa.slack-edge.com%2Fdf10d%2Fimg%2Favatars%2Fava_0004-72.png",
            "first_name": "",
            "real_name": "Jesse Holden",
            "display_name": "Jesse Holden",
            "team": "TC0C1HURK",
            "name": "jesse",
            "is_restricted": false,
            "is_ultra_restricted": false
        },
        "blocks": [
            {
                "type": "rich_text",
                "block_id": "VZt",
                "elements": [
                    {
                        "type": "rich_text_section",
                        "elements": [
                            {
                                "type": "text",
                                "text": "So what I need is each line should be grouped by title or id, then the values should show their history based on the created_at timestamp for that entry"
                            }
                        ]
                    }
                ]
            }
        ],
        "thread_ts": "1588286109.093800",
        "parent_user_id": "U0127E76EAD"
    },
    {
        "client_msg_id": "d982e4ac-1eb4-4aa6-aabd-b968c4609ff6",
        "type": "message",
        "text": "Hey <@U012NFHKWKD>! It's because average measures are `Not Additive`. Please see <https:\/\/cube.dev\/docs\/pre-aggregations#rollup-rollup-selection-rules>",
        "user": "UC19HAUAK",
        "ts": "1588292868.094800",
        "team": "TC0C1HURK",
        "user_team": "TC0C1HURK",
        "source_team": "TC0C1HURK",
        "user_profile": {
            "avatar_hash": "066a042e018c",
            "image_72": "https:\/\/avatars.slack-edge.com\/2019-12-07\/866588520998_066a042e018ca831a195_72.png",
            "first_name": "Pavel",
            "real_name": "Pavel Tiunov",
            "display_name": "pavel",
            "team": "TC0C1HURK",
            "name": "pavel",
            "is_restricted": false,
            "is_ultra_restricted": false
        },
        "blocks": [
            {
                "type": "rich_text",
                "block_id": "V\/\/",
                "elements": [
                    {
                        "type": "rich_text_section",
                        "elements": [
                            {
                                "type": "text",
                                "text": "Hey "
                            },
                            {
                                "type": "user",
                                "user_id": "U012NFHKWKD"
                            },
                            {
                                "type": "text",
                                "text": "! It's because average measures are "
                            },
                            {
                                "type": "text",
                                "text": "Not Additive",
                                "style": {
                                    "code": true
                                }
                            },
                            {
                                "type": "text",
                                "text": ". Please see "
                            },
                            {
                                "type": "link",
                                "url": "https:\/\/cube.dev\/docs\/pre-aggregations#rollup-rollup-selection-rules"
                            }
                        ]
                    }
                ]
            }
        ],
        "thread_ts": "1588248628.083900",
        "parent_user_id": "U012NFHKWKD"
    },
    {
        "type": "message",
        "subtype": "channel_join",
        "ts": "1588302922.095000",
        "user": "U0138654L1X",
        "text": "<@U0138654L1X> has joined the channel"
    },
    {
        "client_msg_id": "6ada3f07-5a2c-4b83-86e7-77ff37a03460",
        "type": "message",
        "text": "Hi, I have questions regarding preAggregation.\n\nIf I define preAggregation cube as below\n\n category: {\n      type: `rollup`,\n      measureReferences: [Orders.count, revenue],\n      dimensionReferences: [category],\n      useOriginalSqlPreAggregations: true\n    },\n    date: {\n      type: `rollup`,\n      measureReferences: [Orders.count],\n      timeDimensionReference: date,\n      granularity: `day`\n      useOriginalSqlPreAggregations: true\n    }\n\n\n1. Does it mean if we query \"monthly revenue by category\" it will query against two created preAggregation tables(date&amp;category)?\n\n2. If I have week granularity in preAgg cube, if I query monthly, will it use the weekly data in preagg table or it will instead use the original cube ( without preagg)?",
        "user": "URG2GJK71",
        "ts": "1588310251.101300",
        "team": "TC0C1HURK",
        "user_team": "TC0C1HURK",
        "source_team": "TC0C1HURK",
        "user_profile": {
            "avatar_hash": "g532572ba5cb",
            "image_72": "https:\/\/secure.gravatar.com\/avatar\/532572ba5cb474d3c05f03a7ddf286fa.jpg?s=72&d=https%3A%2F%2Fa.slack-edge.com%2Fdf10d%2Fimg%2Favatars%2Fava_0006-72.png",
            "first_name": "",
            "real_name": "Birkoff",
            "display_name": "",
            "team": "TC0C1HURK",
            "name": "hayaza_slack",
            "is_restricted": false,
            "is_ultra_restricted": false
        },
        "blocks": [
            {
                "type": "rich_text",
                "block_id": "xk+kH",
                "elements": [
                    {
                        "type": "rich_text_section",
                        "elements": [
                            {
                                "type": "text",
                                "text": "Hi, I have questions regarding preAggregation.\n\nIf I define preAggregation cube as below\n\n category: {\n      type: `rollup`,\n      measureReferences: [Orders.count, revenue],\n      dimensionReferences: [category],\n      useOriginalSqlPreAggregations: true\n    },\n    date: {\n      type: `rollup`,\n      measureReferences: [Orders.count],\n      timeDimensionReference: date,\n      granularity: `day`\n      useOriginalSqlPreAggregations: true\n    }\n\n\n1. Does it mean if we query \"monthly revenue by category\" it will query against two created preAggregation tables(date&category)?\n\n2. If I have week granularity in preAgg cube, if I query monthly, will it use the weekly data in preagg table or it will instead use the original cube ( without preagg)?"
                            }
                        ]
                    }
                ]
            }
        ],
        "thread_ts": "1588310251.101300",
        "reply_count": 25,
        "reply_users_count": 2,
        "latest_reply": "1588335230.110400",
        "reply_users": [
            "ULKS069JN",
            "URG2GJK71"
        ],
        "replies": [
            {
                "user": "ULKS069JN",
                "ts": "1588331742.105300"
            },
            {
                "user": "ULKS069JN",
                "ts": "1588331783.105500"
            },
            {
                "user": "ULKS069JN",
                "ts": "1588331829.105700"
            },
            {
                "user": "ULKS069JN",
                "ts": "1588332312.106100"
            },
            {
                "user": "ULKS069JN",
                "ts": "1588332367.106300"
            },
            {
                "user": "URG2GJK71",
                "ts": "1588333156.106600"
            },
            {
                "user": "ULKS069JN",
                "ts": "1588333235.106800"
            },
            {
                "user": "ULKS069JN",
                "ts": "1588333304.107000"
            },
            {
                "user": "ULKS069JN",
                "ts": "1588333331.107200"
            },
            {
                "user": "ULKS069JN",
                "ts": "1588333365.107400"
            },
            {
                "user": "ULKS069JN",
                "ts": "1588333430.107600"
            },
            {
                "user": "URG2GJK71",
                "ts": "1588333434.107800"
            },
            {
                "user": "ULKS069JN",
                "ts": "1588333458.108000"
            },
            {
                "user": "ULKS069JN",
                "ts": "1588333493.108200"
            },
            {
                "user": "ULKS069JN",
                "ts": "1588333500.108400"
            },
            {
                "user": "ULKS069JN",
                "ts": "1588333504.108600"
            },
            {
                "user": "URG2GJK71",
                "ts": "1588333522.108800"
            },
            {
                "user": "URG2GJK71",
                "ts": "1588333769.109000"
            },
            {
                "user": "ULKS069JN",
                "ts": "1588334021.109200"
            },
            {
                "user": "URG2GJK71",
                "ts": "1588334169.109400"
            },
            {
                "user": "URG2GJK71",
                "ts": "1588334302.109600"
            },
            {
                "user": "ULKS069JN",
                "ts": "1588334332.109800"
            },
            {
                "user": "ULKS069JN",
                "ts": "1588334375.110000"
            },
            {
                "user": "URG2GJK71",
                "ts": "1588334816.110200"
            },
            {
                "user": "ULKS069JN",
                "ts": "1588335230.110400"
            }
        ],
        "subscribed": false
    }
]