[
    {
        "type": "message",
        "subtype": "channel_join",
        "ts": "1593156922.231400",
        "user": "U015WPMDFPG",
        "text": "<@U015WPMDFPG> has joined the channel"
    },
    {
        "client_msg_id": "c0e35743-7699-46c9-baf3-0c16679006f9",
        "type": "message",
        "text": "That’s great, thank you very much.",
        "user": "U0161JDSDS4",
        "ts": "1593160764.231700",
        "team": "TC0C1HURK",
        "user_team": "TC0C1HURK",
        "source_team": "TC0C1HURK",
        "user_profile": {
            "avatar_hash": "gf8a9e6f4924",
            "image_72": "https:\/\/secure.gravatar.com\/avatar\/f8a9e6f4924a0860bcc13b551cb6a2b3.jpg?s=72&d=https%3A%2F%2Fa.slack-edge.com%2Fdf10d%2Fimg%2Favatars%2Fava_0003-72.png",
            "first_name": "",
            "real_name": "Lee Spring",
            "display_name": "",
            "team": "TC0C1HURK",
            "name": "lee",
            "is_restricted": false,
            "is_ultra_restricted": false
        },
        "blocks": [
            {
                "type": "rich_text",
                "block_id": "r+vTn",
                "elements": [
                    {
                        "type": "rich_text_section",
                        "elements": [
                            {
                                "type": "text",
                                "text": "That’s great, thank you very much."
                            }
                        ]
                    }
                ]
            }
        ],
        "thread_ts": "1593089156.216300",
        "parent_user_id": "U0161JDSDS4"
    },
    {
        "client_msg_id": "8a4ba7a6-5e6e-4d73-bf3c-0745e28f8b3c",
        "type": "message",
        "text": "hi <@U014K7L0CRW>! No, it doesn’t make sense",
        "user": "U013J5CRRDW",
        "ts": "1593164651.232000",
        "team": "TC0C1HURK",
        "user_team": "TC0C1HURK",
        "source_team": "TC0C1HURK",
        "user_profile": {
            "avatar_hash": "759b4f7ce0bf",
            "image_72": "https:\/\/avatars.slack-edge.com\/2020-06-23\/1224215237280_759b4f7ce0bf4b291721_72.jpg",
            "first_name": "Alex",
            "real_name": "Alex Vasilev",
            "display_name": "Alex Vasilev",
            "team": "TC0C1HURK",
            "name": "vaspiring",
            "is_restricted": false,
            "is_ultra_restricted": false
        },
        "blocks": [
            {
                "type": "rich_text",
                "block_id": "FhD",
                "elements": [
                    {
                        "type": "rich_text_section",
                        "elements": [
                            {
                                "type": "text",
                                "text": "hi "
                            },
                            {
                                "type": "user",
                                "user_id": "U014K7L0CRW"
                            },
                            {
                                "type": "text",
                                "text": "! No, it doesn’t make sense"
                            }
                        ]
                    }
                ]
            }
        ],
        "thread_ts": "1593100954.218200",
        "parent_user_id": "U014K7L0CRW"
    },
    {
        "client_msg_id": "2ba8987b-a6d9-4dae-b50c-17b6ee487cd0",
        "type": "message",
        "text": "hi, <@U015VUR5B6C>!\n\nYou can tweak `FilterGroup.js`\n\n```\/\/...      \nonClick={(m) =&gt; updateMethods.add({ \n        dimension: m,\n        operator: 'contains'\n       })}```\nbut remember that dimensions of different types may have different operators",
        "user": "U013J5CRRDW",
        "ts": "1593165326.232200",
        "team": "TC0C1HURK",
        "user_team": "TC0C1HURK",
        "source_team": "TC0C1HURK",
        "user_profile": {
            "avatar_hash": "759b4f7ce0bf",
            "image_72": "https:\/\/avatars.slack-edge.com\/2020-06-23\/1224215237280_759b4f7ce0bf4b291721_72.jpg",
            "first_name": "Alex",
            "real_name": "Alex Vasilev",
            "display_name": "Alex Vasilev",
            "team": "TC0C1HURK",
            "name": "vaspiring",
            "is_restricted": false,
            "is_ultra_restricted": false
        },
        "blocks": [
            {
                "type": "rich_text",
                "block_id": "8\/Cj",
                "elements": [
                    {
                        "type": "rich_text_section",
                        "elements": [
                            {
                                "type": "text",
                                "text": "hi, "
                            },
                            {
                                "type": "user",
                                "user_id": "U015VUR5B6C"
                            },
                            {
                                "type": "text",
                                "text": "!\n\nYou can tweak "
                            },
                            {
                                "type": "text",
                                "text": "FilterGroup.js",
                                "style": {
                                    "code": true
                                }
                            },
                            {
                                "type": "text",
                                "text": "\n\n"
                            }
                        ]
                    },
                    {
                        "type": "rich_text_preformatted",
                        "elements": [
                            {
                                "type": "text",
                                "text": "\/\/...      \nonClick={(m) => updateMethods.add({ \n        dimension: m,\n        operator: 'contains'\n       })}"
                            }
                        ]
                    },
                    {
                        "type": "rich_text_section",
                        "elements": [
                            {
                                "type": "text",
                                "text": "but remember that dimensions of different types may have different operators"
                            }
                        ]
                    }
                ]
            }
        ],
        "thread_ts": "1593102058.218800",
        "parent_user_id": "U015VUR5B6C"
    },
    {
        "client_msg_id": "8c59a4e7-7c03-44f3-a877-b45a73e51fc3",
        "type": "message",
        "text": "hi <@U016RTW6CBA>! That should work. Could you please share the `load` request’s `data`? You can find it under the network tab.",
        "user": "U013J5CRRDW",
        "ts": "1593166405.232400",
        "team": "TC0C1HURK",
        "user_team": "TC0C1HURK",
        "source_team": "TC0C1HURK",
        "user_profile": {
            "avatar_hash": "759b4f7ce0bf",
            "image_72": "https:\/\/avatars.slack-edge.com\/2020-06-23\/1224215237280_759b4f7ce0bf4b291721_72.jpg",
            "first_name": "Alex",
            "real_name": "Alex Vasilev",
            "display_name": "Alex Vasilev",
            "team": "TC0C1HURK",
            "name": "vaspiring",
            "is_restricted": false,
            "is_ultra_restricted": false
        },
        "blocks": [
            {
                "type": "rich_text",
                "block_id": "3F3x",
                "elements": [
                    {
                        "type": "rich_text_section",
                        "elements": [
                            {
                                "type": "text",
                                "text": "hi "
                            },
                            {
                                "type": "user",
                                "user_id": "U016RTW6CBA"
                            },
                            {
                                "type": "text",
                                "text": "! That should work. Could you please share the "
                            },
                            {
                                "type": "text",
                                "text": "load",
                                "style": {
                                    "code": true
                                }
                            },
                            {
                                "type": "text",
                                "text": " request’s "
                            },
                            {
                                "type": "text",
                                "text": "data",
                                "style": {
                                    "code": true
                                }
                            },
                            {
                                "type": "text",
                                "text": "? You can find it under the network tab."
                            }
                        ]
                    }
                ]
            }
        ],
        "thread_ts": "1593103184.223400",
        "parent_user_id": "U016RTW6CBA"
    },
    {
        "type": "message",
        "text": "Hi <@U013J5CRRDW>, thanks for your fast response.\n\nI've checked the networktab and got the right results. The problem is, that it's an object which contains every timevalue in a specific json-field. How can I access the fields inside the json to show it on the dashboard? Or do I have to cast my result into a string?\n\nMany thanks :slightly_smiling_face:\nSebastian",
        "files": [
            {
                "id": "F015X3FF5T8",
                "created": 1593167960,
                "timestamp": 1593167960,
                "name": "image.png",
                "title": "image.png",
                "mimetype": "image\/png",
                "filetype": "png",
                "pretty_type": "PNG",
                "user": "U016RTW6CBA",
                "editable": false,
                "size": 37069,
                "mode": "hosted",
                "is_external": false,
                "external_type": "",
                "is_public": true,
                "public_url_shared": false,
                "display_as_bot": false,
                "username": "",
                "url_private": "https:\/\/files.slack.com\/files-pri\/TC0C1HURK-F015X3FF5T8\/image.png?t=xoxe-408409606869-1267807410853-1293019902560-8c9dc5fc58d3a65e0fe0837e69de048d",
                "url_private_download": "https:\/\/files.slack.com\/files-pri\/TC0C1HURK-F015X3FF5T8\/download\/image.png?t=xoxe-408409606869-1267807410853-1293019902560-8c9dc5fc58d3a65e0fe0837e69de048d",
                "thumb_64": "https:\/\/files.slack.com\/files-tmb\/TC0C1HURK-F015X3FF5T8-0e238e169e\/image_64.png?t=xoxe-408409606869-1267807410853-1293019902560-8c9dc5fc58d3a65e0fe0837e69de048d",
                "thumb_80": "https:\/\/files.slack.com\/files-tmb\/TC0C1HURK-F015X3FF5T8-0e238e169e\/image_80.png?t=xoxe-408409606869-1267807410853-1293019902560-8c9dc5fc58d3a65e0fe0837e69de048d",
                "thumb_360": "https:\/\/files.slack.com\/files-tmb\/TC0C1HURK-F015X3FF5T8-0e238e169e\/image_360.png?t=xoxe-408409606869-1267807410853-1293019902560-8c9dc5fc58d3a65e0fe0837e69de048d",
                "thumb_360_w": 360,
                "thumb_360_h": 175,
                "thumb_480": "https:\/\/files.slack.com\/files-tmb\/TC0C1HURK-F015X3FF5T8-0e238e169e\/image_480.png?t=xoxe-408409606869-1267807410853-1293019902560-8c9dc5fc58d3a65e0fe0837e69de048d",
                "thumb_480_w": 480,
                "thumb_480_h": 233,
                "thumb_160": "https:\/\/files.slack.com\/files-tmb\/TC0C1HURK-F015X3FF5T8-0e238e169e\/image_160.png?t=xoxe-408409606869-1267807410853-1293019902560-8c9dc5fc58d3a65e0fe0837e69de048d",
                "thumb_720": "https:\/\/files.slack.com\/files-tmb\/TC0C1HURK-F015X3FF5T8-0e238e169e\/image_720.png?t=xoxe-408409606869-1267807410853-1293019902560-8c9dc5fc58d3a65e0fe0837e69de048d",
                "thumb_720_w": 720,
                "thumb_720_h": 350,
                "original_w": 784,
                "original_h": 381,
                "thumb_tiny": "AwAXADDRPXFGKCOaMUALj2opNtKBigA\/Cj8KXmigBpBzS4PrS0UAFFFFABRRRQB\/\/9k=",
                "permalink": "https:\/\/cube-js.slack.com\/files\/U016RTW6CBA\/F015X3FF5T8\/image.png",
                "permalink_public": "https:\/\/slack-files.com\/TC0C1HURK-F015X3FF5T8-0142137bc4",
                "is_starred": false,
                "has_rich_preview": false
            },
            {
                "id": "F016TLFHXLG",
                "created": 1593168337,
                "timestamp": 1593168337,
                "name": "image.png",
                "title": "image.png",
                "mimetype": "image\/png",
                "filetype": "png",
                "pretty_type": "PNG",
                "user": "U016RTW6CBA",
                "editable": false,
                "size": 74957,
                "mode": "hosted",
                "is_external": false,
                "external_type": "",
                "is_public": true,
                "public_url_shared": false,
                "display_as_bot": false,
                "username": "",
                "url_private": "https:\/\/files.slack.com\/files-pri\/TC0C1HURK-F016TLFHXLG\/image.png?t=xoxe-408409606869-1267807410853-1293019902560-8c9dc5fc58d3a65e0fe0837e69de048d",
                "url_private_download": "https:\/\/files.slack.com\/files-pri\/TC0C1HURK-F016TLFHXLG\/download\/image.png?t=xoxe-408409606869-1267807410853-1293019902560-8c9dc5fc58d3a65e0fe0837e69de048d",
                "thumb_64": "https:\/\/files.slack.com\/files-tmb\/TC0C1HURK-F016TLFHXLG-74670d2671\/image_64.png?t=xoxe-408409606869-1267807410853-1293019902560-8c9dc5fc58d3a65e0fe0837e69de048d",
                "thumb_80": "https:\/\/files.slack.com\/files-tmb\/TC0C1HURK-F016TLFHXLG-74670d2671\/image_80.png?t=xoxe-408409606869-1267807410853-1293019902560-8c9dc5fc58d3a65e0fe0837e69de048d",
                "thumb_360": "https:\/\/files.slack.com\/files-tmb\/TC0C1HURK-F016TLFHXLG-74670d2671\/image_360.png?t=xoxe-408409606869-1267807410853-1293019902560-8c9dc5fc58d3a65e0fe0837e69de048d",
                "thumb_360_w": 360,
                "thumb_360_h": 358,
                "thumb_480": "https:\/\/files.slack.com\/files-tmb\/TC0C1HURK-F016TLFHXLG-74670d2671\/image_480.png?t=xoxe-408409606869-1267807410853-1293019902560-8c9dc5fc58d3a65e0fe0837e69de048d",
                "thumb_480_w": 480,
                "thumb_480_h": 477,
                "thumb_160": "https:\/\/files.slack.com\/files-tmb\/TC0C1HURK-F016TLFHXLG-74670d2671\/image_160.png?t=xoxe-408409606869-1267807410853-1293019902560-8c9dc5fc58d3a65e0fe0837e69de048d",
                "thumb_720": "https:\/\/files.slack.com\/files-tmb\/TC0C1HURK-F016TLFHXLG-74670d2671\/image_720.png?t=xoxe-408409606869-1267807410853-1293019902560-8c9dc5fc58d3a65e0fe0837e69de048d",
                "thumb_720_w": 720,
                "thumb_720_h": 716,
                "thumb_800": "https:\/\/files.slack.com\/files-tmb\/TC0C1HURK-F016TLFHXLG-74670d2671\/image_800.png?t=xoxe-408409606869-1267807410853-1293019902560-8c9dc5fc58d3a65e0fe0837e69de048d",
                "thumb_800_w": 800,
                "thumb_800_h": 795,
                "original_w": 837,
                "original_h": 832,
                "thumb_tiny": "AwAvADC\/jnvS7T60d6cMUAJtPrRtPrTqKAG7fejb706igBvfmlGKTuelL+AoAWik59BRj2FAC0UmD6CjHsKAGnqaXj0pcCjigAz6UuaTj1o49aAFzRScetLkUAf\/2Q==",
                "permalink": "https:\/\/cube-js.slack.com\/files\/U016RTW6CBA\/F016TLFHXLG\/image.png",
                "permalink_public": "https:\/\/slack-files.com\/TC0C1HURK-F016TLFHXLG-dde4131bfc",
                "is_starred": false,
                "has_rich_preview": false
            }
        ],
        "upload": false,
        "blocks": [
            {
                "type": "rich_text",
                "block_id": "eF=",
                "elements": [
                    {
                        "type": "rich_text_section",
                        "elements": [
                            {
                                "type": "text",
                                "text": "Hi "
                            },
                            {
                                "type": "user",
                                "user_id": "U013J5CRRDW"
                            },
                            {
                                "type": "text",
                                "text": ", thanks for your fast response.\n\nI've checked the networktab and got the right results. The problem is, that it's an object which contains every timevalue in a specific json-field. How can I access the fields inside the json to show it on the dashboard? Or do I have to cast my result into a string?\n\nMany thanks "
                            },
                            {
                                "type": "emoji",
                                "name": "slightly_smiling_face"
                            },
                            {
                                "type": "text",
                                "text": "\nSebastian"
                            }
                        ]
                    }
                ]
            }
        ],
        "user": "U016RTW6CBA",
        "ts": "1593168340.232600",
        "thread_ts": "1593103184.223400",
        "parent_user_id": "U016RTW6CBA"
    },
    {
        "client_msg_id": "17914114-1a81-4556-878c-7552f348c52b",
        "type": "message",
        "text": "so, when you select the chart type “Number”,  `&lt;Statistic \/&gt;` (<https:\/\/ant.design\/components\/statistic\/>) component is used to render the value. You can either tweak the formatting there, or try to convert the object to string.",
        "user": "U013J5CRRDW",
        "ts": "1593171704.233200",
        "team": "TC0C1HURK",
        "user_team": "TC0C1HURK",
        "source_team": "TC0C1HURK",
        "user_profile": {
            "avatar_hash": "759b4f7ce0bf",
            "image_72": "https:\/\/avatars.slack-edge.com\/2020-06-23\/1224215237280_759b4f7ce0bf4b291721_72.jpg",
            "first_name": "Alex",
            "real_name": "Alex Vasilev",
            "display_name": "Alex Vasilev",
            "team": "TC0C1HURK",
            "name": "vaspiring",
            "is_restricted": false,
            "is_ultra_restricted": false
        },
        "edited": {
            "user": "U013J5CRRDW",
            "ts": "1593171711.000000"
        },
        "blocks": [
            {
                "type": "rich_text",
                "block_id": "cBd",
                "elements": [
                    {
                        "type": "rich_text_section",
                        "elements": [
                            {
                                "type": "text",
                                "text": "so, when you select the chart type “Number”,  "
                            },
                            {
                                "type": "text",
                                "text": "<Statistic \/>",
                                "style": {
                                    "code": true
                                }
                            },
                            {
                                "type": "text",
                                "text": " ("
                            },
                            {
                                "type": "link",
                                "url": "https:\/\/ant.design\/components\/statistic\/"
                            },
                            {
                                "type": "text",
                                "text": ") component is used to render the value. You can either tweak the formatting there, or try to convert the object to string."
                            }
                        ]
                    }
                ]
            }
        ],
        "thread_ts": "1593103184.223400",
        "parent_user_id": "U016RTW6CBA"
    },
    {
        "client_msg_id": "857d24c4-5f1d-4db7-a751-13e30e189475",
        "type": "message",
        "text": "Thank you very much! :slightly_smiling_face:",
        "user": "U016RTW6CBA",
        "ts": "1593176984.233600",
        "team": "TC0C1HURK",
        "user_team": "TC0C1HURK",
        "source_team": "TC0C1HURK",
        "user_profile": {
            "avatar_hash": "g1dafd441eea",
            "image_72": "https:\/\/secure.gravatar.com\/avatar\/1dafd441eeae3668f5ab92177a053ead.jpg?s=72&d=https%3A%2F%2Fa.slack-edge.com%2Fdf10d%2Fimg%2Favatars%2Fava_0006-72.png",
            "first_name": "",
            "real_name": "Sebastian",
            "display_name": "Sebastian",
            "team": "TC0C1HURK",
            "name": "naitsabesb",
            "is_restricted": false,
            "is_ultra_restricted": false
        },
        "blocks": [
            {
                "type": "rich_text",
                "block_id": "xj\/Z4",
                "elements": [
                    {
                        "type": "rich_text_section",
                        "elements": [
                            {
                                "type": "text",
                                "text": "Thank you very much! "
                            },
                            {
                                "type": "emoji",
                                "name": "slightly_smiling_face"
                            }
                        ]
                    }
                ]
            }
        ],
        "thread_ts": "1593103184.223400",
        "parent_user_id": "U016RTW6CBA"
    },
    {
        "client_msg_id": "d2e4e7d4-caea-471e-9825-deef493629c2",
        "type": "message",
        "text": "<@U013J5CRRDW> thank you!",
        "user": "U015VUR5B6C",
        "ts": "1593183649.233800",
        "team": "TC0C1HURK",
        "user_team": "TC0C1HURK",
        "source_team": "TC0C1HURK",
        "user_profile": {
            "avatar_hash": "g9ec7993c6d7",
            "image_72": "https:\/\/secure.gravatar.com\/avatar\/9ec7993c6d7a16fc73ecdae9719d1eea.jpg?s=72&d=https%3A%2F%2Fa.slack-edge.com%2Fdf10d%2Fimg%2Favatars%2Fava_0019-72.png",
            "first_name": "",
            "real_name": "Eduardo",
            "display_name": "Eduardo",
            "team": "TC0C1HURK",
            "name": "marcosnarvaez2010",
            "is_restricted": false,
            "is_ultra_restricted": false
        },
        "blocks": [
            {
                "type": "rich_text",
                "block_id": "naq",
                "elements": [
                    {
                        "type": "rich_text_section",
                        "elements": [
                            {
                                "type": "user",
                                "user_id": "U013J5CRRDW"
                            },
                            {
                                "type": "text",
                                "text": " thank you!"
                            }
                        ]
                    }
                ]
            }
        ],
        "thread_ts": "1593102058.218800",
        "parent_user_id": "U015VUR5B6C"
    },
    {
        "client_msg_id": "81a79197-0367-44df-835d-4d91a4a311b9",
        "type": "message",
        "text": "<@UC1HAFW4E> oh, okay. Thanks for the response!",
        "user": "U014K7L0CRW",
        "ts": "1593184256.234000",
        "team": "TC0C1HURK",
        "user_team": "TC0C1HURK",
        "source_team": "TC0C1HURK",
        "user_profile": {
            "avatar_hash": "gb9ab660ae68",
            "image_72": "https:\/\/secure.gravatar.com\/avatar\/b9ab660ae684819a3ae908ad75e555bc.jpg?s=72&d=https%3A%2F%2Fa.slack-edge.com%2Fdf10d%2Fimg%2Favatars%2Fava_0001-72.png",
            "first_name": "Marco",
            "real_name": "Marco",
            "display_name": "Marco",
            "team": "TC0C1HURK",
            "name": "marco.n",
            "is_restricted": false,
            "is_ultra_restricted": false
        },
        "blocks": [
            {
                "type": "rich_text",
                "block_id": "MlE",
                "elements": [
                    {
                        "type": "rich_text_section",
                        "elements": [
                            {
                                "type": "user",
                                "user_id": "UC1HAFW4E"
                            },
                            {
                                "type": "text",
                                "text": " oh, okay. Thanks for the response!"
                            }
                        ]
                    }
                ]
            }
        ],
        "thread_ts": "1593100954.218200",
        "parent_user_id": "U014K7L0CRW"
    },
    {
        "client_msg_id": "72db815b-5e04-4e12-b4e4-7d4669f28269",
        "type": "message",
        "text": "Sorry, couldn’t say definitively as we’re hitting a day level granularity. If I have some time later will experiment and see.",
        "user": "UQHJXP9D0",
        "ts": "1593190151.234200",
        "team": "TC0C1HURK",
        "user_team": "TC0C1HURK",
        "source_team": "TC0C1HURK",
        "user_profile": {
            "avatar_hash": "g170fdf63963",
            "image_72": "https:\/\/secure.gravatar.com\/avatar\/170fdf63963c811262a9add882baf9f3.jpg?s=72&d=https%3A%2F%2Fa.slack-edge.com%2Fdf10d%2Fimg%2Favatars%2Fava_0018-72.png",
            "first_name": "",
            "real_name": "David Vins",
            "display_name": "David Vins",
            "team": "TC0C1HURK",
            "name": "david.vins",
            "is_restricted": false,
            "is_ultra_restricted": false
        },
        "blocks": [
            {
                "type": "rich_text",
                "block_id": "vpS",
                "elements": [
                    {
                        "type": "rich_text_section",
                        "elements": [
                            {
                                "type": "text",
                                "text": "Sorry, couldn’t say definitively as we’re hitting a day level granularity. If I have some time later will experiment and see."
                            }
                        ]
                    }
                ]
            }
        ],
        "thread_ts": "1593106998.228300",
        "parent_user_id": "U014RT8ED47"
    },
    {
        "client_msg_id": "5C728C0B-DB50-4226-B34C-B0CB9B02242C",
        "type": "message",
        "text": "Has anyone run into 503 slow down when making queries using Athena\/s3? Error also says HIVE_CANNOT_OPEN_SPLIT",
        "user": "UQTA06QTE",
        "ts": "1593190316.235800",
        "team": "TC0C1HURK",
        "user_team": "TC0C1HURK",
        "source_team": "TC0C1HURK",
        "user_profile": {
            "avatar_hash": "gbe92bcd0483",
            "image_72": "https:\/\/secure.gravatar.com\/avatar\/be92bcd0483cf7753194eaa914b34926.jpg?s=72&d=https%3A%2F%2Fa.slack-edge.com%2Fdf10d%2Fimg%2Favatars%2Fava_0026-72.png",
            "first_name": "",
            "real_name": "Dave Kiss",
            "display_name": "Dave Kiss",
            "team": "TC0C1HURK",
            "name": "dave",
            "is_restricted": false,
            "is_ultra_restricted": false
        },
        "blocks": [
            {
                "type": "rich_text",
                "block_id": "IJ1r",
                "elements": [
                    {
                        "type": "rich_text_section",
                        "elements": [
                            {
                                "type": "text",
                                "text": "Has anyone run into 503 slow down when making queries using Athena\/s3? Error also says HIVE_CANNOT_OPEN_SPLIT"
                            }
                        ]
                    }
                ]
            }
        ],
        "thread_ts": "1593190316.235800",
        "reply_count": 7,
        "reply_users_count": 3,
        "latest_reply": "1594310644.399200",
        "reply_users": [
            "UC19HAUAK",
            "UQTA06QTE",
            "UQHJXP9D0"
        ],
        "replies": [
            {
                "user": "UC19HAUAK",
                "ts": "1593190547.235900"
            },
            {
                "user": "UQTA06QTE",
                "ts": "1593190568.236500"
            },
            {
                "user": "UQHJXP9D0",
                "ts": "1593190688.236700"
            },
            {
                "user": "UQHJXP9D0",
                "ts": "1593191033.237900"
            },
            {
                "user": "UC19HAUAK",
                "ts": "1593201446.239300"
            },
            {
                "user": "UQHJXP9D0",
                "ts": "1594310463.399000"
            },
            {
                "user": "UQHJXP9D0",
                "ts": "1594310644.399200"
            }
        ],
        "subscribed": false
    },
    {
        "client_msg_id": "4a8a18d9-c477-471d-8e2d-658447dd0d0b",
        "type": "message",
        "text": "Hey <@UQTA06QTE>! Do you use external pre-aggregations?",
        "user": "UC19HAUAK",
        "ts": "1593190547.235900",
        "team": "TC0C1HURK",
        "user_team": "TC0C1HURK",
        "source_team": "TC0C1HURK",
        "user_profile": {
            "avatar_hash": "066a042e018c",
            "image_72": "https:\/\/avatars.slack-edge.com\/2019-12-07\/866588520998_066a042e018ca831a195_72.png",
            "first_name": "Pavel",
            "real_name": "Pavel Tiunov",
            "display_name": "pavel",
            "team": "TC0C1HURK",
            "name": "pavel",
            "is_restricted": false,
            "is_ultra_restricted": false
        },
        "blocks": [
            {
                "type": "rich_text",
                "block_id": "O0G",
                "elements": [
                    {
                        "type": "rich_text_section",
                        "elements": [
                            {
                                "type": "text",
                                "text": "Hey "
                            },
                            {
                                "type": "user",
                                "user_id": "UQTA06QTE"
                            },
                            {
                                "type": "text",
                                "text": "! Do you use external pre-aggregations?"
                            }
                        ]
                    }
                ]
            }
        ],
        "thread_ts": "1593190316.235800",
        "parent_user_id": "UQTA06QTE"
    },
    {
        "client_msg_id": "A5C7606A-D63E-470F-A894-91209835F0BD",
        "type": "message",
        "text": "I don't at the moment <@UC19HAUAK> ",
        "user": "UQTA06QTE",
        "ts": "1593190568.236500",
        "team": "TC0C1HURK",
        "user_team": "TC0C1HURK",
        "source_team": "TC0C1HURK",
        "user_profile": {
            "avatar_hash": "gbe92bcd0483",
            "image_72": "https:\/\/secure.gravatar.com\/avatar\/be92bcd0483cf7753194eaa914b34926.jpg?s=72&d=https%3A%2F%2Fa.slack-edge.com%2Fdf10d%2Fimg%2Favatars%2Fava_0026-72.png",
            "first_name": "",
            "real_name": "Dave Kiss",
            "display_name": "Dave Kiss",
            "team": "TC0C1HURK",
            "name": "dave",
            "is_restricted": false,
            "is_ultra_restricted": false
        },
        "blocks": [
            {
                "type": "rich_text",
                "block_id": "5Zdl",
                "elements": [
                    {
                        "type": "rich_text_section",
                        "elements": [
                            {
                                "type": "text",
                                "text": "I don't at the moment "
                            },
                            {
                                "type": "user",
                                "user_id": "UC19HAUAK"
                            },
                            {
                                "type": "text",
                                "text": " "
                            }
                        ]
                    }
                ]
            }
        ],
        "thread_ts": "1593190316.235800",
        "parent_user_id": "UQTA06QTE"
    },
    {
        "client_msg_id": "b020b9b5-f4d3-4b93-b96f-09debe27faa3",
        "type": "message",
        "text": "We’re seeing this occasionally, but assumed its related to our prior mistake of using two different CubeJS implementations working against the same Athena DB and using the same preaggregation schema and Athena results bucket.",
        "user": "UQHJXP9D0",
        "ts": "1593190688.236700",
        "team": "TC0C1HURK",
        "user_team": "TC0C1HURK",
        "source_team": "TC0C1HURK",
        "user_profile": {
            "avatar_hash": "g170fdf63963",
            "image_72": "https:\/\/secure.gravatar.com\/avatar\/170fdf63963c811262a9add882baf9f3.jpg?s=72&d=https%3A%2F%2Fa.slack-edge.com%2Fdf10d%2Fimg%2Favatars%2Fava_0018-72.png",
            "first_name": "",
            "real_name": "David Vins",
            "display_name": "David Vins",
            "team": "TC0C1HURK",
            "name": "david.vins",
            "is_restricted": false,
            "is_ultra_restricted": false
        },
        "edited": {
            "user": "UQHJXP9D0",
            "ts": "1593190714.000000"
        },
        "blocks": [
            {
                "type": "rich_text",
                "block_id": "ccv",
                "elements": [
                    {
                        "type": "rich_text_section",
                        "elements": [
                            {
                                "type": "text",
                                "text": "We’re seeing this occasionally, but assumed its related to our prior mistake of using two different CubeJS implementations working against the same Athena DB and using the same preaggregation schema and Athena results bucket."
                            }
                        ]
                    }
                ]
            }
        ],
        "thread_ts": "1593190316.235800",
        "parent_user_id": "UQTA06QTE"
    },
    {
        "client_msg_id": "ece792d9-194b-4f29-8eee-971ca9c3faa7",
        "type": "message",
        "text": "Does the Athena driver support the `readOnly` flag yet for use with queries run for external preaggregations (with Postgres)?",
        "user": "UQHJXP9D0",
        "ts": "1593190751.237700",
        "team": "TC0C1HURK",
        "user_team": "TC0C1HURK",
        "source_team": "TC0C1HURK",
        "user_profile": {
            "avatar_hash": "g170fdf63963",
            "image_72": "https:\/\/secure.gravatar.com\/avatar\/170fdf63963c811262a9add882baf9f3.jpg?s=72&d=https%3A%2F%2Fa.slack-edge.com%2Fdf10d%2Fimg%2Favatars%2Fava_0018-72.png",
            "first_name": "",
            "real_name": "David Vins",
            "display_name": "David Vins",
            "team": "TC0C1HURK",
            "name": "david.vins",
            "is_restricted": false,
            "is_ultra_restricted": false
        },
        "edited": {
            "user": "UQHJXP9D0",
            "ts": "1593190771.000000"
        },
        "blocks": [
            {
                "type": "rich_text",
                "block_id": "50Mh",
                "elements": [
                    {
                        "type": "rich_text_section",
                        "elements": [
                            {
                                "type": "text",
                                "text": "Does the Athena driver support the "
                            },
                            {
                                "type": "text",
                                "text": "readOnly",
                                "style": {
                                    "code": true
                                }
                            },
                            {
                                "type": "text",
                                "text": " flag yet for use with queries run for external preaggregations (with Postgres)?"
                            }
                        ]
                    }
                ]
            }
        ]
    },
    {
        "client_msg_id": "c0c407d5-77e5-4c05-bfad-7f6b90dd1645",
        "type": "message",
        "text": "Having said that, we’ve noticed some outright flakiness in Athena lately. Have seen cases where left joins to subquery that does a groupby sporadically returns nulls when data to calculate the aggregate definitely exists. It’s a very complex query though, with many layers and with windowing. Suspect Athena is choking when its reading from S3.",
        "user": "UQHJXP9D0",
        "ts": "1593191033.237900",
        "team": "TC0C1HURK",
        "user_team": "TC0C1HURK",
        "source_team": "TC0C1HURK",
        "user_profile": {
            "avatar_hash": "g170fdf63963",
            "image_72": "https:\/\/secure.gravatar.com\/avatar\/170fdf63963c811262a9add882baf9f3.jpg?s=72&d=https%3A%2F%2Fa.slack-edge.com%2Fdf10d%2Fimg%2Favatars%2Fava_0018-72.png",
            "first_name": "",
            "real_name": "David Vins",
            "display_name": "David Vins",
            "team": "TC0C1HURK",
            "name": "david.vins",
            "is_restricted": false,
            "is_ultra_restricted": false
        },
        "blocks": [
            {
                "type": "rich_text",
                "block_id": "hAiCr",
                "elements": [
                    {
                        "type": "rich_text_section",
                        "elements": [
                            {
                                "type": "text",
                                "text": "Having said that, we’ve noticed some outright flakiness in Athena lately. Have seen cases where left joins to subquery that does a groupby sporadically returns nulls when data to calculate the aggregate definitely exists. It’s a very complex query though, with many layers and with windowing. Suspect Athena is choking when its reading from S3."
                            }
                        ]
                    }
                ]
            }
        ],
        "thread_ts": "1593190316.235800",
        "parent_user_id": "UQTA06QTE"
    },
    {
        "client_msg_id": "7685b803-63ee-4ffb-9576-baf616cfe388",
        "type": "message",
        "text": "How does the Query Builder Component loads the metadata values of measures and dimensions?\nCould this logic be used to query the distinct values that a dimension has?  My objective is to create a lookup for those values, I was thinking of having a Query like this one :\n```\"dimensions\": [\n\"Sales.City\"\n],\n\"timeDimensions\": [],\n\"filters\": []\n}```\nAnd basically with that query get the distinct values of the dimension to have them as lookups based on what you do with measures and dimensions in the query builder component",
        "user": "U01556W0JT0",
        "ts": "1593191347.238600",
        "team": "TC0C1HURK",
        "user_team": "TC0C1HURK",
        "source_team": "TC0C1HURK",
        "user_profile": {
            "avatar_hash": "ge8fa93abf82",
            "image_72": "https:\/\/secure.gravatar.com\/avatar\/e8fa93abf8238e5ff056c5da989fab8b.jpg?s=72&d=https%3A%2F%2Fa.slack-edge.com%2Fdf10d%2Fimg%2Favatars%2Fava_0018-72.png",
            "first_name": "",
            "real_name": "Oscar de Jesus",
            "display_name": "Oscar de Jesus",
            "team": "TC0C1HURK",
            "name": "robertotransfor",
            "is_restricted": false,
            "is_ultra_restricted": false
        },
        "blocks": [
            {
                "type": "rich_text",
                "block_id": "gIX+",
                "elements": [
                    {
                        "type": "rich_text_section",
                        "elements": [
                            {
                                "type": "text",
                                "text": "How does the Query Builder Component loads the metadata values of measures and dimensions?\nCould this logic be used to query the distinct values that a dimension has?  My objective is to create a lookup for those values, I was thinking of having a Query like this one :\n"
                            }
                        ]
                    },
                    {
                        "type": "rich_text_preformatted",
                        "elements": [
                            {
                                "type": "text",
                                "text": "\"dimensions\": [\n\"Sales.City\"\n],\n\"timeDimensions\": [],\n\"filters\": []\n}"
                            }
                        ]
                    },
                    {
                        "type": "rich_text_section",
                        "elements": [
                            {
                                "type": "text",
                                "text": "And basically with that query get the distinct values of the dimension to have them as lookups based on what you do with measures and dimensions in the query builder component"
                            }
                        ]
                    }
                ]
            }
        ]
    },
    {
        "client_msg_id": "61dbbe00-a308-4854-8caa-24decb4836a5",
        "type": "message",
        "text": "I  cannot I register as an individual user in statsbot? :confused:",
        "user": "UV8E3H1AN",
        "ts": "1593194093.238900",
        "team": "TC0C1HURK",
        "user_team": "TC0C1HURK",
        "source_team": "TC0C1HURK",
        "user_profile": {
            "avatar_hash": "g79af3767b00",
            "image_72": "https:\/\/secure.gravatar.com\/avatar\/79af3767b00fd9c09eac518ae14495e7.jpg?s=72&d=https%3A%2F%2Fa.slack-edge.com%2Fdf10d%2Fimg%2Favatars%2Fava_0023-72.png",
            "first_name": "",
            "real_name": "Denis Lopez",
            "display_name": "Denis Lopez",
            "team": "TC0C1HURK",
            "name": "denis.l",
            "is_restricted": false,
            "is_ultra_restricted": false
        },
        "edited": {
            "user": "UV8E3H1AN",
            "ts": "1593194107.000000"
        },
        "blocks": [
            {
                "type": "rich_text",
                "block_id": "fhR6",
                "elements": [
                    {
                        "type": "rich_text_section",
                        "elements": [
                            {
                                "type": "text",
                                "text": "I  cannot I register as an individual user in statsbot? "
                            },
                            {
                                "type": "emoji",
                                "name": "confused"
                            }
                        ]
                    }
                ]
            }
        ]
    },
    {
        "type": "message",
        "subtype": "channel_join",
        "ts": "1593194336.239200",
        "user": "U015Y2JCRPG",
        "text": "<@U015Y2JCRPG> has joined the channel"
    },
    {
        "client_msg_id": "22677ea5-6595-4307-b80a-4f31e5087d19",
        "type": "message",
        "text": "<@UQTA06QTE> I'd suggest to open an issue for that. We'll investigate as we see it more frequently. Most probably Athena writes metadata before data is available to be read.",
        "user": "UC19HAUAK",
        "ts": "1593201446.239300",
        "team": "TC0C1HURK",
        "user_team": "TC0C1HURK",
        "source_team": "TC0C1HURK",
        "user_profile": {
            "avatar_hash": "066a042e018c",
            "image_72": "https:\/\/avatars.slack-edge.com\/2019-12-07\/866588520998_066a042e018ca831a195_72.png",
            "first_name": "Pavel",
            "real_name": "Pavel Tiunov",
            "display_name": "pavel",
            "team": "TC0C1HURK",
            "name": "pavel",
            "is_restricted": false,
            "is_ultra_restricted": false
        },
        "blocks": [
            {
                "type": "rich_text",
                "block_id": "hZ8tJ",
                "elements": [
                    {
                        "type": "rich_text_section",
                        "elements": [
                            {
                                "type": "user",
                                "user_id": "UQTA06QTE"
                            },
                            {
                                "type": "text",
                                "text": " I'd suggest to open an issue for that. We'll investigate as we see it more frequently. Most probably Athena writes metadata before data is available to be read."
                            }
                        ]
                    }
                ]
            }
        ],
        "thread_ts": "1593190316.235800",
        "parent_user_id": "UQTA06QTE"
    },
    {
        "type": "message",
        "subtype": "channel_join",
        "ts": "1593206993.239700",
        "user": "U016BC3FWPN",
        "text": "<@U016BC3FWPN> has joined the channel"
    },
    {
        "client_msg_id": "44aea0ac-8b90-422e-a4aa-47d2aa6eb55e",
        "type": "message",
        "text": "Hi All - just a thought. I was looking at adding a map to plot geometry from postgres has anyone done this?",
        "user": "U011W9D9LCW",
        "ts": "1593224670.240200",
        "team": "TC0C1HURK",
        "user_team": "TC0C1HURK",
        "source_team": "TC0C1HURK",
        "user_profile": {
            "avatar_hash": "g3742efeb294",
            "image_72": "https:\/\/secure.gravatar.com\/avatar\/3742efeb294d37659a03f6b0787b907a.jpg?s=72&d=https%3A%2F%2Fa.slack-edge.com%2Fdf10d%2Fimg%2Favatars%2Fava_0008-72.png",
            "first_name": "",
            "real_name": "Stephen",
            "display_name": "Stephen",
            "team": "TC0C1HURK",
            "name": "stephen",
            "is_restricted": false,
            "is_ultra_restricted": false
        },
        "edited": {
            "user": "U011W9D9LCW",
            "ts": "1593224765.000000"
        },
        "blocks": [
            {
                "type": "rich_text",
                "block_id": "g6p",
                "elements": [
                    {
                        "type": "rich_text_section",
                        "elements": [
                            {
                                "type": "text",
                                "text": "Hi All - just a thought. I was looking at adding a map to plot geometry from postgres has anyone done this?"
                            }
                        ]
                    }
                ]
            }
        ],
        "thread_ts": "1593224670.240200",
        "reply_count": 9,
        "reply_users_count": 2,
        "latest_reply": "1593227726.245200",
        "reply_users": [
            "UC1HAFW4E",
            "U011W9D9LCW"
        ],
        "replies": [
            {
                "user": "UC1HAFW4E",
                "ts": "1593224880.241100"
            },
            {
                "user": "U011W9D9LCW",
                "ts": "1593225083.241700"
            },
            {
                "user": "U011W9D9LCW",
                "ts": "1593226447.241900"
            },
            {
                "user": "UC1HAFW4E",
                "ts": "1593227538.242600"
            },
            {
                "user": "U011W9D9LCW",
                "ts": "1593227586.242900"
            },
            {
                "user": "U011W9D9LCW",
                "ts": "1593227658.243100"
            },
            {
                "user": "U011W9D9LCW",
                "ts": "1593227673.243300"
            },
            {
                "user": "U011W9D9LCW",
                "ts": "1593227720.244900"
            },
            {
                "user": "UC1HAFW4E",
                "ts": "1593227726.245200"
            }
        ],
        "subscribed": true,
        "last_read": "1593227726.245200"
    },
    {
        "client_msg_id": "1CBD3D80-F2CB-4036-8948-FDA3307C5623",
        "type": "message",
        "text": "Hey <@U011W9D9LCW>, there is an example of using cube.js with Mapbox by <@U013TK8TQKB> \n<https:\/\/github.com\/cube-js\/cube.js\/pull\/716>, hope it helps",
        "user": "UC1HAFW4E",
        "ts": "1593224880.241100",
        "team": "TC0C1HURK",
        "user_team": "TC0C1HURK",
        "source_team": "TC0C1HURK",
        "user_profile": {
            "avatar_hash": "ee7b69830a11",
            "image_72": "https:\/\/avatars.slack-edge.com\/2018-08-13\/414857329600_ee7b69830a119331e10e_72.jpg",
            "first_name": "Artyom",
            "real_name": "Artyom Keydunov",
            "display_name": "Artyom Keydunov",
            "team": "TC0C1HURK",
            "name": "artyom",
            "is_restricted": false,
            "is_ultra_restricted": false
        },
        "edited": {
            "user": "UC1HAFW4E",
            "ts": "1593224908.000000"
        },
        "attachments": [
            {
                "service_name": "GitHub",
                "title": "Examples: Mapbox by jkotova · Pull Request #716 · cube-js\/cube.js",
                "title_link": "https:\/\/github.com\/cube-js\/cube.js\/pull\/716",
                "text": "Examples: Mapbox",
                "fallback": "GitHub: Examples: Mapbox by jkotova · Pull Request #716 · cube-js\/cube.js",
                "from_url": "https:\/\/github.com\/cube-js\/cube.js\/pull\/716",
                "thumb_url": "https:\/\/repository-images.githubusercontent.com\/149026292\/33deb000-42b4-11ea-8f24-e112f465ddf1",
                "thumb_width": 658,
                "thumb_height": 250,
                "service_icon": "https:\/\/a.slack-edge.com\/80588\/img\/unfurl_icons\/github.png",
                "id": 1,
                "original_url": "https:\/\/github.com\/cube-js\/cube.js\/pull\/716"
            }
        ],
        "thread_ts": "1593224670.240200",
        "parent_user_id": "U011W9D9LCW",
        "reactions": [
            {
                "name": "+1",
                "users": [
                    "U011W9D9LCW"
                ],
                "count": 1
            }
        ]
    },
    {
        "client_msg_id": "c2898395-0467-499b-a0db-bcd4e9d044ed",
        "type": "message",
        "text": "Thanks … on first look not sure I’ll take a look",
        "user": "U011W9D9LCW",
        "ts": "1593225083.241700",
        "team": "TC0C1HURK",
        "user_team": "TC0C1HURK",
        "source_team": "TC0C1HURK",
        "user_profile": {
            "avatar_hash": "g3742efeb294",
            "image_72": "https:\/\/secure.gravatar.com\/avatar\/3742efeb294d37659a03f6b0787b907a.jpg?s=72&d=https%3A%2F%2Fa.slack-edge.com%2Fdf10d%2Fimg%2Favatars%2Fava_0008-72.png",
            "first_name": "",
            "real_name": "Stephen",
            "display_name": "Stephen",
            "team": "TC0C1HURK",
            "name": "stephen",
            "is_restricted": false,
            "is_ultra_restricted": false
        },
        "blocks": [
            {
                "type": "rich_text",
                "block_id": "dmNRp",
                "elements": [
                    {
                        "type": "rich_text_section",
                        "elements": [
                            {
                                "type": "text",
                                "text": "Thanks … on first look not sure I’ll take a look"
                            }
                        ]
                    }
                ]
            }
        ],
        "thread_ts": "1593224670.240200",
        "parent_user_id": "U011W9D9LCW"
    },
    {
        "client_msg_id": "b7678e5d-c95b-4ad2-868f-f60512d82cc1",
        "type": "message",
        "text": "This is perfect!",
        "user": "U011W9D9LCW",
        "ts": "1593226447.241900",
        "team": "TC0C1HURK",
        "user_team": "TC0C1HURK",
        "source_team": "TC0C1HURK",
        "user_profile": {
            "avatar_hash": "g3742efeb294",
            "image_72": "https:\/\/secure.gravatar.com\/avatar\/3742efeb294d37659a03f6b0787b907a.jpg?s=72&d=https%3A%2F%2Fa.slack-edge.com%2Fdf10d%2Fimg%2Favatars%2Fava_0008-72.png",
            "first_name": "",
            "real_name": "Stephen",
            "display_name": "Stephen",
            "team": "TC0C1HURK",
            "name": "stephen",
            "is_restricted": false,
            "is_ultra_restricted": false
        },
        "blocks": [
            {
                "type": "rich_text",
                "block_id": "X7so",
                "elements": [
                    {
                        "type": "rich_text_section",
                        "elements": [
                            {
                                "type": "text",
                                "text": "This is perfect!"
                            }
                        ]
                    }
                ]
            }
        ],
        "thread_ts": "1593224670.240200",
        "parent_user_id": "U011W9D9LCW"
    },
    {
        "client_msg_id": "6F92742E-F8B6-42F8-BA30-8D844CF3B328",
        "type": "message",
        "text": "Great! Btw, here is the live demo of this example - \n<https:\/\/mapbox-example.cubecloudapp.dev>",
        "user": "UC1HAFW4E",
        "ts": "1593227538.242600",
        "team": "TC0C1HURK",
        "user_team": "TC0C1HURK",
        "source_team": "TC0C1HURK",
        "user_profile": {
            "avatar_hash": "ee7b69830a11",
            "image_72": "https:\/\/avatars.slack-edge.com\/2018-08-13\/414857329600_ee7b69830a119331e10e_72.jpg",
            "first_name": "Artyom",
            "real_name": "Artyom Keydunov",
            "display_name": "Artyom Keydunov",
            "team": "TC0C1HURK",
            "name": "artyom",
            "is_restricted": false,
            "is_ultra_restricted": false
        },
        "attachments": [
            {
                "title": "Cube.js Mapbox example",
                "title_link": "https:\/\/mapbox-example.cubecloudapp.dev\/",
                "text": "Web site created using create-react-app",
                "fallback": "Cube.js Mapbox example",
                "from_url": "https:\/\/mapbox-example.cubecloudapp.dev\/",
                "service_icon": "https:\/\/mapbox-example.cubecloudapp.dev\/logo192.png",
                "service_name": "mapbox-example.cubecloudapp.dev",
                "id": 1,
                "original_url": "https:\/\/mapbox-example.cubecloudapp.dev"
            }
        ],
        "thread_ts": "1593224670.240200",
        "parent_user_id": "U011W9D9LCW"
    },
    {
        "client_msg_id": "bdd3bf1a-8066-4e17-9950-2f2605885e01",
        "type": "message",
        "text": "thanks :slightly_smiling_face:",
        "user": "U011W9D9LCW",
        "ts": "1593227586.242900",
        "team": "TC0C1HURK",
        "user_team": "TC0C1HURK",
        "source_team": "TC0C1HURK",
        "user_profile": {
            "avatar_hash": "g3742efeb294",
            "image_72": "https:\/\/secure.gravatar.com\/avatar\/3742efeb294d37659a03f6b0787b907a.jpg?s=72&d=https%3A%2F%2Fa.slack-edge.com%2Fdf10d%2Fimg%2Favatars%2Fava_0008-72.png",
            "first_name": "",
            "real_name": "Stephen",
            "display_name": "Stephen",
            "team": "TC0C1HURK",
            "name": "stephen",
            "is_restricted": false,
            "is_ultra_restricted": false
        },
        "blocks": [
            {
                "type": "rich_text",
                "block_id": "v1j4",
                "elements": [
                    {
                        "type": "rich_text_section",
                        "elements": [
                            {
                                "type": "text",
                                "text": "thanks "
                            },
                            {
                                "type": "emoji",
                                "name": "slightly_smiling_face"
                            }
                        ]
                    }
                ]
            }
        ],
        "thread_ts": "1593224670.240200",
        "parent_user_id": "U011W9D9LCW"
    },
    {
        "client_msg_id": "db31be0c-29a7-4f89-8e2b-02547f25dffe",
        "type": "message",
        "text": "I see there is mention of a tutorial. Is there one?",
        "user": "U011W9D9LCW",
        "ts": "1593227658.243100",
        "team": "TC0C1HURK",
        "user_team": "TC0C1HURK",
        "source_team": "TC0C1HURK",
        "user_profile": {
            "avatar_hash": "g3742efeb294",
            "image_72": "https:\/\/secure.gravatar.com\/avatar\/3742efeb294d37659a03f6b0787b907a.jpg?s=72&d=https%3A%2F%2Fa.slack-edge.com%2Fdf10d%2Fimg%2Favatars%2Fava_0008-72.png",
            "first_name": "",
            "real_name": "Stephen",
            "display_name": "Stephen",
            "team": "TC0C1HURK",
            "name": "stephen",
            "is_restricted": false,
            "is_ultra_restricted": false
        },
        "blocks": [
            {
                "type": "rich_text",
                "block_id": "c6a",
                "elements": [
                    {
                        "type": "rich_text_section",
                        "elements": [
                            {
                                "type": "text",
                                "text": "I see there is mention of a tutorial. Is there one?"
                            }
                        ]
                    }
                ]
            }
        ],
        "thread_ts": "1593224670.240200",
        "parent_user_id": "U011W9D9LCW"
    },
    {
        "client_msg_id": "d47896a6-b089-4e6f-8960-c4ae48a8a90b",
        "type": "message",
        "text": "or is this is WIP?",
        "user": "U011W9D9LCW",
        "ts": "1593227673.243300",
        "team": "TC0C1HURK",
        "user_team": "TC0C1HURK",
        "source_team": "TC0C1HURK",
        "user_profile": {
            "avatar_hash": "g3742efeb294",
            "image_72": "https:\/\/secure.gravatar.com\/avatar\/3742efeb294d37659a03f6b0787b907a.jpg?s=72&d=https%3A%2F%2Fa.slack-edge.com%2Fdf10d%2Fimg%2Favatars%2Fava_0008-72.png",
            "first_name": "",
            "real_name": "Stephen",
            "display_name": "Stephen",
            "team": "TC0C1HURK",
            "name": "stephen",
            "is_restricted": false,
            "is_ultra_restricted": false
        },
        "blocks": [
            {
                "type": "rich_text",
                "block_id": "ou7",
                "elements": [
                    {
                        "type": "rich_text_section",
                        "elements": [
                            {
                                "type": "text",
                                "text": "or is this is WIP?"
                            }
                        ]
                    }
                ]
            }
        ],
        "thread_ts": "1593224670.240200",
        "parent_user_id": "U011W9D9LCW"
    },
    {
        "client_msg_id": "72feab9c-2c94-4046-9e77-a072c1eeab97",
        "type": "message",
        "text": "ok thanks",
        "user": "U011W9D9LCW",
        "ts": "1593227720.244900",
        "team": "TC0C1HURK",
        "user_team": "TC0C1HURK",
        "source_team": "TC0C1HURK",
        "user_profile": {
            "avatar_hash": "g3742efeb294",
            "image_72": "https:\/\/secure.gravatar.com\/avatar\/3742efeb294d37659a03f6b0787b907a.jpg?s=72&d=https%3A%2F%2Fa.slack-edge.com%2Fdf10d%2Fimg%2Favatars%2Fava_0008-72.png",
            "first_name": "",
            "real_name": "Stephen",
            "display_name": "Stephen",
            "team": "TC0C1HURK",
            "name": "stephen",
            "is_restricted": false,
            "is_ultra_restricted": false
        },
        "blocks": [
            {
                "type": "rich_text",
                "block_id": "Syt",
                "elements": [
                    {
                        "type": "rich_text_section",
                        "elements": [
                            {
                                "type": "text",
                                "text": "ok thanks"
                            }
                        ]
                    }
                ]
            }
        ],
        "thread_ts": "1593224670.240200",
        "parent_user_id": "U011W9D9LCW"
    },
    {
        "client_msg_id": "31A714F8-D2E2-4359-84A0-A84C4670154D",
        "type": "message",
        "text": "It is still WIP, I hope we will publish it in couple weeks ",
        "user": "UC1HAFW4E",
        "ts": "1593227726.245200",
        "team": "TC0C1HURK",
        "user_team": "TC0C1HURK",
        "source_team": "TC0C1HURK",
        "user_profile": {
            "avatar_hash": "ee7b69830a11",
            "image_72": "https:\/\/avatars.slack-edge.com\/2018-08-13\/414857329600_ee7b69830a119331e10e_72.jpg",
            "first_name": "Artyom",
            "real_name": "Artyom Keydunov",
            "display_name": "Artyom Keydunov",
            "team": "TC0C1HURK",
            "name": "artyom",
            "is_restricted": false,
            "is_ultra_restricted": false
        },
        "thread_ts": "1593224670.240200",
        "parent_user_id": "U011W9D9LCW",
        "reactions": [
            {
                "name": "+1",
                "users": [
                    "U011W9D9LCW"
                ],
                "count": 1
            }
        ]
    }
]