[
    {
        "type": "message",
        "subtype": "channel_join",
        "ts": "1592653957.162300",
        "user": "U015B99PNAK",
        "text": "<@U015B99PNAK> has joined the channel"
    },
    {
        "client_msg_id": "21F1D6D8-1B93-46BE-996F-5F57C73B0379",
        "type": "message",
        "text": "This is probably more a question about redis.  We’re deploying CubeJs in a k8 cluster, each tenant lives in their own namespace.  Do I run a redis instance per tenant or is it possible to use a single redis instance to serve all tenants.  The tenants will all have an instance of the CubeJs node server with the same schema but different DB connections.  Many thanks.",
        "user": "U0161JDSDS4",
        "ts": "1592681333.167600",
        "team": "TC0C1HURK",
        "user_team": "TC0C1HURK",
        "source_team": "TC0C1HURK",
        "user_profile": {
            "avatar_hash": "gf8a9e6f4924",
            "image_72": "https:\/\/secure.gravatar.com\/avatar\/f8a9e6f4924a0860bcc13b551cb6a2b3.jpg?s=72&d=https%3A%2F%2Fa.slack-edge.com%2Fdf10d%2Fimg%2Favatars%2Fava_0003-72.png",
            "first_name": "",
            "real_name": "Lee Spring",
            "display_name": "",
            "team": "TC0C1HURK",
            "name": "lee",
            "is_restricted": false,
            "is_ultra_restricted": false
        },
        "blocks": [
            {
                "type": "rich_text",
                "block_id": "m5xam",
                "elements": [
                    {
                        "type": "rich_text_section",
                        "elements": [
                            {
                                "type": "text",
                                "text": "This is probably more a question about redis.  We’re deploying CubeJs in a k8 cluster, each tenant lives in their own namespace.  Do I run a redis instance per tenant or is it possible to use a single redis instance to serve all tenants.  The tenants will all have an instance of the CubeJs node server with the same schema but different DB connections.  Many thanks."
                            }
                        ]
                    }
                ]
            }
        ],
        "thread_ts": "1592681333.167600",
        "reply_count": 1,
        "reply_users_count": 1,
        "latest_reply": "1592689495.167700",
        "reply_users": [
            "UC19HAUAK"
        ],
        "replies": [
            {
                "user": "UC19HAUAK",
                "ts": "1592689495.167700"
            }
        ],
        "subscribed": false
    },
    {
        "client_msg_id": "cf51c6be-00c2-4586-9e81-ee4f296ea643",
        "type": "message",
        "text": "Hey <@U0161JDSDS4>! It's usually single redis for all the tenants unless you need some advanced security policies in place. You can try Cube Cloud to ease this deployment. It can deploy it inside your k8s cluster as well.",
        "user": "UC19HAUAK",
        "ts": "1592689495.167700",
        "team": "TC0C1HURK",
        "user_team": "TC0C1HURK",
        "source_team": "TC0C1HURK",
        "user_profile": {
            "avatar_hash": "066a042e018c",
            "image_72": "https:\/\/avatars.slack-edge.com\/2019-12-07\/866588520998_066a042e018ca831a195_72.png",
            "first_name": "Pavel",
            "real_name": "Pavel Tiunov",
            "display_name": "pavel",
            "team": "TC0C1HURK",
            "name": "pavel",
            "is_restricted": false,
            "is_ultra_restricted": false
        },
        "blocks": [
            {
                "type": "rich_text",
                "block_id": "qh6ew",
                "elements": [
                    {
                        "type": "rich_text_section",
                        "elements": [
                            {
                                "type": "text",
                                "text": "Hey "
                            },
                            {
                                "type": "user",
                                "user_id": "U0161JDSDS4"
                            },
                            {
                                "type": "text",
                                "text": "! It's usually single redis for all the tenants unless you need some advanced security policies in place. You can try Cube Cloud to ease this deployment. It can deploy it inside your k8s cluster as well."
                            }
                        ]
                    }
                ]
            }
        ],
        "thread_ts": "1592681333.167600",
        "parent_user_id": "U0161JDSDS4"
    },
    {
        "client_msg_id": "2c9bc80d-1085-487d-86e6-b6a4eff2769d",
        "type": "message",
        "text": "Hey <@U015RV6PKK5>! You should have user and password set for your redshift instance. AWS key auth isn't supported yet. There's a PR for that <https:\/\/github.com\/cube-js\/cube.js\/pull\/320>",
        "user": "UC19HAUAK",
        "ts": "1592689637.167900",
        "team": "TC0C1HURK",
        "user_team": "TC0C1HURK",
        "source_team": "TC0C1HURK",
        "user_profile": {
            "avatar_hash": "066a042e018c",
            "image_72": "https:\/\/avatars.slack-edge.com\/2019-12-07\/866588520998_066a042e018ca831a195_72.png",
            "first_name": "Pavel",
            "real_name": "Pavel Tiunov",
            "display_name": "pavel",
            "team": "TC0C1HURK",
            "name": "pavel",
            "is_restricted": false,
            "is_ultra_restricted": false
        },
        "attachments": [
            {
                "service_name": "GitHub",
                "title": "feat(@cubejs-server\/redshift-driver): create driver for Redshift by hassankhan · Pull Request #320 · cube-js\/cube.js",
                "title_link": "https:\/\/github.com\/cube-js\/cube.js\/pull\/320",
                "text": "Check List Tests has been run in packages where changes made if available Linter has been run for changed code Tests for the changes have been added if not covered yet Docs have been added \/ u...",
                "fallback": "GitHub: feat(@cubejs-server\/redshift-driver): create driver for Redshift by hassankhan · Pull Request #320 · cube-js\/cube.js",
                "from_url": "https:\/\/github.com\/cube-js\/cube.js\/pull\/320",
                "thumb_url": "https:\/\/repository-images.githubusercontent.com\/149026292\/33deb000-42b4-11ea-8f24-e112f465ddf1",
                "thumb_width": 658,
                "thumb_height": 250,
                "service_icon": "https:\/\/a.slack-edge.com\/80588\/img\/unfurl_icons\/github.png",
                "id": 1,
                "original_url": "https:\/\/github.com\/cube-js\/cube.js\/pull\/320"
            }
        ],
        "blocks": [
            {
                "type": "rich_text",
                "block_id": "4bzP",
                "elements": [
                    {
                        "type": "rich_text_section",
                        "elements": [
                            {
                                "type": "text",
                                "text": "Hey "
                            },
                            {
                                "type": "user",
                                "user_id": "U015RV6PKK5"
                            },
                            {
                                "type": "text",
                                "text": "! You should have user and password set for your redshift instance. AWS key auth isn't supported yet. There's a PR for that "
                            },
                            {
                                "type": "link",
                                "url": "https:\/\/github.com\/cube-js\/cube.js\/pull\/320"
                            }
                        ]
                    }
                ]
            }
        ],
        "thread_ts": "1592617996.162000",
        "parent_user_id": "U015RV6PKK5"
    },
    {
        "client_msg_id": "60a47a2e-dfc5-469d-b8d0-152cfa3f0762",
        "type": "message",
        "text": "Is there any way or idea how can I send cubejs payload after clicking on any button and not clicking on dropdown?\n\nI checked the code and found useEffect send the payload\n<https:\/\/github.com\/cube-js\/cube.js\/blob\/master\/packages\/cubejs-client-react\/src\/useCubeQuery.js>\n\nI am not a React expert and my experience is with Angular\n\nis there a way to call loadQuery manually without using Hooks? or should i create my own function",
        "user": "UV8E3H1AN",
        "ts": "1592694899.168300",
        "team": "TC0C1HURK",
        "user_team": "TC0C1HURK",
        "source_team": "TC0C1HURK",
        "user_profile": {
            "avatar_hash": "g79af3767b00",
            "image_72": "https:\/\/secure.gravatar.com\/avatar\/79af3767b00fd9c09eac518ae14495e7.jpg?s=72&d=https%3A%2F%2Fa.slack-edge.com%2Fdf10d%2Fimg%2Favatars%2Fava_0023-72.png",
            "first_name": "",
            "real_name": "Denis Lopez",
            "display_name": "Denis Lopez",
            "team": "TC0C1HURK",
            "name": "denis.l",
            "is_restricted": false,
            "is_ultra_restricted": false
        },
        "edited": {
            "user": "UV8E3H1AN",
            "ts": "1592694911.000000"
        },
        "blocks": [
            {
                "type": "rich_text",
                "block_id": "bku",
                "elements": [
                    {
                        "type": "rich_text_section",
                        "elements": [
                            {
                                "type": "text",
                                "text": "Is there any way or idea how can I send cubejs payload after clicking on any button and not clicking on dropdown?\n\nI checked the code and found useEffect send the payload\n"
                            },
                            {
                                "type": "link",
                                "url": "https:\/\/github.com\/cube-js\/cube.js\/blob\/master\/packages\/cubejs-client-react\/src\/useCubeQuery.js"
                            },
                            {
                                "type": "text",
                                "text": "\n\nI am not a React expert and my experience is with Angular\n\nis there a way to call loadQuery manually without using Hooks? or should i create my own function"
                            }
                        ]
                    }
                ]
            }
        ],
        "thread_ts": "1592694899.168300",
        "reply_count": 2,
        "reply_users_count": 2,
        "latest_reply": "1593020292.211500",
        "reply_users": [
            "U013J5CRRDW",
            "UV8E3H1AN"
        ],
        "replies": [
            {
                "user": "U013J5CRRDW",
                "ts": "1593020153.211100"
            },
            {
                "user": "UV8E3H1AN",
                "ts": "1593020292.211500"
            }
        ],
        "subscribed": false
    }
]