[
    {
        "client_msg_id": "a60a0f0f-2b4f-4f80-9718-9d3cfbe2e343",
        "type": "message",
        "text": "I can see that it has installed the missing modules after babel",
        "user": "URXP9CK3R",
        "ts": "1578038433.099200",
        "team": "TC0C1HURK",
        "user_team": "TC0C1HURK",
        "source_team": "TC0C1HURK",
        "user_profile": {
            "avatar_hash": "g83aeef4aae0",
            "image_72": "https:\/\/secure.gravatar.com\/avatar\/83aeef4aae06bbd925db58047bd4fdde.jpg?s=72&d=https%3A%2F%2Fa.slack-edge.com%2Fdf10d%2Fimg%2Favatars%2Fava_0014-72.png",
            "first_name": "",
            "real_name": "Nathan",
            "display_name": "Nathan",
            "team": "TC0C1HURK",
            "name": "nathang",
            "is_restricted": false,
            "is_ultra_restricted": false
        },
        "blocks": [
            {
                "type": "rich_text",
                "block_id": "hS1",
                "elements": [
                    {
                        "type": "rich_text_section",
                        "elements": [
                            {
                                "type": "text",
                                "text": "I can see that it has installed the missing modules after babel"
                            }
                        ]
                    }
                ]
            }
        ],
        "thread_ts": "1577940767.078900",
        "parent_user_id": "URT1V5350"
    },
    {
        "client_msg_id": "d33edbe5-dc34-4da0-bf8d-3f21cdf3e5d4",
        "type": "message",
        "text": ":+1::grinning:",
        "user": "URXP9CK3R",
        "ts": "1578038560.099400",
        "team": "TC0C1HURK",
        "user_team": "TC0C1HURK",
        "source_team": "TC0C1HURK",
        "user_profile": {
            "avatar_hash": "g83aeef4aae0",
            "image_72": "https:\/\/secure.gravatar.com\/avatar\/83aeef4aae06bbd925db58047bd4fdde.jpg?s=72&d=https%3A%2F%2Fa.slack-edge.com%2Fdf10d%2Fimg%2Favatars%2Fava_0014-72.png",
            "first_name": "",
            "real_name": "Nathan",
            "display_name": "Nathan",
            "team": "TC0C1HURK",
            "name": "nathang",
            "is_restricted": false,
            "is_ultra_restricted": false
        },
        "blocks": [
            {
                "type": "rich_text",
                "block_id": "GHcUJ",
                "elements": [
                    {
                        "type": "rich_text_section",
                        "elements": [
                            {
                                "type": "emoji",
                                "name": "+1"
                            },
                            {
                                "type": "emoji",
                                "name": "grinning"
                            }
                        ]
                    }
                ]
            }
        ],
        "thread_ts": "1577940767.078900",
        "parent_user_id": "URT1V5350"
    },
    {
        "client_msg_id": "c8278b4e-43f9-46e5-af86-70d637be9d11",
        "type": "message",
        "text": "<@URXP9CK3R> :raised_hands: Great to hear that!",
        "user": "UC19HAUAK",
        "ts": "1578038755.099600",
        "team": "TC0C1HURK",
        "user_team": "TC0C1HURK",
        "source_team": "TC0C1HURK",
        "user_profile": {
            "avatar_hash": "066a042e018c",
            "image_72": "https:\/\/avatars.slack-edge.com\/2019-12-07\/866588520998_066a042e018ca831a195_72.png",
            "first_name": "Pavel",
            "real_name": "Pavel Tiunov",
            "display_name": "pavel",
            "team": "TC0C1HURK",
            "name": "pavel",
            "is_restricted": false,
            "is_ultra_restricted": false
        },
        "blocks": [
            {
                "type": "rich_text",
                "block_id": "yp9=",
                "elements": [
                    {
                        "type": "rich_text_section",
                        "elements": [
                            {
                                "type": "user",
                                "user_id": "URXP9CK3R"
                            },
                            {
                                "type": "text",
                                "text": " "
                            },
                            {
                                "type": "emoji",
                                "name": "raised_hands"
                            },
                            {
                                "type": "text",
                                "text": " Great to hear that!"
                            }
                        ]
                    }
                ]
            }
        ],
        "thread_ts": "1577940767.078900",
        "parent_user_id": "URT1V5350"
    },
    {
        "client_msg_id": "dad139fa-0284-4f64-b5cc-1ccf56e3df1f",
        "type": "message",
        "text": "It's  working, thanks <@UC19HAUAK> for your help !",
        "user": "URT1V5350",
        "ts": "1578040205.099800",
        "team": "TC0C1HURK",
        "user_team": "TC0C1HURK",
        "source_team": "TC0C1HURK",
        "user_profile": {
            "avatar_hash": "g0d012a61a31",
            "image_72": "https:\/\/secure.gravatar.com\/avatar\/0d012a61a3125503c5d804a917bf793a.jpg?s=72&d=https%3A%2F%2Fa.slack-edge.com%2Fdf10d%2Fimg%2Favatars%2Fava_0019-72.png",
            "first_name": "",
            "real_name": "giangdh",
            "display_name": "giangdh",
            "team": "TC0C1HURK",
            "name": "mrgiang17",
            "is_restricted": false,
            "is_ultra_restricted": false
        },
        "blocks": [
            {
                "type": "rich_text",
                "block_id": "zBUTS",
                "elements": [
                    {
                        "type": "rich_text_section",
                        "elements": [
                            {
                                "type": "text",
                                "text": "It's  working, thanks "
                            },
                            {
                                "type": "user",
                                "user_id": "UC19HAUAK"
                            },
                            {
                                "type": "text",
                                "text": " for your help !"
                            }
                        ]
                    }
                ]
            }
        ],
        "thread_ts": "1577940767.078900",
        "parent_user_id": "URT1V5350",
        "reactions": [
            {
                "name": "raised_hands",
                "users": [
                    "UC19HAUAK"
                ],
                "count": 1
            }
        ]
    },
    {
        "client_msg_id": "ac8c62b3-e9a3-4e87-af82-c7250414bf13",
        "type": "message",
        "text": "Hi everyone ! Before i start : Happy New year ! :smile:\n\nNow the question : Is there some limitations about caching and pre aggregation  in any kind like size or number of connected DB ?\nWhere is stored the cache ? RAM ? Hard drive ?",
        "user": "UQK8YMABU",
        "ts": "1578046832.101900",
        "team": "TC0C1HURK",
        "user_team": "TC0C1HURK",
        "source_team": "TC0C1HURK",
        "user_profile": {
            "avatar_hash": "be01b881eee5",
            "image_72": "https:\/\/avatars.slack-edge.com\/2019-11-25\/848100971952_be01b881eee541d89671_72.jpg",
            "first_name": "",
            "real_name": "Girou Maxime",
            "display_name": "Girou Maxime",
            "team": "TC0C1HURK",
            "name": "maxime.girou",
            "is_restricted": false,
            "is_ultra_restricted": false
        },
        "edited": {
            "user": "UQK8YMABU",
            "ts": "1578046978.000000"
        },
        "blocks": [
            {
                "type": "rich_text",
                "block_id": "obqk",
                "elements": [
                    {
                        "type": "rich_text_section",
                        "elements": [
                            {
                                "type": "text",
                                "text": "Hi everyone ! Before i start : Happy New year ! "
                            },
                            {
                                "type": "emoji",
                                "name": "smile"
                            },
                            {
                                "type": "text",
                                "text": "\n\nNow the question : Is there some limitations about caching and pre aggregation  in any kind like size or number of connected DB ?\nWhere is stored the cache ? RAM ? Hard drive ?"
                            }
                        ]
                    }
                ]
            }
        ],
        "thread_ts": "1578046832.101900",
        "reply_count": 4,
        "reply_users_count": 2,
        "latest_reply": "1578304138.108900",
        "reply_users": [
            "UC1HAFW4E",
            "UQK8YMABU"
        ],
        "replies": [
            {
                "user": "UC1HAFW4E",
                "ts": "1578092244.105900"
            },
            {
                "user": "UC1HAFW4E",
                "ts": "1578092395.106100"
            },
            {
                "user": "UC1HAFW4E",
                "ts": "1578092460.106300"
            },
            {
                "user": "UQK8YMABU",
                "ts": "1578304138.108900"
            }
        ],
        "subscribed": true,
        "last_read": "1578329686.332817",
        "reactions": [
            {
                "name": "+1",
                "users": [
                    "ULECJT1S7",
                    "URH9SEDAM",
                    "UC1HAFW4E"
                ],
                "count": 3
            }
        ]
    },
    {
        "type": "message",
        "subtype": "channel_join",
        "ts": "1578058012.102400",
        "user": "USA7N6V6K",
        "text": "<@USA7N6V6K> has joined the channel"
    },
    {
        "client_msg_id": "e1f8c447-47df-43e4-82f4-4bd40b9bd3e6",
        "type": "message",
        "text": "folks, anyone can point to me to the Cube.js documentation w.r.t to the query response format?",
        "user": "URAABKG2F",
        "ts": "1578080602.103300",
        "team": "TC0C1HURK",
        "user_team": "TC0C1HURK",
        "source_team": "TC0C1HURK",
        "user_profile": {
            "avatar_hash": "g01bbb57b101",
            "image_72": "https:\/\/secure.gravatar.com\/avatar\/01bbb57b1010a0da438168edbce29371.jpg?s=72&d=https%3A%2F%2Fa.slack-edge.com%2Fdf10d%2Fimg%2Favatars%2Fava_0016-72.png",
            "first_name": "",
            "real_name": "Edwin Nathaniel",
            "display_name": "Edwin Nathaniel",
            "team": "TC0C1HURK",
            "name": "enathaniel",
            "is_restricted": false,
            "is_ultra_restricted": false
        },
        "blocks": [
            {
                "type": "rich_text",
                "block_id": "+Y5",
                "elements": [
                    {
                        "type": "rich_text_section",
                        "elements": [
                            {
                                "type": "text",
                                "text": "folks, anyone can point to me to the Cube.js documentation w.r.t to the query response format?"
                            }
                        ]
                    }
                ]
            }
        ]
    },
    {
        "client_msg_id": "d6b227b4-807a-42a4-bccf-eb5e447e5ed0",
        "type": "message",
        "text": "I can only find the query format (request) <https:\/\/cube.dev\/docs\/query-format> but not the result format (response)",
        "user": "URAABKG2F",
        "ts": "1578080627.103800",
        "team": "TC0C1HURK",
        "user_team": "TC0C1HURK",
        "source_team": "TC0C1HURK",
        "user_profile": {
            "avatar_hash": "g01bbb57b101",
            "image_72": "https:\/\/secure.gravatar.com\/avatar\/01bbb57b1010a0da438168edbce29371.jpg?s=72&d=https%3A%2F%2Fa.slack-edge.com%2Fdf10d%2Fimg%2Favatars%2Fava_0016-72.png",
            "first_name": "",
            "real_name": "Edwin Nathaniel",
            "display_name": "Edwin Nathaniel",
            "team": "TC0C1HURK",
            "name": "enathaniel",
            "is_restricted": false,
            "is_ultra_restricted": false
        },
        "blocks": [
            {
                "type": "rich_text",
                "block_id": "FxBl",
                "elements": [
                    {
                        "type": "rich_text_section",
                        "elements": [
                            {
                                "type": "text",
                                "text": "I can only find the query format (request) "
                            },
                            {
                                "type": "link",
                                "url": "https:\/\/cube.dev\/docs\/query-format"
                            },
                            {
                                "type": "text",
                                "text": " but not the result format (response)"
                            }
                        ]
                    }
                ]
            }
        ],
        "thread_ts": "1578080627.103800",
        "reply_count": 1,
        "reply_users_count": 1,
        "latest_reply": "1578092124.105600",
        "reply_users": [
            "UC1HAFW4E"
        ],
        "replies": [
            {
                "user": "UC1HAFW4E",
                "ts": "1578092124.105600"
            }
        ],
        "subscribed": true,
        "last_read": "1578092124.105600"
    },
    {
        "client_msg_id": "1a4b49f9-5f8d-4743-966f-becf68d06335",
        "type": "message",
        "text": "<@URAABKG2F> Not sure if there's proper docs, but I recently added types here: <https:\/\/github.com\/cube-js\/cube.js\/blob\/master\/packages\/cubejs-client-core\/dist\/index.d.ts#L30>",
        "user": "URS6PE0MQ",
        "ts": "1578089421.104300",
        "team": "TC0C1HURK",
        "user_team": "TC0C1HURK",
        "source_team": "TC0C1HURK",
        "user_profile": {
            "avatar_hash": "8b785edfd62c",
            "image_72": "https:\/\/avatars.slack-edge.com\/2020-01-03\/893039497744_8b785edfd62ce08d2761_72.png",
            "first_name": "",
            "real_name": "Hassan Khan",
            "display_name": "Hassan Khan",
            "team": "TC0C1HURK",
            "name": "contact_cubejs",
            "is_restricted": false,
            "is_ultra_restricted": false
        },
        "attachments": [
            {
                "service_name": "GitHub",
                "title": "cube-js\/cube.js",
                "title_link": "https:\/\/github.com\/cube-js\/cube.js\/blob\/master\/packages\/cubejs-client-core\/dist\/index.d.ts#L30",
                "text": ":bar_chart: Cube.js - Open Source Analytics Framework. Contribute to cube-js\/cube.js development by creating an account on GitHub.",
                "fallback": "GitHub: cube-js\/cube.js",
                "from_url": "https:\/\/github.com\/cube-js\/cube.js\/blob\/master\/packages\/cubejs-client-core\/dist\/index.d.ts#L30",
                "thumb_url": "https:\/\/repository-images.githubusercontent.com\/149026292\/c98f3300-2337-11ea-9eb6-c1af698d9c7d",
                "thumb_width": 500,
                "thumb_height": 250,
                "service_icon": "https:\/\/a.slack-edge.com\/80588\/img\/unfurl_icons\/github.png",
                "id": 1,
                "original_url": "https:\/\/github.com\/cube-js\/cube.js\/blob\/master\/packages\/cubejs-client-core\/dist\/index.d.ts#L30"
            }
        ],
        "blocks": [
            {
                "type": "rich_text",
                "block_id": "L7wiU",
                "elements": [
                    {
                        "type": "rich_text_section",
                        "elements": [
                            {
                                "type": "user",
                                "user_id": "URAABKG2F"
                            },
                            {
                                "type": "text",
                                "text": " Not sure if there's proper docs, but I recently added types here: "
                            },
                            {
                                "type": "link",
                                "url": "https:\/\/github.com\/cube-js\/cube.js\/blob\/master\/packages\/cubejs-client-core\/dist\/index.d.ts#L30"
                            }
                        ]
                    }
                ]
            }
        ]
    },
    {
        "client_msg_id": "5d7e246e-d03d-4b12-8de2-5e7be2642929",
        "type": "message",
        "text": "If you are looking for the response docs for the REST API (assuming you are not using cube.js client) you can find it here <https:\/\/cube.dev\/docs\/rest-api#api-reference>. If you are using cube.js client, it provides a set of methods to manipulate the response, you can find the docs for those methods here - <https:\/\/cube.dev\/docs\/@cubejs-client-core>",
        "user": "UC1HAFW4E",
        "ts": "1578092124.105600",
        "team": "TC0C1HURK",
        "user_team": "TC0C1HURK",
        "source_team": "TC0C1HURK",
        "user_profile": {
            "avatar_hash": "ee7b69830a11",
            "image_72": "https:\/\/avatars.slack-edge.com\/2018-08-13\/414857329600_ee7b69830a119331e10e_72.jpg",
            "first_name": "Artyom",
            "real_name": "Artyom Keydunov",
            "display_name": "Artyom Keydunov",
            "team": "TC0C1HURK",
            "name": "artyom",
            "is_restricted": false,
            "is_ultra_restricted": false
        },
        "blocks": [
            {
                "type": "rich_text",
                "block_id": "Upe=",
                "elements": [
                    {
                        "type": "rich_text_section",
                        "elements": [
                            {
                                "type": "text",
                                "text": "If you are looking for the response docs for the REST API (assuming you are not using cube.js client) you can find it here "
                            },
                            {
                                "type": "link",
                                "url": "https:\/\/cube.dev\/docs\/rest-api#api-reference"
                            },
                            {
                                "type": "text",
                                "text": ". If you are using cube.js client, it provides a set of methods to manipulate the response, you can find the docs for those methods here - "
                            },
                            {
                                "type": "link",
                                "url": "https:\/\/cube.dev\/docs\/@cubejs-client-core"
                            }
                        ]
                    }
                ]
            }
        ],
        "thread_ts": "1578080627.103800",
        "parent_user_id": "URAABKG2F"
    },
    {
        "client_msg_id": "1da0fe9c-9b58-4a82-8f4a-abf0e1eb6ec4",
        "type": "message",
        "text": "Happy New Year! :tada:\n\nHere the detailed guide on caching <https:\/\/cube.dev\/docs\/caching>",
        "user": "UC1HAFW4E",
        "ts": "1578092244.105900",
        "team": "TC0C1HURK",
        "user_team": "TC0C1HURK",
        "source_team": "TC0C1HURK",
        "user_profile": {
            "avatar_hash": "ee7b69830a11",
            "image_72": "https:\/\/avatars.slack-edge.com\/2018-08-13\/414857329600_ee7b69830a119331e10e_72.jpg",
            "first_name": "Artyom",
            "real_name": "Artyom Keydunov",
            "display_name": "Artyom Keydunov",
            "team": "TC0C1HURK",
            "name": "artyom",
            "is_restricted": false,
            "is_ultra_restricted": false
        },
        "blocks": [
            {
                "type": "rich_text",
                "block_id": "uf4",
                "elements": [
                    {
                        "type": "rich_text_section",
                        "elements": [
                            {
                                "type": "text",
                                "text": "Happy New Year! "
                            },
                            {
                                "type": "emoji",
                                "name": "tada"
                            },
                            {
                                "type": "text",
                                "text": "\n\nHere the detailed guide on caching "
                            },
                            {
                                "type": "link",
                                "url": "https:\/\/cube.dev\/docs\/caching"
                            }
                        ]
                    }
                ]
            }
        ],
        "thread_ts": "1578046832.101900",
        "parent_user_id": "UQK8YMABU"
    },
    {
        "client_msg_id": "def44c24-0bb8-4c90-96fd-7d07ad6c58d3",
        "type": "message",
        "text": "The first level of cache is either stored in-memory or in Redis. The default for development is in-memory, the default for production is Redis. You can always override the default behavior by providing `CUBEJS_CACHE_AND_QUEUE_DRIVER` env variable with either `memory` or `redis` values.",
        "user": "UC1HAFW4E",
        "ts": "1578092395.106100",
        "team": "TC0C1HURK",
        "user_team": "TC0C1HURK",
        "source_team": "TC0C1HURK",
        "user_profile": {
            "avatar_hash": "ee7b69830a11",
            "image_72": "https:\/\/avatars.slack-edge.com\/2018-08-13\/414857329600_ee7b69830a119331e10e_72.jpg",
            "first_name": "Artyom",
            "real_name": "Artyom Keydunov",
            "display_name": "Artyom Keydunov",
            "team": "TC0C1HURK",
            "name": "artyom",
            "is_restricted": false,
            "is_ultra_restricted": false
        },
        "blocks": [
            {
                "type": "rich_text",
                "block_id": "Gk6x",
                "elements": [
                    {
                        "type": "rich_text_section",
                        "elements": [
                            {
                                "type": "text",
                                "text": "The first level of cache is either stored in-memory or in Redis. The default for development is in-memory, the default for production is Redis. You can always override the default behavior by providing "
                            },
                            {
                                "type": "text",
                                "text": "CUBEJS_CACHE_AND_QUEUE_DRIVER",
                                "style": {
                                    "code": true
                                }
                            },
                            {
                                "type": "text",
                                "text": " env variable with either "
                            },
                            {
                                "type": "text",
                                "text": "memory",
                                "style": {
                                    "code": true
                                }
                            },
                            {
                                "type": "text",
                                "text": " or "
                            },
                            {
                                "type": "text",
                                "text": "redis",
                                "style": {
                                    "code": true
                                }
                            },
                            {
                                "type": "text",
                                "text": " values."
                            }
                        ]
                    }
                ]
            }
        ],
        "thread_ts": "1578046832.101900",
        "parent_user_id": "UQK8YMABU"
    },
    {
        "client_msg_id": "12374873-8012-4bec-8c17-74101377dbe7",
        "type": "message",
        "text": "The pre-aggregations are stored inside your database alongside the source raw data or in the external database if you provide one (you can read more about external pre-aggregations here <https:\/\/cube.dev\/docs\/pre-aggregations#external-pre-aggregations>)",
        "user": "UC1HAFW4E",
        "ts": "1578092460.106300",
        "team": "TC0C1HURK",
        "user_team": "TC0C1HURK",
        "source_team": "TC0C1HURK",
        "user_profile": {
            "avatar_hash": "ee7b69830a11",
            "image_72": "https:\/\/avatars.slack-edge.com\/2018-08-13\/414857329600_ee7b69830a119331e10e_72.jpg",
            "first_name": "Artyom",
            "real_name": "Artyom Keydunov",
            "display_name": "Artyom Keydunov",
            "team": "TC0C1HURK",
            "name": "artyom",
            "is_restricted": false,
            "is_ultra_restricted": false
        },
        "edited": {
            "user": "UC1HAFW4E",
            "ts": "1578092483.000000"
        },
        "blocks": [
            {
                "type": "rich_text",
                "block_id": "aVn",
                "elements": [
                    {
                        "type": "rich_text_section",
                        "elements": [
                            {
                                "type": "text",
                                "text": "The pre-aggregations are stored inside your database alongside the source raw data or in the external database if you provide one (you can read more about external pre-aggregations here "
                            },
                            {
                                "type": "link",
                                "url": "https:\/\/cube.dev\/docs\/pre-aggregations#external-pre-aggregations"
                            },
                            {
                                "type": "text",
                                "text": ")"
                            }
                        ]
                    }
                ]
            }
        ],
        "thread_ts": "1578046832.101900",
        "parent_user_id": "UQK8YMABU"
    },
    {
        "client_msg_id": "a5073a96-af4e-448c-96c2-b907d9e616ff",
        "type": "message",
        "text": "Thanks Hassan",
        "user": "URAABKG2F",
        "ts": "1578095895.106800",
        "team": "TC0C1HURK",
        "user_team": "TC0C1HURK",
        "source_team": "TC0C1HURK",
        "user_profile": {
            "avatar_hash": "g01bbb57b101",
            "image_72": "https:\/\/secure.gravatar.com\/avatar\/01bbb57b1010a0da438168edbce29371.jpg?s=72&d=https%3A%2F%2Fa.slack-edge.com%2Fdf10d%2Fimg%2Favatars%2Fava_0016-72.png",
            "first_name": "",
            "real_name": "Edwin Nathaniel",
            "display_name": "Edwin Nathaniel",
            "team": "TC0C1HURK",
            "name": "enathaniel",
            "is_restricted": false,
            "is_ultra_restricted": false
        },
        "blocks": [
            {
                "type": "rich_text",
                "block_id": "=ReP",
                "elements": [
                    {
                        "type": "rich_text_section",
                        "elements": [
                            {
                                "type": "text",
                                "text": "Thanks Hassan"
                            }
                        ]
                    }
                ]
            }
        ],
        "reactions": [
            {
                "name": "+1",
                "users": [
                    "URS6PE0MQ"
                ],
                "count": 1
            }
        ]
    }
]