[
    {
        "client_msg_id": "5352bb08-12f8-47bc-a236-12d508191bd8",
        "type": "message",
        "text": "Is there a quick way to add filters on the dashboards created using the dashboard app for the end users.",
        "user": "U011CC0D1JT",
        "ts": "1586598984.264300",
        "team": "TC0C1HURK",
        "user_team": "TC0C1HURK",
        "source_team": "TC0C1HURK",
        "user_profile": {
            "avatar_hash": "gc96b0b79b5c",
            "image_72": "https:\/\/secure.gravatar.com\/avatar\/c96b0b79b5cf22dd7b8e1aa8a7c3aeab.jpg?s=72&d=https%3A%2F%2Fa.slack-edge.com%2Fdf10d%2Fimg%2Favatars%2Fava_0002-72.png",
            "first_name": "Robby",
            "real_name": "Robby Duay",
            "display_name": "",
            "team": "TC0C1HURK",
            "name": "robby",
            "is_restricted": false,
            "is_ultra_restricted": false
        },
        "blocks": [
            {
                "type": "rich_text",
                "block_id": "S+C",
                "elements": [
                    {
                        "type": "rich_text_section",
                        "elements": [
                            {
                                "type": "text",
                                "text": "Is there a quick way to add filters on the dashboards created using the dashboard app for the end users."
                            }
                        ]
                    }
                ]
            }
        ]
    },
    {
        "type": "message",
        "subtype": "channel_join",
        "ts": "1586602738.264500",
        "user": "U011NB5M4M9",
        "text": "<@U011NB5M4M9> has joined the channel"
    },
    {
        "client_msg_id": "15934994-1d38-4862-88a1-2dae0627f7c5",
        "type": "message",
        "text": "hi guys, is there any advantage\/disadvantage between using FILTER_PARAMS at cube level sql vs directly using as dimension filter?",
        "user": "UPDLD3V6U",
        "ts": "1586610591.266000",
        "team": "TC0C1HURK",
        "user_team": "TC0C1HURK",
        "source_team": "TC0C1HURK",
        "user_profile": {
            "avatar_hash": "437407fa7760",
            "image_72": "https:\/\/avatars.slack-edge.com\/2019-10-15\/795702974496_437407fa7760c3697214_72.jpg",
            "first_name": "",
            "real_name": "chirag",
            "display_name": "chirag",
            "team": "TC0C1HURK",
            "name": "chirag.shah",
            "is_restricted": false,
            "is_ultra_restricted": false
        },
        "blocks": [
            {
                "type": "rich_text",
                "block_id": "DJS",
                "elements": [
                    {
                        "type": "rich_text_section",
                        "elements": [
                            {
                                "type": "text",
                                "text": "hi guys, is there any advantage\/disadvantage between using FILTER_PARAMS at cube level sql vs directly using as dimension filter?"
                            }
                        ]
                    }
                ]
            }
        ],
        "thread_ts": "1586610591.266000",
        "reply_count": 2,
        "reply_users_count": 2,
        "latest_reply": "1586671832.285400",
        "reply_users": [
            "UC19HAUAK",
            "UPDLD3V6U"
        ],
        "replies": [
            {
                "user": "UC19HAUAK",
                "ts": "1586629157.266200"
            },
            {
                "user": "UPDLD3V6U",
                "ts": "1586671832.285400"
            }
        ],
        "subscribed": false
    },
    {
        "client_msg_id": "a28f0b5b-94da-40f0-a29a-7e33168e7577",
        "type": "message",
        "text": "Hey <@UPDLD3V6U>! Could you please share example data schema?",
        "user": "UC19HAUAK",
        "ts": "1586629157.266200",
        "team": "TC0C1HURK",
        "user_team": "TC0C1HURK",
        "source_team": "TC0C1HURK",
        "user_profile": {
            "avatar_hash": "066a042e018c",
            "image_72": "https:\/\/avatars.slack-edge.com\/2019-12-07\/866588520998_066a042e018ca831a195_72.png",
            "first_name": "Pavel",
            "real_name": "Pavel Tiunov",
            "display_name": "pavel",
            "team": "TC0C1HURK",
            "name": "pavel",
            "is_restricted": false,
            "is_ultra_restricted": false
        },
        "blocks": [
            {
                "type": "rich_text",
                "block_id": "=M6M",
                "elements": [
                    {
                        "type": "rich_text_section",
                        "elements": [
                            {
                                "type": "text",
                                "text": "Hey "
                            },
                            {
                                "type": "user",
                                "user_id": "UPDLD3V6U"
                            },
                            {
                                "type": "text",
                                "text": "! Could you please share example data schema?"
                            }
                        ]
                    }
                ]
            }
        ],
        "thread_ts": "1586610591.266000",
        "parent_user_id": "UPDLD3V6U"
    },
    {
        "client_msg_id": "879e1812-b95c-4ee2-857b-f963170d1032",
        "type": "message",
        "text": "Hey <@U011CC0D1JT>! I think this is most releavant: <https:\/\/react-dashboard.cube.dev\/>. However it lacks description of how to build GraphQL backend.",
        "user": "UC19HAUAK",
        "ts": "1586629213.266400",
        "team": "TC0C1HURK",
        "user_team": "TC0C1HURK",
        "source_team": "TC0C1HURK",
        "user_profile": {
            "avatar_hash": "066a042e018c",
            "image_72": "https:\/\/avatars.slack-edge.com\/2019-12-07\/866588520998_066a042e018ca831a195_72.png",
            "first_name": "Pavel",
            "real_name": "Pavel Tiunov",
            "display_name": "pavel",
            "team": "TC0C1HURK",
            "name": "pavel",
            "is_restricted": false,
            "is_ultra_restricted": false
        },
        "attachments": [
            {
                "title": "React Dashboard Guide",
                "title_link": "https:\/\/react-dashboard.cube.dev\/",
                "text": "Learn how to build a dynamic dashboard with React, GraphQL, and Cube.js.",
                "fallback": "React Dashboard Guide",
                "image_url": "https:\/\/react-dashboard.cube.dev\/logos\/icon.png",
                "from_url": "https:\/\/react-dashboard.cube.dev\/",
                "image_width": 250,
                "image_height": 250,
                "image_bytes": 48874,
                "service_icon": "https:\/\/react-dashboard.cube.dev\/icons\/icon-48x48.png?v=16380c9963f943e0a0053ad8cfd0e8f2",
                "service_name": "react-dashboard.cube.dev",
                "id": 1,
                "original_url": "https:\/\/react-dashboard.cube.dev\/"
            }
        ],
        "blocks": [
            {
                "type": "rich_text",
                "block_id": "z5g",
                "elements": [
                    {
                        "type": "rich_text_section",
                        "elements": [
                            {
                                "type": "text",
                                "text": "Hey "
                            },
                            {
                                "type": "user",
                                "user_id": "U011CC0D1JT"
                            },
                            {
                                "type": "text",
                                "text": "! I think this is most releavant: "
                            },
                            {
                                "type": "link",
                                "url": "https:\/\/react-dashboard.cube.dev\/"
                            },
                            {
                                "type": "text",
                                "text": ". However it lacks description of how to build GraphQL backend."
                            }
                        ]
                    }
                ]
            }
        ],
        "thread_ts": "1586583497.262300",
        "parent_user_id": "U011CC0D1JT"
    },
    {
        "type": "message",
        "text": "Good afternoon, we’re trying to track down some strange behavior in our CubeJS instances. We’re using CubeJS via AWS Lambda based serverless, against an Athena backend with Aurora Serverless Postgres and RDS for pre-aggregations and caching. Every few requests, despite the pre-aggregation cache having been created, warm database, warm Lambdas, similar queries just having been run — The data logs show  a cache entry missing, or waiting for renew and then  outright starts to regenerate the cache despite having confirmed directly against the Postgres table the data exists. Separately, in a locally run CubeJS against live Athena and a local Postgres docker it runs flawlessly. Here’s just one example, 3-4 queries in the minute before ran without issue:",
        "files": [
            {
                "id": "F011PEVMCA1",
                "created": 1586631389,
                "timestamp": 1586631389,
                "name": "image.png",
                "title": "image.png",
                "mimetype": "image\/png",
                "filetype": "png",
                "pretty_type": "PNG",
                "user": "UQHJXP9D0",
                "editable": false,
                "size": 1141193,
                "mode": "hosted",
                "is_external": false,
                "external_type": "",
                "is_public": true,
                "public_url_shared": false,
                "display_as_bot": false,
                "username": "",
                "url_private": "https:\/\/files.slack.com\/files-pri\/TC0C1HURK-F011PEVMCA1\/image.png?t=xoxe-408409606869-1267807410853-1293019902560-8c9dc5fc58d3a65e0fe0837e69de048d",
                "url_private_download": "https:\/\/files.slack.com\/files-pri\/TC0C1HURK-F011PEVMCA1\/download\/image.png?t=xoxe-408409606869-1267807410853-1293019902560-8c9dc5fc58d3a65e0fe0837e69de048d",
                "thumb_64": "https:\/\/files.slack.com\/files-tmb\/TC0C1HURK-F011PEVMCA1-841fc0fe92\/image_64.png?t=xoxe-408409606869-1267807410853-1293019902560-8c9dc5fc58d3a65e0fe0837e69de048d",
                "thumb_80": "https:\/\/files.slack.com\/files-tmb\/TC0C1HURK-F011PEVMCA1-841fc0fe92\/image_80.png?t=xoxe-408409606869-1267807410853-1293019902560-8c9dc5fc58d3a65e0fe0837e69de048d",
                "thumb_360": "https:\/\/files.slack.com\/files-tmb\/TC0C1HURK-F011PEVMCA1-841fc0fe92\/image_360.png?t=xoxe-408409606869-1267807410853-1293019902560-8c9dc5fc58d3a65e0fe0837e69de048d",
                "thumb_360_w": 360,
                "thumb_360_h": 148,
                "thumb_480": "https:\/\/files.slack.com\/files-tmb\/TC0C1HURK-F011PEVMCA1-841fc0fe92\/image_480.png?t=xoxe-408409606869-1267807410853-1293019902560-8c9dc5fc58d3a65e0fe0837e69de048d",
                "thumb_480_w": 480,
                "thumb_480_h": 197,
                "thumb_160": "https:\/\/files.slack.com\/files-tmb\/TC0C1HURK-F011PEVMCA1-841fc0fe92\/image_160.png?t=xoxe-408409606869-1267807410853-1293019902560-8c9dc5fc58d3a65e0fe0837e69de048d",
                "thumb_720": "https:\/\/files.slack.com\/files-tmb\/TC0C1HURK-F011PEVMCA1-841fc0fe92\/image_720.png?t=xoxe-408409606869-1267807410853-1293019902560-8c9dc5fc58d3a65e0fe0837e69de048d",
                "thumb_720_w": 720,
                "thumb_720_h": 295,
                "thumb_800": "https:\/\/files.slack.com\/files-tmb\/TC0C1HURK-F011PEVMCA1-841fc0fe92\/image_800.png?t=xoxe-408409606869-1267807410853-1293019902560-8c9dc5fc58d3a65e0fe0837e69de048d",
                "thumb_800_w": 800,
                "thumb_800_h": 328,
                "thumb_960": "https:\/\/files.slack.com\/files-tmb\/TC0C1HURK-F011PEVMCA1-841fc0fe92\/image_960.png?t=xoxe-408409606869-1267807410853-1293019902560-8c9dc5fc58d3a65e0fe0837e69de048d",
                "thumb_960_w": 960,
                "thumb_960_h": 394,
                "thumb_1024": "https:\/\/files.slack.com\/files-tmb\/TC0C1HURK-F011PEVMCA1-841fc0fe92\/image_1024.png?t=xoxe-408409606869-1267807410853-1293019902560-8c9dc5fc58d3a65e0fe0837e69de048d",
                "thumb_1024_w": 1024,
                "thumb_1024_h": 420,
                "original_w": 2420,
                "original_h": 992,
                "thumb_tiny": "AwATADC+etB6migkZoABxS5pueaWgAzRmiigBSOaRhyaU9aRupoAFFPwKatOoANopNopaKAP\/9k=",
                "permalink": "https:\/\/cube-js.slack.com\/files\/UQHJXP9D0\/F011PEVMCA1\/image.png",
                "permalink_public": "https:\/\/slack-files.com\/TC0C1HURK-F011PEVMCA1-3e80d135f1",
                "is_starred": false,
                "has_rich_preview": false
            }
        ],
        "upload": true,
        "blocks": [
            {
                "type": "rich_text",
                "block_id": "UIP",
                "elements": [
                    {
                        "type": "rich_text_section",
                        "elements": [
                            {
                                "type": "text",
                                "text": "Good afternoon, we’re trying to track down some strange behavior in our CubeJS instances. We’re using CubeJS via AWS Lambda based serverless, against an Athena backend with Aurora Serverless Postgres and RDS for pre-aggregations and caching. Every few requests, despite the pre-aggregation cache having been created, warm database, warm Lambdas, similar queries just having been run — The data logs show  a cache entry missing, or waiting for renew and then  outright starts to regenerate the cache despite having confirmed directly against the Postgres table the data exists. Separately, in a locally run CubeJS against live Athena and a local Postgres docker it runs flawlessly. Here’s just one example, 3-4 queries in the minute before ran without issue:"
                            }
                        ]
                    }
                ]
            }
        ],
        "user": "UQHJXP9D0",
        "display_as_bot": false,
        "ts": "1586631396.277500",
        "client_msg_id": "d363a398-9808-441b-bddc-591135e8462c",
        "thread_ts": "1586631396.277500",
        "reply_count": 12,
        "reply_users_count": 2,
        "latest_reply": "1586643323.280700",
        "reply_users": [
            "UC19HAUAK",
            "UQHJXP9D0"
        ],
        "replies": [
            {
                "user": "UC19HAUAK",
                "ts": "1586631614.277800"
            },
            {
                "user": "UQHJXP9D0",
                "ts": "1586631628.278000"
            },
            {
                "user": "UQHJXP9D0",
                "ts": "1586631705.278500"
            },
            {
                "user": "UC19HAUAK",
                "ts": "1586631770.278700"
            },
            {
                "user": "UQHJXP9D0",
                "ts": "1586632018.278900"
            },
            {
                "user": "UC19HAUAK",
                "ts": "1586633488.279200"
            },
            {
                "user": "UQHJXP9D0",
                "ts": "1586633794.279400"
            },
            {
                "user": "UC19HAUAK",
                "ts": "1586641884.279800"
            },
            {
                "user": "UQHJXP9D0",
                "ts": "1586641961.280000"
            },
            {
                "user": "UC19HAUAK",
                "ts": "1586642019.280200"
            },
            {
                "user": "UQHJXP9D0",
                "ts": "1586642325.280500"
            },
            {
                "user": "UC19HAUAK",
                "ts": "1586643323.280700"
            }
        ],
        "subscribed": false
    },
    {
        "client_msg_id": "b91dd1fd-89c3-4b9b-81a1-67448f2aabc7",
        "type": "message",
        "text": "Hey <@UQHJXP9D0>! We have Cube Cloud service which is designed to debug exactly those issues. It isn't publicly available yet but I can send you an invite if you want.",
        "user": "UC19HAUAK",
        "ts": "1586631614.277800",
        "team": "TC0C1HURK",
        "user_team": "TC0C1HURK",
        "source_team": "TC0C1HURK",
        "user_profile": {
            "avatar_hash": "066a042e018c",
            "image_72": "https:\/\/avatars.slack-edge.com\/2019-12-07\/866588520998_066a042e018ca831a195_72.png",
            "first_name": "Pavel",
            "real_name": "Pavel Tiunov",
            "display_name": "pavel",
            "team": "TC0C1HURK",
            "name": "pavel",
            "is_restricted": false,
            "is_ultra_restricted": false
        },
        "blocks": [
            {
                "type": "rich_text",
                "block_id": "1CCyB",
                "elements": [
                    {
                        "type": "rich_text_section",
                        "elements": [
                            {
                                "type": "text",
                                "text": "Hey "
                            },
                            {
                                "type": "user",
                                "user_id": "UQHJXP9D0"
                            },
                            {
                                "type": "text",
                                "text": "! We have Cube Cloud service which is designed to debug exactly those issues. It isn't publicly available yet but I can send you an invite if you want."
                            }
                        ]
                    }
                ]
            }
        ],
        "thread_ts": "1586631396.277500",
        "parent_user_id": "UQHJXP9D0",
        "reactions": [
            {
                "name": "+1",
                "users": [
                    "UQHJXP9D0"
                ],
                "count": 1
            }
        ]
    },
    {
        "client_msg_id": "86d49499-5f91-43ba-9ede-4acd286d0f9a",
        "type": "message",
        "text": "A few questions:\n1. We use AWS X-Ray and would like to get more insight into the services making queries to Postgres. What’s the best way to wrap the database driver to get this information into X-Ray? They normally recommend per <https:\/\/docs.aws.amazon.com\/xray\/latest\/devguide\/xray-sdk-nodejs-sqlclients.html> using `var pg = AWSXRay.capturePostgres(require('pg'));` so how could can we get to the pg instance in the driver?\n2. Our cube is set with a `refreshKey `of every `1 hour` — and we have dropped back to a single external pre-aggregation per cube of type `originalSql` so we’re effectively dumping the entire SQL used to generate the cube in Athena into Postgres. But again, we can make several requests than run flawlessly, and a second later, make another request and we go into never-never land of 6s-1m endless ‘waits’ as it for some reason suddenly rebuilds cache.\n3. What’s the best way to see requests made in logs to the Redis cache? Is it safe to assume that `Using cache for` and `Found cache for` are these calls?",
        "user": "UQHJXP9D0",
        "ts": "1586631628.278000",
        "team": "TC0C1HURK",
        "user_team": "TC0C1HURK",
        "source_team": "TC0C1HURK",
        "user_profile": {
            "avatar_hash": "g170fdf63963",
            "image_72": "https:\/\/secure.gravatar.com\/avatar\/170fdf63963c811262a9add882baf9f3.jpg?s=72&d=https%3A%2F%2Fa.slack-edge.com%2Fdf10d%2Fimg%2Favatars%2Fava_0018-72.png",
            "first_name": "",
            "real_name": "David Vins",
            "display_name": "David Vins",
            "team": "TC0C1HURK",
            "name": "david.vins",
            "is_restricted": false,
            "is_ultra_restricted": false
        },
        "edited": {
            "user": "UQHJXP9D0",
            "ts": "1586631656.000000"
        },
        "blocks": [
            {
                "type": "rich_text",
                "block_id": "e3u",
                "elements": [
                    {
                        "type": "rich_text_section",
                        "elements": [
                            {
                                "type": "text",
                                "text": "A few questions:\n"
                            }
                        ]
                    },
                    {
                        "type": "rich_text_list",
                        "elements": [
                            {
                                "type": "rich_text_section",
                                "elements": [
                                    {
                                        "type": "text",
                                        "text": "We use AWS X-Ray and would like to get more insight into the services making queries to Postgres. What’s the best way to wrap the database driver to get this information into X-Ray? They normally recommend per "
                                    },
                                    {
                                        "type": "link",
                                        "url": "https:\/\/docs.aws.amazon.com\/xray\/latest\/devguide\/xray-sdk-nodejs-sqlclients.html"
                                    },
                                    {
                                        "type": "text",
                                        "text": " using "
                                    },
                                    {
                                        "type": "text",
                                        "text": "var pg = AWSXRay.capturePostgres(require('pg'));",
                                        "style": {
                                            "code": true
                                        }
                                    },
                                    {
                                        "type": "text",
                                        "text": " so how could can we get to the pg instance in the driver?"
                                    }
                                ]
                            },
                            {
                                "type": "rich_text_section",
                                "elements": [
                                    {
                                        "type": "text",
                                        "text": "Our cube is set with a `refreshKey `of every "
                                    },
                                    {
                                        "type": "text",
                                        "text": "1 hour",
                                        "style": {
                                            "code": true
                                        }
                                    },
                                    {
                                        "type": "text",
                                        "text": " — and we have dropped back to a single external pre-aggregation per cube of type "
                                    },
                                    {
                                        "type": "text",
                                        "text": "originalSql",
                                        "style": {
                                            "code": true
                                        }
                                    },
                                    {
                                        "type": "text",
                                        "text": " so we’re effectively dumping the entire SQL used to generate the cube in Athena into Postgres. But again, we can make several requests than run flawlessly, and a second later, make another request and we go into never-never land of 6s-1m endless ‘waits’ as it for some reason suddenly rebuilds cache."
                                    }
                                ]
                            },
                            {
                                "type": "rich_text_section",
                                "elements": [
                                    {
                                        "type": "text",
                                        "text": "What’s the best way to see requests made in logs to the Redis cache? Is it safe to assume that "
                                    },
                                    {
                                        "type": "text",
                                        "text": "Using cache for",
                                        "style": {
                                            "code": true
                                        }
                                    },
                                    {
                                        "type": "text",
                                        "text": " and "
                                    },
                                    {
                                        "type": "text",
                                        "text": "Found cache for",
                                        "style": {
                                            "code": true
                                        }
                                    },
                                    {
                                        "type": "text",
                                        "text": " are these calls?"
                                    }
                                ]
                            }
                        ],
                        "style": "ordered",
                        "indent": 0
                    }
                ]
            }
        ],
        "thread_ts": "1586631396.277500",
        "parent_user_id": "UQHJXP9D0"
    },
    {
        "client_msg_id": "b222219c-48e6-41db-97b7-3c0aa8f06266",
        "type": "message",
        "text": "<@UKWV28073> Thank you, would definitely be helpful. This is driving us crazy. CubeJS is a beautiful thing, but the erratic nature of the Serverless deployment is worrisome.",
        "user": "UQHJXP9D0",
        "ts": "1586631705.278500",
        "team": "TC0C1HURK",
        "user_team": "TC0C1HURK",
        "source_team": "TC0C1HURK",
        "user_profile": {
            "avatar_hash": "g170fdf63963",
            "image_72": "https:\/\/secure.gravatar.com\/avatar\/170fdf63963c811262a9add882baf9f3.jpg?s=72&d=https%3A%2F%2Fa.slack-edge.com%2Fdf10d%2Fimg%2Favatars%2Fava_0018-72.png",
            "first_name": "",
            "real_name": "David Vins",
            "display_name": "David Vins",
            "team": "TC0C1HURK",
            "name": "david.vins",
            "is_restricted": false,
            "is_ultra_restricted": false
        },
        "blocks": [
            {
                "type": "rich_text",
                "block_id": "KfPm9",
                "elements": [
                    {
                        "type": "rich_text_section",
                        "elements": [
                            {
                                "type": "user",
                                "user_id": "UKWV28073"
                            },
                            {
                                "type": "text",
                                "text": " Thank you, would definitely be helpful. This is driving us crazy. CubeJS is a beautiful thing, but the erratic nature of the Serverless deployment is worrisome."
                            }
                        ]
                    }
                ]
            }
        ],
        "thread_ts": "1586631396.277500",
        "parent_user_id": "UQHJXP9D0"
    },
    {
        "client_msg_id": "dc89dbef-7b8e-416e-b6de-c812175acbd5",
        "type": "message",
        "text": "<@UQHJXP9D0> Cool! I'll follow up in DM.",
        "user": "UC19HAUAK",
        "ts": "1586631770.278700",
        "team": "TC0C1HURK",
        "user_team": "TC0C1HURK",
        "source_team": "TC0C1HURK",
        "user_profile": {
            "avatar_hash": "066a042e018c",
            "image_72": "https:\/\/avatars.slack-edge.com\/2019-12-07\/866588520998_066a042e018ca831a195_72.png",
            "first_name": "Pavel",
            "real_name": "Pavel Tiunov",
            "display_name": "pavel",
            "team": "TC0C1HURK",
            "name": "pavel",
            "is_restricted": false,
            "is_ultra_restricted": false
        },
        "blocks": [
            {
                "type": "rich_text",
                "block_id": "arT",
                "elements": [
                    {
                        "type": "rich_text_section",
                        "elements": [
                            {
                                "type": "user",
                                "user_id": "UQHJXP9D0"
                            },
                            {
                                "type": "text",
                                "text": " Cool! I'll follow up in DM."
                            }
                        ]
                    }
                ]
            }
        ],
        "thread_ts": "1586631396.277500",
        "parent_user_id": "UQHJXP9D0"
    },
    {
        "client_msg_id": "1b6a7ac7-63a0-4b14-9c2d-707813b0b3c8",
        "type": "message",
        "text": "Please see above questions too.",
        "user": "UQHJXP9D0",
        "ts": "1586632018.278900",
        "team": "TC0C1HURK",
        "user_team": "TC0C1HURK",
        "source_team": "TC0C1HURK",
        "user_profile": {
            "avatar_hash": "g170fdf63963",
            "image_72": "https:\/\/secure.gravatar.com\/avatar\/170fdf63963c811262a9add882baf9f3.jpg?s=72&d=https%3A%2F%2Fa.slack-edge.com%2Fdf10d%2Fimg%2Favatars%2Fava_0018-72.png",
            "first_name": "",
            "real_name": "David Vins",
            "display_name": "David Vins",
            "team": "TC0C1HURK",
            "name": "david.vins",
            "is_restricted": false,
            "is_ultra_restricted": false
        },
        "blocks": [
            {
                "type": "rich_text",
                "block_id": "ZD4O",
                "elements": [
                    {
                        "type": "rich_text_section",
                        "elements": [
                            {
                                "type": "text",
                                "text": "Please see above questions too."
                            }
                        ]
                    }
                ]
            }
        ],
        "thread_ts": "1586631396.277500",
        "parent_user_id": "UQHJXP9D0"
    },
    {
        "client_msg_id": "3e0f3117-8516-4610-a30a-c2d6da4c6a0e",
        "type": "message",
        "text": "Those are great questions!\n1. You can do this by overriding PostgresDriver constructor and reassign `pool` variable.\n2. There can be several causes for it. This is the place where you need to trace requests.\n3. Yep. Right. But those aren't exhaustive unfortunately. There're some other places that aren't logged.",
        "user": "UC19HAUAK",
        "ts": "1586633488.279200",
        "team": "TC0C1HURK",
        "user_team": "TC0C1HURK",
        "source_team": "TC0C1HURK",
        "user_profile": {
            "avatar_hash": "066a042e018c",
            "image_72": "https:\/\/avatars.slack-edge.com\/2019-12-07\/866588520998_066a042e018ca831a195_72.png",
            "first_name": "Pavel",
            "real_name": "Pavel Tiunov",
            "display_name": "pavel",
            "team": "TC0C1HURK",
            "name": "pavel",
            "is_restricted": false,
            "is_ultra_restricted": false
        },
        "blocks": [
            {
                "type": "rich_text",
                "block_id": "CDF\/7",
                "elements": [
                    {
                        "type": "rich_text_section",
                        "elements": [
                            {
                                "type": "text",
                                "text": "Those are great questions!\n1. You can do this by overriding PostgresDriver constructor and reassign "
                            },
                            {
                                "type": "text",
                                "text": "pool",
                                "style": {
                                    "code": true
                                }
                            },
                            {
                                "type": "text",
                                "text": " variable.\n2. There can be several causes for it. This is the place where you need to trace requests.\n3. Yep. Right. But those aren't exhaustive unfortunately. There're some other places that aren't logged."
                            }
                        ]
                    }
                ]
            }
        ],
        "thread_ts": "1586631396.277500",
        "parent_user_id": "UQHJXP9D0"
    },
    {
        "client_msg_id": "b65030c7-3a93-4150-b2c3-581322011b38",
        "type": "message",
        "text": "Sorry, can you shoot me an example of #1? Would it be like `AWSXray.capturePostgres(PostgresDriver.pool));`",
        "user": "UQHJXP9D0",
        "ts": "1586633794.279400",
        "team": "TC0C1HURK",
        "user_team": "TC0C1HURK",
        "source_team": "TC0C1HURK",
        "user_profile": {
            "avatar_hash": "g170fdf63963",
            "image_72": "https:\/\/secure.gravatar.com\/avatar\/170fdf63963c811262a9add882baf9f3.jpg?s=72&d=https%3A%2F%2Fa.slack-edge.com%2Fdf10d%2Fimg%2Favatars%2Fava_0018-72.png",
            "first_name": "",
            "real_name": "David Vins",
            "display_name": "David Vins",
            "team": "TC0C1HURK",
            "name": "david.vins",
            "is_restricted": false,
            "is_ultra_restricted": false
        },
        "blocks": [
            {
                "type": "rich_text",
                "block_id": "=gNy",
                "elements": [
                    {
                        "type": "rich_text_section",
                        "elements": [
                            {
                                "type": "text",
                                "text": "Sorry, can you shoot me an example of #1? Would it be like "
                            },
                            {
                                "type": "text",
                                "text": "AWSXray.capturePostgres(PostgresDriver.pool));",
                                "style": {
                                    "code": true
                                }
                            }
                        ]
                    }
                ]
            }
        ],
        "thread_ts": "1586631396.277500",
        "parent_user_id": "UQHJXP9D0"
    },
    {
        "type": "message",
        "subtype": "channel_join",
        "ts": "1586637398.279700",
        "user": "U011KAUQ91C",
        "text": "<@U011KAUQ91C> has joined the channel"
    },
    {
        "client_msg_id": "9d4f3353-dcd0-495c-96e7-00225b2f5bcd",
        "type": "message",
        "text": "You'd need to override constructor:\n```const { Pool } = AWSXray.capturePostgres(require('pg'));\n\/\/ ...\nclass XRayPostgresDriver extends PostgresDriver {\nconstructor(config) {\n    super(config);\n    this.pool = new Pool({\n      max: process.env.CUBEJS_DB_MAX_POOL &amp;&amp; parseInt(process.env.CUBEJS_DB_MAX_POOL, 10) || 8,\n      idleTimeoutMillis: 30000,\n      host: process.env.CUBEJS_DB_HOST,\n      database: process.env.CUBEJS_DB_NAME,\n      port: process.env.CUBEJS_DB_PORT,\n      user: process.env.CUBEJS_DB_USER,\n      password: process.env.CUBEJS_DB_PASS,\n      ...config\n    });\n    this.pool.on('error', (err) =&gt; {\n      console.log(`Unexpected error on idle client: ${err.stack || err}`); \/\/ TODO\n    });\n  }\n\/\/ ...```",
        "user": "UC19HAUAK",
        "ts": "1586641884.279800",
        "team": "TC0C1HURK",
        "user_team": "TC0C1HURK",
        "source_team": "TC0C1HURK",
        "user_profile": {
            "avatar_hash": "066a042e018c",
            "image_72": "https:\/\/avatars.slack-edge.com\/2019-12-07\/866588520998_066a042e018ca831a195_72.png",
            "first_name": "Pavel",
            "real_name": "Pavel Tiunov",
            "display_name": "pavel",
            "team": "TC0C1HURK",
            "name": "pavel",
            "is_restricted": false,
            "is_ultra_restricted": false
        },
        "blocks": [
            {
                "type": "rich_text",
                "block_id": "U01",
                "elements": [
                    {
                        "type": "rich_text_section",
                        "elements": [
                            {
                                "type": "text",
                                "text": "You'd need to override constructor:\n"
                            }
                        ]
                    },
                    {
                        "type": "rich_text_preformatted",
                        "elements": [
                            {
                                "type": "text",
                                "text": "const { Pool } = AWSXray.capturePostgres(require('pg'));\n\/\/ ...\nclass XRayPostgresDriver extends PostgresDriver {\nconstructor(config) {\n    super(config);\n    this.pool = new Pool({\n      max: process.env.CUBEJS_DB_MAX_POOL && parseInt(process.env.CUBEJS_DB_MAX_POOL, 10) || 8,\n      idleTimeoutMillis: 30000,\n      host: process.env.CUBEJS_DB_HOST,\n      database: process.env.CUBEJS_DB_NAME,\n      port: process.env.CUBEJS_DB_PORT,\n      user: process.env.CUBEJS_DB_USER,\n      password: process.env.CUBEJS_DB_PASS,\n      ...config\n    });\n    this.pool.on('error', (err) => {\n      console.log(`Unexpected error on idle client: ${err.stack || err}`); \/\/ TODO\n    });\n  }\n\/\/ ..."
                            }
                        ]
                    }
                ]
            }
        ],
        "thread_ts": "1586631396.277500",
        "parent_user_id": "UQHJXP9D0"
    },
    {
        "client_msg_id": "5c31cc4f-b94d-469a-9e26-a9fa4969f2a6",
        "type": "message",
        "text": "And in my `AWSHandlers` instead of `externalDriverFactory: () _=&gt;_ new PostgresDriver({` it would be `externalDriverFactory: () =&gt; new XrayPostgresDriver({`",
        "user": "UQHJXP9D0",
        "ts": "1586641961.280000",
        "team": "TC0C1HURK",
        "user_team": "TC0C1HURK",
        "source_team": "TC0C1HURK",
        "user_profile": {
            "avatar_hash": "g170fdf63963",
            "image_72": "https:\/\/secure.gravatar.com\/avatar\/170fdf63963c811262a9add882baf9f3.jpg?s=72&d=https%3A%2F%2Fa.slack-edge.com%2Fdf10d%2Fimg%2Favatars%2Fava_0018-72.png",
            "first_name": "",
            "real_name": "David Vins",
            "display_name": "David Vins",
            "team": "TC0C1HURK",
            "name": "david.vins",
            "is_restricted": false,
            "is_ultra_restricted": false
        },
        "blocks": [
            {
                "type": "rich_text",
                "block_id": "0y1wh",
                "elements": [
                    {
                        "type": "rich_text_section",
                        "elements": [
                            {
                                "type": "text",
                                "text": "And in my "
                            },
                            {
                                "type": "text",
                                "text": "AWSHandlers",
                                "style": {
                                    "code": true
                                }
                            },
                            {
                                "type": "text",
                                "text": " instead of "
                            },
                            {
                                "type": "text",
                                "text": "externalDriverFactory: () ",
                                "style": {
                                    "code": true
                                }
                            },
                            {
                                "type": "text",
                                "text": "=>",
                                "style": {
                                    "italic": true,
                                    "code": true
                                }
                            },
                            {
                                "type": "text",
                                "text": " new PostgresDriver({",
                                "style": {
                                    "code": true
                                }
                            },
                            {
                                "type": "text",
                                "text": " it would be "
                            },
                            {
                                "type": "text",
                                "text": "externalDriverFactory: () => new XrayPostgresDriver({",
                                "style": {
                                    "code": true
                                }
                            }
                        ]
                    }
                ]
            }
        ],
        "thread_ts": "1586631396.277500",
        "parent_user_id": "UQHJXP9D0"
    },
    {
        "client_msg_id": "f444b574-05c2-4d8e-a8a5-2c2d662a5e64",
        "type": "message",
        "text": "Yep",
        "user": "UC19HAUAK",
        "ts": "1586642019.280200",
        "team": "TC0C1HURK",
        "user_team": "TC0C1HURK",
        "source_team": "TC0C1HURK",
        "user_profile": {
            "avatar_hash": "066a042e018c",
            "image_72": "https:\/\/avatars.slack-edge.com\/2019-12-07\/866588520998_066a042e018ca831a195_72.png",
            "first_name": "Pavel",
            "real_name": "Pavel Tiunov",
            "display_name": "pavel",
            "team": "TC0C1HURK",
            "name": "pavel",
            "is_restricted": false,
            "is_ultra_restricted": false
        },
        "blocks": [
            {
                "type": "rich_text",
                "block_id": "JjI",
                "elements": [
                    {
                        "type": "rich_text_section",
                        "elements": [
                            {
                                "type": "text",
                                "text": "Yep"
                            }
                        ]
                    }
                ]
            }
        ],
        "thread_ts": "1586631396.277500",
        "parent_user_id": "UQHJXP9D0",
        "reactions": [
            {
                "name": "+1",
                "users": [
                    "UQHJXP9D0"
                ],
                "count": 1
            }
        ]
    },
    {
        "client_msg_id": "bb74f473-b2fa-4abd-b2cb-b52ee0ee254e",
        "type": "message",
        "text": "We prob. need to package the `pg` dependency too I assume?",
        "user": "UQHJXP9D0",
        "ts": "1586642325.280500",
        "team": "TC0C1HURK",
        "user_team": "TC0C1HURK",
        "source_team": "TC0C1HURK",
        "user_profile": {
            "avatar_hash": "g170fdf63963",
            "image_72": "https:\/\/secure.gravatar.com\/avatar\/170fdf63963c811262a9add882baf9f3.jpg?s=72&d=https%3A%2F%2Fa.slack-edge.com%2Fdf10d%2Fimg%2Favatars%2Fava_0018-72.png",
            "first_name": "",
            "real_name": "David Vins",
            "display_name": "David Vins",
            "team": "TC0C1HURK",
            "name": "david.vins",
            "is_restricted": false,
            "is_ultra_restricted": false
        },
        "blocks": [
            {
                "type": "rich_text",
                "block_id": "ZJ4",
                "elements": [
                    {
                        "type": "rich_text_section",
                        "elements": [
                            {
                                "type": "text",
                                "text": "We prob. need to package the "
                            },
                            {
                                "type": "text",
                                "text": "pg",
                                "style": {
                                    "code": true
                                }
                            },
                            {
                                "type": "text",
                                "text": " dependency too I assume?"
                            }
                        ]
                    }
                ]
            }
        ],
        "thread_ts": "1586631396.277500",
        "parent_user_id": "UQHJXP9D0"
    },
    {
        "client_msg_id": "af914518-aca0-4393-a3ee-6a2ac74663cb",
        "type": "message",
        "text": "Yep. Right.",
        "user": "UC19HAUAK",
        "ts": "1586643323.280700",
        "team": "TC0C1HURK",
        "user_team": "TC0C1HURK",
        "source_team": "TC0C1HURK",
        "user_profile": {
            "avatar_hash": "066a042e018c",
            "image_72": "https:\/\/avatars.slack-edge.com\/2019-12-07\/866588520998_066a042e018ca831a195_72.png",
            "first_name": "Pavel",
            "real_name": "Pavel Tiunov",
            "display_name": "pavel",
            "team": "TC0C1HURK",
            "name": "pavel",
            "is_restricted": false,
            "is_ultra_restricted": false
        },
        "blocks": [
            {
                "type": "rich_text",
                "block_id": "jEt",
                "elements": [
                    {
                        "type": "rich_text_section",
                        "elements": [
                            {
                                "type": "text",
                                "text": "Yep. Right."
                            }
                        ]
                    }
                ]
            }
        ],
        "thread_ts": "1586631396.277500",
        "parent_user_id": "UQHJXP9D0"
    },
    {
        "type": "message",
        "subtype": "channel_join",
        "ts": "1586644335.281000",
        "user": "U011VMHAL68",
        "text": "<@U011VMHAL68> has joined the channel"
    },
    {
        "client_msg_id": "2471be17-d203-44cb-9095-b21d891d020b",
        "type": "message",
        "text": "Newbie and semi-technical. Currently exploring CubeJS. Are there examples on how to implement Drilldown? I looked around and didn't find any working examples. We are building a proof of concept of an analytic application and exploring different tools we could use. Thanks.",
        "user": "U0128GRJQBS",
        "ts": "1586644893.282600",
        "team": "TC0C1HURK",
        "user_team": "TC0C1HURK",
        "source_team": "TC0C1HURK",
        "user_profile": {
            "avatar_hash": "g7bbeb3dcc8d",
            "image_72": "https:\/\/secure.gravatar.com\/avatar\/7bbeb3dcc8d7434455d399cf938b580e.jpg?s=72&d=https%3A%2F%2Fa.slack-edge.com%2Fdf10d%2Fimg%2Favatars%2Fava_0010-72.png",
            "first_name": "",
            "real_name": "Raj Srinivas",
            "display_name": "Raj Srinivas",
            "team": "TC0C1HURK",
            "name": "rajasrinivas25",
            "is_restricted": false,
            "is_ultra_restricted": false
        },
        "blocks": [
            {
                "type": "rich_text",
                "block_id": "GQOD",
                "elements": [
                    {
                        "type": "rich_text_section",
                        "elements": [
                            {
                                "type": "text",
                                "text": "Newbie and semi-technical. Currently exploring CubeJS. Are there examples on how to implement Drilldown? I looked around and didn't find any working examples. We are building a proof of concept of an analytic application and exploring different tools we could use. Thanks."
                            }
                        ]
                    }
                ]
            }
        ],
        "thread_ts": "1586644893.282600",
        "reply_count": 9,
        "reply_users_count": 2,
        "latest_reply": "1586658924.284700",
        "reply_users": [
            "URG2GJK71",
            "U0128GRJQBS"
        ],
        "replies": [
            {
                "user": "URG2GJK71",
                "ts": "1586652440.282800"
            },
            {
                "user": "U0128GRJQBS",
                "ts": "1586655052.283000"
            },
            {
                "user": "URG2GJK71",
                "ts": "1586655174.283200"
            },
            {
                "user": "U0128GRJQBS",
                "ts": "1586655184.283400"
            },
            {
                "user": "URG2GJK71",
                "ts": "1586655373.283600"
            },
            {
                "user": "URG2GJK71",
                "ts": "1586655479.284000"
            },
            {
                "user": "U0128GRJQBS",
                "ts": "1586655597.284300"
            },
            {
                "user": "URG2GJK71",
                "ts": "1586656019.284500"
            },
            {
                "user": "U0128GRJQBS",
                "ts": "1586658924.284700"
            }
        ],
        "subscribed": false
    },
    {
        "client_msg_id": "e161ae2f-a7d9-49d2-8377-e2577025ad7b",
        "type": "message",
        "text": "Hi, have you seen this? <https:\/\/cube.dev\/docs\/drill-downs|https:\/\/cube.dev\/docs\/drill-downs>",
        "user": "URG2GJK71",
        "ts": "1586652440.282800",
        "team": "TC0C1HURK",
        "user_team": "TC0C1HURK",
        "source_team": "TC0C1HURK",
        "user_profile": {
            "avatar_hash": "g532572ba5cb",
            "image_72": "https:\/\/secure.gravatar.com\/avatar\/532572ba5cb474d3c05f03a7ddf286fa.jpg?s=72&d=https%3A%2F%2Fa.slack-edge.com%2Fdf10d%2Fimg%2Favatars%2Fava_0006-72.png",
            "first_name": "",
            "real_name": "Birkoff",
            "display_name": "",
            "team": "TC0C1HURK",
            "name": "hayaza_slack",
            "is_restricted": false,
            "is_ultra_restricted": false
        },
        "blocks": [
            {
                "type": "rich_text",
                "block_id": "xqY",
                "elements": [
                    {
                        "type": "rich_text_section",
                        "elements": [
                            {
                                "type": "text",
                                "text": "Hi, have you seen this? "
                            },
                            {
                                "type": "link",
                                "url": "https:\/\/cube.dev\/docs\/drill-downs",
                                "text": "https:\/\/cube.dev\/docs\/drill-downs"
                            }
                        ]
                    }
                ]
            }
        ],
        "thread_ts": "1586644893.282600",
        "parent_user_id": "U0128GRJQBS"
    },
    {
        "client_msg_id": "5788576d-edbb-4d37-a7b3-18575b9266ad",
        "type": "message",
        "text": "Thanks. I have seen that detail. However, I am unsure how to make it work using a chart with drill down capability. Any thoughts?",
        "user": "U0128GRJQBS",
        "ts": "1586655052.283000",
        "team": "TC0C1HURK",
        "user_team": "TC0C1HURK",
        "source_team": "TC0C1HURK",
        "user_profile": {
            "avatar_hash": "g7bbeb3dcc8d",
            "image_72": "https:\/\/secure.gravatar.com\/avatar\/7bbeb3dcc8d7434455d399cf938b580e.jpg?s=72&d=https%3A%2F%2Fa.slack-edge.com%2Fdf10d%2Fimg%2Favatars%2Fava_0010-72.png",
            "first_name": "",
            "real_name": "Raj Srinivas",
            "display_name": "Raj Srinivas",
            "team": "TC0C1HURK",
            "name": "rajasrinivas25",
            "is_restricted": false,
            "is_ultra_restricted": false
        },
        "blocks": [
            {
                "type": "rich_text",
                "block_id": "IMLGa",
                "elements": [
                    {
                        "type": "rich_text_section",
                        "elements": [
                            {
                                "type": "text",
                                "text": "Thanks. I have seen that detail. However, I am unsure how to make it work using a chart with drill down capability. Any thoughts?"
                            }
                        ]
                    }
                ]
            }
        ],
        "thread_ts": "1586644893.282600",
        "parent_user_id": "U0128GRJQBS"
    },
    {
        "client_msg_id": "d0db408c-c2e9-4c42-81a3-f5923bc42c14",
        "type": "message",
        "text": "Ah yes i dont think its in the example demo app. Sorry havent used it..",
        "user": "URG2GJK71",
        "ts": "1586655174.283200",
        "team": "TC0C1HURK",
        "user_team": "TC0C1HURK",
        "source_team": "TC0C1HURK",
        "user_profile": {
            "avatar_hash": "g532572ba5cb",
            "image_72": "https:\/\/secure.gravatar.com\/avatar\/532572ba5cb474d3c05f03a7ddf286fa.jpg?s=72&d=https%3A%2F%2Fa.slack-edge.com%2Fdf10d%2Fimg%2Favatars%2Fava_0006-72.png",
            "first_name": "",
            "real_name": "Birkoff",
            "display_name": "",
            "team": "TC0C1HURK",
            "name": "hayaza_slack",
            "is_restricted": false,
            "is_ultra_restricted": false
        },
        "blocks": [
            {
                "type": "rich_text",
                "block_id": "vYvZS",
                "elements": [
                    {
                        "type": "rich_text_section",
                        "elements": [
                            {
                                "type": "text",
                                "text": "Ah yes i dont think its in the example demo app. Sorry havent used it.."
                            }
                        ]
                    }
                ]
            }
        ],
        "thread_ts": "1586644893.282600",
        "parent_user_id": "U0128GRJQBS"
    },
    {
        "client_msg_id": "ad37f7b9-19ba-4f38-b3bd-eb05b87dfaed",
        "type": "message",
        "text": "thanks though..",
        "user": "U0128GRJQBS",
        "ts": "1586655184.283400",
        "team": "TC0C1HURK",
        "user_team": "TC0C1HURK",
        "source_team": "TC0C1HURK",
        "user_profile": {
            "avatar_hash": "g7bbeb3dcc8d",
            "image_72": "https:\/\/secure.gravatar.com\/avatar\/7bbeb3dcc8d7434455d399cf938b580e.jpg?s=72&d=https%3A%2F%2Fa.slack-edge.com%2Fdf10d%2Fimg%2Favatars%2Fava_0010-72.png",
            "first_name": "",
            "real_name": "Raj Srinivas",
            "display_name": "Raj Srinivas",
            "team": "TC0C1HURK",
            "name": "rajasrinivas25",
            "is_restricted": false,
            "is_ultra_restricted": false
        },
        "blocks": [
            {
                "type": "rich_text",
                "block_id": "7RY",
                "elements": [
                    {
                        "type": "rich_text_section",
                        "elements": [
                            {
                                "type": "text",
                                "text": "thanks though.."
                            }
                        ]
                    }
                ]
            }
        ],
        "thread_ts": "1586644893.282600",
        "parent_user_id": "U0128GRJQBS"
    },
    {
        "client_msg_id": "62cec750-3edd-4b50-97c2-d5d18570a560",
        "type": "message",
        "text": "<@U0128GRJQBS> see this <https:\/\/github.com\/cube-js\/cube.js\/issues\/190|https:\/\/github.com\/cube-js\/cube.js\/issues\/190>",
        "user": "URG2GJK71",
        "ts": "1586655373.283600",
        "team": "TC0C1HURK",
        "user_team": "TC0C1HURK",
        "source_team": "TC0C1HURK",
        "user_profile": {
            "avatar_hash": "g532572ba5cb",
            "image_72": "https:\/\/secure.gravatar.com\/avatar\/532572ba5cb474d3c05f03a7ddf286fa.jpg?s=72&d=https%3A%2F%2Fa.slack-edge.com%2Fdf10d%2Fimg%2Favatars%2Fava_0006-72.png",
            "first_name": "",
            "real_name": "Birkoff",
            "display_name": "",
            "team": "TC0C1HURK",
            "name": "hayaza_slack",
            "is_restricted": false,
            "is_ultra_restricted": false
        },
        "attachments": [
            {
                "service_name": "GitHub",
                "title": "Drilldown UI hooks · Issue #190 · cube-js\/cube.js",
                "title_link": "https:\/\/github.com\/cube-js\/cube.js\/issues\/190",
                "text": "Is your feature request related to a problem? Please describe. It&amp;#39;ll be nice to add a feature to follow the drillMember in the playground. Describe the solution you&amp;#39;d like When I click on a...",
                "fallback": "GitHub: Drilldown UI hooks · Issue #190 · cube-js\/cube.js",
                "from_url": "https:\/\/github.com\/cube-js\/cube.js\/issues\/190",
                "thumb_url": "https:\/\/repository-images.githubusercontent.com\/149026292\/33deb000-42b4-11ea-8f24-e112f465ddf1",
                "thumb_width": 658,
                "thumb_height": 250,
                "service_icon": "https:\/\/a.slack-edge.com\/80588\/img\/unfurl_icons\/github.png",
                "id": 1,
                "original_url": "https:\/\/github.com\/cube-js\/cube.js\/issues\/190"
            }
        ],
        "blocks": [
            {
                "type": "rich_text",
                "block_id": "bnV",
                "elements": [
                    {
                        "type": "rich_text_section",
                        "elements": [
                            {
                                "type": "user",
                                "user_id": "U0128GRJQBS"
                            },
                            {
                                "type": "text",
                                "text": " see this "
                            },
                            {
                                "type": "link",
                                "url": "https:\/\/github.com\/cube-js\/cube.js\/issues\/190",
                                "text": "https:\/\/github.com\/cube-js\/cube.js\/issues\/190"
                            }
                        ]
                    }
                ]
            }
        ],
        "thread_ts": "1586644893.282600",
        "parent_user_id": "U0128GRJQBS"
    },
    {
        "client_msg_id": "a3ceb995-adb5-4f53-9bd4-d521fe373ecb",
        "type": "message",
        "text": "This drilldown implementation from highcharts looks great btw <https:\/\/www.highcharts.com\/demo\/column-drilldown|https:\/\/www.highcharts.com\/demo\/column-drilldown>",
        "user": "URG2GJK71",
        "ts": "1586655479.284000",
        "team": "TC0C1HURK",
        "user_team": "TC0C1HURK",
        "source_team": "TC0C1HURK",
        "user_profile": {
            "avatar_hash": "g532572ba5cb",
            "image_72": "https:\/\/secure.gravatar.com\/avatar\/532572ba5cb474d3c05f03a7ddf286fa.jpg?s=72&d=https%3A%2F%2Fa.slack-edge.com%2Fdf10d%2Fimg%2Favatars%2Fava_0006-72.png",
            "first_name": "",
            "real_name": "Birkoff",
            "display_name": "",
            "team": "TC0C1HURK",
            "name": "hayaza_slack",
            "is_restricted": false,
            "is_ultra_restricted": false
        },
        "attachments": [
            {
                "title": "Column with drilldown | Highcharts",
                "title_link": "https:\/\/www.highcharts.com\/demo\/column-drilldown",
                "text": "Highcharts - Interactive JavaScript charts for your web pages.",
                "fallback": "Column with drilldown | Highcharts",
                "image_url": "https:\/\/assets.highcharts.com\/images\/demo-thumbnails\/highcharts\/column-drilldown-default.png",
                "from_url": "https:\/\/www.highcharts.com\/demo\/column-drilldown",
                "image_width": 365,
                "image_height": 250,
                "image_bytes": 19225,
                "service_icon": "https:\/\/www.highcharts.com\/images\/ico\/apple-touch-icon-57x57.png",
                "service_name": "highcharts.com",
                "id": 1,
                "original_url": "https:\/\/www.highcharts.com\/demo\/column-drilldown"
            }
        ],
        "blocks": [
            {
                "type": "rich_text",
                "block_id": "6Qj",
                "elements": [
                    {
                        "type": "rich_text_section",
                        "elements": [
                            {
                                "type": "text",
                                "text": "This drilldown implementation from highcharts looks great btw "
                            },
                            {
                                "type": "link",
                                "url": "https:\/\/www.highcharts.com\/demo\/column-drilldown",
                                "text": "https:\/\/www.highcharts.com\/demo\/column-drilldown"
                            }
                        ]
                    }
                ]
            }
        ],
        "thread_ts": "1586644893.282600",
        "parent_user_id": "U0128GRJQBS"
    },
    {
        "client_msg_id": "bbfa9a9d-470a-4efe-a1f0-409611d3e0d7",
        "type": "message",
        "text": "The issue#190 seems what I am looking for. Its bit disappointing that this is reported as an issue when I was hoping it is a feature that is already implemented based on the documentation. I will check out the highcharts. Do you know if they work with CubeJS? with drilldown measures in CubeJS?",
        "user": "U0128GRJQBS",
        "ts": "1586655597.284300",
        "team": "TC0C1HURK",
        "user_team": "TC0C1HURK",
        "source_team": "TC0C1HURK",
        "user_profile": {
            "avatar_hash": "g7bbeb3dcc8d",
            "image_72": "https:\/\/secure.gravatar.com\/avatar\/7bbeb3dcc8d7434455d399cf938b580e.jpg?s=72&d=https%3A%2F%2Fa.slack-edge.com%2Fdf10d%2Fimg%2Favatars%2Fava_0010-72.png",
            "first_name": "",
            "real_name": "Raj Srinivas",
            "display_name": "Raj Srinivas",
            "team": "TC0C1HURK",
            "name": "rajasrinivas25",
            "is_restricted": false,
            "is_ultra_restricted": false
        },
        "blocks": [
            {
                "type": "rich_text",
                "block_id": "2inJ",
                "elements": [
                    {
                        "type": "rich_text_section",
                        "elements": [
                            {
                                "type": "text",
                                "text": "The issue#190 seems what I am looking for. Its bit disappointing that this is reported as an issue when I was hoping it is a feature that is already implemented based on the documentation. I will check out the highcharts. Do you know if they work with CubeJS? with drilldown measures in CubeJS?"
                            }
                        ]
                    }
                ]
            }
        ],
        "thread_ts": "1586644893.282600",
        "parent_user_id": "U0128GRJQBS"
    },
    {
        "client_msg_id": "2d6442e1-05ba-482e-912f-93c9749e7c8d",
        "type": "message",
        "text": "It think its being developed and since its an enhancement, they must be working on something more important for now.\n\nFor highcharts, im not sure, but any js chart libraries should work with cubejs. Implementing on the rechart\/chartJS of the frontend app might be quicker.\n\nAre you looking into a table data drilldown or that kind of chart drilldown?",
        "user": "URG2GJK71",
        "ts": "1586656019.284500",
        "team": "TC0C1HURK",
        "user_team": "TC0C1HURK",
        "source_team": "TC0C1HURK",
        "user_profile": {
            "avatar_hash": "g532572ba5cb",
            "image_72": "https:\/\/secure.gravatar.com\/avatar\/532572ba5cb474d3c05f03a7ddf286fa.jpg?s=72&d=https%3A%2F%2Fa.slack-edge.com%2Fdf10d%2Fimg%2Favatars%2Fava_0006-72.png",
            "first_name": "",
            "real_name": "Birkoff",
            "display_name": "",
            "team": "TC0C1HURK",
            "name": "hayaza_slack",
            "is_restricted": false,
            "is_ultra_restricted": false
        },
        "blocks": [
            {
                "type": "rich_text",
                "block_id": "l9AIk",
                "elements": [
                    {
                        "type": "rich_text_section",
                        "elements": [
                            {
                                "type": "text",
                                "text": "It think its being developed and since its an enhancement, they must be working on something more important for now.\n\nFor highcharts, im not sure, but any js chart libraries should work with cubejs. Implementing on the rechart\/chartJS of the frontend app might be quicker.\n\nAre you looking into a table data drilldown or that kind of chart drilldown?"
                            }
                        ]
                    }
                ]
            }
        ],
        "thread_ts": "1586644893.282600",
        "parent_user_id": "U0128GRJQBS"
    },
    {
        "client_msg_id": "24397198-689b-423e-a1cd-819266ef4e5f",
        "type": "message",
        "text": "yes. I am looking for reference implementation for drill down. Currently we have POC to show the summary and we like the user to click on the summary to get to the next level in the drill down. For example: We have total orders and we like the chart to display orders by customers when they click on the orders chart. Thanks for the guidance.",
        "user": "U0128GRJQBS",
        "ts": "1586658924.284700",
        "team": "TC0C1HURK",
        "user_team": "TC0C1HURK",
        "source_team": "TC0C1HURK",
        "user_profile": {
            "avatar_hash": "g7bbeb3dcc8d",
            "image_72": "https:\/\/secure.gravatar.com\/avatar\/7bbeb3dcc8d7434455d399cf938b580e.jpg?s=72&d=https%3A%2F%2Fa.slack-edge.com%2Fdf10d%2Fimg%2Favatars%2Fava_0010-72.png",
            "first_name": "",
            "real_name": "Raj Srinivas",
            "display_name": "Raj Srinivas",
            "team": "TC0C1HURK",
            "name": "rajasrinivas25",
            "is_restricted": false,
            "is_ultra_restricted": false
        },
        "blocks": [
            {
                "type": "rich_text",
                "block_id": "+yocb",
                "elements": [
                    {
                        "type": "rich_text_section",
                        "elements": [
                            {
                                "type": "text",
                                "text": "yes. I am looking for reference implementation for drill down. Currently we have POC to show the summary and we like the user to click on the summary to get to the next level in the drill down. For example: We have total orders and we like the chart to display orders by customers when they click on the orders chart. Thanks for the guidance."
                            }
                        ]
                    }
                ]
            }
        ],
        "thread_ts": "1586644893.282600",
        "parent_user_id": "U0128GRJQBS"
    },
    {
        "client_msg_id": "1082f5e5-f0cc-402b-9802-faf32aef00ca",
        "type": "message",
        "text": "Can i create a relation between 2 cubes through a middle cube? Meaning, I have\nCube A hasMany Cube B \nCube B hasMany Cube C\n\nHow can i create a relationship between Cube A and Cube C such that I can output\nCube C =&gt; Count of Cube A ?",
        "user": "U011GNH45GT",
        "ts": "1586661061.285100",
        "team": "TC0C1HURK",
        "user_team": "TC0C1HURK",
        "source_team": "TC0C1HURK",
        "user_profile": {
            "avatar_hash": "gafb8d619733",
            "image_72": "https:\/\/secure.gravatar.com\/avatar\/afb8d6197335e4143f2db5629f15cab4.jpg?s=72&d=https%3A%2F%2Fa.slack-edge.com%2Fdf10d%2Fimg%2Favatars%2Fava_0010-72.png",
            "first_name": "Mr",
            "real_name": "Mr P",
            "display_name": "Mr P",
            "team": "TC0C1HURK",
            "name": "tasker.prabhat",
            "is_restricted": false,
            "is_ultra_restricted": false
        },
        "edited": {
            "user": "U011GNH45GT",
            "ts": "1586661207.000000"
        },
        "blocks": [
            {
                "type": "rich_text",
                "block_id": "TkQ",
                "elements": [
                    {
                        "type": "rich_text_section",
                        "elements": [
                            {
                                "type": "text",
                                "text": "Can i create a relation between 2 cubes through a middle cube? Meaning, I have\nCube A hasMany Cube B \nCube B hasMany Cube C\n\nHow can i create a relationship between Cube A and Cube C such that I can output\nCube C => Count of Cube A ?"
                            }
                        ]
                    }
                ]
            }
        ],
        "thread_ts": "1586661061.285100",
        "reply_count": 3,
        "reply_users_count": 2,
        "latest_reply": "1586898647.334500",
        "reply_users": [
            "UC19HAUAK",
            "U011GNH45GT"
        ],
        "replies": [
            {
                "user": "UC19HAUAK",
                "ts": "1586805776.302200"
            },
            {
                "user": "U011GNH45GT",
                "ts": "1586821699.312900"
            },
            {
                "user": "UC19HAUAK",
                "ts": "1586898647.334500"
            }
        ],
        "subscribed": false
    },
    {
        "client_msg_id": "ae64aae6-9428-43d0-a56e-08a4551e4dfc",
        "type": "message",
        "text": "my app is multitenant app. now i want to show data for particular tenant. so should i user dimension filter or FILTER_PARMAS?",
        "user": "UPDLD3V6U",
        "ts": "1586671832.285400",
        "team": "TC0C1HURK",
        "user_team": "TC0C1HURK",
        "source_team": "TC0C1HURK",
        "user_profile": {
            "avatar_hash": "437407fa7760",
            "image_72": "https:\/\/avatars.slack-edge.com\/2019-10-15\/795702974496_437407fa7760c3697214_72.jpg",
            "first_name": "",
            "real_name": "chirag",
            "display_name": "chirag",
            "team": "TC0C1HURK",
            "name": "chirag.shah",
            "is_restricted": false,
            "is_ultra_restricted": false
        },
        "blocks": [
            {
                "type": "rich_text",
                "block_id": "ibRrr",
                "elements": [
                    {
                        "type": "rich_text_section",
                        "elements": [
                            {
                                "type": "text",
                                "text": "my app is multitenant app. now i want to show data for particular tenant. so should i user dimension filter or FILTER_PARMAS?"
                            }
                        ]
                    }
                ]
            }
        ],
        "thread_ts": "1586610591.266000",
        "parent_user_id": "UPDLD3V6U"
    }
]