[
    {
        "client_msg_id": "07299628-d657-4543-87fd-37e7d6c0caa2",
        "type": "message",
        "text": "can anyone could you please elaborate the difference between filers and segments in cube js",
        "user": "USE61H70W",
        "ts": "1578646641.045400",
        "team": "TC0C1HURK",
        "user_team": "TC0C1HURK",
        "source_team": "TC0C1HURK",
        "user_profile": {
            "avatar_hash": "gbf4b925f943",
            "image_72": "https:\/\/secure.gravatar.com\/avatar\/bf4b925f9435c3dae47393e1a961511f.jpg?s=72&d=https%3A%2F%2Fa.slack-edge.com%2Fdf10d%2Fimg%2Favatars%2Fava_0021-72.png",
            "first_name": "",
            "real_name": "harinishree",
            "display_name": "harinishree",
            "team": "TC0C1HURK",
            "name": "harinishree.muniraj01",
            "is_restricted": false,
            "is_ultra_restricted": false
        },
        "blocks": [
            {
                "type": "rich_text",
                "block_id": "dWy2H",
                "elements": [
                    {
                        "type": "rich_text_section",
                        "elements": [
                            {
                                "type": "text",
                                "text": "can anyone could you please elaborate the difference between filers and segments in cube js"
                            }
                        ]
                    }
                ]
            }
        ],
        "thread_ts": "1578646641.045400",
        "reply_count": 1,
        "reply_users_count": 1,
        "latest_reply": "1578683917.053800",
        "reply_users": [
            "UC19HAUAK"
        ],
        "replies": [
            {
                "user": "UC19HAUAK",
                "ts": "1578683917.053800"
            }
        ],
        "subscribed": false
    },
    {
        "type": "message",
        "subtype": "channel_join",
        "ts": "1578653551.045600",
        "user": "USGKTP2RJ",
        "text": "<@USGKTP2RJ> has joined the channel"
    },
    {
        "client_msg_id": "8ae712fd-a443-441a-9ec1-93c5b57867bc",
        "type": "message",
        "text": "Hi, I'm new to CubeJS and try the CubeJS 101 tutorial. But instead of a Postgres Server I do have an MSSql Server with Trusted Authentication. How do I have to edit the .env file to enable Trusted Authentication? Thanks in advance.",
        "user": "USGKTP2RJ",
        "ts": "1578654122.048300",
        "team": "TC0C1HURK",
        "user_team": "TC0C1HURK",
        "source_team": "TC0C1HURK",
        "user_profile": {
            "avatar_hash": "gaab2e4d3121",
            "image_72": "https:\/\/secure.gravatar.com\/avatar\/aab2e4d3121bed33631968502bd8c9ad.jpg?s=72&d=https%3A%2F%2Fa.slack-edge.com%2Fdf10d%2Fimg%2Favatars%2Fava_0005-72.png",
            "first_name": "",
            "real_name": "Harald",
            "display_name": "Harald",
            "team": "TC0C1HURK",
            "name": "haraldkrabs",
            "is_restricted": false,
            "is_ultra_restricted": false
        },
        "blocks": [
            {
                "type": "rich_text",
                "block_id": "Paow",
                "elements": [
                    {
                        "type": "rich_text_section",
                        "elements": [
                            {
                                "type": "text",
                                "text": "Hi, I'm new to CubeJS and try the CubeJS 101 tutorial. But instead of a Postgres Server I do have an MSSql Server with Trusted Authentication. How do I have to edit the .env file to enable Trusted Authentication? Thanks in advance."
                            }
                        ]
                    }
                ]
            }
        ],
        "thread_ts": "1578654122.048300",
        "reply_count": 2,
        "reply_users_count": 1,
        "latest_reply": "1578684301.055500",
        "reply_users": [
            "UC19HAUAK"
        ],
        "replies": [
            {
                "user": "UC19HAUAK",
                "ts": "1578684261.055200"
            },
            {
                "user": "UC19HAUAK",
                "ts": "1578684301.055500"
            }
        ],
        "subscribed": false
    },
    {
        "type": "message",
        "text": "Hello, I have a (quick ?) question about pre aggregation\nHow does it handle on which time range the pre-aggregation will be built if I declare the following schema ?\n\nBecause I used a query with the same dimensions and measures and this :\n\"timeDimensions\": [\n      {\n        \"dimension\": \"table.date\",\n        \"dateRange\": \"Last 7 days\",\n        \"granularity\": \"day\"\n      }\nAnd it created a pre-aggregation table on all of my data",
        "files": [
            {
                "id": "FS62H9F3M",
                "created": 1578672197,
                "timestamp": 1578672197,
                "name": "Untitled",
                "title": "Untitled",
                "mimetype": "text\/plain",
                "filetype": "javascript",
                "pretty_type": "JavaScript\/JSON",
                "user": "URG03MR27",
                "editable": true,
                "size": 321,
                "mode": "snippet",
                "is_external": false,
                "external_type": "",
                "is_public": true,
                "public_url_shared": false,
                "display_as_bot": false,
                "username": "",
                "url_private": "https:\/\/files.slack.com\/files-pri\/TC0C1HURK-FS62H9F3M\/untitled?t=xoxe-408409606869-1267807410853-1293019902560-8c9dc5fc58d3a65e0fe0837e69de048d",
                "url_private_download": "https:\/\/files.slack.com\/files-pri\/TC0C1HURK-FS62H9F3M\/download\/untitled?t=xoxe-408409606869-1267807410853-1293019902560-8c9dc5fc58d3a65e0fe0837e69de048d",
                "permalink": "https:\/\/cube-js.slack.com\/files\/URG03MR27\/FS62H9F3M\/untitled",
                "permalink_public": "https:\/\/slack-files.com\/TC0C1HURK-FS62H9F3M-0ce56115f3",
                "edit_link": "https:\/\/cube-js.slack.com\/files\/URG03MR27\/FS62H9F3M\/untitled\/edit",
                "is_starred": false,
                "has_rich_preview": false
            }
        ],
        "upload": true,
        "blocks": [
            {
                "type": "rich_text",
                "block_id": "8WInK",
                "elements": [
                    {
                        "type": "rich_text_section",
                        "elements": [
                            {
                                "type": "text",
                                "text": "Hello, I have a (quick ?) question about pre aggregation\nHow does it handle on which time range the pre-aggregation will be built if I declare the following schema ?\n\nBecause I used a query with the same dimensions and measures and this :\n\"timeDimensions\": [\n      {\n        \"dimension\": \"table.date\",\n        \"dateRange\": \"Last 7 days\",\n        \"granularity\": \"day\"\n      }\nAnd it created a pre-aggregation table on all of my data"
                            }
                        ]
                    }
                ]
            }
        ],
        "user": "URG03MR27",
        "display_as_bot": false,
        "ts": "1578672198.050800",
        "client_msg_id": "f2e23b11-9075-447b-a529-1f77d782457a",
        "thread_ts": "1578672198.050800",
        "reply_count": 3,
        "reply_users_count": 2,
        "latest_reply": "1578690354.058500",
        "reply_users": [
            "UC19HAUAK",
            "URG03MR27"
        ],
        "replies": [
            {
                "user": "UC19HAUAK",
                "ts": "1578684119.054400"
            },
            {
                "user": "URG03MR27",
                "ts": "1578687461.056500"
            },
            {
                "user": "UC19HAUAK",
                "ts": "1578690354.058500"
            }
        ],
        "subscribed": false
    },
    {
        "client_msg_id": "f30d50bf-8d9b-4cf5-9b1d-f88744cc9d20",
        "type": "message",
        "text": "Hey <@UQCC0K0SF>! If you see such response you should retry until you get result. Cube.js REST API is long polling and idempontent.",
        "user": "UC19HAUAK",
        "ts": "1578683836.053600",
        "team": "TC0C1HURK",
        "user_team": "TC0C1HURK",
        "source_team": "TC0C1HURK",
        "user_profile": {
            "avatar_hash": "066a042e018c",
            "image_72": "https:\/\/avatars.slack-edge.com\/2019-12-07\/866588520998_066a042e018ca831a195_72.png",
            "first_name": "Pavel",
            "real_name": "Pavel Tiunov",
            "display_name": "pavel",
            "team": "TC0C1HURK",
            "name": "pavel",
            "is_restricted": false,
            "is_ultra_restricted": false
        },
        "blocks": [
            {
                "type": "rich_text",
                "block_id": "hvriY",
                "elements": [
                    {
                        "type": "rich_text_section",
                        "elements": [
                            {
                                "type": "text",
                                "text": "Hey "
                            },
                            {
                                "type": "user",
                                "user_id": "UQCC0K0SF"
                            },
                            {
                                "type": "text",
                                "text": "! If you see such response you should retry until you get result. Cube.js REST API is long polling and idempontent."
                            }
                        ]
                    }
                ]
            }
        ],
        "thread_ts": "1578628086.038600",
        "parent_user_id": "UQCC0K0SF"
    },
    {
        "client_msg_id": "0b4f557a-35b5-4012-8b44-a5950159f0d4",
        "type": "message",
        "text": "<@USE61H70W> Segments are predefined filters: <https:\/\/cube.dev\/docs\/segments#top>",
        "user": "UC19HAUAK",
        "ts": "1578683917.053800",
        "team": "TC0C1HURK",
        "user_team": "TC0C1HURK",
        "source_team": "TC0C1HURK",
        "user_profile": {
            "avatar_hash": "066a042e018c",
            "image_72": "https:\/\/avatars.slack-edge.com\/2019-12-07\/866588520998_066a042e018ca831a195_72.png",
            "first_name": "Pavel",
            "real_name": "Pavel Tiunov",
            "display_name": "pavel",
            "team": "TC0C1HURK",
            "name": "pavel",
            "is_restricted": false,
            "is_ultra_restricted": false
        },
        "blocks": [
            {
                "type": "rich_text",
                "block_id": "F52w",
                "elements": [
                    {
                        "type": "rich_text_section",
                        "elements": [
                            {
                                "type": "user",
                                "user_id": "USE61H70W"
                            },
                            {
                                "type": "text",
                                "text": " Segments are predefined filters: "
                            },
                            {
                                "type": "link",
                                "url": "https:\/\/cube.dev\/docs\/segments#top"
                            }
                        ]
                    }
                ]
            }
        ],
        "thread_ts": "1578646641.045400",
        "parent_user_id": "USE61H70W"
    },
    {
        "client_msg_id": "2ea21047-3afb-413f-a3d4-ed53deb2673c",
        "type": "message",
        "text": "Hey <@URG03MR27>! In this case pre-aggregation will be created for all time at once. Please refer to <https:\/\/cube.dev\/docs\/pre-aggregations#rollup-time-partitioning> if you need to partition it.",
        "user": "UC19HAUAK",
        "ts": "1578684119.054400",
        "team": "TC0C1HURK",
        "user_team": "TC0C1HURK",
        "source_team": "TC0C1HURK",
        "user_profile": {
            "avatar_hash": "066a042e018c",
            "image_72": "https:\/\/avatars.slack-edge.com\/2019-12-07\/866588520998_066a042e018ca831a195_72.png",
            "first_name": "Pavel",
            "real_name": "Pavel Tiunov",
            "display_name": "pavel",
            "team": "TC0C1HURK",
            "name": "pavel",
            "is_restricted": false,
            "is_ultra_restricted": false
        },
        "blocks": [
            {
                "type": "rich_text",
                "block_id": "T9K",
                "elements": [
                    {
                        "type": "rich_text_section",
                        "elements": [
                            {
                                "type": "text",
                                "text": "Hey "
                            },
                            {
                                "type": "user",
                                "user_id": "URG03MR27"
                            },
                            {
                                "type": "text",
                                "text": "! In this case pre-aggregation will be created for all time at once. Please refer to "
                            },
                            {
                                "type": "link",
                                "url": "https:\/\/cube.dev\/docs\/pre-aggregations#rollup-time-partitioning"
                            },
                            {
                                "type": "text",
                                "text": " if you need to partition it."
                            }
                        ]
                    }
                ]
            }
        ],
        "thread_ts": "1578672198.050800",
        "parent_user_id": "URG03MR27",
        "reactions": [
            {
                "name": "+1",
                "users": [
                    "URG03MR27"
                ],
                "count": 1
            }
        ]
    },
    {
        "client_msg_id": "760c825a-27f5-4f7c-87e1-1114eca5893d",
        "type": "message",
        "text": "Hi, I starting now with Cube.js and the project I need to implement it uses mongo. There are some Model relations and I want know how can I declare it on my schema.",
        "user": "USHS8SNHM",
        "ts": "1578684174.055100",
        "team": "TC0C1HURK",
        "user_team": "TC0C1HURK",
        "source_team": "TC0C1HURK",
        "user_profile": {
            "avatar_hash": "gf82df8ce2ff",
            "image_72": "https:\/\/secure.gravatar.com\/avatar\/f82df8ce2ffc4789e4cd5db59af5bd9c.jpg?s=72&d=https%3A%2F%2Fa.slack-edge.com%2Fdf10d%2Fimg%2Favatars%2Fava_0020-72.png",
            "first_name": "",
            "real_name": "Jean Leonço",
            "display_name": "Jean Leonço",
            "team": "TC0C1HURK",
            "name": "jeang.leonco",
            "is_restricted": false,
            "is_ultra_restricted": false
        },
        "blocks": [
            {
                "type": "rich_text",
                "block_id": "19HW",
                "elements": [
                    {
                        "type": "rich_text_section",
                        "elements": [
                            {
                                "type": "text",
                                "text": "Hi, I starting now with Cube.js and the project I need to implement it uses mongo. There are some Model relations and I want know how can I declare it on my schema."
                            }
                        ]
                    }
                ]
            }
        ],
        "thread_ts": "1578684174.055100",
        "reply_count": 3,
        "reply_users_count": 2,
        "latest_reply": "1578690158.057400",
        "reply_users": [
            "UC19HAUAK",
            "USHS8SNHM"
        ],
        "replies": [
            {
                "user": "UC19HAUAK",
                "ts": "1578685544.056200"
            },
            {
                "user": "USHS8SNHM",
                "ts": "1578688645.056700"
            },
            {
                "user": "UC19HAUAK",
                "ts": "1578690158.057400"
            }
        ],
        "subscribed": false
    },
    {
        "client_msg_id": "d327bef9-63a5-46ea-b12c-71c0ad81aea2",
        "type": "message",
        "text": "Hey <@USGKTP2RJ>! I believe you can find some info here: <https:\/\/github.com\/tediousjs\/node-mssql\/issues\/244>",
        "user": "UC19HAUAK",
        "ts": "1578684261.055200",
        "team": "TC0C1HURK",
        "user_team": "TC0C1HURK",
        "source_team": "TC0C1HURK",
        "user_profile": {
            "avatar_hash": "066a042e018c",
            "image_72": "https:\/\/avatars.slack-edge.com\/2019-12-07\/866588520998_066a042e018ca831a195_72.png",
            "first_name": "Pavel",
            "real_name": "Pavel Tiunov",
            "display_name": "pavel",
            "team": "TC0C1HURK",
            "name": "pavel",
            "is_restricted": false,
            "is_ultra_restricted": false
        },
        "attachments": [
            {
                "service_name": "GitHub",
                "title": "Trusted connection string? · Issue #244 · tediousjs\/node-mssql",
                "title_link": "https:\/\/github.com\/tediousjs\/node-mssql\/issues\/244",
                "text": "I have the configuration like: var sql = require(&amp;#39;mssql&amp;#39;); var config = { server: &amp;#39;db3dev&amp;#39;, database: &amp;#39;EForms&amp;#39;, connectionString: &amp;#39;Driver=msnodesqlv8;Server=db3dev;Datab...",
                "fallback": "GitHub: Trusted connection string? · Issue #244 · tediousjs\/node-mssql",
                "thumb_url": "https:\/\/avatars1.githubusercontent.com\/u\/20347522?s=400&v=4",
                "from_url": "https:\/\/github.com\/tediousjs\/node-mssql\/issues\/244",
                "thumb_width": 420,
                "thumb_height": 420,
                "service_icon": "https:\/\/a.slack-edge.com\/80588\/img\/unfurl_icons\/github.png",
                "id": 1,
                "original_url": "https:\/\/github.com\/tediousjs\/node-mssql\/issues\/244"
            }
        ],
        "blocks": [
            {
                "type": "rich_text",
                "block_id": "92t5",
                "elements": [
                    {
                        "type": "rich_text_section",
                        "elements": [
                            {
                                "type": "text",
                                "text": "Hey "
                            },
                            {
                                "type": "user",
                                "user_id": "USGKTP2RJ"
                            },
                            {
                                "type": "text",
                                "text": "! I believe you can find some info here: "
                            },
                            {
                                "type": "link",
                                "url": "https:\/\/github.com\/tediousjs\/node-mssql\/issues\/244"
                            }
                        ]
                    }
                ]
            }
        ],
        "thread_ts": "1578654122.048300",
        "parent_user_id": "USGKTP2RJ"
    },
    {
        "client_msg_id": "69d4f593-9dab-40ab-b5c4-f6ce52cb0a0d",
        "type": "message",
        "text": "You can pass this options to `MSSqlDriver` in `driverFactory`: <https:\/\/cube.dev\/docs\/@cubejs-backend-server-core#options-reference-driver-factory>",
        "user": "UC19HAUAK",
        "ts": "1578684301.055500",
        "team": "TC0C1HURK",
        "user_team": "TC0C1HURK",
        "source_team": "TC0C1HURK",
        "user_profile": {
            "avatar_hash": "066a042e018c",
            "image_72": "https:\/\/avatars.slack-edge.com\/2019-12-07\/866588520998_066a042e018ca831a195_72.png",
            "first_name": "Pavel",
            "real_name": "Pavel Tiunov",
            "display_name": "pavel",
            "team": "TC0C1HURK",
            "name": "pavel",
            "is_restricted": false,
            "is_ultra_restricted": false
        },
        "blocks": [
            {
                "type": "rich_text",
                "block_id": "cf614",
                "elements": [
                    {
                        "type": "rich_text_section",
                        "elements": [
                            {
                                "type": "text",
                                "text": "You can pass this options to "
                            },
                            {
                                "type": "text",
                                "text": "MSSqlDriver",
                                "style": {
                                    "code": true
                                }
                            },
                            {
                                "type": "text",
                                "text": " in "
                            },
                            {
                                "type": "text",
                                "text": "driverFactory",
                                "style": {
                                    "code": true
                                }
                            },
                            {
                                "type": "text",
                                "text": ": "
                            },
                            {
                                "type": "link",
                                "url": "https:\/\/cube.dev\/docs\/@cubejs-backend-server-core#options-reference-driver-factory"
                            }
                        ]
                    }
                ]
            }
        ],
        "thread_ts": "1578654122.048300",
        "parent_user_id": "USGKTP2RJ"
    },
    {
        "client_msg_id": "f58fadcf-fcc7-4dc5-b89c-863f97d4ac5f",
        "type": "message",
        "text": "Hey <@UQHJXP9D0>! I believe you're looking for <https:\/\/cube.dev\/docs\/cube#context-variables-sql-utils>",
        "user": "UC19HAUAK",
        "ts": "1578685452.055800",
        "team": "TC0C1HURK",
        "user_team": "TC0C1HURK",
        "source_team": "TC0C1HURK",
        "user_profile": {
            "avatar_hash": "066a042e018c",
            "image_72": "https:\/\/avatars.slack-edge.com\/2019-12-07\/866588520998_066a042e018ca831a195_72.png",
            "first_name": "Pavel",
            "real_name": "Pavel Tiunov",
            "display_name": "pavel",
            "team": "TC0C1HURK",
            "name": "pavel",
            "is_restricted": false,
            "is_ultra_restricted": false
        },
        "blocks": [
            {
                "type": "rich_text",
                "block_id": "HxHOV",
                "elements": [
                    {
                        "type": "rich_text_section",
                        "elements": [
                            {
                                "type": "text",
                                "text": "Hey "
                            },
                            {
                                "type": "user",
                                "user_id": "UQHJXP9D0"
                            },
                            {
                                "type": "text",
                                "text": "! I believe you're looking for "
                            },
                            {
                                "type": "link",
                                "url": "https:\/\/cube.dev\/docs\/cube#context-variables-sql-utils"
                            }
                        ]
                    }
                ]
            }
        ],
        "thread_ts": "1578621203.037200",
        "parent_user_id": "UQHJXP9D0"
    },
    {
        "client_msg_id": "7610ac21-8374-4b5b-8008-0d5103f15c98",
        "type": "message",
        "text": "<@USE61H70W> Please refer to <https:\/\/cube.dev\/docs\/deployment#top>",
        "user": "UC19HAUAK",
        "ts": "1578685511.056000",
        "team": "TC0C1HURK",
        "user_team": "TC0C1HURK",
        "source_team": "TC0C1HURK",
        "user_profile": {
            "avatar_hash": "066a042e018c",
            "image_72": "https:\/\/avatars.slack-edge.com\/2019-12-07\/866588520998_066a042e018ca831a195_72.png",
            "first_name": "Pavel",
            "real_name": "Pavel Tiunov",
            "display_name": "pavel",
            "team": "TC0C1HURK",
            "name": "pavel",
            "is_restricted": false,
            "is_ultra_restricted": false
        },
        "blocks": [
            {
                "type": "rich_text",
                "block_id": "yIt",
                "elements": [
                    {
                        "type": "rich_text_section",
                        "elements": [
                            {
                                "type": "user",
                                "user_id": "USE61H70W"
                            },
                            {
                                "type": "text",
                                "text": " Please refer to "
                            },
                            {
                                "type": "link",
                                "url": "https:\/\/cube.dev\/docs\/deployment#top"
                            }
                        ]
                    }
                ]
            }
        ],
        "thread_ts": "1578642148.044700",
        "parent_user_id": "USE61H70W"
    },
    {
        "client_msg_id": "1e3e7638-9cb8-4c33-a023-412afe6b1ec1",
        "type": "message",
        "text": "Hey <@USHS8SNHM>! Have you tried schema generation in playground?",
        "user": "UC19HAUAK",
        "ts": "1578685544.056200",
        "team": "TC0C1HURK",
        "user_team": "TC0C1HURK",
        "source_team": "TC0C1HURK",
        "user_profile": {
            "avatar_hash": "066a042e018c",
            "image_72": "https:\/\/avatars.slack-edge.com\/2019-12-07\/866588520998_066a042e018ca831a195_72.png",
            "first_name": "Pavel",
            "real_name": "Pavel Tiunov",
            "display_name": "pavel",
            "team": "TC0C1HURK",
            "name": "pavel",
            "is_restricted": false,
            "is_ultra_restricted": false
        },
        "blocks": [
            {
                "type": "rich_text",
                "block_id": "P=n",
                "elements": [
                    {
                        "type": "rich_text_section",
                        "elements": [
                            {
                                "type": "text",
                                "text": "Hey "
                            },
                            {
                                "type": "user",
                                "user_id": "USHS8SNHM"
                            },
                            {
                                "type": "text",
                                "text": "! Have you tried schema generation in playground?"
                            }
                        ]
                    }
                ]
            }
        ],
        "thread_ts": "1578684174.055100",
        "parent_user_id": "USHS8SNHM"
    },
    {
        "client_msg_id": "6fed7c5b-d8e6-4b8b-a156-a8457cb16191",
        "type": "message",
        "text": "Thank you !\nI didn't think the time partitioning would also be needed to filter the time period",
        "user": "URG03MR27",
        "ts": "1578687461.056500",
        "team": "TC0C1HURK",
        "user_team": "TC0C1HURK",
        "source_team": "TC0C1HURK",
        "user_profile": {
            "avatar_hash": "gf99ef85a0ee",
            "image_72": "https:\/\/secure.gravatar.com\/avatar\/f99ef85a0ee54043d98ea5a4fe7fa5fb.jpg?s=72&d=https%3A%2F%2Fa.slack-edge.com%2Fdf10d%2Fimg%2Favatars%2Fava_0004-72.png",
            "first_name": "",
            "real_name": "Thibault F",
            "display_name": "Thibault F",
            "team": "TC0C1HURK",
            "name": "t.foureur",
            "is_restricted": false,
            "is_ultra_restricted": false
        },
        "blocks": [
            {
                "type": "rich_text",
                "block_id": "8LXY",
                "elements": [
                    {
                        "type": "rich_text_section",
                        "elements": [
                            {
                                "type": "text",
                                "text": "Thank you !\nI didn't think the time partitioning would also be needed to filter the time period"
                            }
                        ]
                    }
                ]
            }
        ],
        "thread_ts": "1578672198.050800",
        "parent_user_id": "URG03MR27",
        "reactions": [
            {
                "name": "raised_hands",
                "users": [
                    "UC19HAUAK"
                ],
                "count": 1
            }
        ]
    },
    {
        "client_msg_id": "0f83001d-040f-44f5-b3dd-40ae1df89320",
        "type": "message",
        "text": "I tried to use the playground but it didn't update the joins object. I had to put by myself. At least it's working and now I can explore Cube.js",
        "user": "USHS8SNHM",
        "ts": "1578688645.056700",
        "team": "TC0C1HURK",
        "user_team": "TC0C1HURK",
        "source_team": "TC0C1HURK",
        "user_profile": {
            "avatar_hash": "gf82df8ce2ff",
            "image_72": "https:\/\/secure.gravatar.com\/avatar\/f82df8ce2ffc4789e4cd5db59af5bd9c.jpg?s=72&d=https%3A%2F%2Fa.slack-edge.com%2Fdf10d%2Fimg%2Favatars%2Fava_0020-72.png",
            "first_name": "",
            "real_name": "Jean Leonço",
            "display_name": "Jean Leonço",
            "team": "TC0C1HURK",
            "name": "jeang.leonco",
            "is_restricted": false,
            "is_ultra_restricted": false
        },
        "blocks": [
            {
                "type": "rich_text",
                "block_id": "mY7",
                "elements": [
                    {
                        "type": "rich_text_section",
                        "elements": [
                            {
                                "type": "text",
                                "text": "I tried to use the playground but it didn't update the joins object. I had to put by myself. At least it's working and now I can explore Cube.js"
                            }
                        ]
                    }
                ]
            }
        ],
        "thread_ts": "1578684174.055100",
        "parent_user_id": "USHS8SNHM"
    },
    {
        "client_msg_id": "C05F7F3D-F92F-45BE-B2A9-B5B2145A31E4",
        "type": "message",
        "text": "<@USHS8SNHM> could you please share your table structure?",
        "user": "UC19HAUAK",
        "ts": "1578690158.057400",
        "team": "TC0C1HURK",
        "user_team": "TC0C1HURK",
        "source_team": "TC0C1HURK",
        "user_profile": {
            "avatar_hash": "066a042e018c",
            "image_72": "https:\/\/avatars.slack-edge.com\/2019-12-07\/866588520998_066a042e018ca831a195_72.png",
            "first_name": "Pavel",
            "real_name": "Pavel Tiunov",
            "display_name": "pavel",
            "team": "TC0C1HURK",
            "name": "pavel",
            "is_restricted": false,
            "is_ultra_restricted": false
        },
        "blocks": [
            {
                "type": "rich_text",
                "block_id": "f56",
                "elements": [
                    {
                        "type": "rich_text_section",
                        "elements": [
                            {
                                "type": "user",
                                "user_id": "USHS8SNHM"
                            },
                            {
                                "type": "text",
                                "text": " could you please share your table structure?"
                            }
                        ]
                    }
                ]
            }
        ],
        "thread_ts": "1578684174.055100",
        "parent_user_id": "USHS8SNHM"
    },
    {
        "client_msg_id": "864713A1-3B86-4660-829F-F17056F76D36",
        "type": "message",
        "text": "<@URG03MR27> it isn’t required actually.",
        "user": "UC19HAUAK",
        "ts": "1578690354.058500",
        "team": "TC0C1HURK",
        "user_team": "TC0C1HURK",
        "source_team": "TC0C1HURK",
        "user_profile": {
            "avatar_hash": "066a042e018c",
            "image_72": "https:\/\/avatars.slack-edge.com\/2019-12-07\/866588520998_066a042e018ca831a195_72.png",
            "first_name": "Pavel",
            "real_name": "Pavel Tiunov",
            "display_name": "pavel",
            "team": "TC0C1HURK",
            "name": "pavel",
            "is_restricted": false,
            "is_ultra_restricted": false
        },
        "blocks": [
            {
                "type": "rich_text",
                "block_id": "Oeie",
                "elements": [
                    {
                        "type": "rich_text_section",
                        "elements": [
                            {
                                "type": "user",
                                "user_id": "URG03MR27"
                            },
                            {
                                "type": "text",
                                "text": " it isn’t required actually."
                            }
                        ]
                    }
                ]
            }
        ],
        "thread_ts": "1578672198.050800",
        "parent_user_id": "URG03MR27"
    },
    {
        "client_msg_id": "6931e5b5-a275-4a37-8f71-6cf712e99f06",
        "type": "message",
        "text": "Excellent, thank you <@UKWV28073>!",
        "user": "UQHJXP9D0",
        "ts": "1578712272.058800",
        "team": "TC0C1HURK",
        "user_team": "TC0C1HURK",
        "source_team": "TC0C1HURK",
        "user_profile": {
            "avatar_hash": "g170fdf63963",
            "image_72": "https:\/\/secure.gravatar.com\/avatar\/170fdf63963c811262a9add882baf9f3.jpg?s=72&d=https%3A%2F%2Fa.slack-edge.com%2Fdf10d%2Fimg%2Favatars%2Fava_0018-72.png",
            "first_name": "",
            "real_name": "David Vins",
            "display_name": "David Vins",
            "team": "TC0C1HURK",
            "name": "david.vins",
            "is_restricted": false,
            "is_ultra_restricted": false
        },
        "blocks": [
            {
                "type": "rich_text",
                "block_id": "hjVT",
                "elements": [
                    {
                        "type": "rich_text_section",
                        "elements": [
                            {
                                "type": "text",
                                "text": "Excellent, thank you "
                            },
                            {
                                "type": "user",
                                "user_id": "UKWV28073"
                            },
                            {
                                "type": "text",
                                "text": "!"
                            }
                        ]
                    }
                ]
            }
        ],
        "thread_ts": "1578621203.037200",
        "parent_user_id": "UQHJXP9D0",
        "reactions": [
            {
                "name": "raised_hands",
                "users": [
                    "UC19HAUAK"
                ],
                "count": 1
            }
        ]
    }
]