[
    {
        "client_msg_id": "bc29a781-023e-4560-8f44-9bb987f2dfe7",
        "type": "message",
        "text": "mariaDB",
        "user": "URUTC0H0W",
        "ts": "1589958614.343600",
        "team": "TC0C1HURK",
        "user_team": "TC0C1HURK",
        "source_team": "TC0C1HURK",
        "user_profile": {
            "avatar_hash": "gff6ed739035",
            "image_72": "https:\/\/secure.gravatar.com\/avatar\/ff6ed739035eef9536fefc0665ebb03d.jpg?s=72&d=https%3A%2F%2Fa.slack-edge.com%2Fdf10d%2Fimg%2Favatars%2Fava_0020-72.png",
            "first_name": "",
            "real_name": "deepag",
            "display_name": "deepag",
            "team": "TC0C1HURK",
            "name": "deepag",
            "is_restricted": false,
            "is_ultra_restricted": false
        },
        "blocks": [
            {
                "type": "rich_text",
                "block_id": "IQP5q",
                "elements": [
                    {
                        "type": "rich_text_section",
                        "elements": [
                            {
                                "type": "text",
                                "text": "mariaDB"
                            }
                        ]
                    }
                ]
            }
        ],
        "thread_ts": "1589887502.335500",
        "parent_user_id": "URUTC0H0W"
    },
    {
        "client_msg_id": "152f5d7c-644d-44da-9adc-5ed72b5040e4",
        "type": "message",
        "text": "the example on the page you sent is for BigQuery. MariaDB doesn’t support PARSE_TIMESTAMP function",
        "user": "U013J5CRRDW",
        "ts": "1589958778.343800",
        "team": "TC0C1HURK",
        "user_team": "TC0C1HURK",
        "source_team": "TC0C1HURK",
        "user_profile": {
            "avatar_hash": "759b4f7ce0bf",
            "image_72": "https:\/\/avatars.slack-edge.com\/2020-06-23\/1224215237280_759b4f7ce0bf4b291721_72.jpg",
            "first_name": "Alex",
            "real_name": "Alex Vasilev",
            "display_name": "Alex Vasilev",
            "team": "TC0C1HURK",
            "name": "vaspiring",
            "is_restricted": false,
            "is_ultra_restricted": false
        },
        "blocks": [
            {
                "type": "rich_text",
                "block_id": "QtB9G",
                "elements": [
                    {
                        "type": "rich_text_section",
                        "elements": [
                            {
                                "type": "text",
                                "text": "the example on the page you sent is for BigQuery. MariaDB doesn’t support PARSE_TIMESTAMP function"
                            }
                        ]
                    }
                ]
            }
        ],
        "thread_ts": "1589887502.335500",
        "parent_user_id": "URUTC0H0W"
    },
    {
        "client_msg_id": "80501c50-4699-40d9-8f9a-2eb028260c6e",
        "type": "message",
        "text": "Ok. I got it now. Thank you so much.",
        "user": "URUTC0H0W",
        "ts": "1589959486.344000",
        "team": "TC0C1HURK",
        "user_team": "TC0C1HURK",
        "source_team": "TC0C1HURK",
        "user_profile": {
            "avatar_hash": "gff6ed739035",
            "image_72": "https:\/\/secure.gravatar.com\/avatar\/ff6ed739035eef9536fefc0665ebb03d.jpg?s=72&d=https%3A%2F%2Fa.slack-edge.com%2Fdf10d%2Fimg%2Favatars%2Fava_0020-72.png",
            "first_name": "",
            "real_name": "deepag",
            "display_name": "deepag",
            "team": "TC0C1HURK",
            "name": "deepag",
            "is_restricted": false,
            "is_ultra_restricted": false
        },
        "blocks": [
            {
                "type": "rich_text",
                "block_id": "pjL",
                "elements": [
                    {
                        "type": "rich_text_section",
                        "elements": [
                            {
                                "type": "text",
                                "text": "Ok. I got it now. Thank you so much."
                            }
                        ]
                    }
                ]
            }
        ],
        "thread_ts": "1589887502.335500",
        "parent_user_id": "URUTC0H0W"
    },
    {
        "client_msg_id": "f23f26c6-fc49-4acd-ad74-ca7887c18571",
        "type": "message",
        "text": "thanks <@U013J5CRRDW> yes that solves the primary key issue",
        "user": "U011GNH45GT",
        "ts": "1589963510.344200",
        "team": "TC0C1HURK",
        "user_team": "TC0C1HURK",
        "source_team": "TC0C1HURK",
        "user_profile": {
            "avatar_hash": "gafb8d619733",
            "image_72": "https:\/\/secure.gravatar.com\/avatar\/afb8d6197335e4143f2db5629f15cab4.jpg?s=72&d=https%3A%2F%2Fa.slack-edge.com%2Fdf10d%2Fimg%2Favatars%2Fava_0010-72.png",
            "first_name": "Mr",
            "real_name": "Mr P",
            "display_name": "Mr P",
            "team": "TC0C1HURK",
            "name": "tasker.prabhat",
            "is_restricted": false,
            "is_ultra_restricted": false
        },
        "blocks": [
            {
                "type": "rich_text",
                "block_id": "vQU",
                "elements": [
                    {
                        "type": "rich_text_section",
                        "elements": [
                            {
                                "type": "text",
                                "text": "thanks "
                            },
                            {
                                "type": "user",
                                "user_id": "U013J5CRRDW"
                            },
                            {
                                "type": "text",
                                "text": " yes that solves the primary key issue"
                            }
                        ]
                    }
                ]
            }
        ],
        "thread_ts": "1589881831.333000",
        "parent_user_id": "U011GNH45GT"
    },
    {
        "client_msg_id": "0c55099b-e177-4946-8e51-5fef5f2cc0a8",
        "type": "message",
        "text": "but it still does not solve the relationship issue",
        "user": "U011GNH45GT",
        "ts": "1589963523.344400",
        "team": "TC0C1HURK",
        "user_team": "TC0C1HURK",
        "source_team": "TC0C1HURK",
        "user_profile": {
            "avatar_hash": "gafb8d619733",
            "image_72": "https:\/\/secure.gravatar.com\/avatar\/afb8d6197335e4143f2db5629f15cab4.jpg?s=72&d=https%3A%2F%2Fa.slack-edge.com%2Fdf10d%2Fimg%2Favatars%2Fava_0010-72.png",
            "first_name": "Mr",
            "real_name": "Mr P",
            "display_name": "Mr P",
            "team": "TC0C1HURK",
            "name": "tasker.prabhat",
            "is_restricted": false,
            "is_ultra_restricted": false
        },
        "blocks": [
            {
                "type": "rich_text",
                "block_id": "l8hZ",
                "elements": [
                    {
                        "type": "rich_text_section",
                        "elements": [
                            {
                                "type": "text",
                                "text": "but it still does not solve the relationship issue"
                            }
                        ]
                    }
                ]
            }
        ],
        "thread_ts": "1589881831.333000",
        "parent_user_id": "U011GNH45GT"
    },
    {
        "client_msg_id": "ebd3ec7e-0a8a-4b16-8803-a68190e621b9",
        "type": "message",
        "text": "<@UC19HAUAK> any suggestions?",
        "user": "U011GNH45GT",
        "ts": "1589963532.344600",
        "team": "TC0C1HURK",
        "user_team": "TC0C1HURK",
        "source_team": "TC0C1HURK",
        "user_profile": {
            "avatar_hash": "gafb8d619733",
            "image_72": "https:\/\/secure.gravatar.com\/avatar\/afb8d6197335e4143f2db5629f15cab4.jpg?s=72&d=https%3A%2F%2Fa.slack-edge.com%2Fdf10d%2Fimg%2Favatars%2Fava_0010-72.png",
            "first_name": "Mr",
            "real_name": "Mr P",
            "display_name": "Mr P",
            "team": "TC0C1HURK",
            "name": "tasker.prabhat",
            "is_restricted": false,
            "is_ultra_restricted": false
        },
        "blocks": [
            {
                "type": "rich_text",
                "block_id": "0m6T",
                "elements": [
                    {
                        "type": "rich_text_section",
                        "elements": [
                            {
                                "type": "user",
                                "user_id": "UC19HAUAK"
                            },
                            {
                                "type": "text",
                                "text": " any suggestions?"
                            }
                        ]
                    }
                ]
            }
        ],
        "thread_ts": "1589881831.333000",
        "parent_user_id": "U011GNH45GT"
    },
    {
        "client_msg_id": "7e7b2fe0-8f00-4ff9-a70b-af1ea610f471",
        "type": "message",
        "text": "hello guys anybody here has experience with deploy mongosqld with docker",
        "user": "U010C6SFXEU",
        "ts": "1589970873.345300",
        "team": "TC0C1HURK",
        "user_team": "TC0C1HURK",
        "source_team": "TC0C1HURK",
        "user_profile": {
            "avatar_hash": "g27d47bc11d1",
            "image_72": "https:\/\/secure.gravatar.com\/avatar\/27d47bc11d16bd9170d88eceea57d3c7.jpg?s=72&d=https%3A%2F%2Fa.slack-edge.com%2Fdf10d%2Fimg%2Favatars%2Fava_0019-72.png",
            "first_name": "",
            "real_name": "Enkhtuvshin",
            "display_name": "Enkhtuvshin",
            "team": "TC0C1HURK",
            "name": "enhtuwshinn",
            "is_restricted": false,
            "is_ultra_restricted": false
        },
        "blocks": [
            {
                "type": "rich_text",
                "block_id": "vDkec",
                "elements": [
                    {
                        "type": "rich_text_section",
                        "elements": [
                            {
                                "type": "text",
                                "text": "hello guys anybody here has experience with deploy mongosqld with docker"
                            }
                        ]
                    }
                ]
            }
        ],
        "thread_ts": "1589970873.345300",
        "reply_count": 2,
        "reply_users_count": 2,
        "latest_reply": "1590028275.351300",
        "reply_users": [
            "UC1HAFW4E",
            "U010C6SFXEU"
        ],
        "replies": [
            {
                "user": "UC1HAFW4E",
                "ts": "1590013814.350800"
            },
            {
                "user": "U010C6SFXEU",
                "ts": "1590028275.351300"
            }
        ],
        "subscribed": true,
        "last_read": "1590028275.351300"
    },
    {
        "client_msg_id": "2bb3c4de-3aea-4857-92bd-9aa24be82026",
        "type": "message",
        "text": "Hi guys! How can I avoid this error:\n```The ORDER BY clause is invalid in views, inline functions, derived tables, subqueries, and common table expressions, unless TOP, OFFSET or FOR XML is also specified.```\nThanks!",
        "user": "U013UCL1SF4",
        "ts": "1589986364.346600",
        "team": "TC0C1HURK",
        "user_team": "TC0C1HURK",
        "source_team": "TC0C1HURK",
        "user_profile": {
            "avatar_hash": "gd4b3b28e24a",
            "image_72": "https:\/\/secure.gravatar.com\/avatar\/d4b3b28e24ae478fa619fd3b6c735e8b.jpg?s=72&d=https%3A%2F%2Fa.slack-edge.com%2Fdf10d%2Fimg%2Favatars%2Fava_0007-72.png",
            "first_name": "",
            "real_name": "Fausto Lodi",
            "display_name": "Fausto Lodi",
            "team": "TC0C1HURK",
            "name": "fausto.lodi",
            "is_restricted": false,
            "is_ultra_restricted": false
        },
        "edited": {
            "user": "U013UCL1SF4",
            "ts": "1589986373.000000"
        },
        "blocks": [
            {
                "type": "rich_text",
                "block_id": "qOpES",
                "elements": [
                    {
                        "type": "rich_text_section",
                        "elements": [
                            {
                                "type": "text",
                                "text": "Hi guys! How can I avoid this error:\n"
                            }
                        ]
                    },
                    {
                        "type": "rich_text_preformatted",
                        "elements": [
                            {
                                "type": "text",
                                "text": "The ORDER BY clause is invalid in views, inline functions, derived tables, subqueries, and common table expressions, unless TOP, OFFSET or FOR XML is also specified."
                            }
                        ]
                    },
                    {
                        "type": "rich_text_section",
                        "elements": [
                            {
                                "type": "text",
                                "text": "Thanks!"
                            }
                        ]
                    }
                ]
            }
        ],
        "thread_ts": "1589986364.346600",
        "reply_count": 6,
        "reply_users_count": 2,
        "latest_reply": "1590062228.353300",
        "reply_users": [
            "U013J5CRRDW",
            "U013UCL1SF4"
        ],
        "replies": [
            {
                "user": "U013J5CRRDW",
                "ts": "1589990436.349000"
            },
            {
                "user": "U013UCL1SF4",
                "ts": "1589990568.349200"
            },
            {
                "user": "U013J5CRRDW",
                "ts": "1590055848.352200"
            },
            {
                "user": "U013UCL1SF4",
                "ts": "1590055913.352400"
            },
            {
                "user": "U013J5CRRDW",
                "ts": "1590057018.352900"
            },
            {
                "user": "U013UCL1SF4",
                "ts": "1590062228.353300"
            }
        ],
        "subscribed": false
    },
    {
        "client_msg_id": "cf2d65c7-cea3-462b-a558-3ff5f878cd27",
        "type": "message",
        "text": "Hi dudes! Does anybody know how to have playground features like the dashboard app in the production mode?",
        "user": "U014K7L0CRW",
        "ts": "1589987624.347500",
        "team": "TC0C1HURK",
        "user_team": "TC0C1HURK",
        "source_team": "TC0C1HURK",
        "user_profile": {
            "avatar_hash": "gb9ab660ae68",
            "image_72": "https:\/\/secure.gravatar.com\/avatar\/b9ab660ae684819a3ae908ad75e555bc.jpg?s=72&d=https%3A%2F%2Fa.slack-edge.com%2Fdf10d%2Fimg%2Favatars%2Fava_0001-72.png",
            "first_name": "Marco",
            "real_name": "Marco",
            "display_name": "Marco",
            "team": "TC0C1HURK",
            "name": "marco.n",
            "is_restricted": false,
            "is_ultra_restricted": false
        },
        "blocks": [
            {
                "type": "rich_text",
                "block_id": "R23aP",
                "elements": [
                    {
                        "type": "rich_text_section",
                        "elements": [
                            {
                                "type": "text",
                                "text": "Hi dudes! Does anybody know how to have playground features like the dashboard app in the production mode?"
                            }
                        ]
                    }
                ]
            }
        ],
        "thread_ts": "1589987624.347500",
        "reply_count": 2,
        "reply_users_count": 2,
        "latest_reply": "1590057576.353100",
        "reply_users": [
            "UV8E3H1AN",
            "U013J5CRRDW"
        ],
        "replies": [
            {
                "user": "UV8E3H1AN",
                "ts": "1589987696.347600"
            },
            {
                "user": "U013J5CRRDW",
                "ts": "1590057576.353100"
            }
        ],
        "subscribed": false
    },
    {
        "client_msg_id": "86623ce9-6ed3-46ae-8f45-e9de7a8bb3b9",
        "type": "message",
        "text": "you can run cubejs playground like any reactjs app",
        "user": "UV8E3H1AN",
        "ts": "1589987696.347600",
        "team": "TC0C1HURK",
        "user_team": "TC0C1HURK",
        "source_team": "TC0C1HURK",
        "user_profile": {
            "avatar_hash": "g79af3767b00",
            "image_72": "https:\/\/secure.gravatar.com\/avatar\/79af3767b00fd9c09eac518ae14495e7.jpg?s=72&d=https%3A%2F%2Fa.slack-edge.com%2Fdf10d%2Fimg%2Favatars%2Fava_0023-72.png",
            "first_name": "",
            "real_name": "Denis Lopez",
            "display_name": "Denis Lopez",
            "team": "TC0C1HURK",
            "name": "denis.l",
            "is_restricted": false,
            "is_ultra_restricted": false
        },
        "blocks": [
            {
                "type": "rich_text",
                "block_id": "XUB",
                "elements": [
                    {
                        "type": "rich_text_section",
                        "elements": [
                            {
                                "type": "text",
                                "text": "you can run cubejs playground like any reactjs app"
                            }
                        ]
                    }
                ]
            }
        ],
        "thread_ts": "1589987624.347500",
        "parent_user_id": "U014K7L0CRW"
    },
    {
        "client_msg_id": "401c3a4b-6810-4439-b0d1-3c51b6d3b3ea",
        "type": "message",
        "text": "hi! could you please provide `Frticket` and the query you’re trying to run?",
        "user": "U013J5CRRDW",
        "ts": "1589989840.347800",
        "team": "TC0C1HURK",
        "user_team": "TC0C1HURK",
        "source_team": "TC0C1HURK",
        "user_profile": {
            "avatar_hash": "759b4f7ce0bf",
            "image_72": "https:\/\/avatars.slack-edge.com\/2020-06-23\/1224215237280_759b4f7ce0bf4b291721_72.jpg",
            "first_name": "Alex",
            "real_name": "Alex Vasilev",
            "display_name": "Alex Vasilev",
            "team": "TC0C1HURK",
            "name": "vaspiring",
            "is_restricted": false,
            "is_ultra_restricted": false
        },
        "blocks": [
            {
                "type": "rich_text",
                "block_id": "1QLgo",
                "elements": [
                    {
                        "type": "rich_text_section",
                        "elements": [
                            {
                                "type": "text",
                                "text": "hi! could you please provide "
                            },
                            {
                                "type": "text",
                                "text": "Frticket",
                                "style": {
                                    "code": true
                                }
                            },
                            {
                                "type": "text",
                                "text": " and the query you’re trying to run?"
                            }
                        ]
                    }
                ]
            }
        ],
        "thread_ts": "1589956780.343400",
        "parent_user_id": "UT267C0PL"
    },
    {
        "client_msg_id": "5c129e7a-277c-4ce4-840f-32fc6495d4f5",
        "type": "message",
        "text": "hi! you can apply multiple filter objects using an array",
        "user": "U013J5CRRDW",
        "ts": "1589990040.348100",
        "team": "TC0C1HURK",
        "user_team": "TC0C1HURK",
        "source_team": "TC0C1HURK",
        "user_profile": {
            "avatar_hash": "759b4f7ce0bf",
            "image_72": "https:\/\/avatars.slack-edge.com\/2020-06-23\/1224215237280_759b4f7ce0bf4b291721_72.jpg",
            "first_name": "Alex",
            "real_name": "Alex Vasilev",
            "display_name": "Alex Vasilev",
            "team": "TC0C1HURK",
            "name": "vaspiring",
            "is_restricted": false,
            "is_ultra_restricted": false
        },
        "blocks": [
            {
                "type": "rich_text",
                "block_id": "Im6U",
                "elements": [
                    {
                        "type": "rich_text_section",
                        "elements": [
                            {
                                "type": "text",
                                "text": "hi! you can apply multiple filter objects using an array"
                            }
                        ]
                    }
                ]
            }
        ],
        "thread_ts": "1589922021.340500",
        "parent_user_id": "U01446U7NQL"
    },
    {
        "client_msg_id": "b893cb11-b1a4-4d63-b766-1226f5c2a3ff",
        "type": "message",
        "text": "Ah okay so I'll just need a filter for each schema\/table?",
        "user": "U01446U7NQL",
        "ts": "1589990059.348300",
        "team": "TC0C1HURK",
        "user_team": "TC0C1HURK",
        "source_team": "TC0C1HURK",
        "user_profile": {
            "avatar_hash": "g040ac2ed792",
            "image_72": "https:\/\/secure.gravatar.com\/avatar\/040ac2ed792a78eb2e28cddd1c353fc4.jpg?s=72&d=https%3A%2F%2Fa.slack-edge.com%2Fdf10d%2Fimg%2Favatars%2Fava_0016-72.png",
            "first_name": "",
            "real_name": "Kory Schneider",
            "display_name": "Kory Schneider",
            "team": "TC0C1HURK",
            "name": "kschneider",
            "is_restricted": false,
            "is_ultra_restricted": false
        },
        "edited": {
            "user": "U01446U7NQL",
            "ts": "1589990098.000000"
        },
        "blocks": [
            {
                "type": "rich_text",
                "block_id": "EN9v",
                "elements": [
                    {
                        "type": "rich_text_section",
                        "elements": [
                            {
                                "type": "text",
                                "text": "Ah okay so I'll just need a filter for each schema\/table?"
                            }
                        ]
                    }
                ]
            }
        ],
        "thread_ts": "1589922021.340500",
        "parent_user_id": "U01446U7NQL"
    },
    {
        "client_msg_id": "533b232e-383e-4f2c-a004-9cd6c6e37712",
        "type": "message",
        "text": "yeah, but it depends on how your schemas look like and how\/if you join them",
        "user": "U013J5CRRDW",
        "ts": "1589990370.348600",
        "team": "TC0C1HURK",
        "user_team": "TC0C1HURK",
        "source_team": "TC0C1HURK",
        "user_profile": {
            "avatar_hash": "759b4f7ce0bf",
            "image_72": "https:\/\/avatars.slack-edge.com\/2020-06-23\/1224215237280_759b4f7ce0bf4b291721_72.jpg",
            "first_name": "Alex",
            "real_name": "Alex Vasilev",
            "display_name": "Alex Vasilev",
            "team": "TC0C1HURK",
            "name": "vaspiring",
            "is_restricted": false,
            "is_ultra_restricted": false
        },
        "blocks": [
            {
                "type": "rich_text",
                "block_id": "lGOs5",
                "elements": [
                    {
                        "type": "rich_text_section",
                        "elements": [
                            {
                                "type": "text",
                                "text": "yeah, but it depends on how your schemas look like and how\/if you join them"
                            }
                        ]
                    }
                ]
            }
        ],
        "thread_ts": "1589922021.340500",
        "parent_user_id": "U01446U7NQL"
    },
    {
        "client_msg_id": "ba326a57-3dbd-4176-abf2-e9a5b3d36172",
        "type": "message",
        "text": "Gotcha. I will play around with it. Thank you!",
        "user": "U01446U7NQL",
        "ts": "1589990416.348800",
        "team": "TC0C1HURK",
        "user_team": "TC0C1HURK",
        "source_team": "TC0C1HURK",
        "user_profile": {
            "avatar_hash": "g040ac2ed792",
            "image_72": "https:\/\/secure.gravatar.com\/avatar\/040ac2ed792a78eb2e28cddd1c353fc4.jpg?s=72&d=https%3A%2F%2Fa.slack-edge.com%2Fdf10d%2Fimg%2Favatars%2Fava_0016-72.png",
            "first_name": "",
            "real_name": "Kory Schneider",
            "display_name": "Kory Schneider",
            "team": "TC0C1HURK",
            "name": "kschneider",
            "is_restricted": false,
            "is_ultra_restricted": false
        },
        "blocks": [
            {
                "type": "rich_text",
                "block_id": "BbcZ",
                "elements": [
                    {
                        "type": "rich_text_section",
                        "elements": [
                            {
                                "type": "text",
                                "text": "Gotcha. I will play around with it. Thank you!"
                            }
                        ]
                    }
                ]
            }
        ],
        "thread_ts": "1589922021.340500",
        "parent_user_id": "U01446U7NQL"
    },
    {
        "client_msg_id": "08eadff1-d8bc-4f2d-9dfe-20a67d9b6565",
        "type": "message",
        "text": "hi! could you please provide more context?",
        "user": "U013J5CRRDW",
        "ts": "1589990436.349000",
        "team": "TC0C1HURK",
        "user_team": "TC0C1HURK",
        "source_team": "TC0C1HURK",
        "user_profile": {
            "avatar_hash": "759b4f7ce0bf",
            "image_72": "https:\/\/avatars.slack-edge.com\/2020-06-23\/1224215237280_759b4f7ce0bf4b291721_72.jpg",
            "first_name": "Alex",
            "real_name": "Alex Vasilev",
            "display_name": "Alex Vasilev",
            "team": "TC0C1HURK",
            "name": "vaspiring",
            "is_restricted": false,
            "is_ultra_restricted": false
        },
        "blocks": [
            {
                "type": "rich_text",
                "block_id": "4qbP",
                "elements": [
                    {
                        "type": "rich_text_section",
                        "elements": [
                            {
                                "type": "text",
                                "text": "hi! could you please provide more context?"
                            }
                        ]
                    }
                ]
            }
        ],
        "thread_ts": "1589986364.346600",
        "parent_user_id": "U013UCL1SF4"
    },
    {
        "client_msg_id": "10c17661-db86-4a1c-baa0-bda16fce7bd4",
        "type": "message",
        "text": "Sure!\nThis is the cube:\n```cube(`WoStatusLog`, {\n  sql: `SELECT * FROM dbo.wo_status_log`,\n\n  joins: {\n    StatusFrom: {\n      relationship: `hasOne`,\n      sql: `${WoStatusLog}.id_status_from = ${StatusFrom}.id`\n    },\n    StatusTo: {\n      relationship: `hasOne`,\n      sql: `${WoStatusLog}.id_status_to = ${StatusTo}.id`\n    },\n    WorkOrder: {\n      relationship: `hasOne`,\n      sql: `${WoStatusLog}.id_work_order = ${WorkOrder}.id`\n    }\n\n  },\n\n  measures: {\n    count: {\n      type: `count`,\n      drillMembers: [id]\n    },\n\n    dateMax: {\n      sql: `${CUBE}.\"TS\"`,\n      type: `max`\n    }\n  },\n\n  dimensions: {\n    id: {\n      sql: `${CUBE}.\"ID\"`,\n      type: `number`,\n      primaryKey: true\n    },\n\n    fake: {\n      sql: `${CUBE}.\"FAKE\"`,\n      type: `string`\n    },\n\n    ts: {\n      sql: `${CUBE}.\"TS\"`,\n      type: `time`\n    },\n\n    id_work_order: {\n      sql: `${CUBE}.\"ID_WORK_ORDER\"`,\n      type: `number`\n    },\n\n    id_status_from: {\n      sql: `${CUBE}.\"ID_STATUS_FROM\"`,\n      type: `number`\n    },\n\n    id_status_to: {\n      sql: `${CUBE}.\"ID_STATUS_TO\"`,\n      type: `number`\n    },\n\n    maxDates: {\n      sql: `${CUBE.dateMax}`,\n      type: `time`,\n      subQuery: true\n    }\n  }\n});```\nAnd this is the query that I'm trying to run:\n```{\n  \"measures\": [\n    \"WoStatusLog.count\"\n  ],\n  \"timeDimensions\": [],\n  \"dimensions\": [\n    \"WoStatusLog.maxDates\"\n  ],\n  \"filters\": []\n}```\nIf you need more info, just let me know!\nThanks a lot!!!",
        "user": "U013UCL1SF4",
        "ts": "1589990568.349200",
        "team": "TC0C1HURK",
        "user_team": "TC0C1HURK",
        "source_team": "TC0C1HURK",
        "user_profile": {
            "avatar_hash": "gd4b3b28e24a",
            "image_72": "https:\/\/secure.gravatar.com\/avatar\/d4b3b28e24ae478fa619fd3b6c735e8b.jpg?s=72&d=https%3A%2F%2Fa.slack-edge.com%2Fdf10d%2Fimg%2Favatars%2Fava_0007-72.png",
            "first_name": "",
            "real_name": "Fausto Lodi",
            "display_name": "Fausto Lodi",
            "team": "TC0C1HURK",
            "name": "fausto.lodi",
            "is_restricted": false,
            "is_ultra_restricted": false
        },
        "edited": {
            "user": "U013UCL1SF4",
            "ts": "1589990717.000000"
        },
        "blocks": [
            {
                "type": "rich_text",
                "block_id": "L5cf",
                "elements": [
                    {
                        "type": "rich_text_section",
                        "elements": [
                            {
                                "type": "text",
                                "text": "Sure!\nThis is the cube:\n"
                            }
                        ]
                    },
                    {
                        "type": "rich_text_preformatted",
                        "elements": [
                            {
                                "type": "text",
                                "text": "cube(`WoStatusLog`, {\n  sql: `SELECT * FROM dbo.wo_status_log`,\n\n  joins: {\n    StatusFrom: {\n      relationship: `hasOne`,\n      sql: `${WoStatusLog}.id_status_from = ${StatusFrom}.id`\n    },\n    StatusTo: {\n      relationship: `hasOne`,\n      sql: `${WoStatusLog}.id_status_to = ${StatusTo}.id`\n    },\n    WorkOrder: {\n      relationship: `hasOne`,\n      sql: `${WoStatusLog}.id_work_order = ${WorkOrder}.id`\n    }\n\n  },\n\n  measures: {\n    count: {\n      type: `count`,\n      drillMembers: [id]\n    },\n\n    dateMax: {\n      sql: `${CUBE}.\"TS\"`,\n      type: `max`\n    }\n  },\n\n  dimensions: {\n    id: {\n      sql: `${CUBE}.\"ID\"`,\n      type: `number`,\n      primaryKey: true\n    },\n\n    fake: {\n      sql: `${CUBE}.\"FAKE\"`,\n      type: `string`\n    },\n\n    ts: {\n      sql: `${CUBE}.\"TS\"`,\n      type: `time`\n    },\n\n    id_work_order: {\n      sql: `${CUBE}.\"ID_WORK_ORDER\"`,\n      type: `number`\n    },\n\n    id_status_from: {\n      sql: `${CUBE}.\"ID_STATUS_FROM\"`,\n      type: `number`\n    },\n\n    id_status_to: {\n      sql: `${CUBE}.\"ID_STATUS_TO\"`,\n      type: `number`\n    },\n\n    maxDates: {\n      sql: `${CUBE.dateMax}`,\n      type: `time`,\n      subQuery: true\n    }\n  }\n});"
                            }
                        ]
                    },
                    {
                        "type": "rich_text_section",
                        "elements": [
                            {
                                "type": "text",
                                "text": "And this is the query that I'm trying to run:\n"
                            }
                        ]
                    },
                    {
                        "type": "rich_text_preformatted",
                        "elements": [
                            {
                                "type": "text",
                                "text": "{\n  \"measures\": [\n    \"WoStatusLog.count\"\n  ],\n  \"timeDimensions\": [],\n  \"dimensions\": [\n    \"WoStatusLog.maxDates\"\n  ],\n  \"filters\": []\n}"
                            }
                        ]
                    },
                    {
                        "type": "rich_text_section",
                        "elements": [
                            {
                                "type": "text",
                                "text": "If you need more info, just let me know!\nThanks a lot!!!"
                            }
                        ]
                    }
                ]
            }
        ],
        "thread_ts": "1589986364.346600",
        "parent_user_id": "U013UCL1SF4"
    },
    {
        "type": "message",
        "subtype": "channel_join",
        "ts": "1589991988.349700",
        "user": "U014PS8LMDE",
        "text": "<@U014PS8LMDE> has joined the channel"
    },
    {
        "type": "message",
        "subtype": "channel_join",
        "ts": "1589995538.349800",
        "user": "U013SPFRGCE",
        "text": "<@U013SPFRGCE> has joined the channel"
    },
    {
        "client_msg_id": "1337554c-7bf7-4814-b563-d0f9725aba16",
        "type": "message",
        "text": "I’m also interested in a solution to this use case. <@UC19HAUAK>, has anyone found a good way to handle this? The way I’ve been handling this right now is keeping track of which cubes require user filtering and conditionally applying the `queryTransformer` when the query uses one of those cubes.\n\nThis adds maintenance complexity but I can’t think of a better fix at the moment",
        "user": "USG991QKG",
        "ts": "1589999837.349900",
        "team": "TC0C1HURK",
        "user_team": "TC0C1HURK",
        "source_team": "TC0C1HURK",
        "user_profile": {
            "avatar_hash": "g59e469df987",
            "image_72": "https:\/\/secure.gravatar.com\/avatar\/59e469df98780b0b78d67738aa1847e0.jpg?s=72&d=https%3A%2F%2Fa.slack-edge.com%2Fdf10d%2Fimg%2Favatars%2Fava_0018-72.png",
            "first_name": "",
            "real_name": "Nar S",
            "display_name": "Nar S",
            "team": "TC0C1HURK",
            "name": "nar.saynorath",
            "is_restricted": false,
            "is_ultra_restricted": false
        },
        "blocks": [
            {
                "type": "rich_text",
                "block_id": "chlYk",
                "elements": [
                    {
                        "type": "rich_text_section",
                        "elements": [
                            {
                                "type": "text",
                                "text": "I’m also interested in a solution to this use case. "
                            },
                            {
                                "type": "user",
                                "user_id": "UC19HAUAK"
                            },
                            {
                                "type": "text",
                                "text": ", has anyone found a good way to handle this? The way I’ve been handling this right now is keeping track of which cubes require user filtering and conditionally applying the "
                            },
                            {
                                "type": "text",
                                "text": "queryTransformer",
                                "style": {
                                    "code": true
                                }
                            },
                            {
                                "type": "text",
                                "text": " when the query uses one of those cubes.\n\nThis adds maintenance complexity but I can’t think of a better fix at the moment"
                            }
                        ]
                    }
                ]
            }
        ],
        "thread_ts": "1589810350.313000",
        "parent_user_id": "U012S7VQMA7"
    },
    {
        "client_msg_id": "56d1e157-6bb3-4694-863b-fb4a77c23052",
        "type": "message",
        "text": "<@U012S7VQMA7> <@USG991QKG> Yep. That's right way as of now. We also considering support of `meta` object on a cube level as for members. It would be great if you can create an issue for it. cc <@U013J5CRRDW>",
        "user": "UC19HAUAK",
        "ts": "1590007449.350100",
        "team": "TC0C1HURK",
        "user_team": "TC0C1HURK",
        "source_team": "TC0C1HURK",
        "user_profile": {
            "avatar_hash": "066a042e018c",
            "image_72": "https:\/\/avatars.slack-edge.com\/2019-12-07\/866588520998_066a042e018ca831a195_72.png",
            "first_name": "Pavel",
            "real_name": "Pavel Tiunov",
            "display_name": "pavel",
            "team": "TC0C1HURK",
            "name": "pavel",
            "is_restricted": false,
            "is_ultra_restricted": false
        },
        "blocks": [
            {
                "type": "rich_text",
                "block_id": "BzqDf",
                "elements": [
                    {
                        "type": "rich_text_section",
                        "elements": [
                            {
                                "type": "user",
                                "user_id": "U012S7VQMA7"
                            },
                            {
                                "type": "text",
                                "text": " "
                            },
                            {
                                "type": "user",
                                "user_id": "USG991QKG"
                            },
                            {
                                "type": "text",
                                "text": " Yep. That's right way as of now. We also considering support of "
                            },
                            {
                                "type": "text",
                                "text": "meta",
                                "style": {
                                    "code": true
                                }
                            },
                            {
                                "type": "text",
                                "text": " object on a cube level as for members. It would be great if you can create an issue for it. cc "
                            },
                            {
                                "type": "user",
                                "user_id": "U013J5CRRDW"
                            }
                        ]
                    }
                ]
            }
        ],
        "thread_ts": "1589810350.313000",
        "parent_user_id": "U012S7VQMA7"
    },
    {
        "client_msg_id": "cbbbb676-735c-4d11-9674-c26d5496ee27",
        "type": "message",
        "text": "<@U011GNH45GT> Please see <https:\/\/cube.dev\/docs\/direction-of-joins#transitive-join-pitfall>",
        "user": "UC19HAUAK",
        "ts": "1590007480.350300",
        "team": "TC0C1HURK",
        "user_team": "TC0C1HURK",
        "source_team": "TC0C1HURK",
        "user_profile": {
            "avatar_hash": "066a042e018c",
            "image_72": "https:\/\/avatars.slack-edge.com\/2019-12-07\/866588520998_066a042e018ca831a195_72.png",
            "first_name": "Pavel",
            "real_name": "Pavel Tiunov",
            "display_name": "pavel",
            "team": "TC0C1HURK",
            "name": "pavel",
            "is_restricted": false,
            "is_ultra_restricted": false
        },
        "blocks": [
            {
                "type": "rich_text",
                "block_id": "7Bubt",
                "elements": [
                    {
                        "type": "rich_text_section",
                        "elements": [
                            {
                                "type": "user",
                                "user_id": "U011GNH45GT"
                            },
                            {
                                "type": "text",
                                "text": " Please see "
                            },
                            {
                                "type": "link",
                                "url": "https:\/\/cube.dev\/docs\/direction-of-joins#transitive-join-pitfall"
                            }
                        ]
                    }
                ]
            }
        ],
        "thread_ts": "1589881831.333000",
        "parent_user_id": "U011GNH45GT"
    },
    {
        "client_msg_id": "e37ae18e-fd9f-4910-b608-e6db88f49f1a",
        "type": "message",
        "text": "<@URUTC0H0W> This example only for BigQuery.",
        "user": "UC19HAUAK",
        "ts": "1590010001.350600",
        "team": "TC0C1HURK",
        "user_team": "TC0C1HURK",
        "source_team": "TC0C1HURK",
        "user_profile": {
            "avatar_hash": "066a042e018c",
            "image_72": "https:\/\/avatars.slack-edge.com\/2019-12-07\/866588520998_066a042e018ca831a195_72.png",
            "first_name": "Pavel",
            "real_name": "Pavel Tiunov",
            "display_name": "pavel",
            "team": "TC0C1HURK",
            "name": "pavel",
            "is_restricted": false,
            "is_ultra_restricted": false
        },
        "blocks": [
            {
                "type": "rich_text",
                "block_id": "lQd\/U",
                "elements": [
                    {
                        "type": "rich_text_section",
                        "elements": [
                            {
                                "type": "user",
                                "user_id": "URUTC0H0W"
                            },
                            {
                                "type": "text",
                                "text": " This example only for BigQuery."
                            }
                        ]
                    }
                ]
            }
        ],
        "thread_ts": "1577100741.020500",
        "parent_user_id": "US03ZTVJR"
    },
    {
        "client_msg_id": "c4a4d57c-0bcf-4fb4-b6ce-8e26296979fd",
        "type": "message",
        "text": "I used this project as an example <https:\/\/github.com\/emmanuelvisage\/docker-mongo-bi-connector> when i was deploying mongo bi connector with docker",
        "user": "UC1HAFW4E",
        "ts": "1590013814.350800",
        "team": "TC0C1HURK",
        "user_team": "TC0C1HURK",
        "source_team": "TC0C1HURK",
        "user_profile": {
            "avatar_hash": "ee7b69830a11",
            "image_72": "https:\/\/avatars.slack-edge.com\/2018-08-13\/414857329600_ee7b69830a119331e10e_72.jpg",
            "first_name": "Artyom",
            "real_name": "Artyom Keydunov",
            "display_name": "Artyom Keydunov",
            "team": "TC0C1HURK",
            "name": "artyom",
            "is_restricted": false,
            "is_ultra_restricted": false
        },
        "attachments": [
            {
                "service_name": "GitHub",
                "title": "emmanuelvisage\/docker-mongo-bi-connector",
                "title_link": "https:\/\/github.com\/emmanuelvisage\/docker-mongo-bi-connector",
                "text": "Contribute to emmanuelvisage\/docker-mongo-bi-connector development by creating an account on GitHub.",
                "fallback": "GitHub: emmanuelvisage\/docker-mongo-bi-connector",
                "thumb_url": "https:\/\/avatars0.githubusercontent.com\/u\/24440346?s=400&v=4",
                "from_url": "https:\/\/github.com\/emmanuelvisage\/docker-mongo-bi-connector",
                "thumb_width": 400,
                "thumb_height": 400,
                "service_icon": "https:\/\/a.slack-edge.com\/80588\/img\/unfurl_icons\/github.png",
                "id": 1,
                "original_url": "https:\/\/github.com\/emmanuelvisage\/docker-mongo-bi-connector"
            }
        ],
        "blocks": [
            {
                "type": "rich_text",
                "block_id": "Ja8M",
                "elements": [
                    {
                        "type": "rich_text_section",
                        "elements": [
                            {
                                "type": "text",
                                "text": "I used this project as an example "
                            },
                            {
                                "type": "link",
                                "url": "https:\/\/github.com\/emmanuelvisage\/docker-mongo-bi-connector"
                            },
                            {
                                "type": "text",
                                "text": " when i was deploying mongo bi connector with docker"
                            }
                        ]
                    }
                ]
            }
        ],
        "thread_ts": "1589970873.345300",
        "parent_user_id": "U010C6SFXEU"
    },
    {
        "type": "message",
        "subtype": "channel_join",
        "ts": "1590028093.351200",
        "user": "U0141AWTT6X",
        "text": "<@U0141AWTT6X> has joined the channel"
    },
    {
        "client_msg_id": "cfb990b7-51de-48ff-ba08-6fdc53309c84",
        "type": "message",
        "text": "<@UC1HAFW4E> thank you",
        "user": "U010C6SFXEU",
        "ts": "1590028275.351300",
        "team": "TC0C1HURK",
        "user_team": "TC0C1HURK",
        "source_team": "TC0C1HURK",
        "user_profile": {
            "avatar_hash": "g27d47bc11d1",
            "image_72": "https:\/\/secure.gravatar.com\/avatar\/27d47bc11d16bd9170d88eceea57d3c7.jpg?s=72&d=https%3A%2F%2Fa.slack-edge.com%2Fdf10d%2Fimg%2Favatars%2Fava_0019-72.png",
            "first_name": "",
            "real_name": "Enkhtuvshin",
            "display_name": "Enkhtuvshin",
            "team": "TC0C1HURK",
            "name": "enhtuwshinn",
            "is_restricted": false,
            "is_ultra_restricted": false
        },
        "blocks": [
            {
                "type": "rich_text",
                "block_id": "Wbi",
                "elements": [
                    {
                        "type": "rich_text_section",
                        "elements": [
                            {
                                "type": "user",
                                "user_id": "UC1HAFW4E"
                            },
                            {
                                "type": "text",
                                "text": " thank you"
                            }
                        ]
                    }
                ]
            }
        ],
        "thread_ts": "1589970873.345300",
        "parent_user_id": "U010C6SFXEU"
    },
    {
        "type": "message",
        "text": "Hi guys i want to join user schema by 3 fields. this solution is working fine but i think its not best way to join is it right? any advice??",
        "files": [
            {
                "id": "F0147A7TFTN",
                "created": 1590028460,
                "timestamp": 1590028460,
                "name": "Capture.PNG",
                "title": "Capture.PNG",
                "mimetype": "image\/png",
                "filetype": "png",
                "pretty_type": "PNG",
                "user": "U010C6SFXEU",
                "editable": false,
                "size": 12094,
                "mode": "hosted",
                "is_external": false,
                "external_type": "",
                "is_public": true,
                "public_url_shared": false,
                "display_as_bot": false,
                "username": "",
                "url_private": "https:\/\/files.slack.com\/files-pri\/TC0C1HURK-F0147A7TFTN\/capture.png?t=xoxe-408409606869-1267807410853-1293019902560-8c9dc5fc58d3a65e0fe0837e69de048d",
                "url_private_download": "https:\/\/files.slack.com\/files-pri\/TC0C1HURK-F0147A7TFTN\/download\/capture.png?t=xoxe-408409606869-1267807410853-1293019902560-8c9dc5fc58d3a65e0fe0837e69de048d",
                "thumb_64": "https:\/\/files.slack.com\/files-tmb\/TC0C1HURK-F0147A7TFTN-6cea4cc564\/capture_64.png?t=xoxe-408409606869-1267807410853-1293019902560-8c9dc5fc58d3a65e0fe0837e69de048d",
                "thumb_80": "https:\/\/files.slack.com\/files-tmb\/TC0C1HURK-F0147A7TFTN-6cea4cc564\/capture_80.png?t=xoxe-408409606869-1267807410853-1293019902560-8c9dc5fc58d3a65e0fe0837e69de048d",
                "thumb_360": "https:\/\/files.slack.com\/files-tmb\/TC0C1HURK-F0147A7TFTN-6cea4cc564\/capture_360.png?t=xoxe-408409606869-1267807410853-1293019902560-8c9dc5fc58d3a65e0fe0837e69de048d",
                "thumb_360_w": 360,
                "thumb_360_h": 166,
                "thumb_480": "https:\/\/files.slack.com\/files-tmb\/TC0C1HURK-F0147A7TFTN-6cea4cc564\/capture_480.png?t=xoxe-408409606869-1267807410853-1293019902560-8c9dc5fc58d3a65e0fe0837e69de048d",
                "thumb_480_w": 480,
                "thumb_480_h": 222,
                "thumb_160": "https:\/\/files.slack.com\/files-tmb\/TC0C1HURK-F0147A7TFTN-6cea4cc564\/capture_160.png?t=xoxe-408409606869-1267807410853-1293019902560-8c9dc5fc58d3a65e0fe0837e69de048d",
                "original_w": 554,
                "original_h": 256,
                "thumb_tiny": "AwAWADCmKXikFGfamAvFJkelGR6UZoAOKSiigBfejJo7UlAC7jRk0lFABRRRQB\/\/2Q==",
                "permalink": "https:\/\/cube-js.slack.com\/files\/U010C6SFXEU\/F0147A7TFTN\/capture.png",
                "permalink_public": "https:\/\/slack-files.com\/TC0C1HURK-F0147A7TFTN-9f9caa4c47",
                "is_starred": false,
                "has_rich_preview": false
            }
        ],
        "upload": true,
        "blocks": [
            {
                "type": "rich_text",
                "block_id": "upFd",
                "elements": [
                    {
                        "type": "rich_text_section",
                        "elements": [
                            {
                                "type": "text",
                                "text": "Hi guys i want to join user schema by 3 fields. this solution is working fine but i think its not best way to join is it right? any advice??"
                            }
                        ]
                    }
                ]
            }
        ],
        "user": "U010C6SFXEU",
        "display_as_bot": false,
        "ts": "1590028463.351500",
        "client_msg_id": "fe56c103-6402-45eb-894a-8437c49de9de",
        "thread_ts": "1590028463.351500",
        "reply_count": 2,
        "reply_users_count": 2,
        "latest_reply": "1590122830.357500",
        "reply_users": [
            "UC1HAFW4E",
            "U010C6SFXEU"
        ],
        "replies": [
            {
                "user": "UC1HAFW4E",
                "ts": "1590044549.351800"
            },
            {
                "user": "U010C6SFXEU",
                "ts": "1590122830.357500"
            }
        ],
        "subscribed": true,
        "last_read": "1590122830.357500"
    }
]