[
    {
        "client_msg_id": "b426983e-d6d2-4172-803f-74c7eb350793",
        "type": "message",
        "text": "hi everyone, I was wondering if it is possible to configure cubejs in a way it returns also faceted results - I guess it would be something like counts for particular dimensions and measures based on the query results included in main result. Do you have some hints here?",
        "user": "UST8GRZG9",
        "ts": "1582996399.082900",
        "team": "TC0C1HURK",
        "user_team": "TC0C1HURK",
        "source_team": "TC0C1HURK",
        "user_profile": {
            "avatar_hash": "g6ced87e2d5d",
            "image_72": "https:\/\/secure.gravatar.com\/avatar\/6ced87e2d5dd2b5f8c0b3bdda785234c.jpg?s=72&d=https%3A%2F%2Fa.slack-edge.com%2Fdf10d%2Fimg%2Favatars%2Fava_0005-72.png",
            "first_name": "",
            "real_name": "Ladislav",
            "display_name": "Ladislav",
            "team": "TC0C1HURK",
            "name": "ladislav.gazo",
            "is_restricted": false,
            "is_ultra_restricted": false
        },
        "blocks": [
            {
                "type": "rich_text",
                "block_id": "mG\/",
                "elements": [
                    {
                        "type": "rich_text_section",
                        "elements": [
                            {
                                "type": "text",
                                "text": "hi everyone, I was wondering if it is possible to configure cubejs in a way it returns also faceted results - I guess it would be something like counts for particular dimensions and measures based on the query results included in main result. Do you have some hints here?"
                            }
                        ]
                    }
                ]
            }
        ],
        "thread_ts": "1582996399.082900",
        "reply_count": 14,
        "reply_users_count": 3,
        "latest_reply": "1583010731.086300",
        "reply_users": [
            "UC19HAUAK",
            "UST8GRZG9",
            "USMM7QR7G"
        ],
        "replies": [
            {
                "user": "UC19HAUAK",
                "ts": "1582998301.083500"
            },
            {
                "user": "UST8GRZG9",
                "ts": "1583000720.083700"
            },
            {
                "user": "UST8GRZG9",
                "ts": "1583000739.083900"
            },
            {
                "user": "UST8GRZG9",
                "ts": "1583000808.084100"
            },
            {
                "user": "UC19HAUAK",
                "ts": "1583001519.084300"
            },
            {
                "user": "UST8GRZG9",
                "ts": "1583001546.084500"
            },
            {
                "user": "UC19HAUAK",
                "ts": "1583001610.084700"
            },
            {
                "user": "UC19HAUAK",
                "ts": "1583001635.085000"
            },
            {
                "user": "UST8GRZG9",
                "ts": "1583001679.085200"
            },
            {
                "user": "UC19HAUAK",
                "ts": "1583001685.085400"
            },
            {
                "user": "UST8GRZG9",
                "ts": "1583001699.085600"
            },
            {
                "user": "UST8GRZG9",
                "ts": "1583001703.085800"
            },
            {
                "user": "UC19HAUAK",
                "ts": "1583001708.086100"
            },
            {
                "user": "USMM7QR7G",
                "ts": "1583010731.086300"
            }
        ],
        "subscribed": false
    },
    {
        "client_msg_id": "d6a393f6-0ad0-4274-a26f-6cd156f62693",
        "type": "message",
        "text": "<@USVTNT16D> Most likely if you want filter your sub query by time it isn't sub query dimension anymore but rather a measure. However you can use `FILTER_PARAMS` to pass date params: <https:\/\/cube.dev\/docs\/cube#context-variables-filter-params>",
        "user": "UC19HAUAK",
        "ts": "1582998156.083000",
        "team": "TC0C1HURK",
        "user_team": "TC0C1HURK",
        "source_team": "TC0C1HURK",
        "user_profile": {
            "avatar_hash": "066a042e018c",
            "image_72": "https:\/\/avatars.slack-edge.com\/2019-12-07\/866588520998_066a042e018ca831a195_72.png",
            "first_name": "Pavel",
            "real_name": "Pavel Tiunov",
            "display_name": "pavel",
            "team": "TC0C1HURK",
            "name": "pavel",
            "is_restricted": false,
            "is_ultra_restricted": false
        },
        "blocks": [
            {
                "type": "rich_text",
                "block_id": "KTu",
                "elements": [
                    {
                        "type": "rich_text_section",
                        "elements": [
                            {
                                "type": "user",
                                "user_id": "USVTNT16D"
                            },
                            {
                                "type": "text",
                                "text": " Most likely if you want filter your sub query by time it isn't sub query dimension anymore but rather a measure. However you can use "
                            },
                            {
                                "type": "text",
                                "text": "FILTER_PARAMS",
                                "style": {
                                    "code": true
                                }
                            },
                            {
                                "type": "text",
                                "text": " to pass date params: "
                            },
                            {
                                "type": "link",
                                "url": "https:\/\/cube.dev\/docs\/cube#context-variables-filter-params"
                            }
                        ]
                    }
                ]
            }
        ],
        "thread_ts": "1582910681.073400",
        "parent_user_id": "USVTNT16D"
    },
    {
        "client_msg_id": "0318ca82-1131-4c13-b57b-331a41a03a88",
        "type": "message",
        "text": "Hey <@UUPA1LE7P>! It depends on charting library you use. Here's an example for recharts: <https:\/\/react-dashboard.cube.dev\/charts-styling>",
        "user": "UC19HAUAK",
        "ts": "1582998261.083200",
        "team": "TC0C1HURK",
        "user_team": "TC0C1HURK",
        "source_team": "TC0C1HURK",
        "user_profile": {
            "avatar_hash": "066a042e018c",
            "image_72": "https:\/\/avatars.slack-edge.com\/2019-12-07\/866588520998_066a042e018ca831a195_72.png",
            "first_name": "Pavel",
            "real_name": "Pavel Tiunov",
            "display_name": "pavel",
            "team": "TC0C1HURK",
            "name": "pavel",
            "is_restricted": false,
            "is_ultra_restricted": false
        },
        "attachments": [
            {
                "title": "Charts Styling",
                "title_link": "https:\/\/react-dashboard.cube.dev\/charts-styling",
                "text": "When we created a dashboard app in the first chapter, we selected Recharts as our visualization library. Recharts provides a set of charting…",
                "fallback": "Charts Styling",
                "image_url": "https:\/\/react-dashboard.cube.dev\/logos\/icon.png",
                "from_url": "https:\/\/react-dashboard.cube.dev\/charts-styling",
                "image_width": 250,
                "image_height": 250,
                "image_bytes": 48874,
                "service_icon": "https:\/\/react-dashboard.cube.dev\/icons\/icon-48x48.png?v=16380c9963f943e0a0053ad8cfd0e8f2",
                "service_name": "react-dashboard.cube.dev",
                "id": 1,
                "original_url": "https:\/\/react-dashboard.cube.dev\/charts-styling"
            }
        ],
        "blocks": [
            {
                "type": "rich_text",
                "block_id": "Epq",
                "elements": [
                    {
                        "type": "rich_text_section",
                        "elements": [
                            {
                                "type": "text",
                                "text": "Hey "
                            },
                            {
                                "type": "user",
                                "user_id": "UUPA1LE7P"
                            },
                            {
                                "type": "text",
                                "text": "! It depends on charting library you use. Here's an example for recharts: "
                            },
                            {
                                "type": "link",
                                "url": "https:\/\/react-dashboard.cube.dev\/charts-styling"
                            }
                        ]
                    }
                ]
            }
        ],
        "thread_ts": "1582959260.080100",
        "parent_user_id": "UUPA1LE7P"
    },
    {
        "client_msg_id": "3c58eb5d-6148-4ffd-8d83-d47cfc403396",
        "type": "message",
        "text": "Hey <@UST8GRZG9>! Could you please provide example of a chart\/result set of such query?",
        "user": "UC19HAUAK",
        "ts": "1582998301.083500",
        "team": "TC0C1HURK",
        "user_team": "TC0C1HURK",
        "source_team": "TC0C1HURK",
        "user_profile": {
            "avatar_hash": "066a042e018c",
            "image_72": "https:\/\/avatars.slack-edge.com\/2019-12-07\/866588520998_066a042e018ca831a195_72.png",
            "first_name": "Pavel",
            "real_name": "Pavel Tiunov",
            "display_name": "pavel",
            "team": "TC0C1HURK",
            "name": "pavel",
            "is_restricted": false,
            "is_ultra_restricted": false
        },
        "blocks": [
            {
                "type": "rich_text",
                "block_id": "Xst",
                "elements": [
                    {
                        "type": "rich_text_section",
                        "elements": [
                            {
                                "type": "text",
                                "text": "Hey "
                            },
                            {
                                "type": "user",
                                "user_id": "UST8GRZG9"
                            },
                            {
                                "type": "text",
                                "text": "! Could you please provide example of a chart\/result set of such query?"
                            }
                        ]
                    }
                ]
            }
        ],
        "thread_ts": "1582996399.082900",
        "parent_user_id": "UST8GRZG9"
    },
    {
        "client_msg_id": "7a37d1ac-0fc9-44bb-9c90-d7be6a10b765",
        "type": "message",
        "text": "I'll try it like this: suppose we have an Order that has fields like `author`, `created`, `volume` , `bank` which are dimensions... of course you are able to filter based on them. But you would also have a list of facets for `author` and `bank` . Those would contain list of authors present in all orders and list of banks present in all orders. Optionally each record extended with a count of each item representing how many times the record is present.",
        "user": "UST8GRZG9",
        "ts": "1583000720.083700",
        "team": "TC0C1HURK",
        "user_team": "TC0C1HURK",
        "source_team": "TC0C1HURK",
        "user_profile": {
            "avatar_hash": "g6ced87e2d5d",
            "image_72": "https:\/\/secure.gravatar.com\/avatar\/6ced87e2d5dd2b5f8c0b3bdda785234c.jpg?s=72&d=https%3A%2F%2Fa.slack-edge.com%2Fdf10d%2Fimg%2Favatars%2Fava_0005-72.png",
            "first_name": "",
            "real_name": "Ladislav",
            "display_name": "Ladislav",
            "team": "TC0C1HURK",
            "name": "ladislav.gazo",
            "is_restricted": false,
            "is_ultra_restricted": false
        },
        "blocks": [
            {
                "type": "rich_text",
                "block_id": "DKu",
                "elements": [
                    {
                        "type": "rich_text_section",
                        "elements": [
                            {
                                "type": "text",
                                "text": "I'll try it like this: suppose we have an Order that has fields like "
                            },
                            {
                                "type": "text",
                                "text": "author",
                                "style": {
                                    "code": true
                                }
                            },
                            {
                                "type": "text",
                                "text": ", "
                            },
                            {
                                "type": "text",
                                "text": "created",
                                "style": {
                                    "code": true
                                }
                            },
                            {
                                "type": "text",
                                "text": ", "
                            },
                            {
                                "type": "text",
                                "text": "volume",
                                "style": {
                                    "code": true
                                }
                            },
                            {
                                "type": "text",
                                "text": " , "
                            },
                            {
                                "type": "text",
                                "text": "bank",
                                "style": {
                                    "code": true
                                }
                            },
                            {
                                "type": "text",
                                "text": " which are dimensions... of course you are able to filter based on them. But you would also have a list of facets for "
                            },
                            {
                                "type": "text",
                                "text": "author",
                                "style": {
                                    "code": true
                                }
                            },
                            {
                                "type": "text",
                                "text": " and "
                            },
                            {
                                "type": "text",
                                "text": "bank",
                                "style": {
                                    "code": true
                                }
                            },
                            {
                                "type": "text",
                                "text": " . Those would contain list of authors present in all orders and list of banks present in all orders. Optionally each record extended with a count of each item representing how many times the record is present."
                            }
                        ]
                    }
                ]
            }
        ],
        "thread_ts": "1582996399.082900",
        "parent_user_id": "UST8GRZG9"
    },
    {
        "client_msg_id": "e5c36a45-5b72-4cf2-86ed-f1918d16928a",
        "type": "message",
        "text": "if you imagine Amazon's left side\/panel of the shop..",
        "user": "UST8GRZG9",
        "ts": "1583000739.083900",
        "team": "TC0C1HURK",
        "user_team": "TC0C1HURK",
        "source_team": "TC0C1HURK",
        "user_profile": {
            "avatar_hash": "g6ced87e2d5d",
            "image_72": "https:\/\/secure.gravatar.com\/avatar\/6ced87e2d5dd2b5f8c0b3bdda785234c.jpg?s=72&d=https%3A%2F%2Fa.slack-edge.com%2Fdf10d%2Fimg%2Favatars%2Fava_0005-72.png",
            "first_name": "",
            "real_name": "Ladislav",
            "display_name": "Ladislav",
            "team": "TC0C1HURK",
            "name": "ladislav.gazo",
            "is_restricted": false,
            "is_ultra_restricted": false
        },
        "blocks": [
            {
                "type": "rich_text",
                "block_id": "gxxD",
                "elements": [
                    {
                        "type": "rich_text_section",
                        "elements": [
                            {
                                "type": "text",
                                "text": "if you imagine Amazon's left side\/panel of the shop.."
                            }
                        ]
                    }
                ]
            }
        ],
        "thread_ts": "1582996399.082900",
        "parent_user_id": "UST8GRZG9"
    },
    {
        "client_msg_id": "2bb806f9-7380-48a5-b7cc-e639b4c88a8a",
        "type": "message",
        "text": "... just a note... I am very new to cubejs and have not played with it to such extend yet, therefore I am asking",
        "user": "UST8GRZG9",
        "ts": "1583000808.084100",
        "team": "TC0C1HURK",
        "user_team": "TC0C1HURK",
        "source_team": "TC0C1HURK",
        "user_profile": {
            "avatar_hash": "g6ced87e2d5d",
            "image_72": "https:\/\/secure.gravatar.com\/avatar\/6ced87e2d5dd2b5f8c0b3bdda785234c.jpg?s=72&d=https%3A%2F%2Fa.slack-edge.com%2Fdf10d%2Fimg%2Favatars%2Fava_0005-72.png",
            "first_name": "",
            "real_name": "Ladislav",
            "display_name": "Ladislav",
            "team": "TC0C1HURK",
            "name": "ladislav.gazo",
            "is_restricted": false,
            "is_ultra_restricted": false
        },
        "blocks": [
            {
                "type": "rich_text",
                "block_id": "jX\/Kb",
                "elements": [
                    {
                        "type": "rich_text_section",
                        "elements": [
                            {
                                "type": "text",
                                "text": "... just a note... I am very new to cubejs and have not played with it to such extend yet, therefore I am asking"
                            }
                        ]
                    }
                ]
            }
        ],
        "thread_ts": "1582996399.082900",
        "parent_user_id": "UST8GRZG9"
    },
    {
        "client_msg_id": "a8b5b08c-678c-46a2-b86e-62cad875c4dd",
        "type": "message",
        "text": "<@UST8GRZG9> What do you mean by facet? Is it pivot table where rows are authors and columns are banks? Or just two lists of authors and banks represented in orders?",
        "user": "UC19HAUAK",
        "ts": "1583001519.084300",
        "team": "TC0C1HURK",
        "user_team": "TC0C1HURK",
        "source_team": "TC0C1HURK",
        "user_profile": {
            "avatar_hash": "066a042e018c",
            "image_72": "https:\/\/avatars.slack-edge.com\/2019-12-07\/866588520998_066a042e018ca831a195_72.png",
            "first_name": "Pavel",
            "real_name": "Pavel Tiunov",
            "display_name": "pavel",
            "team": "TC0C1HURK",
            "name": "pavel",
            "is_restricted": false,
            "is_ultra_restricted": false
        },
        "blocks": [
            {
                "type": "rich_text",
                "block_id": "9qD",
                "elements": [
                    {
                        "type": "rich_text_section",
                        "elements": [
                            {
                                "type": "user",
                                "user_id": "UST8GRZG9"
                            },
                            {
                                "type": "text",
                                "text": " What do you mean by facet? Is it pivot table where rows are authors and columns are banks? Or just two lists of authors and banks represented in orders?"
                            }
                        ]
                    }
                ]
            }
        ],
        "thread_ts": "1582996399.082900",
        "parent_user_id": "UST8GRZG9"
    },
    {
        "client_msg_id": "e977be8a-9097-41fd-818d-66842634ae8c",
        "type": "message",
        "text": "second one",
        "user": "UST8GRZG9",
        "ts": "1583001546.084500",
        "team": "TC0C1HURK",
        "user_team": "TC0C1HURK",
        "source_team": "TC0C1HURK",
        "user_profile": {
            "avatar_hash": "g6ced87e2d5d",
            "image_72": "https:\/\/secure.gravatar.com\/avatar\/6ced87e2d5dd2b5f8c0b3bdda785234c.jpg?s=72&d=https%3A%2F%2Fa.slack-edge.com%2Fdf10d%2Fimg%2Favatars%2Fava_0005-72.png",
            "first_name": "",
            "real_name": "Ladislav",
            "display_name": "Ladislav",
            "team": "TC0C1HURK",
            "name": "ladislav.gazo",
            "is_restricted": false,
            "is_ultra_restricted": false
        },
        "blocks": [
            {
                "type": "rich_text",
                "block_id": "0qxAi",
                "elements": [
                    {
                        "type": "rich_text_section",
                        "elements": [
                            {
                                "type": "text",
                                "text": "second one"
                            }
                        ]
                    }
                ]
            }
        ],
        "thread_ts": "1582996399.082900",
        "parent_user_id": "UST8GRZG9"
    },
    {
        "client_msg_id": "5c12f3c3-37c6-4588-9266-89cd48156fd5",
        "type": "message",
        "text": "<@UST8GRZG9> Gotcha. This query as simple as:\n```{\n  dimensions: ['Orders.author']\n}```\nand\n```{\n  dimensions: ['Orders.bank']\n}```",
        "user": "UC19HAUAK",
        "ts": "1583001610.084700",
        "team": "TC0C1HURK",
        "user_team": "TC0C1HURK",
        "source_team": "TC0C1HURK",
        "user_profile": {
            "avatar_hash": "066a042e018c",
            "image_72": "https:\/\/avatars.slack-edge.com\/2019-12-07\/866588520998_066a042e018ca831a195_72.png",
            "first_name": "Pavel",
            "real_name": "Pavel Tiunov",
            "display_name": "pavel",
            "team": "TC0C1HURK",
            "name": "pavel",
            "is_restricted": false,
            "is_ultra_restricted": false
        },
        "edited": {
            "user": "UC19HAUAK",
            "ts": "1583001616.000000"
        },
        "blocks": [
            {
                "type": "rich_text",
                "block_id": "Txe",
                "elements": [
                    {
                        "type": "rich_text_section",
                        "elements": [
                            {
                                "type": "user",
                                "user_id": "UST8GRZG9"
                            },
                            {
                                "type": "text",
                                "text": " Gotcha. This query as simple as:\n"
                            }
                        ]
                    },
                    {
                        "type": "rich_text_preformatted",
                        "elements": [
                            {
                                "type": "text",
                                "text": "{\n  dimensions: ['Orders.author']\n}"
                            }
                        ]
                    },
                    {
                        "type": "rich_text_section",
                        "elements": [
                            {
                                "type": "text",
                                "text": "and\n"
                            }
                        ]
                    },
                    {
                        "type": "rich_text_preformatted",
                        "elements": [
                            {
                                "type": "text",
                                "text": "{\n  dimensions: ['Orders.bank']\n}"
                            }
                        ]
                    }
                ]
            }
        ],
        "thread_ts": "1582996399.082900",
        "parent_user_id": "UST8GRZG9"
    },
    {
        "client_msg_id": "0510ef5d-eac4-4a69-9465-8e305bb9ba3a",
        "type": "message",
        "text": "<https:\/\/cube.dev\/docs\/query-format#top>",
        "user": "UC19HAUAK",
        "ts": "1583001635.085000",
        "team": "TC0C1HURK",
        "user_team": "TC0C1HURK",
        "source_team": "TC0C1HURK",
        "user_profile": {
            "avatar_hash": "066a042e018c",
            "image_72": "https:\/\/avatars.slack-edge.com\/2019-12-07\/866588520998_066a042e018ca831a195_72.png",
            "first_name": "Pavel",
            "real_name": "Pavel Tiunov",
            "display_name": "pavel",
            "team": "TC0C1HURK",
            "name": "pavel",
            "is_restricted": false,
            "is_ultra_restricted": false
        },
        "blocks": [
            {
                "type": "rich_text",
                "block_id": "n8+gg",
                "elements": [
                    {
                        "type": "rich_text_section",
                        "elements": [
                            {
                                "type": "link",
                                "url": "https:\/\/cube.dev\/docs\/query-format#top"
                            }
                        ]
                    }
                ]
            }
        ],
        "thread_ts": "1582996399.082900",
        "parent_user_id": "UST8GRZG9"
    },
    {
        "client_msg_id": "a8da5bf4-73b9-4e8f-af0e-a3342af2d404",
        "type": "message",
        "text": "if I apply a filter, would it also influence those two dimensions?",
        "user": "UST8GRZG9",
        "ts": "1583001679.085200",
        "team": "TC0C1HURK",
        "user_team": "TC0C1HURK",
        "source_team": "TC0C1HURK",
        "user_profile": {
            "avatar_hash": "g6ced87e2d5d",
            "image_72": "https:\/\/secure.gravatar.com\/avatar\/6ced87e2d5dd2b5f8c0b3bdda785234c.jpg?s=72&d=https%3A%2F%2Fa.slack-edge.com%2Fdf10d%2Fimg%2Favatars%2Fava_0005-72.png",
            "first_name": "",
            "real_name": "Ladislav",
            "display_name": "Ladislav",
            "team": "TC0C1HURK",
            "name": "ladislav.gazo",
            "is_restricted": false,
            "is_ultra_restricted": false
        },
        "blocks": [
            {
                "type": "rich_text",
                "block_id": "kT\/=0",
                "elements": [
                    {
                        "type": "rich_text_section",
                        "elements": [
                            {
                                "type": "text",
                                "text": "if I apply a filter, would it also influence those two dimensions?"
                            }
                        ]
                    }
                ]
            }
        ],
        "thread_ts": "1582996399.082900",
        "parent_user_id": "UST8GRZG9"
    },
    {
        "client_msg_id": "ad5b9296-a8cb-45f2-82a0-1623105fe367",
        "type": "message",
        "text": "Yes.",
        "user": "UC19HAUAK",
        "ts": "1583001685.085400",
        "team": "TC0C1HURK",
        "user_team": "TC0C1HURK",
        "source_team": "TC0C1HURK",
        "user_profile": {
            "avatar_hash": "066a042e018c",
            "image_72": "https:\/\/avatars.slack-edge.com\/2019-12-07\/866588520998_066a042e018ca831a195_72.png",
            "first_name": "Pavel",
            "real_name": "Pavel Tiunov",
            "display_name": "pavel",
            "team": "TC0C1HURK",
            "name": "pavel",
            "is_restricted": false,
            "is_ultra_restricted": false
        },
        "blocks": [
            {
                "type": "rich_text",
                "block_id": "Rjj",
                "elements": [
                    {
                        "type": "rich_text_section",
                        "elements": [
                            {
                                "type": "text",
                                "text": "Yes."
                            }
                        ]
                    }
                ]
            }
        ],
        "thread_ts": "1582996399.082900",
        "parent_user_id": "UST8GRZG9"
    },
    {
        "client_msg_id": "060b1028-d831-4d0d-bbbd-1464d69f567c",
        "type": "message",
        "text": "alright, that sounds good, I will try it",
        "user": "UST8GRZG9",
        "ts": "1583001699.085600",
        "team": "TC0C1HURK",
        "user_team": "TC0C1HURK",
        "source_team": "TC0C1HURK",
        "user_profile": {
            "avatar_hash": "g6ced87e2d5d",
            "image_72": "https:\/\/secure.gravatar.com\/avatar\/6ced87e2d5dd2b5f8c0b3bdda785234c.jpg?s=72&d=https%3A%2F%2Fa.slack-edge.com%2Fdf10d%2Fimg%2Favatars%2Fava_0005-72.png",
            "first_name": "",
            "real_name": "Ladislav",
            "display_name": "Ladislav",
            "team": "TC0C1HURK",
            "name": "ladislav.gazo",
            "is_restricted": false,
            "is_ultra_restricted": false
        },
        "blocks": [
            {
                "type": "rich_text",
                "block_id": "VjD",
                "elements": [
                    {
                        "type": "rich_text_section",
                        "elements": [
                            {
                                "type": "text",
                                "text": "alright, that sounds good, I will try it"
                            }
                        ]
                    }
                ]
            }
        ],
        "thread_ts": "1582996399.082900",
        "parent_user_id": "UST8GRZG9",
        "reactions": [
            {
                "name": "raised_hands",
                "users": [
                    "UC19HAUAK"
                ],
                "count": 1
            }
        ]
    },
    {
        "client_msg_id": "b8c6f1ef-162e-424d-915d-9d10f71abc53",
        "type": "message",
        "text": "thanks a lot",
        "user": "UST8GRZG9",
        "ts": "1583001703.085800",
        "team": "TC0C1HURK",
        "user_team": "TC0C1HURK",
        "source_team": "TC0C1HURK",
        "user_profile": {
            "avatar_hash": "g6ced87e2d5d",
            "image_72": "https:\/\/secure.gravatar.com\/avatar\/6ced87e2d5dd2b5f8c0b3bdda785234c.jpg?s=72&d=https%3A%2F%2Fa.slack-edge.com%2Fdf10d%2Fimg%2Favatars%2Fava_0005-72.png",
            "first_name": "",
            "real_name": "Ladislav",
            "display_name": "Ladislav",
            "team": "TC0C1HURK",
            "name": "ladislav.gazo",
            "is_restricted": false,
            "is_ultra_restricted": false
        },
        "blocks": [
            {
                "type": "rich_text",
                "block_id": "krG",
                "elements": [
                    {
                        "type": "rich_text_section",
                        "elements": [
                            {
                                "type": "text",
                                "text": "thanks a lot"
                            }
                        ]
                    }
                ]
            }
        ],
        "thread_ts": "1582996399.082900",
        "parent_user_id": "UST8GRZG9"
    },
    {
        "client_msg_id": "00f2e8dd-b26d-4ec2-a529-c7b3df4acc17",
        "type": "message",
        "text": "No probs!",
        "user": "UC19HAUAK",
        "ts": "1583001708.086100",
        "team": "TC0C1HURK",
        "user_team": "TC0C1HURK",
        "source_team": "TC0C1HURK",
        "user_profile": {
            "avatar_hash": "066a042e018c",
            "image_72": "https:\/\/avatars.slack-edge.com\/2019-12-07\/866588520998_066a042e018ca831a195_72.png",
            "first_name": "Pavel",
            "real_name": "Pavel Tiunov",
            "display_name": "pavel",
            "team": "TC0C1HURK",
            "name": "pavel",
            "is_restricted": false,
            "is_ultra_restricted": false
        },
        "blocks": [
            {
                "type": "rich_text",
                "block_id": "XFPD",
                "elements": [
                    {
                        "type": "rich_text_section",
                        "elements": [
                            {
                                "type": "text",
                                "text": "No probs!"
                            }
                        ]
                    }
                ]
            }
        ],
        "thread_ts": "1582996399.082900",
        "parent_user_id": "UST8GRZG9"
    },
    {
        "client_msg_id": "3be8c3d7-7b7e-4627-92d4-5df7093ce8a9",
        "type": "message",
        "text": "fyi, there are some really efficient ways to get these kinds of counts at scale, using search engine technology like Lucene and BitSets, where you literally just logically AND a few numbers together and it gives you the count, which is very powerful if you’re wanting to trim out zero-count facets and\/or show the count in the UI beside the facet - this is an older article about it if you’re curious: <http:\/\/sujitpal.blogspot.com\/2007\/04\/lucene-search-within-search-with.html>",
        "user": "USMM7QR7G",
        "ts": "1583010731.086300",
        "team": "TC0C1HURK",
        "user_team": "TC0C1HURK",
        "source_team": "TC0C1HURK",
        "user_profile": {
            "avatar_hash": "775751dbe2c6",
            "image_72": "https:\/\/avatars.slack-edge.com\/2020-04-03\/1037000392274_775751dbe2c6e0a3feec_72.jpg",
            "first_name": "",
            "real_name": "Jc",
            "display_name": "Jc",
            "team": "TC0C1HURK",
            "name": "jc.w",
            "is_restricted": false,
            "is_ultra_restricted": false
        },
        "attachments": [
            {
                "title": "Lucene Search within Search with BitSets",
                "title_link": "http:\/\/sujitpal.blogspot.com\/2007\/04\/lucene-search-within-search-with.html",
                "text": "The Search within Search functionality is typically used when presenting results from an index in response to a user defined query. In a...",
                "fallback": "Lucene Search within Search with BitSets",
                "from_url": "http:\/\/sujitpal.blogspot.com\/2007\/04\/lucene-search-within-search-with.html",
                "service_icon": "http:\/\/sujitpal.blogspot.com\/favicon.ico",
                "service_name": "sujitpal.blogspot.com",
                "id": 1,
                "original_url": "http:\/\/sujitpal.blogspot.com\/2007\/04\/lucene-search-within-search-with.html"
            }
        ],
        "blocks": [
            {
                "type": "rich_text",
                "block_id": "cMk",
                "elements": [
                    {
                        "type": "rich_text_section",
                        "elements": [
                            {
                                "type": "text",
                                "text": "fyi, there are some really efficient ways to get these kinds of counts at scale, using search engine technology like Lucene and BitSets, where you literally just logically AND a few numbers together and it gives you the count, which is very powerful if you’re wanting to trim out zero-count facets and\/or show the count in the UI beside the facet - this is an older article about it if you’re curious: "
                            },
                            {
                                "type": "link",
                                "url": "http:\/\/sujitpal.blogspot.com\/2007\/04\/lucene-search-within-search-with.html"
                            }
                        ]
                    }
                ]
            }
        ],
        "thread_ts": "1582996399.082900",
        "parent_user_id": "UST8GRZG9",
        "reactions": [
            {
                "name": "+1",
                "users": [
                    "UC19HAUAK"
                ],
                "count": 1
            }
        ]
    },
    {
        "type": "message",
        "subtype": "channel_join",
        "ts": "1583028208.086800",
        "user": "UURLVG9DM",
        "text": "<@UURLVG9DM> has joined the channel"
    }
]