[
    {
        "type": "message",
        "subtype": "channel_join",
        "ts": "1590925502.444900",
        "user": "U014CM9GVL6",
        "text": "<@U014CM9GVL6> has joined the channel"
    },
    {
        "client_msg_id": "5274b4c0-042e-4c87-b0f6-7c4251b98093",
        "type": "message",
        "text": "Hi, guys!\nIn the scenario that I passed above, I really gave up, I understand that it is something supportive in cube.js for using the BI connector on the MongoAtlas side. So without wasting any more time.\n\nNew scenario, cube.js -&gt; connector BI (localhost) -&gt; mongoAtlas\nso, the connection between BI (Local) and mongoAtlas was successful, but now the problem is between CubeJS and Connector BI",
        "user": "U014K8JUA67",
        "ts": "1590943316.445100",
        "team": "TC0C1HURK",
        "user_team": "TC0C1HURK",
        "source_team": "TC0C1HURK",
        "user_profile": {
            "avatar_hash": "g3cfe9c62586",
            "image_72": "https:\/\/secure.gravatar.com\/avatar\/3cfe9c62586d57ca543c20f77e7c9530.jpg?s=72&d=https%3A%2F%2Fa.slack-edge.com%2Fdf10d%2Fimg%2Favatars%2Fava_0012-72.png",
            "first_name": "Julio",
            "real_name": "Julio Cesar Almeida",
            "display_name": "spydev.bsd",
            "team": "TC0C1HURK",
            "name": "spydev.bsd",
            "is_restricted": false,
            "is_ultra_restricted": false
        },
        "blocks": [
            {
                "type": "rich_text",
                "block_id": "sNi",
                "elements": [
                    {
                        "type": "rich_text_section",
                        "elements": [
                            {
                                "type": "text",
                                "text": "Hi, guys!\nIn the scenario that I passed above, I really gave up, I understand that it is something supportive in cube.js for using the BI connector on the MongoAtlas side. So without wasting any more time.\n\nNew scenario, cube.js -> connector BI (localhost) -> mongoAtlas\nso, the connection between BI (Local) and mongoAtlas was successful, but now the problem is between CubeJS and Connector BI"
                            }
                        ]
                    }
                ]
            }
        ],
        "thread_ts": "1590943316.445100",
        "reply_count": 10,
        "reply_users_count": 2,
        "latest_reply": "1590952868.451600",
        "reply_users": [
            "UC19HAUAK",
            "U014K8JUA67"
        ],
        "replies": [
            {
                "user": "UC19HAUAK",
                "ts": "1590943465.447200"
            },
            {
                "user": "U014K8JUA67",
                "ts": "1590943820.447700"
            },
            {
                "user": "UC19HAUAK",
                "ts": "1590943964.449300"
            },
            {
                "user": "U014K8JUA67",
                "ts": "1590944093.449500"
            },
            {
                "user": "U014K8JUA67",
                "ts": "1590945110.450100"
            },
            {
                "user": "UC19HAUAK",
                "ts": "1590946175.450400"
            },
            {
                "user": "U014K8JUA67",
                "ts": "1590947563.450700"
            },
            {
                "user": "U014K8JUA67",
                "ts": "1590951720.451200"
            },
            {
                "user": "U014K8JUA67",
                "ts": "1590952762.451400"
            },
            {
                "user": "U014K8JUA67",
                "ts": "1590952868.451600"
            }
        ],
        "subscribed": false
    },
    {
        "client_msg_id": "C95E5E80-5864-4F07-80BB-3F484737FE57",
        "type": "message",
        "text": "Hey <@U014K8JUA67> ! You probably would like to connect using mysql client first and then try to connect using cube.js. This way you know your dB credentials work.",
        "user": "UC19HAUAK",
        "ts": "1590943465.447200",
        "team": "TC0C1HURK",
        "user_team": "TC0C1HURK",
        "source_team": "TC0C1HURK",
        "user_profile": {
            "avatar_hash": "066a042e018c",
            "image_72": "https:\/\/avatars.slack-edge.com\/2019-12-07\/866588520998_066a042e018ca831a195_72.png",
            "first_name": "Pavel",
            "real_name": "Pavel Tiunov",
            "display_name": "pavel",
            "team": "TC0C1HURK",
            "name": "pavel",
            "is_restricted": false,
            "is_ultra_restricted": false
        },
        "blocks": [
            {
                "type": "rich_text",
                "block_id": "jFNNH",
                "elements": [
                    {
                        "type": "rich_text_section",
                        "elements": [
                            {
                                "type": "text",
                                "text": "Hey "
                            },
                            {
                                "type": "user",
                                "user_id": "U014K8JUA67"
                            },
                            {
                                "type": "text",
                                "text": " ! You probably would like to connect using mysql client first and then try to connect using cube.js. This way you know your dB credentials work."
                            }
                        ]
                    }
                ]
            }
        ],
        "thread_ts": "1590943316.445100",
        "parent_user_id": "U014K8JUA67"
    },
    {
        "client_msg_id": "f1340d34-cc3f-479d-9a16-bd50b6398d88",
        "type": "message",
        "text": "In this case I am receiving two redundant errors:\nFirst:\n```Error while loading DB schema\nError: ssl is required when using cleartext authentication at Packet.asError (\/node_modules\/mysql2\/lib\/packets\/packet.js:712:17) at ClientHandshake.execute```\nI modify the settings in .env and the redundant error appears\n\nSecond:\n```Error while loading DB schema\nError: Server does not support secure connnection at ClientHandshake.handshakeInit (\/node_modules\/mysql2\/lib\/commands\/client_handshake.js:115:21)```\nCan anyone help?",
        "user": "U014K8JUA67",
        "ts": "1590943489.447600",
        "team": "TC0C1HURK",
        "user_team": "TC0C1HURK",
        "source_team": "TC0C1HURK",
        "user_profile": {
            "avatar_hash": "g3cfe9c62586",
            "image_72": "https:\/\/secure.gravatar.com\/avatar\/3cfe9c62586d57ca543c20f77e7c9530.jpg?s=72&d=https%3A%2F%2Fa.slack-edge.com%2Fdf10d%2Fimg%2Favatars%2Fava_0012-72.png",
            "first_name": "Julio",
            "real_name": "Julio Cesar Almeida",
            "display_name": "spydev.bsd",
            "team": "TC0C1HURK",
            "name": "spydev.bsd",
            "is_restricted": false,
            "is_ultra_restricted": false
        },
        "blocks": [
            {
                "type": "rich_text",
                "block_id": "6h=+",
                "elements": [
                    {
                        "type": "rich_text_section",
                        "elements": [
                            {
                                "type": "text",
                                "text": "In this case I am receiving two redundant errors:\nFirst:\n"
                            }
                        ]
                    },
                    {
                        "type": "rich_text_preformatted",
                        "elements": [
                            {
                                "type": "text",
                                "text": "Error while loading DB schema\nError: ssl is required when using cleartext authentication at Packet.asError (\/node_modules\/mysql2\/lib\/packets\/packet.js:712:17) at ClientHandshake.execute"
                            }
                        ]
                    },
                    {
                        "type": "rich_text_section",
                        "elements": [
                            {
                                "type": "text",
                                "text": "I modify the settings in .env and the redundant error appears\n\nSecond:\n"
                            }
                        ]
                    },
                    {
                        "type": "rich_text_preformatted",
                        "elements": [
                            {
                                "type": "text",
                                "text": "Error while loading DB schema\nError: Server does not support secure connnection at ClientHandshake.handshakeInit (\/node_modules\/mysql2\/lib\/commands\/client_handshake.js:115:21)"
                            }
                        ]
                    },
                    {
                        "type": "rich_text_section",
                        "elements": [
                            {
                                "type": "text",
                                "text": "Can anyone help?"
                            }
                        ]
                    }
                ]
            }
        ]
    },
    {
        "client_msg_id": "765126db-c843-438d-b231-7b18347046cf",
        "type": "message",
        "text": "In the logs I could verify the successful connection and all the dbs and collections\n\n```2020-05-31T13:17:54.605-0300 W CONTROL    log verbosity level 5 does not exist; using verbosity Dev\n2020-05-31T13:17:54.606-0300 I CONTROL    [initandlisten] mongosqld starting: version=v2.13.4 pid=11961 host=localhost\n2020-05-31T13:17:54.606-0300 I CONTROL    [initandlisten] git version: f52d9811f7c6620009fc354d48f1943dff41fa6f\n2020-05-31T13:17:54.606-0300 I CONTROL    [initandlisten] OpenSSL version OpenSSL 1.0.2g  1 Mar 2016 (built with OpenSSL 1.0.2g  1 Mar 2016)\n2020-05-31T13:17:54.606-0300 I CONTROL    [initandlisten] options: {config: \"\/etc\/mongosqld.conf\", systemLog: {logAppend: true, logRotate: \"reopen\", path: \"\/var\/log\/mongoconnectorBI\/mongosqld.log\", verbosity: 5}, net: {port: 3306}, security: {enabled: true}, mongodb: {net: {uri: \"<mongodb:\/\/srv-00-00.ohlaq.mongodb.net:27017,srv-00-01.ohlaq.mongodb.net:27017,srv-00-02.ohlaq.mongodb.net:27017\/?replicaSet=Cluster0&amp;ssl=true>\", auth: {username: \"username\", password: \"&lt;protected&gt;\", source: \"admin\"}}}}\n2020-05-31T13:17:54.614-0300 I NETWORK    [initandlisten] waiting for connections at 127.0.0.1:3306\n2020-05-31T13:17:54.614-0300 I NETWORK    [initandlisten] waiting for connections at \/tmp\/mysql.sock\n2020-05-31T13:17:54.615-0300 I SCHEMA     [manager] attempting to initialize schema\n2020-05-31T13:17:54.615-0300 I SCHEMA     [manager] sampling schema\n2020-05-31T13:17:55.164-0300 I SCHEMA     [sampler] sampling MongoDB for schema...\n2020-05-31T13:17:55.164-0300 D SCHEMA     [sampler] wildcard database selector used: running listDatabases\n2020-05-31T13:17:55.191-0300 D SCHEMA     [sampler] finding namespaces in databases: [all databases]\n2020-05-31T13:17:55.191-0300 D SCHEMA     [sampler] skipping \"admin\" database\n2020-05-31T13:17:55.191-0300 D SCHEMA     [sampler] skipping \"config\" database\n2020-05-31T13:17:55.217-0300 D SCHEMA     [sampler] skipping \"local\" database\n2020-05-31T13:17:55.271-0300 D SCHEMA     [sampler] mapping schema for database \"xxxxx\"\n2020-05-31T13:17:55.271-0300 D SCHEMA     [sampler] mapping schema for namespace \"xxxxx\".\"aaaaa\"\n2020-05-31T13:17:55.351-0300 D SCHEMA     [mapping] mapped new table \"aaaaa\"\n2020-05-31T13:17:55.351-0300 D SCHEMA     [sampler] finished mapping schema for namespace \"xxxxx\".\"aaaaa\"\n2020-05-31T13:17:55.351-0300 D SCHEMA     [sampler] mapping schema for namespace \"xxxxx\".\"bbbbbb\"\n2020-05-31T13:17:55.377-0300 D SCHEMA     [sampler] skipping namespace \"discovery\".\"bbbbbb\": no documents found\n2020-05-31T13:17:55.404-0300 D SCHEMA     [sampler] mapping schema for database \"test\"\n2020-05-31T13:17:55.404-0300 D SCHEMA     [sampler] mapping schema for namespace \"test\".\"lists\"\n2020-05-31T13:17:55.430-0300 D SCHEMA     [sampler] skipping namespace \"test\".\"lists\": no documents found\n2020-05-31T13:17:55.430-0300 I SCHEMA     [sampler] mapped schema for 1 namespace: \"xxxxx\" (1): [\"aaaaa\"]\n2020-05-31T13:17:55.430-0300 I SCHEMA     [manager] obtained initial schema\n2020-05-31T13:17:55.430-0300 D SCHEMA     [manager] refresh interval set to zero; schema will not be refreshed\n2020-05-31T13:18:32.198-0300 W CONTROL    log verbosity level 5 does not exist; using verbosity Dev```",
        "user": "U014K8JUA67",
        "ts": "1590943820.447700",
        "team": "TC0C1HURK",
        "user_team": "TC0C1HURK",
        "source_team": "TC0C1HURK",
        "user_profile": {
            "avatar_hash": "g3cfe9c62586",
            "image_72": "https:\/\/secure.gravatar.com\/avatar\/3cfe9c62586d57ca543c20f77e7c9530.jpg?s=72&d=https%3A%2F%2Fa.slack-edge.com%2Fdf10d%2Fimg%2Favatars%2Fava_0012-72.png",
            "first_name": "Julio",
            "real_name": "Julio Cesar Almeida",
            "display_name": "spydev.bsd",
            "team": "TC0C1HURK",
            "name": "spydev.bsd",
            "is_restricted": false,
            "is_ultra_restricted": false
        },
        "blocks": [
            {
                "type": "rich_text",
                "block_id": "0McMe",
                "elements": [
                    {
                        "type": "rich_text_section",
                        "elements": [
                            {
                                "type": "text",
                                "text": "In the logs I could verify the successful connection and all the dbs and collections\n\n"
                            }
                        ]
                    },
                    {
                        "type": "rich_text_preformatted",
                        "elements": [
                            {
                                "type": "text",
                                "text": "2020-05-31T13:17:54.605-0300 W CONTROL    log verbosity level 5 does not exist; using verbosity Dev\n2020-05-31T13:17:54.606-0300 I CONTROL    [initandlisten] mongosqld starting: version=v2.13.4 pid=11961 host=localhost\n2020-05-31T13:17:54.606-0300 I CONTROL    [initandlisten] git version: f52d9811f7c6620009fc354d48f1943dff41fa6f\n2020-05-31T13:17:54.606-0300 I CONTROL    [initandlisten] OpenSSL version OpenSSL 1.0.2g  1 Mar 2016 (built with OpenSSL 1.0.2g  1 Mar 2016)\n2020-05-31T13:17:54.606-0300 I CONTROL    [initandlisten] options: {config: \"\/etc\/mongosqld.conf\", systemLog: {logAppend: true, logRotate: \"reopen\", path: \"\/var\/log\/mongoconnectorBI\/mongosqld.log\", verbosity: 5}, net: {port: 3306}, security: {enabled: true}, mongodb: {net: {uri: \"mongodb:\/\/srv-00-00.ohlaq.mongodb.net:27017,srv-00-01.ohlaq.mongodb.net:27017,srv-00-02.ohlaq.mongodb.net:27017\/?replicaSet=Cluster0&ssl=true\", auth: {username: \"username\", password: \"<protected>\", source: \"admin\"}}}}\n2020-05-31T13:17:54.614-0300 I NETWORK    [initandlisten] waiting for connections at 127.0.0.1:3306\n2020-05-31T13:17:54.614-0300 I NETWORK    [initandlisten] waiting for connections at \/tmp\/mysql.sock\n2020-05-31T13:17:54.615-0300 I SCHEMA     [manager] attempting to initialize schema\n2020-05-31T13:17:54.615-0300 I SCHEMA     [manager] sampling schema\n2020-05-31T13:17:55.164-0300 I SCHEMA     [sampler] sampling MongoDB for schema...\n2020-05-31T13:17:55.164-0300 D SCHEMA     [sampler] wildcard database selector used: running listDatabases\n2020-05-31T13:17:55.191-0300 D SCHEMA     [sampler] finding namespaces in databases: [all databases]\n2020-05-31T13:17:55.191-0300 D SCHEMA     [sampler] skipping \"admin\" database\n2020-05-31T13:17:55.191-0300 D SCHEMA     [sampler] skipping \"config\" database\n2020-05-31T13:17:55.217-0300 D SCHEMA     [sampler] skipping \"local\" database\n2020-05-31T13:17:55.271-0300 D SCHEMA     [sampler] mapping schema for database \"xxxxx\"\n2020-05-31T13:17:55.271-0300 D SCHEMA     [sampler] mapping schema for namespace \"xxxxx\".\"aaaaa\"\n2020-05-31T13:17:55.351-0300 D SCHEMA     [mapping] mapped new table \"aaaaa\"\n2020-05-31T13:17:55.351-0300 D SCHEMA     [sampler] finished mapping schema for namespace \"xxxxx\".\"aaaaa\"\n2020-05-31T13:17:55.351-0300 D SCHEMA     [sampler] mapping schema for namespace \"xxxxx\".\"bbbbbb\"\n2020-05-31T13:17:55.377-0300 D SCHEMA     [sampler] skipping namespace \"discovery\".\"bbbbbb\": no documents found\n2020-05-31T13:17:55.404-0300 D SCHEMA     [sampler] mapping schema for database \"test\"\n2020-05-31T13:17:55.404-0300 D SCHEMA     [sampler] mapping schema for namespace \"test\".\"lists\"\n2020-05-31T13:17:55.430-0300 D SCHEMA     [sampler] skipping namespace \"test\".\"lists\": no documents found\n2020-05-31T13:17:55.430-0300 I SCHEMA     [sampler] mapped schema for 1 namespace: \"xxxxx\" (1): [\"aaaaa\"]\n2020-05-31T13:17:55.430-0300 I SCHEMA     [manager] obtained initial schema\n2020-05-31T13:17:55.430-0300 D SCHEMA     [manager] refresh interval set to zero; schema will not be refreshed\n2020-05-31T13:18:32.198-0300 W CONTROL    log verbosity level 5 does not exist; using verbosity Dev"
                            }
                        ]
                    }
                ]
            }
        ],
        "thread_ts": "1590943316.445100",
        "parent_user_id": "U014K8JUA67"
    },
    {
        "client_msg_id": "e8f97822-9e28-4b29-919b-7e97cecc18ed",
        "type": "message",
        "text": "In the logs I could verify the successful connection and all the dbs and collections\n\n```2020-05-31T13:17:54.605-0300 W CONTROL    log verbosity level 5 does not exist; using verbosity Dev\n2020-05-31T13:17:54.606-0300 I CONTROL    [initandlisten] mongosqld starting: version=v2.13.4 pid=11961 host=localhost\n2020-05-31T13:17:54.606-0300 I CONTROL    [initandlisten] git version: f52d9811f7c6620009fc354d48f1943dff41fa6f\n2020-05-31T13:17:54.606-0300 I CONTROL    [initandlisten] OpenSSL version OpenSSL 1.0.2g  1 Mar 2016 (built with OpenSSL 1.0.2g  1 Mar 2016)\n2020-05-31T13:17:54.606-0300 I CONTROL    [initandlisten] options: {config: \"\/etc\/mongosqld.conf\", systemLog: {logAppend: true, logRotate: \"reopen\", path: \"\/var\/log\/mongoconnectorBI\/mongosqld.log\", verbosity: 5}, net: {port: 3306}, security: {enabled: true}, mongodb: {net: {uri: \"<mongodb:\/\/srv-00-00.ohlaq.mongodb.net:27017,srv-00-01.ohlaq.mongodb.net:27017,srv-00-02.ohlaq.mongodb.net:27017\/?replicaSet=Cluster0&amp;ssl=true>\", auth: {username: \"username\", password: \"&lt;protected&gt;\", source: \"admin\"}}}}\n2020-05-31T13:17:54.614-0300 I NETWORK    [initandlisten] waiting for connections at 127.0.0.1:3306\n2020-05-31T13:17:54.614-0300 I NETWORK    [initandlisten] waiting for connections at \/tmp\/mysql.sock\n2020-05-31T13:17:54.615-0300 I SCHEMA     [manager] attempting to initialize schema\n2020-05-31T13:17:54.615-0300 I SCHEMA     [manager] sampling schema\n2020-05-31T13:17:55.164-0300 I SCHEMA     [sampler] sampling MongoDB for schema...\n2020-05-31T13:17:55.164-0300 D SCHEMA     [sampler] wildcard database selector used: running listDatabases\n2020-05-31T13:17:55.191-0300 D SCHEMA     [sampler] finding namespaces in databases: [all databases]\n2020-05-31T13:17:55.191-0300 D SCHEMA     [sampler] skipping \"admin\" database\n2020-05-31T13:17:55.191-0300 D SCHEMA     [sampler] skipping \"config\" database\n2020-05-31T13:17:55.217-0300 D SCHEMA     [sampler] skipping \"local\" database\n2020-05-31T13:17:55.271-0300 D SCHEMA     [sampler] mapping schema for database \"xxxxx\"\n2020-05-31T13:17:55.271-0300 D SCHEMA     [sampler] mapping schema for namespace \"xxxxx\".\"aaaaa\"\n2020-05-31T13:17:55.351-0300 D SCHEMA     [mapping] mapped new table \"aaaaa\"\n2020-05-31T13:17:55.351-0300 D SCHEMA     [sampler] finished mapping schema for namespace \"xxxxx\".\"aaaaa\"\n2020-05-31T13:17:55.351-0300 D SCHEMA     [sampler] mapping schema for namespace \"xxxxx\".\"bbbbbb\"\n2020-05-31T13:17:55.377-0300 D SCHEMA     [sampler] skipping namespace \"discovery\".\"bbbbbb\": no documents found\n2020-05-31T13:17:55.404-0300 D SCHEMA     [sampler] mapping schema for database \"test\"\n2020-05-31T13:17:55.404-0300 D SCHEMA     [sampler] mapping schema for namespace \"test\".\"lists\"\n2020-05-31T13:17:55.430-0300 D SCHEMA     [sampler] skipping namespace \"test\".\"lists\": no documents found\n2020-05-31T13:17:55.430-0300 I SCHEMA     [sampler] mapped schema for 1 namespace: \"xxxxx\" (1): [\"aaaaa\"]\n2020-05-31T13:17:55.430-0300 I SCHEMA     [manager] obtained initial schema\n2020-05-31T13:17:55.430-0300 D SCHEMA     [manager] refresh interval set to zero; schema will not be refreshed\n2020-05-31T13:18:32.198-0300 W CONTROL    log verbosity level 5 does not exist; using verbosity Dev```\n",
        "user": "U014K8JUA67",
        "ts": "1590943824.448000",
        "team": "TC0C1HURK",
        "user_team": "TC0C1HURK",
        "source_team": "TC0C1HURK",
        "user_profile": {
            "avatar_hash": "g3cfe9c62586",
            "image_72": "https:\/\/secure.gravatar.com\/avatar\/3cfe9c62586d57ca543c20f77e7c9530.jpg?s=72&d=https%3A%2F%2Fa.slack-edge.com%2Fdf10d%2Fimg%2Favatars%2Fava_0012-72.png",
            "first_name": "Julio",
            "real_name": "Julio Cesar Almeida",
            "display_name": "spydev.bsd",
            "team": "TC0C1HURK",
            "name": "spydev.bsd",
            "is_restricted": false,
            "is_ultra_restricted": false
        },
        "blocks": [
            {
                "type": "rich_text",
                "block_id": "efRzQ",
                "elements": [
                    {
                        "type": "rich_text_section",
                        "elements": [
                            {
                                "type": "text",
                                "text": "In the logs I could verify the successful connection and all the dbs and collections\n\n"
                            }
                        ]
                    },
                    {
                        "type": "rich_text_preformatted",
                        "elements": [
                            {
                                "type": "text",
                                "text": "2020-05-31T13:17:54.605-0300 W CONTROL    log verbosity level 5 does not exist; using verbosity Dev\n2020-05-31T13:17:54.606-0300 I CONTROL    [initandlisten] mongosqld starting: version=v2.13.4 pid=11961 host=localhost\n2020-05-31T13:17:54.606-0300 I CONTROL    [initandlisten] git version: f52d9811f7c6620009fc354d48f1943dff41fa6f\n2020-05-31T13:17:54.606-0300 I CONTROL    [initandlisten] OpenSSL version OpenSSL 1.0.2g  1 Mar 2016 (built with OpenSSL 1.0.2g  1 Mar 2016)\n2020-05-31T13:17:54.606-0300 I CONTROL    [initandlisten] options: {config: \"\/etc\/mongosqld.conf\", systemLog: {logAppend: true, logRotate: \"reopen\", path: \"\/var\/log\/mongoconnectorBI\/mongosqld.log\", verbosity: 5}, net: {port: 3306}, security: {enabled: true}, mongodb: {net: {uri: \"mongodb:\/\/srv-00-00.ohlaq.mongodb.net:27017,srv-00-01.ohlaq.mongodb.net:27017,srv-00-02.ohlaq.mongodb.net:27017\/?replicaSet=Cluster0&ssl=true\", auth: {username: \"username\", password: \"<protected>\", source: \"admin\"}}}}\n2020-05-31T13:17:54.614-0300 I NETWORK    [initandlisten] waiting for connections at 127.0.0.1:3306\n2020-05-31T13:17:54.614-0300 I NETWORK    [initandlisten] waiting for connections at \/tmp\/mysql.sock\n2020-05-31T13:17:54.615-0300 I SCHEMA     [manager] attempting to initialize schema\n2020-05-31T13:17:54.615-0300 I SCHEMA     [manager] sampling schema\n2020-05-31T13:17:55.164-0300 I SCHEMA     [sampler] sampling MongoDB for schema...\n2020-05-31T13:17:55.164-0300 D SCHEMA     [sampler] wildcard database selector used: running listDatabases\n2020-05-31T13:17:55.191-0300 D SCHEMA     [sampler] finding namespaces in databases: [all databases]\n2020-05-31T13:17:55.191-0300 D SCHEMA     [sampler] skipping \"admin\" database\n2020-05-31T13:17:55.191-0300 D SCHEMA     [sampler] skipping \"config\" database\n2020-05-31T13:17:55.217-0300 D SCHEMA     [sampler] skipping \"local\" database\n2020-05-31T13:17:55.271-0300 D SCHEMA     [sampler] mapping schema for database \"xxxxx\"\n2020-05-31T13:17:55.271-0300 D SCHEMA     [sampler] mapping schema for namespace \"xxxxx\".\"aaaaa\"\n2020-05-31T13:17:55.351-0300 D SCHEMA     [mapping] mapped new table \"aaaaa\"\n2020-05-31T13:17:55.351-0300 D SCHEMA     [sampler] finished mapping schema for namespace \"xxxxx\".\"aaaaa\"\n2020-05-31T13:17:55.351-0300 D SCHEMA     [sampler] mapping schema for namespace \"xxxxx\".\"bbbbbb\"\n2020-05-31T13:17:55.377-0300 D SCHEMA     [sampler] skipping namespace \"discovery\".\"bbbbbb\": no documents found\n2020-05-31T13:17:55.404-0300 D SCHEMA     [sampler] mapping schema for database \"test\"\n2020-05-31T13:17:55.404-0300 D SCHEMA     [sampler] mapping schema for namespace \"test\".\"lists\"\n2020-05-31T13:17:55.430-0300 D SCHEMA     [sampler] skipping namespace \"test\".\"lists\": no documents found\n2020-05-31T13:17:55.430-0300 I SCHEMA     [sampler] mapped schema for 1 namespace: \"xxxxx\" (1): [\"aaaaa\"]\n2020-05-31T13:17:55.430-0300 I SCHEMA     [manager] obtained initial schema\n2020-05-31T13:17:55.430-0300 D SCHEMA     [manager] refresh interval set to zero; schema will not be refreshed\n2020-05-31T13:18:32.198-0300 W CONTROL    log verbosity level 5 does not exist; using verbosity Dev"
                            }
                        ]
                    },
                    {
                        "type": "rich_text_section",
                        "elements": []
                    }
                ]
            }
        ]
    },
    {
        "client_msg_id": "97a76d0f-ba1a-481c-9e41-8d7060d2a98a",
        "type": "message",
        "text": "Can anyone help?",
        "user": "U014K8JUA67",
        "ts": "1590943830.448200",
        "team": "TC0C1HURK",
        "user_team": "TC0C1HURK",
        "source_team": "TC0C1HURK",
        "user_profile": {
            "avatar_hash": "g3cfe9c62586",
            "image_72": "https:\/\/secure.gravatar.com\/avatar\/3cfe9c62586d57ca543c20f77e7c9530.jpg?s=72&d=https%3A%2F%2Fa.slack-edge.com%2Fdf10d%2Fimg%2Favatars%2Fava_0012-72.png",
            "first_name": "Julio",
            "real_name": "Julio Cesar Almeida",
            "display_name": "spydev.bsd",
            "team": "TC0C1HURK",
            "name": "spydev.bsd",
            "is_restricted": false,
            "is_ultra_restricted": false
        },
        "blocks": [
            {
                "type": "rich_text",
                "block_id": "4sV",
                "elements": [
                    {
                        "type": "rich_text_section",
                        "elements": [
                            {
                                "type": "text",
                                "text": "Can anyone help?"
                            }
                        ]
                    }
                ]
            }
        ]
    },
    {
        "client_msg_id": "3908AF74-5A0F-42EF-A261-9C92E9FB2235",
        "type": "message",
        "text": "<@U014K8JUA67> could you please try to connect using mysql client and tell how it goes?",
        "user": "UC19HAUAK",
        "ts": "1590943964.449300",
        "team": "TC0C1HURK",
        "user_team": "TC0C1HURK",
        "source_team": "TC0C1HURK",
        "user_profile": {
            "avatar_hash": "066a042e018c",
            "image_72": "https:\/\/avatars.slack-edge.com\/2019-12-07\/866588520998_066a042e018ca831a195_72.png",
            "first_name": "Pavel",
            "real_name": "Pavel Tiunov",
            "display_name": "pavel",
            "team": "TC0C1HURK",
            "name": "pavel",
            "is_restricted": false,
            "is_ultra_restricted": false
        },
        "blocks": [
            {
                "type": "rich_text",
                "block_id": "ApWfI",
                "elements": [
                    {
                        "type": "rich_text_section",
                        "elements": [
                            {
                                "type": "user",
                                "user_id": "U014K8JUA67"
                            },
                            {
                                "type": "text",
                                "text": " could you please try to connect using mysql client and tell how it goes?"
                            }
                        ]
                    }
                ]
            }
        ],
        "thread_ts": "1590943316.445100",
        "parent_user_id": "U014K8JUA67"
    },
    {
        "client_msg_id": "6fb6cae7-de42-430a-97be-c913492db5f2",
        "type": "message",
        "text": "yes, i will test now",
        "user": "U014K8JUA67",
        "ts": "1590944093.449500",
        "team": "TC0C1HURK",
        "user_team": "TC0C1HURK",
        "source_team": "TC0C1HURK",
        "user_profile": {
            "avatar_hash": "g3cfe9c62586",
            "image_72": "https:\/\/secure.gravatar.com\/avatar\/3cfe9c62586d57ca543c20f77e7c9530.jpg?s=72&d=https%3A%2F%2Fa.slack-edge.com%2Fdf10d%2Fimg%2Favatars%2Fava_0012-72.png",
            "first_name": "Julio",
            "real_name": "Julio Cesar Almeida",
            "display_name": "spydev.bsd",
            "team": "TC0C1HURK",
            "name": "spydev.bsd",
            "is_restricted": false,
            "is_ultra_restricted": false
        },
        "blocks": [
            {
                "type": "rich_text",
                "block_id": "yu4+s",
                "elements": [
                    {
                        "type": "rich_text_section",
                        "elements": [
                            {
                                "type": "text",
                                "text": "yes, i will test now"
                            }
                        ]
                    }
                ]
            }
        ],
        "thread_ts": "1590943316.445100",
        "parent_user_id": "U014K8JUA67"
    },
    {
        "client_msg_id": "0f2c4b22-1c28-4ba1-b5eb-16953299fcdf",
        "type": "message",
        "text": "You might be encountering table name truncation",
        "user": "USMM7QR7G",
        "ts": "1590944229.449700",
        "team": "TC0C1HURK",
        "user_team": "TC0C1HURK",
        "source_team": "TC0C1HURK",
        "user_profile": {
            "avatar_hash": "775751dbe2c6",
            "image_72": "https:\/\/avatars.slack-edge.com\/2020-04-03\/1037000392274_775751dbe2c6e0a3feec_72.jpg",
            "first_name": "",
            "real_name": "Jc",
            "display_name": "Jc",
            "team": "TC0C1HURK",
            "name": "jc.w",
            "is_restricted": false,
            "is_ultra_restricted": false
        },
        "blocks": [
            {
                "type": "rich_text",
                "block_id": "LI=x",
                "elements": [
                    {
                        "type": "rich_text_section",
                        "elements": [
                            {
                                "type": "text",
                                "text": "You might be encountering table name truncation"
                            }
                        ]
                    }
                ]
            }
        ],
        "thread_ts": "1589296490.245900",
        "parent_user_id": "U012H54TN1K"
    },
    {
        "client_msg_id": "daf662d6-3ac3-4206-98d6-22d3b6e0bdfc",
        "type": "message",
        "text": "Partioning increases generated table name length, I believe max is 64 for pg and that means only something like 23 available for cube plus rollup name. Use short rollup name and cube sqlAlias of say \"srm\" and should work :)",
        "user": "USMM7QR7G",
        "ts": "1590944461.449900",
        "team": "TC0C1HURK",
        "user_team": "TC0C1HURK",
        "source_team": "TC0C1HURK",
        "user_profile": {
            "avatar_hash": "775751dbe2c6",
            "image_72": "https:\/\/avatars.slack-edge.com\/2020-04-03\/1037000392274_775751dbe2c6e0a3feec_72.jpg",
            "first_name": "",
            "real_name": "Jc",
            "display_name": "Jc",
            "team": "TC0C1HURK",
            "name": "jc.w",
            "is_restricted": false,
            "is_ultra_restricted": false
        },
        "blocks": [
            {
                "type": "rich_text",
                "block_id": "Ayjz",
                "elements": [
                    {
                        "type": "rich_text_section",
                        "elements": [
                            {
                                "type": "text",
                                "text": "Partioning increases generated table name length, I believe max is 64 for pg and that means only something like 23 available for cube plus rollup name. Use short rollup name and cube sqlAlias of say \"srm\" and should work :)"
                            }
                        ]
                    }
                ]
            }
        ],
        "thread_ts": "1589296490.245900",
        "parent_user_id": "U012H54TN1K"
    },
    {
        "client_msg_id": "067ee669-9adb-4846-9217-d5b7d622484f",
        "type": "message",
        "text": "this was the result using mysql-client, even from cube.js\n\n``` mysql --protocol tcp --port 3306\nERROR 1759 (HY000): ssl is required when using cleartext authentication```\nsocket listening OK, connection OK\n```Proto Recv-Q Send-Q Local Address           Foreign Address         State\ntcp        0      0 127.0.0.1:27017         0.0.0.0:*               LISTEN\ntcp        0      0 127.0.0.1:3306          0.0.0.0:*               LISTEN\ntcp        0      0 4xxxxxxxx4:39940 \t    5xxxxxxxx2:27017   \t    ESTABLISHED\ntcp        0      0 4xxxxxxxx4:50280 \t    5xxxxxxxx3:27017        ESTABLISHED\ntcp        0      0 4xxxxxxxx4:41534 \t    5xxxxxxxx2.47:27017     ESTABLISHED\ntcp        0      0 4xxxxxxxx4:41532 \t    5xxxxxxxx2.47:27017     ESTABLISHED\ntcp        0      0 4xxxxxxxx4:39938 \t    5xxxxxxxx2:27017        ESTABLISHED\ntcp        0      0 4xxxxxxxx4:41540 \t    5xxxxxxxx7:27017        ESTABLISHED\ntcp        0      0 4xxxxxxxx4:41520 \t    5xxxxxxxx7:27017        ESTABLISHED\ntcp        0      0 4xxxxxxxx4:50278 \t    5xxxxxxxx3:27017        ESTABLISHED\ntcp        0      0 4xxxxxxxx4:41544 \t    5xxxxxxxx7:27017        ESTABLISHED\ntcp        0      0 4xxxxxxxx4:41522 \t    5xxxxxxxx7:27017        ESTABLISHED```\nI will check another option by generating a certificate",
        "user": "U014K8JUA67",
        "ts": "1590945110.450100",
        "team": "TC0C1HURK",
        "user_team": "TC0C1HURK",
        "source_team": "TC0C1HURK",
        "user_profile": {
            "avatar_hash": "g3cfe9c62586",
            "image_72": "https:\/\/secure.gravatar.com\/avatar\/3cfe9c62586d57ca543c20f77e7c9530.jpg?s=72&d=https%3A%2F%2Fa.slack-edge.com%2Fdf10d%2Fimg%2Favatars%2Fava_0012-72.png",
            "first_name": "Julio",
            "real_name": "Julio Cesar Almeida",
            "display_name": "spydev.bsd",
            "team": "TC0C1HURK",
            "name": "spydev.bsd",
            "is_restricted": false,
            "is_ultra_restricted": false
        },
        "edited": {
            "user": "U014K8JUA67",
            "ts": "1590945148.000000"
        },
        "blocks": [
            {
                "type": "rich_text",
                "block_id": "8Ktn",
                "elements": [
                    {
                        "type": "rich_text_section",
                        "elements": [
                            {
                                "type": "text",
                                "text": "this was the result using mysql-client, even from cube.js\n\n"
                            }
                        ]
                    },
                    {
                        "type": "rich_text_preformatted",
                        "elements": [
                            {
                                "type": "text",
                                "text": " mysql --protocol tcp --port 3306\nERROR 1759 (HY000): ssl is required when using cleartext authentication"
                            }
                        ]
                    },
                    {
                        "type": "rich_text_section",
                        "elements": [
                            {
                                "type": "text",
                                "text": "socket listening OK, connection OK\n"
                            }
                        ]
                    },
                    {
                        "type": "rich_text_preformatted",
                        "elements": [
                            {
                                "type": "text",
                                "text": "Proto Recv-Q Send-Q Local Address           Foreign Address         State\ntcp        0      0 127.0.0.1:27017         0.0.0.0:*               LISTEN\ntcp        0      0 127.0.0.1:3306          0.0.0.0:*               LISTEN\ntcp        0      0 4xxxxxxxx4:39940 \t    5xxxxxxxx2:27017   \t    ESTABLISHED\ntcp        0      0 4xxxxxxxx4:50280 \t    5xxxxxxxx3:27017        ESTABLISHED\ntcp        0      0 4xxxxxxxx4:41534 \t    5xxxxxxxx2.47:27017     ESTABLISHED\ntcp        0      0 4xxxxxxxx4:41532 \t    5xxxxxxxx2.47:27017     ESTABLISHED\ntcp        0      0 4xxxxxxxx4:39938 \t    5xxxxxxxx2:27017        ESTABLISHED\ntcp        0      0 4xxxxxxxx4:41540 \t    5xxxxxxxx7:27017        ESTABLISHED\ntcp        0      0 4xxxxxxxx4:41520 \t    5xxxxxxxx7:27017        ESTABLISHED\ntcp        0      0 4xxxxxxxx4:50278 \t    5xxxxxxxx3:27017        ESTABLISHED\ntcp        0      0 4xxxxxxxx4:41544 \t    5xxxxxxxx7:27017        ESTABLISHED\ntcp        0      0 4xxxxxxxx4:41522 \t    5xxxxxxxx7:27017        ESTABLISHED"
                            }
                        ]
                    },
                    {
                        "type": "rich_text_section",
                        "elements": [
                            {
                                "type": "text",
                                "text": "I will check another option by generating a certificate"
                            }
                        ]
                    }
                ]
            }
        ],
        "thread_ts": "1590943316.445100",
        "parent_user_id": "U014K8JUA67"
    },
    {
        "client_msg_id": "1baa917f-c138-4568-9c5a-b9a548fd341c",
        "type": "message",
        "text": "<@U014K8JUA67> Please see <https:\/\/stackoverflow.com\/questions\/58868085\/cube-js-error-ssl-is-required-when-using-cleartext-authentication-using-mongod>",
        "user": "UC19HAUAK",
        "ts": "1590946175.450400",
        "team": "TC0C1HURK",
        "user_team": "TC0C1HURK",
        "source_team": "TC0C1HURK",
        "user_profile": {
            "avatar_hash": "066a042e018c",
            "image_72": "https:\/\/avatars.slack-edge.com\/2019-12-07\/866588520998_066a042e018ca831a195_72.png",
            "first_name": "Pavel",
            "real_name": "Pavel Tiunov",
            "display_name": "pavel",
            "team": "TC0C1HURK",
            "name": "pavel",
            "is_restricted": false,
            "is_ultra_restricted": false
        },
        "attachments": [
            {
                "service_name": "Stack Overflow",
                "title": "Cube.js: Error: ssl is required when using cleartext authentication using MongoDB BI Connector",
                "title_link": "https:\/\/stackoverflow.com\/questions\/58868085\/cube-js-error-ssl-is-required-when-using-cleartext-authentication-using-mongod",
                "text": "I have my MongoDB instance set up to use Authentication. I have my Mongo Connect BI setup to use the same authentication, but when I pass these authentication details through Cube.js I get the foll...",
                "fallback": "Stack Overflow: Cube.js: Error: ssl is required when using cleartext authentication using MongoDB BI Connector",
                "thumb_url": "https:\/\/cdn.sstatic.net\/Sites\/stackoverflow\/Img\/apple-touch-icon@2.png?v=73d79a89bded",
                "from_url": "https:\/\/stackoverflow.com\/questions\/58868085\/cube-js-error-ssl-is-required-when-using-cleartext-authentication-using-mongod",
                "thumb_width": 316,
                "thumb_height": 316,
                "service_icon": "https:\/\/cdn.sstatic.net\/Sites\/stackoverflow\/Img\/apple-touch-icon.png?v=c78bd457575a",
                "id": 1,
                "original_url": "https:\/\/stackoverflow.com\/questions\/58868085\/cube-js-error-ssl-is-required-when-using-cleartext-authentication-using-mongod"
            }
        ],
        "blocks": [
            {
                "type": "rich_text",
                "block_id": "xVB",
                "elements": [
                    {
                        "type": "rich_text_section",
                        "elements": [
                            {
                                "type": "user",
                                "user_id": "U014K8JUA67"
                            },
                            {
                                "type": "text",
                                "text": " Please see "
                            },
                            {
                                "type": "link",
                                "url": "https:\/\/stackoverflow.com\/questions\/58868085\/cube-js-error-ssl-is-required-when-using-cleartext-authentication-using-mongod"
                            }
                        ]
                    }
                ]
            }
        ],
        "thread_ts": "1590943316.445100",
        "parent_user_id": "U014K8JUA67"
    },
    {
        "client_msg_id": "d8cfa663-e96d-4781-bcdf-68e9b870ee6f",
        "type": "message",
        "text": "ok, thx. Try this!!!",
        "user": "U014K8JUA67",
        "ts": "1590947563.450700",
        "team": "TC0C1HURK",
        "user_team": "TC0C1HURK",
        "source_team": "TC0C1HURK",
        "user_profile": {
            "avatar_hash": "g3cfe9c62586",
            "image_72": "https:\/\/secure.gravatar.com\/avatar\/3cfe9c62586d57ca543c20f77e7c9530.jpg?s=72&d=https%3A%2F%2Fa.slack-edge.com%2Fdf10d%2Fimg%2Favatars%2Fava_0012-72.png",
            "first_name": "Julio",
            "real_name": "Julio Cesar Almeida",
            "display_name": "spydev.bsd",
            "team": "TC0C1HURK",
            "name": "spydev.bsd",
            "is_restricted": false,
            "is_ultra_restricted": false
        },
        "blocks": [
            {
                "type": "rich_text",
                "block_id": "uFw",
                "elements": [
                    {
                        "type": "rich_text_section",
                        "elements": [
                            {
                                "type": "text",
                                "text": "ok, thx. Try this!!!"
                            }
                        ]
                    }
                ]
            }
        ],
        "thread_ts": "1590943316.445100",
        "parent_user_id": "U014K8JUA67"
    },
    {
        "client_msg_id": "f651d830-f974-4cb8-a66b-72d1d4a903b6",
        "type": "message",
        "text": "<@USMM7QR7G> thanks :slightly_smiling_face:. It was indeed caused by truncation. This issue has been resolved",
        "user": "U012H54TN1K",
        "ts": "1590950691.450900",
        "team": "TC0C1HURK",
        "user_team": "TC0C1HURK",
        "source_team": "TC0C1HURK",
        "user_profile": {
            "avatar_hash": "g5bf0561dfcd",
            "image_72": "https:\/\/secure.gravatar.com\/avatar\/5bf0561dfcdb14d63801fb61936e8ee4.jpg?s=72&d=https%3A%2F%2Fa.slack-edge.com%2Fdf10d%2Fimg%2Favatars%2Fava_0021-72.png",
            "first_name": "",
            "real_name": "Sam Shi",
            "display_name": "Sam Shi",
            "team": "TC0C1HURK",
            "name": "sshi",
            "is_restricted": false,
            "is_ultra_restricted": false
        },
        "edited": {
            "user": "U012H54TN1K",
            "ts": "1590950702.000000"
        },
        "blocks": [
            {
                "type": "rich_text",
                "block_id": "wFU",
                "elements": [
                    {
                        "type": "rich_text_section",
                        "elements": [
                            {
                                "type": "user",
                                "user_id": "USMM7QR7G"
                            },
                            {
                                "type": "text",
                                "text": " thanks "
                            },
                            {
                                "type": "emoji",
                                "name": "slightly_smiling_face"
                            },
                            {
                                "type": "text",
                                "text": ". It was indeed caused by truncation. This issue has been resolved"
                            }
                        ]
                    }
                ]
            }
        ],
        "thread_ts": "1589296490.245900",
        "parent_user_id": "U012H54TN1K",
        "reactions": [
            {
                "name": "+1",
                "users": [
                    "USMM7QR7G"
                ],
                "count": 1
            }
        ]
    },
    {
        "client_msg_id": "85a173a1-b5fd-481b-94c5-93572509afda",
        "type": "message",
        "text": "feedback:\nnow I have another error, I will analyze\n\n```Error while loading DB schema\nError: 139733242525504: error: 1408F10B: SSL routines: ssl3_get_record: wrong version number: ..\/ deps \/ openssl \/ openssl \/ ssl \/ record \/ ssl3_record.c: 332:```\n",
        "user": "U014K8JUA67",
        "ts": "1590951720.451200",
        "team": "TC0C1HURK",
        "user_team": "TC0C1HURK",
        "source_team": "TC0C1HURK",
        "user_profile": {
            "avatar_hash": "g3cfe9c62586",
            "image_72": "https:\/\/secure.gravatar.com\/avatar\/3cfe9c62586d57ca543c20f77e7c9530.jpg?s=72&d=https%3A%2F%2Fa.slack-edge.com%2Fdf10d%2Fimg%2Favatars%2Fava_0012-72.png",
            "first_name": "Julio",
            "real_name": "Julio Cesar Almeida",
            "display_name": "spydev.bsd",
            "team": "TC0C1HURK",
            "name": "spydev.bsd",
            "is_restricted": false,
            "is_ultra_restricted": false
        },
        "blocks": [
            {
                "type": "rich_text",
                "block_id": "6ZOP",
                "elements": [
                    {
                        "type": "rich_text_section",
                        "elements": [
                            {
                                "type": "text",
                                "text": "feedback:\nnow I have another error, I will analyze\n\n"
                            }
                        ]
                    },
                    {
                        "type": "rich_text_preformatted",
                        "elements": [
                            {
                                "type": "text",
                                "text": "Error while loading DB schema\nError: 139733242525504: error: 1408F10B: SSL routines: ssl3_get_record: wrong version number: ..\/ deps \/ openssl \/ openssl \/ ssl \/ record \/ ssl3_record.c: 332:"
                            }
                        ]
                    },
                    {
                        "type": "rich_text_section",
                        "elements": []
                    }
                ]
            }
        ],
        "thread_ts": "1590943316.445100",
        "parent_user_id": "U014K8JUA67"
    },
    {
        "client_msg_id": "e023e4c5-53cc-429d-910b-2fcc45ab7f5e",
        "type": "message",
        "text": "<@UC19HAUAK>\nThanks, man for your attention.\nMongo Atlas DB + Cube.JS + Connector BI success scenario",
        "user": "U014K8JUA67",
        "ts": "1590952762.451400",
        "team": "TC0C1HURK",
        "user_team": "TC0C1HURK",
        "source_team": "TC0C1HURK",
        "user_profile": {
            "avatar_hash": "g3cfe9c62586",
            "image_72": "https:\/\/secure.gravatar.com\/avatar\/3cfe9c62586d57ca543c20f77e7c9530.jpg?s=72&d=https%3A%2F%2Fa.slack-edge.com%2Fdf10d%2Fimg%2Favatars%2Fava_0012-72.png",
            "first_name": "Julio",
            "real_name": "Julio Cesar Almeida",
            "display_name": "spydev.bsd",
            "team": "TC0C1HURK",
            "name": "spydev.bsd",
            "is_restricted": false,
            "is_ultra_restricted": false
        },
        "blocks": [
            {
                "type": "rich_text",
                "block_id": "Qua",
                "elements": [
                    {
                        "type": "rich_text_section",
                        "elements": [
                            {
                                "type": "user",
                                "user_id": "UC19HAUAK"
                            },
                            {
                                "type": "text",
                                "text": "\nThanks, man for your attention.\nMongo Atlas DB + Cube.JS + Connector BI success scenario"
                            }
                        ]
                    }
                ]
            }
        ],
        "thread_ts": "1590943316.445100",
        "parent_user_id": "U014K8JUA67"
    },
    {
        "client_msg_id": "3324f0bd-4e2d-43f7-8c20-98f63c55b1a6",
        "type": "message",
        "text": "this last error was the relative path to cert.pem, i changed it to the absolute path, it worked perfect!",
        "user": "U014K8JUA67",
        "ts": "1590952868.451600",
        "team": "TC0C1HURK",
        "user_team": "TC0C1HURK",
        "source_team": "TC0C1HURK",
        "user_profile": {
            "avatar_hash": "g3cfe9c62586",
            "image_72": "https:\/\/secure.gravatar.com\/avatar\/3cfe9c62586d57ca543c20f77e7c9530.jpg?s=72&d=https%3A%2F%2Fa.slack-edge.com%2Fdf10d%2Fimg%2Favatars%2Fava_0012-72.png",
            "first_name": "Julio",
            "real_name": "Julio Cesar Almeida",
            "display_name": "spydev.bsd",
            "team": "TC0C1HURK",
            "name": "spydev.bsd",
            "is_restricted": false,
            "is_ultra_restricted": false
        },
        "blocks": [
            {
                "type": "rich_text",
                "block_id": "M9I9e",
                "elements": [
                    {
                        "type": "rich_text_section",
                        "elements": [
                            {
                                "type": "text",
                                "text": "this last error was the relative path to cert.pem, i changed it to the absolute path, it worked perfect!"
                            }
                        ]
                    }
                ]
            }
        ],
        "thread_ts": "1590943316.445100",
        "parent_user_id": "U014K8JUA67",
        "reactions": [
            {
                "name": "raised_hands",
                "users": [
                    "UC19HAUAK"
                ],
                "count": 1
            }
        ]
    },
    {
        "type": "message",
        "subtype": "channel_join",
        "ts": "1590985656.452000",
        "user": "U014L6PB2RZ",
        "text": "<@U014L6PB2RZ> has joined the channel"
    },
    {
        "type": "message",
        "text": "Hey, I'm experiencing an issue where CubeJS isn't generating the schemas properly (not specifying most of the joins\/relationship not being captured) even though the foreign key constraints are present in the schema. It works fine when I add the join manually, but for maintaining or handling db changes this could become tedious\nJust wondering is this expected behaviour or a database issue?\nThanks!",
        "files": [
            {
                "id": "F014D8N97KQ",
                "created": 1590986182,
                "timestamp": 1590986182,
                "name": "image.png",
                "title": "image.png",
                "mimetype": "image\/png",
                "filetype": "png",
                "pretty_type": "PNG",
                "user": "U014L6PB2RZ",
                "editable": false,
                "size": 23127,
                "mode": "hosted",
                "is_external": false,
                "external_type": "",
                "is_public": true,
                "public_url_shared": false,
                "display_as_bot": false,
                "username": "",
                "url_private": "https:\/\/files.slack.com\/files-pri\/TC0C1HURK-F014D8N97KQ\/image.png?t=xoxe-408409606869-1267807410853-1293019902560-8c9dc5fc58d3a65e0fe0837e69de048d",
                "url_private_download": "https:\/\/files.slack.com\/files-pri\/TC0C1HURK-F014D8N97KQ\/download\/image.png?t=xoxe-408409606869-1267807410853-1293019902560-8c9dc5fc58d3a65e0fe0837e69de048d",
                "thumb_64": "https:\/\/files.slack.com\/files-tmb\/TC0C1HURK-F014D8N97KQ-8b7b8aef6d\/image_64.png?t=xoxe-408409606869-1267807410853-1293019902560-8c9dc5fc58d3a65e0fe0837e69de048d",
                "thumb_80": "https:\/\/files.slack.com\/files-tmb\/TC0C1HURK-F014D8N97KQ-8b7b8aef6d\/image_80.png?t=xoxe-408409606869-1267807410853-1293019902560-8c9dc5fc58d3a65e0fe0837e69de048d",
                "thumb_360": "https:\/\/files.slack.com\/files-tmb\/TC0C1HURK-F014D8N97KQ-8b7b8aef6d\/image_360.png?t=xoxe-408409606869-1267807410853-1293019902560-8c9dc5fc58d3a65e0fe0837e69de048d",
                "thumb_360_w": 360,
                "thumb_360_h": 15,
                "thumb_480": "https:\/\/files.slack.com\/files-tmb\/TC0C1HURK-F014D8N97KQ-8b7b8aef6d\/image_480.png?t=xoxe-408409606869-1267807410853-1293019902560-8c9dc5fc58d3a65e0fe0837e69de048d",
                "thumb_480_w": 480,
                "thumb_480_h": 19,
                "thumb_160": "https:\/\/files.slack.com\/files-tmb\/TC0C1HURK-F014D8N97KQ-8b7b8aef6d\/image_160.png?t=xoxe-408409606869-1267807410853-1293019902560-8c9dc5fc58d3a65e0fe0837e69de048d",
                "thumb_720": "https:\/\/files.slack.com\/files-tmb\/TC0C1HURK-F014D8N97KQ-8b7b8aef6d\/image_720.png?t=xoxe-408409606869-1267807410853-1293019902560-8c9dc5fc58d3a65e0fe0837e69de048d",
                "thumb_720_w": 720,
                "thumb_720_h": 29,
                "thumb_800": "https:\/\/files.slack.com\/files-tmb\/TC0C1HURK-F014D8N97KQ-8b7b8aef6d\/image_800.png?t=xoxe-408409606869-1267807410853-1293019902560-8c9dc5fc58d3a65e0fe0837e69de048d",
                "thumb_800_w": 800,
                "thumb_800_h": 32,
                "thumb_960": "https:\/\/files.slack.com\/files-tmb\/TC0C1HURK-F014D8N97KQ-8b7b8aef6d\/image_960.png?t=xoxe-408409606869-1267807410853-1293019902560-8c9dc5fc58d3a65e0fe0837e69de048d",
                "thumb_960_w": 960,
                "thumb_960_h": 39,
                "thumb_1024": "https:\/\/files.slack.com\/files-tmb\/TC0C1HURK-F014D8N97KQ-8b7b8aef6d\/image_1024.png?t=xoxe-408409606869-1267807410853-1293019902560-8c9dc5fc58d3a65e0fe0837e69de048d",
                "thumb_1024_w": 1024,
                "thumb_1024_h": 42,
                "original_w": 1478,
                "original_h": 60,
                "thumb_tiny": "AwABADCr3oHSjvQOlMA7UDr+FHagdfwoAG6Gg\/doboaD92gD\/9k=",
                "permalink": "https:\/\/cube-js.slack.com\/files\/U014L6PB2RZ\/F014D8N97KQ\/image.png",
                "permalink_public": "https:\/\/slack-files.com\/TC0C1HURK-F014D8N97KQ-3d628b3e6c",
                "is_starred": false,
                "has_rich_preview": false
            }
        ],
        "upload": false,
        "blocks": [
            {
                "type": "rich_text",
                "block_id": "oAl=",
                "elements": [
                    {
                        "type": "rich_text_section",
                        "elements": [
                            {
                                "type": "text",
                                "text": "Hey, I'm experiencing an issue where CubeJS isn't generating the schemas properly (not specifying most of the joins\/relationship not being captured) even though the foreign key constraints are present in the schema. It works fine when I add the join manually, but for maintaining or handling db changes this could become tedious\nJust wondering is this expected behaviour or a database issue?\nThanks!"
                            }
                        ]
                    }
                ]
            }
        ],
        "user": "U014L6PB2RZ",
        "display_as_bot": false,
        "ts": "1590986290.455000",
        "edited": {
            "user": "U014L6PB2RZ",
            "ts": "1590986408.000000"
        },
        "thread_ts": "1590986290.455000",
        "reply_count": 7,
        "reply_users_count": 2,
        "latest_reply": "1591255290.493500",
        "reply_users": [
            "U013J5CRRDW",
            "U014L6PB2RZ"
        ],
        "replies": [
            {
                "user": "U013J5CRRDW",
                "ts": "1591003553.455600"
            },
            {
                "user": "U014L6PB2RZ",
                "ts": "1591025509.456100"
            },
            {
                "user": "U013J5CRRDW",
                "ts": "1591042918.456900"
            },
            {
                "user": "U014L6PB2RZ",
                "ts": "1591043048.457100"
            },
            {
                "user": "U014L6PB2RZ",
                "ts": "1591140159.477700"
            },
            {
                "user": "U013J5CRRDW",
                "ts": "1591217308.482600"
            },
            {
                "user": "U014L6PB2RZ",
                "ts": "1591255290.493500"
            }
        ],
        "subscribed": false
    },
    {
        "type": "message",
        "subtype": "channel_join",
        "ts": "1590989234.455400",
        "user": "U014D9Y0FB8",
        "text": "<@U014D9Y0FB8> has joined the channel"
    }
]