[
    {
        "type": "message",
        "subtype": "channel_join",
        "ts": "1559943884.000200",
        "user": "UC19HAUAK",
        "text": "<@UC19HAUAK> has joined the channel"
    },
    {
        "type": "message",
        "subtype": "channel_join",
        "ts": "1559943885.000400",
        "user": "UK1F7RL11",
        "text": "<@UK1F7RL11> has joined the channel",
        "inviter": "UC19HAUAK"
    },
    {
        "type": "message",
        "subtype": "channel_purpose",
        "ts": "1559943885.000500",
        "user": "UC19HAUAK",
        "text": "<@UC19HAUAK> set the channel purpose: Channel to discuss Hive, Spark drivers implementation",
        "purpose": "Channel to discuss Hive, Spark drivers implementation"
    },
    {
        "type": "message",
        "subtype": "channel_join",
        "ts": "1559943885.000700",
        "user": "UKEJJEQ3H",
        "text": "<@UKEJJEQ3H> has joined the channel",
        "inviter": "UC19HAUAK"
    },
    {
        "client_msg_id": "8fd891f7-ab18-43ac-a8a1-8ba11999501e",
        "type": "message",
        "text": "<@UKEJJEQ3H> here we go.",
        "user": "UC19HAUAK",
        "ts": "1559943967.001100",
        "team": "TC0C1HURK",
        "user_team": "TC0C1HURK",
        "source_team": "TC0C1HURK",
        "user_profile": {
            "avatar_hash": "066a042e018c",
            "image_72": "https:\/\/avatars.slack-edge.com\/2019-12-07\/866588520998_066a042e018ca831a195_72.png",
            "first_name": "Pavel",
            "real_name": "Pavel Tiunov",
            "display_name": "pavel",
            "team": "TC0C1HURK",
            "name": "pavel",
            "is_restricted": false,
            "is_ultra_restricted": false
        }
    },
    {
        "client_msg_id": "c3e421eb-b75c-4b67-be8f-e14ca8d274ce",
        "type": "message",
        "text": "Awesome, thanks :slightly_smiling_face:",
        "user": "UKEJJEQ3H",
        "ts": "1559945014.001300",
        "team": "TC0C1HURK",
        "user_team": "TC0C1HURK",
        "source_team": "TC0C1HURK",
        "user_profile": {
            "avatar_hash": "g924bc014790",
            "image_72": "https:\/\/secure.gravatar.com\/avatar\/b924bc0147903cbd7a4506d7d26ab328.jpg?s=72&d=https%3A%2F%2Fa.slack-edge.com%2Fdf10d%2Fimg%2Favatars%2Fava_0025-72.png",
            "first_name": "",
            "real_name": "Kamran",
            "display_name": "Kamran",
            "team": "TC0C1HURK",
            "name": "kamran.ayub",
            "is_restricted": false,
            "is_ultra_restricted": false
        }
    }
]