[
    {
        "client_msg_id": "d37e2d31-5f41-4cd9-8e2d-0abaf06ce264",
        "type": "message",
        "text": "<@UK1F7RL11> Yeah. I think whatever is easiest to integrate will be fine.",
        "user": "UC19HAUAK",
        "ts": "1560442983.000500",
        "team": "TC0C1HURK",
        "user_team": "TC0C1HURK",
        "source_team": "TC0C1HURK",
        "user_profile": {
            "avatar_hash": "066a042e018c",
            "image_72": "https:\/\/avatars.slack-edge.com\/2019-12-07\/866588520998_066a042e018ca831a195_72.png",
            "first_name": "Pavel",
            "real_name": "Pavel Tiunov",
            "display_name": "pavel",
            "team": "TC0C1HURK",
            "name": "pavel",
            "is_restricted": false,
            "is_ultra_restricted": false
        }
    }
]