[
    {
        "type": "message",
        "subtype": "channel_join",
        "ts": "1591049606.000200",
        "user": "U014TDHL2S0",
        "text": "<@U014TDHL2S0> has joined the channel"
    },
    {
        "type": "message",
        "subtype": "channel_purpose",
        "ts": "1591049607.000300",
        "user": "U014TDHL2S0",
        "text": "<@U014TDHL2S0> set the channel purpose: Questions about issues and features of awselasticsearch driver for cubejs",
        "purpose": "Questions about issues and features of awselasticsearch driver for cubejs"
    }
]