[
    {
        "type": "message",
        "subtype": "channel_join",
        "ts": "1594208071.000200",
        "user": "U0173LHQ6U9",
        "text": "<@U0173LHQ6U9> has joined the channel"
    },
    {
        "client_msg_id": "3a04d67f-c340-43ed-8362-3f06d42c2d0a",
        "type": "message",
        "text": "Hi,\nI am having a hard time finding some docs for elastic connector\nCan someone direct me to the right place?",
        "user": "U0173LHQ6U9",
        "ts": "1594208130.001200",
        "team": "TC0C1HURK",
        "user_team": "TC0C1HURK",
        "source_team": "TC0C1HURK",
        "user_profile": {
            "avatar_hash": "g3e8819be210",
            "image_72": "https:\/\/secure.gravatar.com\/avatar\/3e8819be21088117c21035ab5884d21d.jpg?s=72&d=https%3A%2F%2Fa.slack-edge.com%2Fdf10d%2Fimg%2Favatars%2Fava_0001-72.png",
            "first_name": "",
            "real_name": "Vignesh",
            "display_name": "Vignesh",
            "team": "TC0C1HURK",
            "name": "vigneshwar",
            "is_restricted": false,
            "is_ultra_restricted": false
        },
        "blocks": [
            {
                "type": "rich_text",
                "block_id": "8XPf7",
                "elements": [
                    {
                        "type": "rich_text_section",
                        "elements": [
                            {
                                "type": "text",
                                "text": "Hi,\nI am having a hard time finding some docs for elastic connector\nCan someone direct me to the right place?"
                            }
                        ]
                    }
                ]
            }
        ]
    },
    {
        "type": "message",
        "subtype": "channel_join",
        "ts": "1594226901.001400",
        "user": "U016BPJAD70",
        "text": "<@U016BPJAD70> has joined the channel"
    }
]